<?xml version="1.0" encoding="UTF-8"?><gpx creator="Wikiloc - https://www.wikiloc.com" version="1.1" xmlns="http://www.topografix.com/GPX/1/1" xmlns:xsi="http://www.w3.org/2001/XMLSchema-instance" xsi:schemaLocation="http://www.topografix.com/GPX/1/1 http://www.topografix.com/GPX/1/1/gpx.xsd"><metadata><name>Wikiloc - Camino de Santiago Francés. Etapa 29. Sarria-Portomarín</name><author><name>Francisco Javier Garcés Aso</name><link href="https://www.wikiloc.com/wikiloc/user.do?id=4156978"><text>Francisco Javier Garcés Aso on Wikiloc</text></link></author><link href="https://www.wikiloc.com/hiking-trails/camino-de-santiago-frances-etapa-29-sarria-portomarin-180847156"><text>Camino de Santiago Francés. Etapa 29. Sarria-Portomarín on Wikiloc</text></link><time>2024-08-13T10:41:23.280Z</time></metadata><trk><name>Camino de Santiago Francés. Etapa 29. Sarria-Portomarín - Wi...</name><cmt></cmt><desc></desc><trkseg><trkpt lat="42.777200" lon="-7.416298"><ele>469.312</ele><time>2024-08-13T05:29:04.972Z</time></trkpt><trkpt lat="42.777149" lon="-7.416720"><ele>469.332</ele><time>2024-08-13T05:30:11.270Z</time></trkpt><trkpt lat="42.776994" lon="-7.416915"><ele>469.305</ele><time>2024-08-13T05:30:32.270Z</time></trkpt><trkpt lat="42.776976" lon="-7.416977"><ele>469.309</ele><time>2024-08-13T05:30:36.270Z</time></trkpt><trkpt lat="42.777004" lon="-7.416925"><ele>469.362</ele><time>2024-08-13T05:30:42.270Z</time></trkpt><trkpt lat="42.777016" lon="-7.417058"><ele>466.129</ele><time>2024-08-13T05:31:15.270Z</time></trkpt><trkpt lat="42.776946" lon="-7.417196"><ele>462.231</ele><time>2024-08-13T05:32:25.270Z</time></trkpt><trkpt lat="42.776889" lon="-7.417223"><ele>462.769</ele><time>2024-08-13T05:32:32.270Z</time></trkpt><trkpt lat="42.776901" lon="-7.417308"><ele>467.075</ele><time>2024-08-13T05:32:41.270Z</time></trkpt><trkpt lat="42.776896" lon="-7.417393"><ele>469.658</ele><time>2024-08-13T05:32:55.270Z</time></trkpt><trkpt lat="42.776826" lon="-7.417570"><ele>472.722</ele><time>2024-08-13T05:33:07.270Z</time></trkpt><trkpt lat="42.776779" lon="-7.417587"><ele>472.916</ele><time>2024-08-13T05:33:10.270Z</time></trkpt><trkpt lat="42.776762" lon="-7.417647"><ele>474.047</ele><time>2024-08-13T05:33:16.270Z</time></trkpt><trkpt lat="42.776754" lon="-7.417709"><ele>476.895</ele><time>2024-08-13T05:33:30.270Z</time></trkpt><trkpt lat="42.776796" lon="-7.417741"><ele>477.749</ele><time>2024-08-13T05:33:43.270Z</time></trkpt><trkpt lat="42.776838" lon="-7.417716"><ele>477.723</ele><time>2024-08-13T05:33:49.270Z</time></trkpt><trkpt lat="42.776881" lon="-7.417674"><ele>477.609</ele><time>2024-08-13T05:33:54.270Z</time></trkpt><trkpt lat="42.777124" lon="-7.417612"><ele>470.480</ele><time>2024-08-13T05:34:25.270Z</time></trkpt><trkpt lat="42.777169" lon="-7.417684"><ele>470.227</ele><time>2024-08-13T05:34:29.270Z</time></trkpt><trkpt lat="42.777214" lon="-7.417737"><ele>470.499</ele><time>2024-08-13T05:34:32.270Z</time></trkpt><trkpt lat="42.777249" lon="-7.417805"><ele>472.037</ele><time>2024-08-13T05:34:36.270Z</time></trkpt><trkpt lat="42.777279" lon="-7.417853"><ele>473.373</ele><time>2024-08-13T05:34:39.270Z</time></trkpt><trkpt lat="42.777327" lon="-7.417875"><ele>475.916</ele><time>2024-08-13T05:34:46.270Z</time></trkpt><trkpt lat="42.777360" lon="-7.417945"><ele>478.590</ele><time>2024-08-13T05:34:50.270Z</time></trkpt><trkpt lat="42.777415" lon="-7.417952"><ele>482.254</ele><time>2024-08-13T05:34:55.270Z</time></trkpt><trkpt lat="42.777453" lon="-7.417987"><ele>485.125</ele><time>2024-08-13T05:34:59.270Z</time></trkpt><trkpt lat="42.777470" lon="-7.418065"><ele>486.424</ele><time>2024-08-13T05:35:04.270Z</time></trkpt><trkpt lat="42.777483" lon="-7.418127"><ele>486.804</ele><time>2024-08-13T05:35:09.270Z</time></trkpt><trkpt lat="42.777498" lon="-7.418194"><ele>487.114</ele><time>2024-08-13T05:35:12.270Z</time></trkpt><trkpt lat="42.777533" lon="-7.418254"><ele>487.309</ele><time>2024-08-13T05:35:17.270Z</time></trkpt><trkpt lat="42.777576" lon="-7.418289"><ele>487.923</ele><time>2024-08-13T05:35:20.270Z</time></trkpt><trkpt lat="42.777633" lon="-7.418291"><ele>489.210</ele><time>2024-08-13T05:35:23.270Z</time></trkpt><trkpt lat="42.777643" lon="-7.418353"><ele>489.522</ele><time>2024-08-13T05:35:26.270Z</time></trkpt><trkpt lat="42.777663" lon="-7.418426"><ele>489.540</ele><time>2024-08-13T05:35:29.270Z</time></trkpt><trkpt lat="42.777678" lon="-7.418506"><ele>485.656</ele><time>2024-08-13T05:35:32.270Z</time></trkpt><trkpt lat="42.777700" lon="-7.418568"><ele>484.839</ele><time>2024-08-13T05:35:38.270Z</time></trkpt><trkpt lat="42.777730" lon="-7.418615"><ele>484.813</ele><time>2024-08-13T05:35:41.270Z</time></trkpt><trkpt lat="42.777737" lon="-7.418680"><ele>484.867</ele><time>2024-08-13T05:35:44.270Z</time></trkpt><trkpt lat="42.777709" lon="-7.418728"><ele>485.078</ele><time>2024-08-13T05:35:48.270Z</time></trkpt><trkpt lat="42.777742" lon="-7.418785"><ele>485.852</ele><time>2024-08-13T05:35:53.270Z</time></trkpt><trkpt lat="42.777774" lon="-7.418838"><ele>487.353</ele><time>2024-08-13T05:35:56.270Z</time></trkpt><trkpt lat="42.777806" lon="-7.418886"><ele>489.408</ele><time>2024-08-13T05:35:59.270Z</time></trkpt><trkpt lat="42.777823" lon="-7.418954"><ele>489.909</ele><time>2024-08-13T05:36:02.270Z</time></trkpt><trkpt lat="42.777820" lon="-7.419016"><ele>489.846</ele><time>2024-08-13T05:36:09.270Z</time></trkpt><trkpt lat="42.777807" lon="-7.419094"><ele>489.523</ele><time>2024-08-13T05:36:12.270Z</time></trkpt><trkpt lat="42.777794" lon="-7.419172"><ele>487.365</ele><time>2024-08-13T05:36:15.270Z</time></trkpt><trkpt lat="42.777787" lon="-7.419237"><ele>484.993</ele><time>2024-08-13T05:36:19.270Z</time></trkpt><trkpt lat="42.777802" lon="-7.419295"><ele>483.989</ele><time>2024-08-13T05:36:24.270Z</time></trkpt><trkpt lat="42.777825" lon="-7.419357"><ele>482.932</ele><time>2024-08-13T05:36:28.270Z</time></trkpt><trkpt lat="42.777842" lon="-7.419422"><ele>482.326</ele><time>2024-08-13T05:36:32.270Z</time></trkpt><trkpt lat="42.777855" lon="-7.419490"><ele>482.180</ele><time>2024-08-13T05:36:36.270Z</time></trkpt><trkpt lat="42.777883" lon="-7.419555"><ele>481.921</ele><time>2024-08-13T05:36:39.270Z</time></trkpt><trkpt lat="42.777896" lon="-7.419617"><ele>481.859</ele><time>2024-08-13T05:36:42.270Z</time></trkpt><trkpt lat="42.777908" lon="-7.419677"><ele>481.803</ele><time>2024-08-13T05:36:45.270Z</time></trkpt><trkpt lat="42.777940" lon="-7.419735"><ele>481.923</ele><time>2024-08-13T05:36:50.270Z</time></trkpt><trkpt lat="42.777945" lon="-7.419797"><ele>481.909</ele><time>2024-08-13T05:36:53.270Z</time></trkpt><trkpt lat="42.777957" lon="-7.419865"><ele>481.876</ele><time>2024-08-13T05:36:58.270Z</time></trkpt><trkpt lat="42.777965" lon="-7.419932"><ele>481.713</ele><time>2024-08-13T05:37:01.270Z</time></trkpt><trkpt lat="42.777985" lon="-7.419989"><ele>481.265</ele><time>2024-08-13T05:37:04.270Z</time></trkpt><trkpt lat="42.778005" lon="-7.420046"><ele>481.093</ele><time>2024-08-13T05:37:07.270Z</time></trkpt><trkpt lat="42.778055" lon="-7.420091"><ele>479.699</ele><time>2024-08-13T05:37:12.270Z</time></trkpt><trkpt lat="42.778098" lon="-7.420124"><ele>479.032</ele><time>2024-08-13T05:37:15.270Z</time></trkpt><trkpt lat="42.778141" lon="-7.420169"><ele>478.726</ele><time>2024-08-13T05:37:19.270Z</time></trkpt><trkpt lat="42.778176" lon="-7.420222"><ele>478.560</ele><time>2024-08-13T05:37:22.270Z</time></trkpt><trkpt lat="42.778203" lon="-7.420275"><ele>477.611</ele><time>2024-08-13T05:37:25.270Z</time></trkpt><trkpt lat="42.778223" lon="-7.420338"><ele>476.693</ele><time>2024-08-13T05:37:28.270Z</time></trkpt><trkpt lat="42.778263" lon="-7.420391"><ele>476.265</ele><time>2024-08-13T05:37:32.270Z</time></trkpt><trkpt lat="42.778298" lon="-7.420448"><ele>476.321</ele><time>2024-08-13T05:37:37.270Z</time></trkpt><trkpt lat="42.778333" lon="-7.420510"><ele>476.709</ele><time>2024-08-13T05:37:42.270Z</time></trkpt><trkpt lat="42.778375" lon="-7.420562"><ele>476.730</ele><time>2024-08-13T05:37:47.270Z</time></trkpt><trkpt lat="42.778410" lon="-7.420612"><ele>476.727</ele><time>2024-08-13T05:37:51.270Z</time></trkpt><trkpt lat="42.778447" lon="-7.420652"><ele>476.719</ele><time>2024-08-13T05:37:54.270Z</time></trkpt><trkpt lat="42.778490" lon="-7.420695"><ele>475.837</ele><time>2024-08-13T05:37:58.270Z</time></trkpt><trkpt lat="42.778520" lon="-7.420758"><ele>474.843</ele><time>2024-08-13T05:38:02.270Z</time></trkpt><trkpt lat="42.778513" lon="-7.420838"><ele>474.056</ele><time>2024-08-13T05:38:06.270Z</time></trkpt><trkpt lat="42.778480" lon="-7.420895"><ele>473.720</ele><time>2024-08-13T05:38:10.270Z</time></trkpt><trkpt lat="42.778428" lon="-7.420905"><ele>476.494</ele><time>2024-08-13T05:38:32.270Z</time></trkpt><trkpt lat="42.778383" lon="-7.420943"><ele>476.465</ele><time>2024-08-13T05:38:36.270Z</time></trkpt><trkpt lat="42.778340" lon="-7.420980"><ele>476.462</ele><time>2024-08-13T05:38:41.270Z</time></trkpt><trkpt lat="42.778298" lon="-7.421042"><ele>476.483</ele><time>2024-08-13T05:38:45.270Z</time></trkpt><trkpt lat="42.778256" lon="-7.421072"><ele>476.011</ele><time>2024-08-13T05:38:48.270Z</time></trkpt><trkpt lat="42.778211" lon="-7.421107"><ele>474.309</ele><time>2024-08-13T05:38:53.270Z</time></trkpt><trkpt lat="42.778164" lon="-7.421154"><ele>474.137</ele><time>2024-08-13T05:38:58.270Z</time></trkpt><trkpt lat="42.778122" lon="-7.421197"><ele>474.094</ele><time>2024-08-13T05:39:02.270Z</time></trkpt><trkpt lat="42.778075" lon="-7.421222"><ele>473.766</ele><time>2024-08-13T05:39:06.270Z</time></trkpt><trkpt lat="42.778028" lon="-7.421267"><ele>473.544</ele><time>2024-08-13T05:39:09.270Z</time></trkpt><trkpt lat="42.777940" lon="-7.421337"><ele>473.490</ele><time>2024-08-13T05:39:18.270Z</time></trkpt><trkpt lat="42.777900" lon="-7.421385"><ele>473.463</ele><time>2024-08-13T05:39:22.270Z</time></trkpt><trkpt lat="42.777853" lon="-7.421392"><ele>473.427</ele><time>2024-08-13T05:39:27.270Z</time></trkpt><trkpt lat="42.777808" lon="-7.421424"><ele>473.161</ele><time>2024-08-13T05:39:31.270Z</time></trkpt><trkpt lat="42.777761" lon="-7.421444"><ele>472.712</ele><time>2024-08-13T05:39:35.270Z</time></trkpt><trkpt lat="42.777714" lon="-7.421474"><ele>471.116</ele><time>2024-08-13T05:39:39.270Z</time></trkpt><trkpt lat="42.777684" lon="-7.421524"><ele>470.676</ele><time>2024-08-13T05:39:42.270Z</time></trkpt><trkpt lat="42.777634" lon="-7.421567"><ele>469.413</ele><time>2024-08-13T05:39:46.270Z</time></trkpt><trkpt lat="42.777591" lon="-7.421599"><ele>469.209</ele><time>2024-08-13T05:39:50.270Z</time></trkpt><trkpt lat="42.777544" lon="-7.421631"><ele>467.012</ele><time>2024-08-13T05:39:56.270Z</time></trkpt><trkpt lat="42.777432" lon="-7.421753"><ele>466.129</ele><time>2024-08-13T05:40:07.270Z</time></trkpt><trkpt lat="42.777380" lon="-7.421773"><ele>466.011</ele><time>2024-08-13T05:40:11.270Z</time></trkpt><trkpt lat="42.777330" lon="-7.421803"><ele>465.889</ele><time>2024-08-13T05:40:16.270Z</time></trkpt><trkpt lat="42.777272" lon="-7.421833"><ele>465.655</ele><time>2024-08-13T05:40:24.270Z</time></trkpt><trkpt lat="42.777180" lon="-7.421936"><ele>466.038</ele><time>2024-08-13T05:40:33.270Z</time></trkpt><trkpt lat="42.777137" lon="-7.421953"><ele>466.232</ele><time>2024-08-13T05:40:36.270Z</time></trkpt><trkpt lat="42.777090" lon="-7.421988"><ele>466.456</ele><time>2024-08-13T05:40:40.270Z</time></trkpt><trkpt lat="42.777060" lon="-7.422051"><ele>467.167</ele><time>2024-08-13T05:40:45.270Z</time></trkpt><trkpt lat="42.777020" lon="-7.422123"><ele>467.177</ele><time>2024-08-13T05:40:50.270Z</time></trkpt><trkpt lat="42.776947" lon="-7.422173"><ele>467.561</ele><time>2024-08-13T05:40:56.270Z</time></trkpt><trkpt lat="42.776907" lon="-7.422233"><ele>467.527</ele><time>2024-08-13T05:40:59.270Z</time></trkpt><trkpt lat="42.776847" lon="-7.422248"><ele>467.209</ele><time>2024-08-13T05:41:04.270Z</time></trkpt><trkpt lat="42.776794" lon="-7.422265"><ele>467.248</ele><time>2024-08-13T05:41:08.270Z</time></trkpt><trkpt lat="42.776746" lon="-7.422275"><ele>465.635</ele><time>2024-08-13T05:41:12.270Z</time></trkpt><trkpt lat="42.776778" lon="-7.422515"><ele>461.517</ele><time>2024-08-13T05:41:25.270Z</time></trkpt><trkpt lat="42.776818" lon="-7.422543"><ele>457.195</ele><time>2024-08-13T05:41:30.270Z</time></trkpt><trkpt lat="42.776858" lon="-7.422593"><ele>451.261</ele><time>2024-08-13T05:41:34.270Z</time></trkpt><trkpt lat="42.776891" lon="-7.422648"><ele>449.184</ele><time>2024-08-13T05:41:37.270Z</time></trkpt><trkpt lat="42.776926" lon="-7.422698"><ele>447.498</ele><time>2024-08-13T05:41:40.270Z</time></trkpt><trkpt lat="42.776959" lon="-7.422770"><ele>445.772</ele><time>2024-08-13T05:41:44.270Z</time></trkpt><trkpt lat="42.777006" lon="-7.422768"><ele>445.313</ele><time>2024-08-13T05:41:46.270Z</time></trkpt><trkpt lat="42.777048" lon="-7.422740"><ele>445.273</ele><time>2024-08-13T05:41:50.270Z</time></trkpt><trkpt lat="42.777100" lon="-7.422738"><ele>445.185</ele><time>2024-08-13T05:41:54.270Z</time></trkpt><trkpt lat="42.777153" lon="-7.422750"><ele>444.913</ele><time>2024-08-13T05:41:58.270Z</time></trkpt><trkpt lat="42.777205" lon="-7.422795"><ele>443.509</ele><time>2024-08-13T05:42:02.270Z</time></trkpt><trkpt lat="42.777257" lon="-7.422828"><ele>442.078</ele><time>2024-08-13T05:42:06.270Z</time></trkpt><trkpt lat="42.777305" lon="-7.422846"><ele>439.245</ele><time>2024-08-13T05:42:10.270Z</time></trkpt><trkpt lat="42.777357" lon="-7.422853"><ele>435.547</ele><time>2024-08-13T05:42:15.270Z</time></trkpt><trkpt lat="42.777399" lon="-7.422895"><ele>433.645</ele><time>2024-08-13T05:42:19.270Z</time></trkpt><trkpt lat="42.777444" lon="-7.422885"><ele>433.061</ele><time>2024-08-13T05:42:22.270Z</time></trkpt><trkpt lat="42.777499" lon="-7.422903"><ele>431.494</ele><time>2024-08-13T05:42:26.270Z</time></trkpt><trkpt lat="42.777547" lon="-7.422948"><ele>431.138</ele><time>2024-08-13T05:42:30.270Z</time></trkpt><trkpt lat="42.777594" lon="-7.422991"><ele>431.092</ele><time>2024-08-13T05:42:35.270Z</time></trkpt><trkpt lat="42.777611" lon="-7.423073"><ele>431.013</ele><time>2024-08-13T05:42:38.270Z</time></trkpt><trkpt lat="42.777633" lon="-7.423135"><ele>431.075</ele><time>2024-08-13T05:42:41.270Z</time></trkpt><trkpt lat="42.777683" lon="-7.423118"><ele>431.128</ele><time>2024-08-13T05:42:44.270Z</time></trkpt><trkpt lat="42.777725" lon="-7.423086"><ele>431.520</ele><time>2024-08-13T05:42:46.270Z</time></trkpt><trkpt lat="42.777752" lon="-7.423141"><ele>433.309</ele><time>2024-08-13T05:42:50.270Z</time></trkpt><trkpt lat="42.777780" lon="-7.423191"><ele>433.538</ele><time>2024-08-13T05:42:52.270Z</time></trkpt><trkpt lat="42.777827" lon="-7.423216"><ele>434.055</ele><time>2024-08-13T05:42:55.270Z</time></trkpt><trkpt lat="42.777919" lon="-7.423251"><ele>434.987</ele><time>2024-08-13T05:43:01.270Z</time></trkpt><trkpt lat="42.777964" lon="-7.423304"><ele>435.345</ele><time>2024-08-13T05:43:05.270Z</time></trkpt><trkpt lat="42.778002" lon="-7.423342"><ele>435.541</ele><time>2024-08-13T05:43:11.270Z</time></trkpt><trkpt lat="42.778059" lon="-7.423345"><ele>436.634</ele><time>2024-08-13T05:43:16.270Z</time></trkpt><trkpt lat="42.778107" lon="-7.423348"><ele>437.148</ele><time>2024-08-13T05:43:19.270Z</time></trkpt><trkpt lat="42.778155" lon="-7.423350"><ele>437.292</ele><time>2024-08-13T05:43:23.270Z</time></trkpt><trkpt lat="42.778208" lon="-7.423377"><ele>437.223</ele><time>2024-08-13T05:43:27.270Z</time></trkpt><trkpt lat="42.778255" lon="-7.423417"><ele>437.236</ele><time>2024-08-13T05:43:31.270Z</time></trkpt><trkpt lat="42.778292" lon="-7.423457"><ele>436.917</ele><time>2024-08-13T05:43:34.270Z</time></trkpt><trkpt lat="42.778347" lon="-7.423477"><ele>436.818</ele><time>2024-08-13T05:43:38.270Z</time></trkpt><trkpt lat="42.778392" lon="-7.423490"><ele>436.009</ele><time>2024-08-13T05:43:43.270Z</time></trkpt><trkpt lat="42.778397" lon="-7.423560"><ele>435.894</ele><time>2024-08-13T05:43:55.270Z</time></trkpt><trkpt lat="42.778417" lon="-7.423630"><ele>435.661</ele><time>2024-08-13T05:43:59.270Z</time></trkpt><trkpt lat="42.778405" lon="-7.423692"><ele>431.793</ele><time>2024-08-13T05:44:12.270Z</time></trkpt><trkpt lat="42.778418" lon="-7.423760"><ele>429.141</ele><time>2024-08-13T05:44:19.270Z</time></trkpt><trkpt lat="42.778410" lon="-7.423823"><ele>428.087</ele><time>2024-08-13T05:44:24.270Z</time></trkpt><trkpt lat="42.778408" lon="-7.423885"><ele>425.450</ele><time>2024-08-13T05:44:30.270Z</time></trkpt><trkpt lat="42.778403" lon="-7.423963"><ele>422.844</ele><time>2024-08-13T05:44:34.270Z</time></trkpt><trkpt lat="42.778361" lon="-7.424021"><ele>420.768</ele><time>2024-08-13T05:44:39.270Z</time></trkpt><trkpt lat="42.778334" lon="-7.424094"><ele>418.089</ele><time>2024-08-13T05:44:43.270Z</time></trkpt><trkpt lat="42.778297" lon="-7.424137"><ele>415.811</ele><time>2024-08-13T05:44:46.270Z</time></trkpt><trkpt lat="42.778167" lon="-7.424552"><ele>417.521</ele><time>2024-08-13T05:45:18.270Z</time></trkpt><trkpt lat="42.778167" lon="-7.424619"><ele>417.403</ele><time>2024-08-13T05:45:21.270Z</time></trkpt><trkpt lat="42.778152" lon="-7.424694"><ele>417.509</ele><time>2024-08-13T05:45:25.270Z</time></trkpt><trkpt lat="42.778119" lon="-7.424736"><ele>418.742</ele><time>2024-08-13T05:45:30.270Z</time></trkpt><trkpt lat="42.778081" lon="-7.424776"><ele>418.949</ele><time>2024-08-13T05:45:32.270Z</time></trkpt><trkpt lat="42.778068" lon="-7.424838"><ele>418.961</ele><time>2024-08-13T05:45:36.270Z</time></trkpt><trkpt lat="42.778040" lon="-7.424903"><ele>418.939</ele><time>2024-08-13T05:45:39.270Z</time></trkpt><trkpt lat="42.778032" lon="-7.425001"><ele>419.045</ele><time>2024-08-13T05:45:43.270Z</time></trkpt><trkpt lat="42.778015" lon="-7.425064"><ele>419.328</ele><time>2024-08-13T05:45:48.270Z</time></trkpt><trkpt lat="42.778015" lon="-7.425141"><ele>420.372</ele><time>2024-08-13T05:46:03.270Z</time></trkpt><trkpt lat="42.777795" lon="-7.425319"><ele>423.716</ele><time>2024-08-13T05:46:25.270Z</time></trkpt><trkpt lat="42.777783" lon="-7.425382"><ele>424.737</ele><time>2024-08-13T05:46:28.270Z</time></trkpt><trkpt lat="42.777763" lon="-7.425437"><ele>425.053</ele><time>2024-08-13T05:46:31.270Z</time></trkpt><trkpt lat="42.777711" lon="-7.425490"><ele>425.104</ele><time>2024-08-13T05:46:34.270Z</time></trkpt><trkpt lat="42.777654" lon="-7.425518"><ele>426.114</ele><time>2024-08-13T05:46:38.270Z</time></trkpt><trkpt lat="42.777567" lon="-7.425461"><ele>431.209</ele><time>2024-08-13T05:46:49.270Z</time></trkpt><trkpt lat="42.777400" lon="-7.425693"><ele>433.276</ele><time>2024-08-13T05:47:08.270Z</time></trkpt><trkpt lat="42.777328" lon="-7.425750"><ele>432.733</ele><time>2024-08-13T05:47:15.270Z</time></trkpt><trkpt lat="42.777298" lon="-7.425805"><ele>432.235</ele><time>2024-08-13T05:47:20.270Z</time></trkpt><trkpt lat="42.777256" lon="-7.425873"><ele>428.733</ele><time>2024-08-13T05:47:25.270Z</time></trkpt><trkpt lat="42.777213" lon="-7.425920"><ele>425.439</ele><time>2024-08-13T05:47:29.270Z</time></trkpt><trkpt lat="42.777180" lon="-7.425973"><ele>423.292</ele><time>2024-08-13T05:47:33.270Z</time></trkpt><trkpt lat="42.777152" lon="-7.426028"><ele>419.726</ele><time>2024-08-13T05:47:40.270Z</time></trkpt><trkpt lat="42.777139" lon="-7.426103"><ele>418.990</ele><time>2024-08-13T05:47:44.270Z</time></trkpt><trkpt lat="42.777107" lon="-7.426160"><ele>418.391</ele><time>2024-08-13T05:47:48.270Z</time></trkpt><trkpt lat="42.777020" lon="-7.426202"><ele>417.265</ele><time>2024-08-13T05:47:54.270Z</time></trkpt><trkpt lat="42.776928" lon="-7.426387"><ele>415.268</ele><time>2024-08-13T05:48:10.270Z</time></trkpt><trkpt lat="42.776901" lon="-7.426450"><ele>414.614</ele><time>2024-08-13T05:48:14.270Z</time></trkpt><trkpt lat="42.776886" lon="-7.426525"><ele>414.109</ele><time>2024-08-13T05:48:22.270Z</time></trkpt><trkpt lat="42.776854" lon="-7.426573"><ele>413.967</ele><time>2024-08-13T05:48:26.270Z</time></trkpt><trkpt lat="42.776817" lon="-7.426640"><ele>413.624</ele><time>2024-08-13T05:48:32.270Z</time></trkpt><trkpt lat="42.776792" lon="-7.426698"><ele>413.886</ele><time>2024-08-13T05:48:36.270Z</time></trkpt><trkpt lat="42.776735" lon="-7.426731"><ele>413.834</ele><time>2024-08-13T05:48:39.270Z</time></trkpt><trkpt lat="42.776683" lon="-7.426741"><ele>413.880</ele><time>2024-08-13T05:48:41.270Z</time></trkpt><trkpt lat="42.776581" lon="-7.426781"><ele>415.923</ele><time>2024-08-13T05:48:47.270Z</time></trkpt><trkpt lat="42.776536" lon="-7.426783"><ele>417.997</ele><time>2024-08-13T05:48:51.270Z</time></trkpt><trkpt lat="42.776514" lon="-7.426720"><ele>418.681</ele><time>2024-08-13T05:48:55.270Z</time></trkpt><trkpt lat="42.776511" lon="-7.426645"><ele>419.782</ele><time>2024-08-13T05:49:01.270Z</time></trkpt><trkpt lat="42.776473" lon="-7.426587"><ele>421.517</ele><time>2024-08-13T05:49:06.270Z</time></trkpt><trkpt lat="42.776428" lon="-7.426564"><ele>421.787</ele><time>2024-08-13T05:49:29.270Z</time></trkpt><trkpt lat="42.776378" lon="-7.426554"><ele>421.715</ele><time>2024-08-13T05:49:33.270Z</time></trkpt><trkpt lat="42.776328" lon="-7.426552"><ele>421.709</ele><time>2024-08-13T05:49:36.270Z</time></trkpt><trkpt lat="42.776285" lon="-7.426589"><ele>421.772</ele><time>2024-08-13T05:49:40.270Z</time></trkpt><trkpt lat="42.776242" lon="-7.426632"><ele>421.769</ele><time>2024-08-13T05:49:44.270Z</time></trkpt><trkpt lat="42.776232" lon="-7.426707"><ele>421.311</ele><time>2024-08-13T05:49:51.270Z</time></trkpt><trkpt lat="42.776117" lon="-7.426819"><ele>421.389</ele><time>2024-08-13T05:50:01.270Z</time></trkpt><trkpt lat="42.776064" lon="-7.426844"><ele>421.425</ele><time>2024-08-13T05:50:04.270Z</time></trkpt><trkpt lat="42.776017" lon="-7.426869"><ele>421.548</ele><time>2024-08-13T05:50:08.270Z</time></trkpt><trkpt lat="42.775962" lon="-7.426889"><ele>421.942</ele><time>2024-08-13T05:50:11.270Z</time></trkpt><trkpt lat="42.775917" lon="-7.426919"><ele>423.486</ele><time>2024-08-13T05:50:14.270Z</time></trkpt><trkpt lat="42.775875" lon="-7.426949"><ele>424.117</ele><time>2024-08-13T05:50:17.270Z</time></trkpt><trkpt lat="42.775833" lon="-7.426996"><ele>425.313</ele><time>2024-08-13T05:50:21.270Z</time></trkpt><trkpt lat="42.775790" lon="-7.427024"><ele>427.743</ele><time>2024-08-13T05:50:26.270Z</time></trkpt><trkpt lat="42.775743" lon="-7.427041"><ele>428.507</ele><time>2024-08-13T05:50:30.270Z</time></trkpt><trkpt lat="42.775700" lon="-7.427089"><ele>431.209</ele><time>2024-08-13T05:50:34.270Z</time></trkpt><trkpt lat="42.775647" lon="-7.427131"><ele>431.582</ele><time>2024-08-13T05:50:38.270Z</time></trkpt><trkpt lat="42.775600" lon="-7.427166"><ele>432.429</ele><time>2024-08-13T05:50:41.270Z</time></trkpt><trkpt lat="42.775557" lon="-7.427213"><ele>434.371</ele><time>2024-08-13T05:50:44.270Z</time></trkpt><trkpt lat="42.775527" lon="-7.427261"><ele>436.849</ele><time>2024-08-13T05:50:47.270Z</time></trkpt><trkpt lat="42.775492" lon="-7.427301"><ele>437.745</ele><time>2024-08-13T05:50:50.270Z</time></trkpt><trkpt lat="42.775455" lon="-7.427346"><ele>437.948</ele><time>2024-08-13T05:50:53.270Z</time></trkpt><trkpt lat="42.775417" lon="-7.427399"><ele>438.262</ele><time>2024-08-13T05:50:56.270Z</time></trkpt><trkpt lat="42.775384" lon="-7.427462"><ele>439.356</ele><time>2024-08-13T05:51:00.270Z</time></trkpt><trkpt lat="42.775337" lon="-7.427519"><ele>439.477</ele><time>2024-08-13T05:51:03.270Z</time></trkpt><trkpt lat="42.775305" lon="-7.427571"><ele>439.798</ele><time>2024-08-13T05:51:06.270Z</time></trkpt><trkpt lat="42.775283" lon="-7.427629"><ele>439.915</ele><time>2024-08-13T05:51:09.270Z</time></trkpt><trkpt lat="42.775266" lon="-7.427697"><ele>439.926</ele><time>2024-08-13T05:51:13.270Z</time></trkpt><trkpt lat="42.775224" lon="-7.427759"><ele>440.409</ele><time>2024-08-13T05:51:17.270Z</time></trkpt><trkpt lat="42.775189" lon="-7.427824"><ele>440.830</ele><time>2024-08-13T05:51:21.270Z</time></trkpt><trkpt lat="42.775147" lon="-7.427874"><ele>441.047</ele><time>2024-08-13T05:51:25.270Z</time></trkpt><trkpt lat="42.775110" lon="-7.427911"><ele>441.189</ele><time>2024-08-13T05:51:29.270Z</time></trkpt><trkpt lat="42.775065" lon="-7.427936"><ele>441.317</ele><time>2024-08-13T05:51:33.270Z</time></trkpt><trkpt lat="42.775042" lon="-7.427993"><ele>441.493</ele><time>2024-08-13T05:51:36.270Z</time></trkpt><trkpt lat="42.775002" lon="-7.428038"><ele>441.476</ele><time>2024-08-13T05:51:39.270Z</time></trkpt><trkpt lat="42.774962" lon="-7.428095"><ele>441.150</ele><time>2024-08-13T05:51:42.270Z</time></trkpt><trkpt lat="42.774929" lon="-7.428142"><ele>440.574</ele><time>2024-08-13T05:51:45.270Z</time></trkpt><trkpt lat="42.774891" lon="-7.428180"><ele>440.375</ele><time>2024-08-13T05:51:48.270Z</time></trkpt><trkpt lat="42.774843" lon="-7.428225"><ele>439.958</ele><time>2024-08-13T05:51:52.270Z</time></trkpt><trkpt lat="42.774810" lon="-7.428272"><ele>439.852</ele><time>2024-08-13T05:51:56.270Z</time></trkpt><trkpt lat="42.774772" lon="-7.428324"><ele>439.317</ele><time>2024-08-13T05:52:00.270Z</time></trkpt><trkpt lat="42.774735" lon="-7.428386"><ele>438.409</ele><time>2024-08-13T05:52:04.270Z</time></trkpt><trkpt lat="42.774705" lon="-7.428439"><ele>438.426</ele><time>2024-08-13T05:52:09.270Z</time></trkpt><trkpt lat="42.774675" lon="-7.428489"><ele>438.463</ele><time>2024-08-13T05:52:12.270Z</time></trkpt><trkpt lat="42.774622" lon="-7.428519"><ele>438.965</ele><time>2024-08-13T05:52:15.270Z</time></trkpt><trkpt lat="42.774587" lon="-7.428559"><ele>439.613</ele><time>2024-08-13T05:52:18.270Z</time></trkpt><trkpt lat="42.774564" lon="-7.428612"><ele>440.319</ele><time>2024-08-13T05:52:22.270Z</time></trkpt><trkpt lat="42.774447" lon="-7.428915"><ele>442.212</ele><time>2024-08-13T05:52:44.270Z</time></trkpt><trkpt lat="42.774415" lon="-7.428972"><ele>441.016</ele><time>2024-08-13T05:52:48.270Z</time></trkpt><trkpt lat="42.774398" lon="-7.429049"><ele>439.820</ele><time>2024-08-13T05:52:52.270Z</time></trkpt><trkpt lat="42.774393" lon="-7.429116"><ele>439.861</ele><time>2024-08-13T05:52:55.270Z</time></trkpt><trkpt lat="42.774395" lon="-7.429191"><ele>439.684</ele><time>2024-08-13T05:52:59.270Z</time></trkpt><trkpt lat="42.774377" lon="-7.429258"><ele>439.507</ele><time>2024-08-13T05:53:03.270Z</time></trkpt><trkpt lat="42.774369" lon="-7.429335"><ele>439.517</ele><time>2024-08-13T05:53:07.270Z</time></trkpt><trkpt lat="42.774367" lon="-7.429397"><ele>439.409</ele><time>2024-08-13T05:53:09.270Z</time></trkpt><trkpt lat="42.774369" lon="-7.429459"><ele>439.069</ele><time>2024-08-13T05:53:12.270Z</time></trkpt><trkpt lat="42.774339" lon="-7.429524"><ele>438.826</ele><time>2024-08-13T05:53:16.270Z</time></trkpt><trkpt lat="42.774344" lon="-7.429587"><ele>438.668</ele><time>2024-08-13T05:53:20.270Z</time></trkpt><trkpt lat="42.774307" lon="-7.429640"><ele>437.886</ele><time>2024-08-13T05:53:29.270Z</time></trkpt><trkpt lat="42.774294" lon="-7.429708"><ele>436.272</ele><time>2024-08-13T05:53:33.270Z</time></trkpt><trkpt lat="42.774332" lon="-7.429745"><ele>436.295</ele><time>2024-08-13T05:53:40.270Z</time></trkpt><trkpt lat="42.774250" lon="-7.429933"><ele>436.399</ele><time>2024-08-13T05:53:50.270Z</time></trkpt><trkpt lat="42.774223" lon="-7.429996"><ele>435.923</ele><time>2024-08-13T05:53:54.270Z</time></trkpt><trkpt lat="42.774200" lon="-7.430058"><ele>435.614</ele><time>2024-08-13T05:53:58.270Z</time></trkpt><trkpt lat="42.774193" lon="-7.430128"><ele>435.768</ele><time>2024-08-13T05:54:02.270Z</time></trkpt><trkpt lat="42.774165" lon="-7.430178"><ele>436.042</ele><time>2024-08-13T05:54:07.270Z</time></trkpt><trkpt lat="42.774132" lon="-7.430228"><ele>436.226</ele><time>2024-08-13T05:54:11.270Z</time></trkpt><trkpt lat="42.774102" lon="-7.430276"><ele>436.409</ele><time>2024-08-13T05:54:15.270Z</time></trkpt><trkpt lat="42.774055" lon="-7.430311"><ele>437.857</ele><time>2024-08-13T05:54:19.270Z</time></trkpt><trkpt lat="42.774012" lon="-7.430334"><ele>438.764</ele><time>2024-08-13T05:54:23.270Z</time></trkpt><trkpt lat="42.773972" lon="-7.430379"><ele>439.476</ele><time>2024-08-13T05:54:27.270Z</time></trkpt><trkpt lat="42.773929" lon="-7.430429"><ele>440.524</ele><time>2024-08-13T05:54:31.270Z</time></trkpt><trkpt lat="42.773877" lon="-7.430471"><ele>442.010</ele><time>2024-08-13T05:54:35.270Z</time></trkpt><trkpt lat="42.773835" lon="-7.430496"><ele>443.273</ele><time>2024-08-13T05:54:38.270Z</time></trkpt><trkpt lat="42.773792" lon="-7.430523"><ele>444.357</ele><time>2024-08-13T05:54:41.270Z</time></trkpt><trkpt lat="42.773735" lon="-7.430540"><ele>445.331</ele><time>2024-08-13T05:54:45.270Z</time></trkpt><trkpt lat="42.773685" lon="-7.430555"><ele>445.352</ele><time>2024-08-13T05:54:50.270Z</time></trkpt><trkpt lat="42.773645" lon="-7.430588"><ele>445.442</ele><time>2024-08-13T05:54:53.270Z</time></trkpt><trkpt lat="42.773598" lon="-7.430601"><ele>445.422</ele><time>2024-08-13T05:54:58.270Z</time></trkpt><trkpt lat="42.773541" lon="-7.430636"><ele>446.214</ele><time>2024-08-13T05:55:04.270Z</time></trkpt><trkpt lat="42.773491" lon="-7.430654"><ele>446.609</ele><time>2024-08-13T05:55:07.270Z</time></trkpt><trkpt lat="42.773426" lon="-7.430652"><ele>447.675</ele><time>2024-08-13T05:55:11.270Z</time></trkpt><trkpt lat="42.773378" lon="-7.430650"><ele>447.642</ele><time>2024-08-13T05:55:13.270Z</time></trkpt><trkpt lat="42.773328" lon="-7.430670"><ele>447.724</ele><time>2024-08-13T05:55:17.270Z</time></trkpt><trkpt lat="42.773276" lon="-7.430702"><ele>443.142</ele><time>2024-08-13T05:55:22.270Z</time></trkpt><trkpt lat="42.773261" lon="-7.430760"><ele>443.228</ele><time>2024-08-13T05:55:26.270Z</time></trkpt><trkpt lat="42.773216" lon="-7.430810"><ele>443.461</ele><time>2024-08-13T05:55:31.270Z</time></trkpt><trkpt lat="42.772964" lon="-7.430968"><ele>442.375</ele><time>2024-08-13T05:55:58.270Z</time></trkpt><trkpt lat="42.772921" lon="-7.430990"><ele>441.029</ele><time>2024-08-13T05:56:02.270Z</time></trkpt><trkpt lat="42.772878" lon="-7.431013"><ele>440.350</ele><time>2024-08-13T05:56:06.270Z</time></trkpt><trkpt lat="42.772843" lon="-7.431056"><ele>439.293</ele><time>2024-08-13T05:56:11.270Z</time></trkpt><trkpt lat="42.772783" lon="-7.431079"><ele>437.565</ele><time>2024-08-13T05:56:18.270Z</time></trkpt><trkpt lat="42.772746" lon="-7.431122"><ele>436.121</ele><time>2024-08-13T05:56:26.270Z</time></trkpt><trkpt lat="42.772754" lon="-7.431445"><ele>433.009</ele><time>2024-08-13T05:57:13.270Z</time></trkpt><trkpt lat="42.772807" lon="-7.431632"><ele>438.080</ele><time>2024-08-13T05:57:24.270Z</time></trkpt><trkpt lat="42.772752" lon="-7.431794"><ele>442.557</ele><time>2024-08-13T05:57:34.270Z</time></trkpt><trkpt lat="42.772712" lon="-7.431889"><ele>448.089</ele><time>2024-08-13T05:57:38.270Z</time></trkpt><trkpt lat="42.772677" lon="-7.431954"><ele>451.277</ele><time>2024-08-13T05:57:41.270Z</time></trkpt><trkpt lat="42.772650" lon="-7.432032"><ele>452.813</ele><time>2024-08-13T05:57:44.270Z</time></trkpt><trkpt lat="42.772615" lon="-7.432094"><ele>454.676</ele><time>2024-08-13T05:57:47.270Z</time></trkpt><trkpt lat="42.772605" lon="-7.432164"><ele>457.270</ele><time>2024-08-13T05:57:55.270Z</time></trkpt><trkpt lat="42.772390" lon="-7.433967"><ele>481.974</ele><time>2024-08-13T06:00:28.270Z</time></trkpt><trkpt lat="42.772530" lon="-7.434194"><ele>488.075</ele><time>2024-08-13T06:01:13.270Z</time></trkpt><trkpt lat="42.772217" lon="-7.434487"><ele>472.911</ele><time>2024-08-13T06:01:40.270Z</time></trkpt><trkpt lat="42.772170" lon="-7.434487"><ele>470.021</ele><time>2024-08-13T06:01:45.270Z</time></trkpt><trkpt lat="42.772098" lon="-7.434540"><ele>465.603</ele><time>2024-08-13T06:01:51.270Z</time></trkpt><trkpt lat="42.772063" lon="-7.434602"><ele>464.909</ele><time>2024-08-13T06:01:55.270Z</time></trkpt><trkpt lat="42.772116" lon="-7.434687"><ele>462.122</ele><time>2024-08-13T06:02:00.270Z</time></trkpt><trkpt lat="42.772173" lon="-7.434729"><ele>458.459</ele><time>2024-08-13T06:02:03.270Z</time></trkpt><trkpt lat="42.772221" lon="-7.434794"><ele>455.981</ele><time>2024-08-13T06:02:06.270Z</time></trkpt><trkpt lat="42.772273" lon="-7.434842"><ele>455.819</ele><time>2024-08-13T06:02:09.270Z</time></trkpt><trkpt lat="42.772326" lon="-7.434890"><ele>455.945</ele><time>2024-08-13T06:02:13.270Z</time></trkpt><trkpt lat="42.772304" lon="-7.435010"><ele>458.558</ele><time>2024-08-13T06:02:19.270Z</time></trkpt><trkpt lat="42.772264" lon="-7.435088"><ele>459.362</ele><time>2024-08-13T06:02:21.270Z</time></trkpt><trkpt lat="42.772256" lon="-7.435186"><ele>460.886</ele><time>2024-08-13T06:02:26.270Z</time></trkpt><trkpt lat="42.772286" lon="-7.435276"><ele>466.357</ele><time>2024-08-13T06:02:32.270Z</time></trkpt><trkpt lat="42.772294" lon="-7.435493"><ele>473.451</ele><time>2024-08-13T06:02:50.270Z</time></trkpt><trkpt lat="42.772282" lon="-7.435560"><ele>475.801</ele><time>2024-08-13T06:02:55.270Z</time></trkpt><trkpt lat="42.772267" lon="-7.435632"><ele>477.011</ele><time>2024-08-13T06:03:00.270Z</time></trkpt><trkpt lat="42.772294" lon="-7.435684"><ele>478.209</ele><time>2024-08-13T06:03:07.270Z</time></trkpt><trkpt lat="42.772284" lon="-7.436359"><ele>496.316</ele><time>2024-08-13T06:03:58.270Z</time></trkpt><trkpt lat="42.772286" lon="-7.436286"><ele>497.293</ele><time>2024-08-13T06:04:02.270Z</time></trkpt><trkpt lat="42.772273" lon="-7.436218"><ele>497.695</ele><time>2024-08-13T06:04:06.270Z</time></trkpt><trkpt lat="42.772258" lon="-7.436151"><ele>497.943</ele><time>2024-08-13T06:04:11.270Z</time></trkpt><trkpt lat="42.772235" lon="-7.436093"><ele>498.189</ele><time>2024-08-13T06:04:15.270Z</time></trkpt><trkpt lat="42.772215" lon="-7.436036"><ele>498.092</ele><time>2024-08-13T06:04:21.270Z</time></trkpt><trkpt lat="42.772188" lon="-7.435986"><ele>497.926</ele><time>2024-08-13T06:04:25.270Z</time></trkpt><trkpt lat="42.772155" lon="-7.435938"><ele>498.280</ele><time>2024-08-13T06:04:28.270Z</time></trkpt><trkpt lat="42.772137" lon="-7.435880"><ele>498.491</ele><time>2024-08-13T06:04:33.270Z</time></trkpt><trkpt lat="42.772090" lon="-7.435855"><ele>498.498</ele><time>2024-08-13T06:04:37.270Z</time></trkpt><trkpt lat="42.772047" lon="-7.435833"><ele>499.015</ele><time>2024-08-13T06:04:41.270Z</time></trkpt><trkpt lat="42.772007" lon="-7.435798"><ele>499.226</ele><time>2024-08-13T06:04:45.270Z</time></trkpt><trkpt lat="42.771954" lon="-7.435773"><ele>499.309</ele><time>2024-08-13T06:04:50.270Z</time></trkpt><trkpt lat="42.771906" lon="-7.435796"><ele>499.370</ele><time>2024-08-13T06:04:53.270Z</time></trkpt><trkpt lat="42.771888" lon="-7.435873"><ele>499.247</ele><time>2024-08-13T06:04:57.270Z</time></trkpt><trkpt lat="42.771843" lon="-7.435873"><ele>499.079</ele><time>2024-08-13T06:05:03.270Z</time></trkpt><trkpt lat="42.771800" lon="-7.435853"><ele>498.647</ele><time>2024-08-13T06:05:08.270Z</time></trkpt><trkpt lat="42.771622" lon="-7.435870"><ele>497.433</ele><time>2024-08-13T06:05:21.270Z</time></trkpt><trkpt lat="42.771577" lon="-7.435880"><ele>497.186</ele><time>2024-08-13T06:05:25.270Z</time></trkpt><trkpt lat="42.771529" lon="-7.435858"><ele>497.080</ele><time>2024-08-13T06:05:29.270Z</time></trkpt><trkpt lat="42.771469" lon="-7.435876"><ele>497.044</ele><time>2024-08-13T06:05:33.270Z</time></trkpt><trkpt lat="42.771434" lon="-7.435921"><ele>495.695</ele><time>2024-08-13T06:05:36.270Z</time></trkpt><trkpt lat="42.771396" lon="-7.435978"><ele>494.752</ele><time>2024-08-13T06:05:40.270Z</time></trkpt><trkpt lat="42.771361" lon="-7.436048"><ele>494.253</ele><time>2024-08-13T06:05:44.270Z</time></trkpt><trkpt lat="42.771334" lon="-7.436105"><ele>494.208</ele><time>2024-08-13T06:05:48.270Z</time></trkpt><trkpt lat="42.771296" lon="-7.436157"><ele>494.209</ele><time>2024-08-13T06:05:52.270Z</time></trkpt><trkpt lat="42.771278" lon="-7.436229"><ele>494.886</ele><time>2024-08-13T06:05:56.270Z</time></trkpt><trkpt lat="42.771255" lon="-7.436294"><ele>495.533</ele><time>2024-08-13T06:06:01.270Z</time></trkpt><trkpt lat="42.771225" lon="-7.436359"><ele>495.735</ele><time>2024-08-13T06:06:05.270Z</time></trkpt><trkpt lat="42.771205" lon="-7.436429"><ele>495.933</ele><time>2024-08-13T06:06:09.270Z</time></trkpt><trkpt lat="42.771195" lon="-7.436499"><ele>496.039</ele><time>2024-08-13T06:06:13.270Z</time></trkpt><trkpt lat="42.771183" lon="-7.436567"><ele>496.812</ele><time>2024-08-13T06:06:17.270Z</time></trkpt><trkpt lat="42.771153" lon="-7.436620"><ele>497.756</ele><time>2024-08-13T06:06:23.270Z</time></trkpt><trkpt lat="42.771125" lon="-7.436692"><ele>497.640</ele><time>2024-08-13T06:06:28.270Z</time></trkpt><trkpt lat="42.771098" lon="-7.436757"><ele>497.841</ele><time>2024-08-13T06:06:31.270Z</time></trkpt><trkpt lat="42.771080" lon="-7.436824"><ele>496.494</ele><time>2024-08-13T06:06:36.270Z</time></trkpt><trkpt lat="42.771055" lon="-7.436881"><ele>496.057</ele><time>2024-08-13T06:06:40.270Z</time></trkpt><trkpt lat="42.771025" lon="-7.436933"><ele>495.622</ele><time>2024-08-13T06:06:44.270Z</time></trkpt><trkpt lat="42.771005" lon="-7.436995"><ele>495.309</ele><time>2024-08-13T06:06:48.270Z</time></trkpt><trkpt lat="42.770988" lon="-7.437053"><ele>495.150</ele><time>2024-08-13T06:06:51.270Z</time></trkpt><trkpt lat="42.770966" lon="-7.437118"><ele>493.997</ele><time>2024-08-13T06:06:54.270Z</time></trkpt><trkpt lat="42.770946" lon="-7.437176"><ele>493.839</ele><time>2024-08-13T06:06:57.270Z</time></trkpt><trkpt lat="42.770924" lon="-7.437244"><ele>493.997</ele><time>2024-08-13T06:07:02.270Z</time></trkpt><trkpt lat="42.770906" lon="-7.437314"><ele>494.813</ele><time>2024-08-13T06:07:06.270Z</time></trkpt><trkpt lat="42.770896" lon="-7.437377"><ele>496.086</ele><time>2024-08-13T06:07:09.270Z</time></trkpt><trkpt lat="42.770874" lon="-7.437434"><ele>497.460</ele><time>2024-08-13T06:07:13.270Z</time></trkpt><trkpt lat="42.770842" lon="-7.437484"><ele>498.684</ele><time>2024-08-13T06:07:18.270Z</time></trkpt><trkpt lat="42.770822" lon="-7.437554"><ele>499.345</ele><time>2024-08-13T06:07:22.270Z</time></trkpt><trkpt lat="42.770802" lon="-7.437624"><ele>501.957</ele><time>2024-08-13T06:07:26.270Z</time></trkpt><trkpt lat="42.770779" lon="-7.437689"><ele>503.400</ele><time>2024-08-13T06:07:30.270Z</time></trkpt><trkpt lat="42.770749" lon="-7.437747"><ele>504.520</ele><time>2024-08-13T06:07:34.270Z</time></trkpt><trkpt lat="42.770726" lon="-7.437807"><ele>505.409</ele><time>2024-08-13T06:07:38.270Z</time></trkpt><trkpt lat="42.770691" lon="-7.437867"><ele>506.566</ele><time>2024-08-13T06:07:42.270Z</time></trkpt><trkpt lat="42.770651" lon="-7.437912"><ele>506.823</ele><time>2024-08-13T06:07:47.270Z</time></trkpt><trkpt lat="42.770608" lon="-7.437952"><ele>506.935</ele><time>2024-08-13T06:07:50.270Z</time></trkpt><trkpt lat="42.770585" lon="-7.438005"><ele>507.013</ele><time>2024-08-13T06:07:53.270Z</time></trkpt><trkpt lat="42.770562" lon="-7.438072"><ele>506.029</ele><time>2024-08-13T06:07:57.270Z</time></trkpt><trkpt lat="42.770525" lon="-7.438122"><ele>505.652</ele><time>2024-08-13T06:08:02.270Z</time></trkpt><trkpt lat="42.770483" lon="-7.438159"><ele>504.756</ele><time>2024-08-13T06:08:07.270Z</time></trkpt><trkpt lat="42.770448" lon="-7.438211"><ele>504.050</ele><time>2024-08-13T06:08:12.270Z</time></trkpt><trkpt lat="42.770415" lon="-7.438259"><ele>503.391</ele><time>2024-08-13T06:08:15.270Z</time></trkpt><trkpt lat="42.770387" lon="-7.438309"><ele>503.038</ele><time>2024-08-13T06:08:18.270Z</time></trkpt><trkpt lat="42.770352" lon="-7.438367"><ele>502.870</ele><time>2024-08-13T06:08:22.270Z</time></trkpt><trkpt lat="42.770317" lon="-7.438410"><ele>502.617</ele><time>2024-08-13T06:08:25.270Z</time></trkpt><trkpt lat="42.770282" lon="-7.438467"><ele>501.509</ele><time>2024-08-13T06:08:29.270Z</time></trkpt><trkpt lat="42.770245" lon="-7.438520"><ele>501.244</ele><time>2024-08-13T06:08:33.270Z</time></trkpt><trkpt lat="42.770218" lon="-7.438572"><ele>501.191</ele><time>2024-08-13T06:08:37.270Z</time></trkpt><trkpt lat="42.770190" lon="-7.438634"><ele>500.543</ele><time>2024-08-13T06:08:41.270Z</time></trkpt><trkpt lat="42.770163" lon="-7.438694"><ele>500.091</ele><time>2024-08-13T06:08:45.270Z</time></trkpt><trkpt lat="42.770141" lon="-7.438759"><ele>499.537</ele><time>2024-08-13T06:08:50.270Z</time></trkpt><trkpt lat="42.770116" lon="-7.438811"><ele>499.270</ele><time>2024-08-13T06:08:54.270Z</time></trkpt><trkpt lat="42.770083" lon="-7.438879"><ele>499.084</ele><time>2024-08-13T06:08:58.270Z</time></trkpt><trkpt lat="42.770038" lon="-7.438929"><ele>498.668</ele><time>2024-08-13T06:09:01.270Z</time></trkpt><trkpt lat="42.770000" lon="-7.438972"><ele>498.469</ele><time>2024-08-13T06:09:04.270Z</time></trkpt><trkpt lat="42.769998" lon="-7.439034"><ele>497.764</ele><time>2024-08-13T06:09:07.270Z</time></trkpt><trkpt lat="42.769976" lon="-7.439107"><ele>497.006</ele><time>2024-08-13T06:09:11.270Z</time></trkpt><trkpt lat="42.769954" lon="-7.439162"><ele>496.116</ele><time>2024-08-13T06:09:14.270Z</time></trkpt><trkpt lat="42.769936" lon="-7.439219"><ele>495.609</ele><time>2024-08-13T06:09:17.270Z</time></trkpt><trkpt lat="42.769918" lon="-7.439281"><ele>495.557</ele><time>2024-08-13T06:09:21.270Z</time></trkpt><trkpt lat="42.769900" lon="-7.439356"><ele>495.534</ele><time>2024-08-13T06:09:25.270Z</time></trkpt><trkpt lat="42.769890" lon="-7.439431"><ele>495.586</ele><time>2024-08-13T06:09:28.270Z</time></trkpt><trkpt lat="42.769885" lon="-7.439503"><ele>495.864</ele><time>2024-08-13T06:09:32.270Z</time></trkpt><trkpt lat="42.769830" lon="-7.439528"><ele>496.020</ele><time>2024-08-13T06:09:35.270Z</time></trkpt><trkpt lat="42.769793" lon="-7.439580"><ele>496.813</ele><time>2024-08-13T06:09:39.270Z</time></trkpt><trkpt lat="42.769786" lon="-7.439642"><ele>497.467</ele><time>2024-08-13T06:09:42.270Z</time></trkpt><trkpt lat="42.769821" lon="-7.439700"><ele>498.721</ele><time>2024-08-13T06:09:46.270Z</time></trkpt><trkpt lat="42.769858" lon="-7.439740"><ele>498.712</ele><time>2024-08-13T06:09:49.270Z</time></trkpt><trkpt lat="42.769893" lon="-7.439782"><ele>498.683</ele><time>2024-08-13T06:09:53.270Z</time></trkpt><trkpt lat="42.769936" lon="-7.439814"><ele>497.825</ele><time>2024-08-13T06:09:57.270Z</time></trkpt><trkpt lat="42.769983" lon="-7.439849"><ele>495.817</ele><time>2024-08-13T06:10:01.270Z</time></trkpt><trkpt lat="42.770028" lon="-7.439891"><ele>495.209</ele><time>2024-08-13T06:10:05.270Z</time></trkpt><trkpt lat="42.770081" lon="-7.439933"><ele>495.239</ele><time>2024-08-13T06:10:09.270Z</time></trkpt><trkpt lat="42.770131" lon="-7.439961"><ele>495.396</ele><time>2024-08-13T06:10:13.270Z</time></trkpt><trkpt lat="42.770176" lon="-7.440018"><ele>495.528</ele><time>2024-08-13T06:10:17.270Z</time></trkpt><trkpt lat="42.770219" lon="-7.440065"><ele>495.736</ele><time>2024-08-13T06:10:21.270Z</time></trkpt><trkpt lat="42.770269" lon="-7.440107"><ele>495.922</ele><time>2024-08-13T06:10:25.270Z</time></trkpt><trkpt lat="42.770312" lon="-7.440125"><ele>496.435</ele><time>2024-08-13T06:10:28.270Z</time></trkpt><trkpt lat="42.770335" lon="-7.440185"><ele>498.339</ele><time>2024-08-13T06:10:32.270Z</time></trkpt><trkpt lat="42.770363" lon="-7.440242"><ele>498.623</ele><time>2024-08-13T06:10:37.270Z</time></trkpt><trkpt lat="42.770376" lon="-7.440307"><ele>498.784</ele><time>2024-08-13T06:10:40.270Z</time></trkpt><trkpt lat="42.770388" lon="-7.440370"><ele>499.565</ele><time>2024-08-13T06:10:43.270Z</time></trkpt><trkpt lat="42.770400" lon="-7.440435"><ele>499.968</ele><time>2024-08-13T06:10:46.270Z</time></trkpt><trkpt lat="42.770422" lon="-7.440503"><ele>501.114</ele><time>2024-08-13T06:10:51.270Z</time></trkpt><trkpt lat="42.770445" lon="-7.440566"><ele>501.609</ele><time>2024-08-13T06:10:55.270Z</time></trkpt><trkpt lat="42.770457" lon="-7.440646"><ele>501.777</ele><time>2024-08-13T06:10:59.270Z</time></trkpt><trkpt lat="42.770467" lon="-7.440706"><ele>501.744</ele><time>2024-08-13T06:11:02.270Z</time></trkpt><trkpt lat="42.770474" lon="-7.440773"><ele>501.756</ele><time>2024-08-13T06:11:05.270Z</time></trkpt><trkpt lat="42.770506" lon="-7.440840"><ele>501.364</ele><time>2024-08-13T06:11:10.270Z</time></trkpt><trkpt lat="42.770513" lon="-7.440910"><ele>501.220</ele><time>2024-08-13T06:11:13.270Z</time></trkpt><trkpt lat="42.770525" lon="-7.440973"><ele>501.123</ele><time>2024-08-13T06:11:16.270Z</time></trkpt><trkpt lat="42.770525" lon="-7.441036"><ele>500.877</ele><time>2024-08-13T06:11:19.270Z</time></trkpt><trkpt lat="42.770537" lon="-7.441106"><ele>500.981</ele><time>2024-08-13T06:11:23.270Z</time></trkpt><trkpt lat="42.770549" lon="-7.441171"><ele>500.852</ele><time>2024-08-13T06:11:26.270Z</time></trkpt><trkpt lat="42.770566" lon="-7.441244"><ele>500.627</ele><time>2024-08-13T06:11:30.270Z</time></trkpt><trkpt lat="42.770568" lon="-7.441316"><ele>500.568</ele><time>2024-08-13T06:11:35.270Z</time></trkpt><trkpt lat="42.770580" lon="-7.441388"><ele>500.214</ele><time>2024-08-13T06:11:39.270Z</time></trkpt><trkpt lat="42.770592" lon="-7.441450"><ele>500.209</ele><time>2024-08-13T06:11:43.270Z</time></trkpt><trkpt lat="42.770610" lon="-7.441508"><ele>500.323</ele><time>2024-08-13T06:11:47.270Z</time></trkpt><trkpt lat="42.770628" lon="-7.441585"><ele>500.420</ele><time>2024-08-13T06:11:51.270Z</time></trkpt><trkpt lat="42.770628" lon="-7.441647"><ele>500.472</ele><time>2024-08-13T06:11:54.270Z</time></trkpt><trkpt lat="42.770625" lon="-7.441719"><ele>500.440</ele><time>2024-08-13T06:11:58.270Z</time></trkpt><trkpt lat="42.770632" lon="-7.441792"><ele>500.446</ele><time>2024-08-13T06:12:02.270Z</time></trkpt><trkpt lat="42.770634" lon="-7.441854"><ele>500.499</ele><time>2024-08-13T06:12:05.270Z</time></trkpt><trkpt lat="42.770666" lon="-7.441907"><ele>500.443</ele><time>2024-08-13T06:12:09.270Z</time></trkpt><trkpt lat="42.770686" lon="-7.441964"><ele>500.317</ele><time>2024-08-13T06:12:13.270Z</time></trkpt><trkpt lat="42.770703" lon="-7.442037"><ele>500.388</ele><time>2024-08-13T06:12:17.270Z</time></trkpt><trkpt lat="42.770713" lon="-7.442100"><ele>500.044</ele><time>2024-08-13T06:12:20.270Z</time></trkpt><trkpt lat="42.770721" lon="-7.442162"><ele>499.305</ele><time>2024-08-13T06:12:23.270Z</time></trkpt><trkpt lat="42.770743" lon="-7.442222"><ele>499.215</ele><time>2024-08-13T06:12:26.270Z</time></trkpt><trkpt lat="42.770780" lon="-7.442284"><ele>499.109</ele><time>2024-08-13T06:12:30.270Z</time></trkpt><trkpt lat="42.770797" lon="-7.442351"><ele>499.075</ele><time>2024-08-13T06:12:34.270Z</time></trkpt><trkpt lat="42.770804" lon="-7.442419"><ele>499.032</ele><time>2024-08-13T06:12:38.270Z</time></trkpt><trkpt lat="42.770832" lon="-7.442489"><ele>499.174</ele><time>2024-08-13T06:12:42.270Z</time></trkpt><trkpt lat="42.770849" lon="-7.442547"><ele>499.192</ele><time>2024-08-13T06:12:45.270Z</time></trkpt><trkpt lat="42.770857" lon="-7.442610"><ele>498.988</ele><time>2024-08-13T06:12:49.270Z</time></trkpt><trkpt lat="42.770855" lon="-7.442682"><ele>498.991</ele><time>2024-08-13T06:12:53.270Z</time></trkpt><trkpt lat="42.770862" lon="-7.442765"><ele>498.865</ele><time>2024-08-13T06:12:57.270Z</time></trkpt><trkpt lat="42.770862" lon="-7.442840"><ele>498.749</ele><time>2024-08-13T06:13:00.270Z</time></trkpt><trkpt lat="42.770882" lon="-7.442903"><ele>498.710</ele><time>2024-08-13T06:13:04.270Z</time></trkpt><trkpt lat="42.770895" lon="-7.442968"><ele>499.277</ele><time>2024-08-13T06:13:09.270Z</time></trkpt><trkpt lat="42.770908" lon="-7.443036"><ele>499.261</ele><time>2024-08-13T06:13:13.270Z</time></trkpt><trkpt lat="42.770911" lon="-7.443103"><ele>499.127</ele><time>2024-08-13T06:13:17.270Z</time></trkpt><trkpt lat="42.770918" lon="-7.443176"><ele>498.809</ele><time>2024-08-13T06:13:22.270Z</time></trkpt><trkpt lat="42.770903" lon="-7.443241"><ele>498.598</ele><time>2024-08-13T06:13:25.270Z</time></trkpt><trkpt lat="42.770883" lon="-7.443311"><ele>498.425</ele><time>2024-08-13T06:13:28.270Z</time></trkpt><trkpt lat="42.770856" lon="-7.443378"><ele>498.397</ele><time>2024-08-13T06:13:31.270Z</time></trkpt><trkpt lat="42.770816" lon="-7.443431"><ele>498.865</ele><time>2024-08-13T06:13:35.270Z</time></trkpt><trkpt lat="42.770768" lon="-7.443466"><ele>498.931</ele><time>2024-08-13T06:13:39.270Z</time></trkpt><trkpt lat="42.770713" lon="-7.443484"><ele>498.964</ele><time>2024-08-13T06:13:43.270Z</time></trkpt><trkpt lat="42.770661" lon="-7.443494"><ele>497.888</ele><time>2024-08-13T06:13:47.270Z</time></trkpt><trkpt lat="42.770614" lon="-7.443506"><ele>496.742</ele><time>2024-08-13T06:13:51.271Z</time></trkpt><trkpt lat="42.770561" lon="-7.443519"><ele>496.863</ele><time>2024-08-13T06:13:57.271Z</time></trkpt><trkpt lat="42.770513" lon="-7.443547"><ele>496.862</ele><time>2024-08-13T06:14:01.271Z</time></trkpt><trkpt lat="42.770468" lon="-7.443562"><ele>497.083</ele><time>2024-08-13T06:14:05.271Z</time></trkpt><trkpt lat="42.770421" lon="-7.443607"><ele>497.011</ele><time>2024-08-13T06:14:10.271Z</time></trkpt><trkpt lat="42.770383" lon="-7.443640"><ele>497.009</ele><time>2024-08-13T06:14:15.271Z</time></trkpt><trkpt lat="42.770338" lon="-7.443647"><ele>496.957</ele><time>2024-08-13T06:14:18.271Z</time></trkpt><trkpt lat="42.770283" lon="-7.443665"><ele>496.274</ele><time>2024-08-13T06:14:22.271Z</time></trkpt><trkpt lat="42.770233" lon="-7.443695"><ele>495.776</ele><time>2024-08-13T06:14:28.271Z</time></trkpt><trkpt lat="42.770175" lon="-7.443712"><ele>494.974</ele><time>2024-08-13T06:14:36.271Z</time></trkpt><trkpt lat="42.770035" lon="-7.443939"><ele>496.980</ele><time>2024-08-13T06:14:55.271Z</time></trkpt><trkpt lat="42.769992" lon="-7.443999"><ele>498.163</ele><time>2024-08-13T06:15:01.271Z</time></trkpt><trkpt lat="42.769942" lon="-7.444046"><ele>498.387</ele><time>2024-08-13T06:15:05.271Z</time></trkpt><trkpt lat="42.769910" lon="-7.444111"><ele>498.441</ele><time>2024-08-13T06:15:09.271Z</time></trkpt><trkpt lat="42.769868" lon="-7.444161"><ele>498.692</ele><time>2024-08-13T06:15:13.271Z</time></trkpt><trkpt lat="42.769826" lon="-7.444196"><ele>498.776</ele><time>2024-08-13T06:15:17.271Z</time></trkpt><trkpt lat="42.769788" lon="-7.444241"><ele>498.790</ele><time>2024-08-13T06:15:21.271Z</time></trkpt><trkpt lat="42.769743" lon="-7.444263"><ele>498.719</ele><time>2024-08-13T06:15:25.271Z</time></trkpt><trkpt lat="42.769698" lon="-7.444290"><ele>498.709</ele><time>2024-08-13T06:15:29.271Z</time></trkpt><trkpt lat="42.769650" lon="-7.444317"><ele>498.878</ele><time>2024-08-13T06:15:34.271Z</time></trkpt><trkpt lat="42.769608" lon="-7.444359"><ele>499.335</ele><time>2024-08-13T06:15:39.271Z</time></trkpt><trkpt lat="42.769570" lon="-7.444394"><ele>500.877</ele><time>2024-08-13T06:15:43.271Z</time></trkpt><trkpt lat="42.769520" lon="-7.444407"><ele>502.635</ele><time>2024-08-13T06:15:47.271Z</time></trkpt><trkpt lat="42.769470" lon="-7.444417"><ele>504.241</ele><time>2024-08-13T06:15:50.271Z</time></trkpt><trkpt lat="42.769423" lon="-7.444417"><ele>506.044</ele><time>2024-08-13T06:15:54.271Z</time></trkpt><trkpt lat="42.769365" lon="-7.444400"><ele>507.558</ele><time>2024-08-13T06:15:58.271Z</time></trkpt><trkpt lat="42.769318" lon="-7.444390"><ele>508.722</ele><time>2024-08-13T06:16:02.271Z</time></trkpt><trkpt lat="42.769271" lon="-7.444405"><ele>509.283</ele><time>2024-08-13T06:16:06.271Z</time></trkpt><trkpt lat="42.769216" lon="-7.444392"><ele>509.556</ele><time>2024-08-13T06:16:10.271Z</time></trkpt><trkpt lat="42.769164" lon="-7.444369"><ele>510.159</ele><time>2024-08-13T06:16:14.271Z</time></trkpt><trkpt lat="42.769116" lon="-7.444331"><ele>510.114</ele><time>2024-08-13T06:16:19.271Z</time></trkpt><trkpt lat="42.769081" lon="-7.444279"><ele>510.009</ele><time>2024-08-13T06:16:24.271Z</time></trkpt><trkpt lat="42.769034" lon="-7.444276"><ele>509.446</ele><time>2024-08-13T06:16:35.271Z</time></trkpt><trkpt lat="42.768989" lon="-7.444218"><ele>509.413</ele><time>2024-08-13T06:16:39.271Z</time></trkpt><trkpt lat="42.768952" lon="-7.444181"><ele>509.485</ele><time>2024-08-13T06:16:42.271Z</time></trkpt><trkpt lat="42.768907" lon="-7.444141"><ele>510.323</ele><time>2024-08-13T06:16:46.271Z</time></trkpt><trkpt lat="42.768862" lon="-7.444138"><ele>510.619</ele><time>2024-08-13T06:16:50.271Z</time></trkpt><trkpt lat="42.768805" lon="-7.444163"><ele>511.512</ele><time>2024-08-13T06:16:55.271Z</time></trkpt><trkpt lat="42.768773" lon="-7.444208"><ele>512.626</ele><time>2024-08-13T06:16:59.271Z</time></trkpt><trkpt lat="42.768731" lon="-7.444243"><ele>513.550</ele><time>2024-08-13T06:17:05.271Z</time></trkpt><trkpt lat="42.768689" lon="-7.444270"><ele>514.151</ele><time>2024-08-13T06:17:08.271Z</time></trkpt><trkpt lat="42.768652" lon="-7.444323"><ele>514.399</ele><time>2024-08-13T06:17:12.271Z</time></trkpt><trkpt lat="42.768629" lon="-7.444383"><ele>514.707</ele><time>2024-08-13T06:17:17.271Z</time></trkpt><trkpt lat="42.768612" lon="-7.444441"><ele>514.927</ele><time>2024-08-13T06:17:20.271Z</time></trkpt><trkpt lat="42.768602" lon="-7.444518"><ele>515.309</ele><time>2024-08-13T06:17:25.271Z</time></trkpt><trkpt lat="42.768564" lon="-7.444570"><ele>515.350</ele><time>2024-08-13T06:17:29.271Z</time></trkpt><trkpt lat="42.768549" lon="-7.444630"><ele>515.487</ele><time>2024-08-13T06:17:35.271Z</time></trkpt><trkpt lat="42.768542" lon="-7.444703"><ele>515.589</ele><time>2024-08-13T06:17:38.271Z</time></trkpt><trkpt lat="42.768570" lon="-7.444780"><ele>515.377</ele><time>2024-08-13T06:17:42.271Z</time></trkpt><trkpt lat="42.768577" lon="-7.444853"><ele>515.333</ele><time>2024-08-13T06:17:45.271Z</time></trkpt><trkpt lat="42.768582" lon="-7.444923"><ele>515.376</ele><time>2024-08-13T06:17:49.271Z</time></trkpt><trkpt lat="42.768605" lon="-7.444980"><ele>514.280</ele><time>2024-08-13T06:17:53.271Z</time></trkpt><trkpt lat="42.768612" lon="-7.445068"><ele>513.084</ele><time>2024-08-13T06:18:00.271Z</time></trkpt><trkpt lat="42.768590" lon="-7.445153"><ele>513.225</ele><time>2024-08-13T06:18:06.271Z</time></trkpt><trkpt lat="42.768457" lon="-7.445428"><ele>514.932</ele><time>2024-08-13T06:18:26.271Z</time></trkpt><trkpt lat="42.768419" lon="-7.445463"><ele>514.992</ele><time>2024-08-13T06:18:31.271Z</time></trkpt><trkpt lat="42.768374" lon="-7.445500"><ele>514.811</ele><time>2024-08-13T06:18:35.271Z</time></trkpt><trkpt lat="42.768334" lon="-7.445533"><ele>514.809</ele><time>2024-08-13T06:18:38.271Z</time></trkpt><trkpt lat="42.768291" lon="-7.445575"><ele>514.824</ele><time>2024-08-13T06:18:42.271Z</time></trkpt><trkpt lat="42.768251" lon="-7.445617"><ele>514.881</ele><time>2024-08-13T06:18:46.271Z</time></trkpt><trkpt lat="42.768209" lon="-7.445640"><ele>515.343</ele><time>2024-08-13T06:18:50.271Z</time></trkpt><trkpt lat="42.768161" lon="-7.445687"><ele>516.511</ele><time>2024-08-13T06:18:56.271Z</time></trkpt><trkpt lat="42.768121" lon="-7.445730"><ele>517.067</ele><time>2024-08-13T06:19:00.271Z</time></trkpt><trkpt lat="42.768086" lon="-7.445782"><ele>517.680</ele><time>2024-08-13T06:19:04.271Z</time></trkpt><trkpt lat="42.768039" lon="-7.445830"><ele>517.954</ele><time>2024-08-13T06:19:08.271Z</time></trkpt><trkpt lat="42.767994" lon="-7.445875"><ele>520.158</ele><time>2024-08-13T06:19:12.271Z</time></trkpt><trkpt lat="42.767957" lon="-7.445923"><ele>521.669</ele><time>2024-08-13T06:19:16.271Z</time></trkpt><trkpt lat="42.767920" lon="-7.445966"><ele>522.563</ele><time>2024-08-13T06:19:20.271Z</time></trkpt><trkpt lat="42.767877" lon="-7.446006"><ele>523.044</ele><time>2024-08-13T06:19:25.271Z</time></trkpt><trkpt lat="42.767832" lon="-7.446051"><ele>523.118</ele><time>2024-08-13T06:19:30.271Z</time></trkpt><trkpt lat="42.767789" lon="-7.446098"><ele>523.109</ele><time>2024-08-13T06:19:34.271Z</time></trkpt><trkpt lat="42.767762" lon="-7.446148"><ele>523.197</ele><time>2024-08-13T06:19:37.271Z</time></trkpt><trkpt lat="42.767725" lon="-7.446203"><ele>523.234</ele><time>2024-08-13T06:19:41.271Z</time></trkpt><trkpt lat="42.767678" lon="-7.446250"><ele>523.816</ele><time>2024-08-13T06:19:46.271Z</time></trkpt><trkpt lat="42.767656" lon="-7.446307"><ele>525.064</ele><time>2024-08-13T06:19:50.271Z</time></trkpt><trkpt lat="42.767628" lon="-7.446379"><ele>525.850</ele><time>2024-08-13T06:19:56.271Z</time></trkpt><trkpt lat="42.767590" lon="-7.446416"><ele>525.933</ele><time>2024-08-13T06:20:00.271Z</time></trkpt><trkpt lat="42.767540" lon="-7.446454"><ele>527.427</ele><time>2024-08-13T06:20:04.271Z</time></trkpt><trkpt lat="42.767495" lon="-7.446486"><ele>527.931</ele><time>2024-08-13T06:20:07.271Z</time></trkpt><trkpt lat="42.767450" lon="-7.446531"><ele>528.172</ele><time>2024-08-13T06:20:11.271Z</time></trkpt><trkpt lat="42.767403" lon="-7.446549"><ele>528.223</ele><time>2024-08-13T06:20:15.271Z</time></trkpt><trkpt lat="42.767363" lon="-7.446589"><ele>527.983</ele><time>2024-08-13T06:20:19.271Z</time></trkpt><trkpt lat="42.767331" lon="-7.446634"><ele>527.311</ele><time>2024-08-13T06:20:22.271Z</time></trkpt><trkpt lat="42.767303" lon="-7.446686"><ele>527.309</ele><time>2024-08-13T06:20:25.271Z</time></trkpt><trkpt lat="42.767261" lon="-7.446718"><ele>527.353</ele><time>2024-08-13T06:20:28.271Z</time></trkpt><trkpt lat="42.767218" lon="-7.446756"><ele>527.750</ele><time>2024-08-13T06:20:33.271Z</time></trkpt><trkpt lat="42.767181" lon="-7.446803"><ele>527.762</ele><time>2024-08-13T06:20:37.271Z</time></trkpt><trkpt lat="42.767136" lon="-7.446840"><ele>527.580</ele><time>2024-08-13T06:20:41.271Z</time></trkpt><trkpt lat="42.767094" lon="-7.446893"><ele>527.016</ele><time>2024-08-13T06:20:47.271Z</time></trkpt><trkpt lat="42.767054" lon="-7.446951"><ele>527.049</ele><time>2024-08-13T06:20:51.271Z</time></trkpt><trkpt lat="42.767014" lon="-7.446999"><ele>527.113</ele><time>2024-08-13T06:20:55.271Z</time></trkpt><trkpt lat="42.766981" lon="-7.447059"><ele>527.497</ele><time>2024-08-13T06:21:00.271Z</time></trkpt><trkpt lat="42.766958" lon="-7.447116"><ele>528.068</ele><time>2024-08-13T06:21:04.271Z</time></trkpt><trkpt lat="42.766921" lon="-7.447178"><ele>528.797</ele><time>2024-08-13T06:21:08.271Z</time></trkpt><trkpt lat="42.766871" lon="-7.447195"><ele>529.323</ele><time>2024-08-13T06:21:12.271Z</time></trkpt><trkpt lat="42.766856" lon="-7.447257"><ele>530.125</ele><time>2024-08-13T06:21:41.271Z</time></trkpt><trkpt lat="42.766811" lon="-7.447442"><ele>530.209</ele><time>2024-08-13T06:21:51.271Z</time></trkpt><trkpt lat="42.766788" lon="-7.447502"><ele>530.440</ele><time>2024-08-13T06:21:55.271Z</time></trkpt><trkpt lat="42.766763" lon="-7.447572"><ele>529.957</ele><time>2024-08-13T06:22:00.271Z</time></trkpt><trkpt lat="42.766735" lon="-7.447622"><ele>529.949</ele><time>2024-08-13T06:22:04.271Z</time></trkpt><trkpt lat="42.766712" lon="-7.447677"><ele>530.387</ele><time>2024-08-13T06:22:08.271Z</time></trkpt><trkpt lat="42.766674" lon="-7.447737"><ele>532.613</ele><time>2024-08-13T06:22:12.271Z</time></trkpt><trkpt lat="42.766662" lon="-7.447800"><ele>535.336</ele><time>2024-08-13T06:22:16.271Z</time></trkpt><trkpt lat="42.766637" lon="-7.447855"><ele>539.030</ele><time>2024-08-13T06:22:20.271Z</time></trkpt><trkpt lat="42.766619" lon="-7.447920"><ele>539.724</ele><time>2024-08-13T06:22:24.271Z</time></trkpt><trkpt lat="42.766596" lon="-7.447987"><ele>540.355</ele><time>2024-08-13T06:22:28.271Z</time></trkpt><trkpt lat="42.766588" lon="-7.448062"><ele>540.684</ele><time>2024-08-13T06:22:32.271Z</time></trkpt><trkpt lat="42.766573" lon="-7.448130"><ele>541.907</ele><time>2024-08-13T06:22:36.271Z</time></trkpt><trkpt lat="42.766548" lon="-7.448203"><ele>543.517</ele><time>2024-08-13T06:22:40.271Z</time></trkpt><trkpt lat="42.766541" lon="-7.448280"><ele>544.509</ele><time>2024-08-13T06:22:45.271Z</time></trkpt><trkpt lat="42.766549" lon="-7.448350"><ele>545.529</ele><time>2024-08-13T06:22:49.271Z</time></trkpt><trkpt lat="42.766557" lon="-7.448412"><ele>546.226</ele><time>2024-08-13T06:22:53.271Z</time></trkpt><trkpt lat="42.766544" lon="-7.448489"><ele>547.318</ele><time>2024-08-13T06:22:57.271Z</time></trkpt><trkpt lat="42.766536" lon="-7.448559"><ele>547.716</ele><time>2024-08-13T06:23:01.271Z</time></trkpt><trkpt lat="42.766543" lon="-7.448634"><ele>548.172</ele><time>2024-08-13T06:23:11.271Z</time></trkpt><trkpt lat="42.766548" lon="-7.448707"><ele>548.365</ele><time>2024-08-13T06:23:14.271Z</time></trkpt><trkpt lat="42.766556" lon="-7.448779"><ele>548.349</ele><time>2024-08-13T06:23:18.271Z</time></trkpt><trkpt lat="42.766553" lon="-7.448852"><ele>548.163</ele><time>2024-08-13T06:23:25.271Z</time></trkpt><trkpt lat="42.766530" lon="-7.448915"><ele>544.524</ele><time>2024-08-13T06:23:37.271Z</time></trkpt><trkpt lat="42.766542" lon="-7.448985"><ele>543.633</ele><time>2024-08-13T06:23:42.271Z</time></trkpt><trkpt lat="42.766530" lon="-7.449060"><ele>542.923</ele><time>2024-08-13T06:23:47.271Z</time></trkpt><trkpt lat="42.766502" lon="-7.449143"><ele>542.415</ele><time>2024-08-13T06:23:51.271Z</time></trkpt><trkpt lat="42.766479" lon="-7.449208"><ele>542.109</ele><time>2024-08-13T06:23:53.271Z</time></trkpt><trkpt lat="42.766449" lon="-7.449275"><ele>539.714</ele><time>2024-08-13T06:23:58.271Z</time></trkpt><trkpt lat="42.766409" lon="-7.449330"><ele>539.111</ele><time>2024-08-13T06:24:02.271Z</time></trkpt><trkpt lat="42.766387" lon="-7.449392"><ele>537.933</ele><time>2024-08-13T06:24:05.271Z</time></trkpt><trkpt lat="42.766367" lon="-7.449462"><ele>537.581</ele><time>2024-08-13T06:24:08.271Z</time></trkpt><trkpt lat="42.766364" lon="-7.449524"><ele>537.797</ele><time>2024-08-13T06:24:12.271Z</time></trkpt><trkpt lat="42.766347" lon="-7.449584"><ele>537.710</ele><time>2024-08-13T06:24:16.271Z</time></trkpt><trkpt lat="42.766320" lon="-7.449646"><ele>541.294</ele><time>2024-08-13T06:24:22.271Z</time></trkpt><trkpt lat="42.766290" lon="-7.449703"><ele>541.158</ele><time>2024-08-13T06:24:25.271Z</time></trkpt><trkpt lat="42.766252" lon="-7.449753"><ele>541.179</ele><time>2024-08-13T06:24:28.271Z</time></trkpt><trkpt lat="42.766219" lon="-7.449801"><ele>541.124</ele><time>2024-08-13T06:24:31.271Z</time></trkpt><trkpt lat="42.766187" lon="-7.449848"><ele>540.904</ele><time>2024-08-13T06:24:34.271Z</time></trkpt><trkpt lat="42.766147" lon="-7.449900"><ele>540.714</ele><time>2024-08-13T06:24:38.271Z</time></trkpt><trkpt lat="42.766112" lon="-7.449952"><ele>540.709</ele><time>2024-08-13T06:24:41.271Z</time></trkpt><trkpt lat="42.766087" lon="-7.450004"><ele>541.373</ele><time>2024-08-13T06:24:44.271Z</time></trkpt><trkpt lat="42.766054" lon="-7.450052"><ele>542.880</ele><time>2024-08-13T06:24:47.271Z</time></trkpt><trkpt lat="42.766021" lon="-7.450112"><ele>543.422</ele><time>2024-08-13T06:24:51.271Z</time></trkpt><trkpt lat="42.765986" lon="-7.450164"><ele>545.960</ele><time>2024-08-13T06:24:55.271Z</time></trkpt><trkpt lat="42.765936" lon="-7.450194"><ele>547.486</ele><time>2024-08-13T06:25:02.271Z</time></trkpt><trkpt lat="42.765883" lon="-7.450179"><ele>549.119</ele><time>2024-08-13T06:25:35.271Z</time></trkpt><trkpt lat="42.765835" lon="-7.450206"><ele>549.253</ele><time>2024-08-13T06:25:39.271Z</time></trkpt><trkpt lat="42.765783" lon="-7.450218"><ele>547.997</ele><time>2024-08-13T06:25:44.271Z</time></trkpt><trkpt lat="42.765730" lon="-7.450221"><ele>547.078</ele><time>2024-08-13T06:25:50.271Z</time></trkpt><trkpt lat="42.765718" lon="-7.450281"><ele>545.262</ele><time>2024-08-13T06:26:25.271Z</time></trkpt><trkpt lat="42.765733" lon="-7.450364"><ele>544.683</ele><time>2024-08-13T06:26:38.271Z</time></trkpt><trkpt lat="42.765743" lon="-7.450454"><ele>544.011</ele><time>2024-08-13T06:26:54.271Z</time></trkpt><trkpt lat="42.765721" lon="-7.450387"><ele>544.909</ele><time>2024-08-13T06:27:05.271Z</time></trkpt><trkpt lat="42.765728" lon="-7.450324"><ele>544.967</ele><time>2024-08-13T06:27:20.271Z</time></trkpt><trkpt lat="42.765741" lon="-7.450262"><ele>545.134</ele><time>2024-08-13T06:28:26.271Z</time></trkpt><trkpt lat="42.765694" lon="-7.450242"><ele>542.436</ele><time>2024-08-13T06:29:13.271Z</time></trkpt><trkpt lat="42.765649" lon="-7.450259"><ele>543.644</ele><time>2024-08-13T06:29:46.271Z</time></trkpt><trkpt lat="42.765596" lon="-7.450252"><ele>542.520</ele><time>2024-08-13T06:29:50.271Z</time></trkpt><trkpt lat="42.765544" lon="-7.450287"><ele>543.523</ele><time>2024-08-13T06:29:54.271Z</time></trkpt><trkpt lat="42.765499" lon="-7.450327"><ele>543.887</ele><time>2024-08-13T06:29:58.271Z</time></trkpt><trkpt lat="42.765452" lon="-7.450309"><ele>543.871</ele><time>2024-08-13T06:30:01.271Z</time></trkpt><trkpt lat="42.765407" lon="-7.450324"><ele>540.432</ele><time>2024-08-13T06:30:06.271Z</time></trkpt><trkpt lat="42.765364" lon="-7.450346"><ele>540.371</ele><time>2024-08-13T06:30:10.271Z</time></trkpt><trkpt lat="42.765312" lon="-7.450328"><ele>540.041</ele><time>2024-08-13T06:30:15.271Z</time></trkpt><trkpt lat="42.765175" lon="-7.450486"><ele>540.015</ele><time>2024-08-13T06:30:29.271Z</time></trkpt><trkpt lat="42.765183" lon="-7.450553"><ele>540.209</ele><time>2024-08-13T06:30:32.271Z</time></trkpt><trkpt lat="42.765235" lon="-7.450546"><ele>539.098</ele><time>2024-08-13T06:30:53.271Z</time></trkpt><trkpt lat="42.765290" lon="-7.450513"><ele>538.565</ele><time>2024-08-13T06:30:58.271Z</time></trkpt><trkpt lat="42.765305" lon="-7.450446"><ele>538.497</ele><time>2024-08-13T06:31:02.271Z</time></trkpt><trkpt lat="42.765328" lon="-7.450388"><ele>538.465</ele><time>2024-08-13T06:31:05.271Z</time></trkpt><trkpt lat="42.765345" lon="-7.450316"><ele>538.341</ele><time>2024-08-13T06:31:09.271Z</time></trkpt><trkpt lat="42.765392" lon="-7.450258"><ele>538.714</ele><time>2024-08-13T06:31:14.271Z</time></trkpt><trkpt lat="42.765442" lon="-7.450285"><ele>538.848</ele><time>2024-08-13T06:31:20.271Z</time></trkpt><trkpt lat="42.765567" lon="-7.450222"><ele>538.792</ele><time>2024-08-13T06:31:28.271Z</time></trkpt><trkpt lat="42.765682" lon="-7.450250"><ele>545.633</ele><time>2024-08-13T06:31:53.271Z</time></trkpt><trkpt lat="42.765727" lon="-7.450243"><ele>546.742</ele><time>2024-08-13T06:31:59.271Z</time></trkpt><trkpt lat="42.765777" lon="-7.450243"><ele>549.122</ele><time>2024-08-13T06:32:07.271Z</time></trkpt><trkpt lat="42.765732" lon="-7.450225"><ele>549.914</ele><time>2024-08-13T06:32:14.271Z</time></trkpt><trkpt lat="42.765784" lon="-7.450237"><ele>549.809</ele><time>2024-08-13T06:32:26.271Z</time></trkpt><trkpt lat="42.765817" lon="-7.450285"><ele>549.785</ele><time>2024-08-13T06:32:31.271Z</time></trkpt><trkpt lat="42.765769" lon="-7.450273"><ele>542.892</ele><time>2024-08-13T06:33:24.271Z</time></trkpt><trkpt lat="42.765729" lon="-7.450241"><ele>542.834</ele><time>2024-08-13T06:33:29.271Z</time></trkpt><trkpt lat="42.765682" lon="-7.450241"><ele>542.862</ele><time>2024-08-13T06:33:33.271Z</time></trkpt><trkpt lat="42.765642" lon="-7.450209"><ele>542.878</ele><time>2024-08-13T06:33:36.271Z</time></trkpt><trkpt lat="42.765597" lon="-7.450197"><ele>542.891</ele><time>2024-08-13T06:33:41.271Z</time></trkpt><trkpt lat="42.765539" lon="-7.450220"><ele>535.115</ele><time>2024-08-13T06:33:45.271Z</time></trkpt><trkpt lat="42.765494" lon="-7.450217"><ele>533.739</ele><time>2024-08-13T06:33:51.271Z</time></trkpt><trkpt lat="42.765549" lon="-7.450222"><ele>533.310</ele><time>2024-08-13T06:33:59.271Z</time></trkpt><trkpt lat="42.765682" lon="-7.450225"><ele>533.311</ele><time>2024-08-13T06:34:11.271Z</time></trkpt><trkpt lat="42.765739" lon="-7.450253"><ele>535.921</ele><time>2024-08-13T06:34:24.271Z</time></trkpt><trkpt lat="42.765779" lon="-7.450306"><ele>537.003</ele><time>2024-08-13T06:34:30.271Z</time></trkpt><trkpt lat="42.765957" lon="-7.450504"><ele>541.809</ele><time>2024-08-13T06:35:10.272Z</time></trkpt><trkpt lat="42.765987" lon="-7.450576"><ele>543.172</ele><time>2024-08-13T06:35:18.272Z</time></trkpt><trkpt lat="42.766274" lon="-7.450863"><ele>542.249</ele><time>2024-08-13T06:35:40.272Z</time></trkpt><trkpt lat="42.766314" lon="-7.450918"><ele>542.211</ele><time>2024-08-13T06:35:45.272Z</time></trkpt><trkpt lat="42.766352" lon="-7.450965"><ele>542.259</ele><time>2024-08-13T06:35:48.272Z</time></trkpt><trkpt lat="42.766397" lon="-7.451005"><ele>542.795</ele><time>2024-08-13T06:35:52.272Z</time></trkpt><trkpt lat="42.766445" lon="-7.451045"><ele>543.268</ele><time>2024-08-13T06:35:56.272Z</time></trkpt><trkpt lat="42.766480" lon="-7.451108"><ele>543.432</ele><time>2024-08-13T06:36:03.272Z</time></trkpt><trkpt lat="42.766553" lon="-7.451181"><ele>544.966</ele><time>2024-08-13T06:36:13.272Z</time></trkpt><trkpt lat="42.766611" lon="-7.451199"><ele>544.927</ele><time>2024-08-13T06:36:16.272Z</time></trkpt><trkpt lat="42.766654" lon="-7.451251"><ele>545.025</ele><time>2024-08-13T06:36:21.272Z</time></trkpt><trkpt lat="42.766676" lon="-7.451309"><ele>545.026</ele><time>2024-08-13T06:36:24.272Z</time></trkpt><trkpt lat="42.766713" lon="-7.451369"><ele>545.008</ele><time>2024-08-13T06:36:28.272Z</time></trkpt><trkpt lat="42.766756" lon="-7.451391"><ele>545.409</ele><time>2024-08-13T06:36:34.272Z</time></trkpt><trkpt lat="42.766801" lon="-7.451434"><ele>545.993</ele><time>2024-08-13T06:36:38.272Z</time></trkpt><trkpt lat="42.766841" lon="-7.451477"><ele>546.060</ele><time>2024-08-13T06:36:41.272Z</time></trkpt><trkpt lat="42.766888" lon="-7.451505"><ele>546.052</ele><time>2024-08-13T06:36:45.272Z</time></trkpt><trkpt lat="42.766928" lon="-7.451552"><ele>546.290</ele><time>2024-08-13T06:36:48.272Z</time></trkpt><trkpt lat="42.766975" lon="-7.451594"><ele>546.216</ele><time>2024-08-13T06:36:53.272Z</time></trkpt><trkpt lat="42.767025" lon="-7.451621"><ele>546.739</ele><time>2024-08-13T06:36:57.272Z</time></trkpt><trkpt lat="42.767062" lon="-7.451669"><ele>546.563</ele><time>2024-08-13T06:37:02.272Z</time></trkpt><trkpt lat="42.767104" lon="-7.451706"><ele>546.887</ele><time>2024-08-13T06:37:10.272Z</time></trkpt><trkpt lat="42.767146" lon="-7.451749"><ele>547.148</ele><time>2024-08-13T06:37:15.272Z</time></trkpt><trkpt lat="42.767188" lon="-7.451794"><ele>547.168</ele><time>2024-08-13T06:37:18.272Z</time></trkpt><trkpt lat="42.767225" lon="-7.451834"><ele>547.142</ele><time>2024-08-13T06:37:22.272Z</time></trkpt><trkpt lat="42.767262" lon="-7.451884"><ele>548.626</ele><time>2024-08-13T06:37:27.272Z</time></trkpt><trkpt lat="42.767295" lon="-7.451936"><ele>549.209</ele><time>2024-08-13T06:37:32.272Z</time></trkpt><trkpt lat="42.767338" lon="-7.451971"><ele>551.937</ele><time>2024-08-13T06:37:36.272Z</time></trkpt><trkpt lat="42.767385" lon="-7.451991"><ele>553.014</ele><time>2024-08-13T06:37:44.272Z</time></trkpt><trkpt lat="42.767515" lon="-7.452128"><ele>553.416</ele><time>2024-08-13T06:37:56.272Z</time></trkpt><trkpt lat="42.767613" lon="-7.452126"><ele>553.744</ele><time>2024-08-13T06:38:01.272Z</time></trkpt><trkpt lat="42.767636" lon="-7.452189"><ele>554.190</ele><time>2024-08-13T06:38:06.272Z</time></trkpt><trkpt lat="42.767671" lon="-7.452242"><ele>555.133</ele><time>2024-08-13T06:38:10.272Z</time></trkpt><trkpt lat="42.767691" lon="-7.452302"><ele>556.857</ele><time>2024-08-13T06:38:16.272Z</time></trkpt><trkpt lat="42.767756" lon="-7.452309"><ele>560.041</ele><time>2024-08-13T06:38:23.272Z</time></trkpt><trkpt lat="42.767811" lon="-7.452332"><ele>560.982</ele><time>2024-08-13T06:38:26.272Z</time></trkpt><trkpt lat="42.767856" lon="-7.452360"><ele>560.853</ele><time>2024-08-13T06:38:32.272Z</time></trkpt><trkpt lat="42.767904" lon="-7.452385"><ele>560.904</ele><time>2024-08-13T06:38:35.272Z</time></trkpt><trkpt lat="42.767952" lon="-7.452415"><ele>558.914</ele><time>2024-08-13T06:38:38.272Z</time></trkpt><trkpt lat="42.767994" lon="-7.452438"><ele>558.509</ele><time>2024-08-13T06:38:40.272Z</time></trkpt><trkpt lat="42.768031" lon="-7.452483"><ele>557.726</ele><time>2024-08-13T06:38:46.272Z</time></trkpt><trkpt lat="42.768048" lon="-7.452545"><ele>558.023</ele><time>2024-08-13T06:38:51.272Z</time></trkpt><trkpt lat="42.768068" lon="-7.452603"><ele>558.215</ele><time>2024-08-13T06:38:54.272Z</time></trkpt><trkpt lat="42.768111" lon="-7.452656"><ele>559.353</ele><time>2024-08-13T06:38:57.272Z</time></trkpt><trkpt lat="42.768164" lon="-7.452688"><ele>559.779</ele><time>2024-08-13T06:39:00.272Z</time></trkpt><trkpt lat="42.768214" lon="-7.452715"><ele>560.332</ele><time>2024-08-13T06:39:03.272Z</time></trkpt><trkpt lat="42.768277" lon="-7.452735"><ele>562.446</ele><time>2024-08-13T06:39:06.272Z</time></trkpt><trkpt lat="42.768320" lon="-7.452755"><ele>563.520</ele><time>2024-08-13T06:39:08.272Z</time></trkpt><trkpt lat="42.768375" lon="-7.452782"><ele>565.791</ele><time>2024-08-13T06:39:11.272Z</time></trkpt><trkpt lat="42.768420" lon="-7.452802"><ele>567.322</ele><time>2024-08-13T06:39:17.272Z</time></trkpt><trkpt lat="42.768473" lon="-7.452824"><ele>568.862</ele><time>2024-08-13T06:39:21.272Z</time></trkpt><trkpt lat="42.768518" lon="-7.452847"><ele>569.208</ele><time>2024-08-13T06:39:25.272Z</time></trkpt><trkpt lat="42.768558" lon="-7.452877"><ele>569.309</ele><time>2024-08-13T06:39:30.272Z</time></trkpt><trkpt lat="42.768591" lon="-7.452920"><ele>569.663</ele><time>2024-08-13T06:39:35.272Z</time></trkpt><trkpt lat="42.768628" lon="-7.452977"><ele>569.890</ele><time>2024-08-13T06:39:40.272Z</time></trkpt><trkpt lat="42.768661" lon="-7.453037"><ele>570.192</ele><time>2024-08-13T06:39:45.272Z</time></trkpt><trkpt lat="42.768663" lon="-7.453105"><ele>572.240</ele><time>2024-08-13T06:39:51.272Z</time></trkpt><trkpt lat="42.768708" lon="-7.453132"><ele>572.656</ele><time>2024-08-13T06:39:54.272Z</time></trkpt><trkpt lat="42.768743" lon="-7.453179"><ele>572.619</ele><time>2024-08-13T06:39:57.272Z</time></trkpt><trkpt lat="42.768776" lon="-7.453237"><ele>572.643</ele><time>2024-08-13T06:40:00.272Z</time></trkpt><trkpt lat="42.768813" lon="-7.453285"><ele>571.837</ele><time>2024-08-13T06:40:04.272Z</time></trkpt><trkpt lat="42.768840" lon="-7.453355"><ele>570.768</ele><time>2024-08-13T06:40:09.272Z</time></trkpt><trkpt lat="42.768873" lon="-7.453402"><ele>570.371</ele><time>2024-08-13T06:40:12.272Z</time></trkpt><trkpt lat="42.768901" lon="-7.453452"><ele>568.841</ele><time>2024-08-13T06:40:16.272Z</time></trkpt><trkpt lat="42.768933" lon="-7.453499"><ele>568.415</ele><time>2024-08-13T06:40:20.272Z</time></trkpt><trkpt lat="42.768966" lon="-7.453556"><ele>568.209</ele><time>2024-08-13T06:40:25.272Z</time></trkpt><trkpt lat="42.768994" lon="-7.453613"><ele>567.688</ele><time>2024-08-13T06:40:29.272Z</time></trkpt><trkpt lat="42.769039" lon="-7.453655"><ele>567.095</ele><time>2024-08-13T06:40:32.272Z</time></trkpt><trkpt lat="42.769086" lon="-7.453702"><ele>566.277</ele><time>2024-08-13T06:40:36.272Z</time></trkpt><trkpt lat="42.769118" lon="-7.453764"><ele>566.135</ele><time>2024-08-13T06:40:40.272Z</time></trkpt><trkpt lat="42.769138" lon="-7.453819"><ele>566.131</ele><time>2024-08-13T06:40:43.272Z</time></trkpt><trkpt lat="42.769160" lon="-7.453882"><ele>566.274</ele><time>2024-08-13T06:40:48.272Z</time></trkpt><trkpt lat="42.769160" lon="-7.453952"><ele>567.128</ele><time>2024-08-13T06:40:52.272Z</time></trkpt><trkpt lat="42.769172" lon="-7.454024"><ele>568.262</ele><time>2024-08-13T06:40:56.272Z</time></trkpt><trkpt lat="42.769207" lon="-7.454079"><ele>568.753</ele><time>2024-08-13T06:41:00.272Z</time></trkpt><trkpt lat="42.769225" lon="-7.454141"><ele>569.029</ele><time>2024-08-13T06:41:03.272Z</time></trkpt><trkpt lat="42.769248" lon="-7.454204"><ele>569.100</ele><time>2024-08-13T06:41:08.272Z</time></trkpt><trkpt lat="42.769280" lon="-7.454257"><ele>569.420</ele><time>2024-08-13T06:41:12.272Z</time></trkpt><trkpt lat="42.769320" lon="-7.454302"><ele>569.409</ele><time>2024-08-13T06:41:17.272Z</time></trkpt><trkpt lat="42.769343" lon="-7.454365"><ele>569.453</ele><time>2024-08-13T06:41:21.272Z</time></trkpt><trkpt lat="42.769383" lon="-7.454405"><ele>569.440</ele><time>2024-08-13T06:41:24.272Z</time></trkpt><trkpt lat="42.769420" lon="-7.454443"><ele>568.842</ele><time>2024-08-13T06:41:27.272Z</time></trkpt><trkpt lat="42.769432" lon="-7.454505"><ele>568.530</ele><time>2024-08-13T06:41:32.272Z</time></trkpt><trkpt lat="42.769424" lon="-7.454572"><ele>567.296</ele><time>2024-08-13T06:41:35.272Z</time></trkpt><trkpt lat="42.769411" lon="-7.454635"><ele>567.019</ele><time>2024-08-13T06:41:38.272Z</time></trkpt><trkpt lat="42.769414" lon="-7.454702"><ele>566.773</ele><time>2024-08-13T06:41:43.272Z</time></trkpt><trkpt lat="42.769442" lon="-7.454777"><ele>566.847</ele><time>2024-08-13T06:41:51.272Z</time></trkpt><trkpt lat="42.769435" lon="-7.454839"><ele>566.918</ele><time>2024-08-13T06:41:54.272Z</time></trkpt><trkpt lat="42.769440" lon="-7.454907"><ele>567.094</ele><time>2024-08-13T06:41:57.272Z</time></trkpt><trkpt lat="42.769450" lon="-7.454970"><ele>567.057</ele><time>2024-08-13T06:42:01.272Z</time></trkpt><trkpt lat="42.769440" lon="-7.455037"><ele>567.122</ele><time>2024-08-13T06:42:04.272Z</time></trkpt><trkpt lat="42.769430" lon="-7.455100"><ele>567.109</ele><time>2024-08-13T06:42:07.272Z</time></trkpt><trkpt lat="42.769427" lon="-7.455163"><ele>567.350</ele><time>2024-08-13T06:42:10.272Z</time></trkpt><trkpt lat="42.769427" lon="-7.455235"><ele>567.487</ele><time>2024-08-13T06:42:14.272Z</time></trkpt><trkpt lat="42.769425" lon="-7.455298"><ele>567.449</ele><time>2024-08-13T06:42:17.272Z</time></trkpt><trkpt lat="42.769432" lon="-7.455373"><ele>567.787</ele><time>2024-08-13T06:42:21.272Z</time></trkpt><trkpt lat="42.769462" lon="-7.455433"><ele>568.483</ele><time>2024-08-13T06:42:26.272Z</time></trkpt><trkpt lat="42.769480" lon="-7.455508"><ele>569.066</ele><time>2024-08-13T06:42:31.272Z</time></trkpt><trkpt lat="42.769505" lon="-7.455565"><ele>569.210</ele><time>2024-08-13T06:42:35.272Z</time></trkpt><trkpt lat="42.769538" lon="-7.455620"><ele>569.584</ele><time>2024-08-13T06:42:40.272Z</time></trkpt><trkpt lat="42.769558" lon="-7.455682"><ele>569.815</ele><time>2024-08-13T06:42:44.272Z</time></trkpt><trkpt lat="42.769575" lon="-7.455749"><ele>570.671</ele><time>2024-08-13T06:42:49.272Z</time></trkpt><trkpt lat="42.769553" lon="-7.455816"><ele>570.641</ele><time>2024-08-13T06:42:54.272Z</time></trkpt><trkpt lat="42.769563" lon="-7.455883"><ele>570.615</ele><time>2024-08-13T06:42:58.272Z</time></trkpt><trkpt lat="42.769588" lon="-7.456036"><ele>570.709</ele><time>2024-08-13T06:43:09.272Z</time></trkpt><trkpt lat="42.769560" lon="-7.456111"><ele>572.378</ele><time>2024-08-13T06:43:13.272Z</time></trkpt><trkpt lat="42.769537" lon="-7.456176"><ele>575.185</ele><time>2024-08-13T06:43:17.272Z</time></trkpt><trkpt lat="42.769514" lon="-7.456256"><ele>577.027</ele><time>2024-08-13T06:43:22.272Z</time></trkpt><trkpt lat="42.769487" lon="-7.456308"><ele>579.095</ele><time>2024-08-13T06:43:25.272Z</time></trkpt><trkpt lat="42.769465" lon="-7.456385"><ele>580.081</ele><time>2024-08-13T06:43:29.272Z</time></trkpt><trkpt lat="42.769422" lon="-7.456433"><ele>580.064</ele><time>2024-08-13T06:43:34.272Z</time></trkpt><trkpt lat="42.769404" lon="-7.456490"><ele>580.158</ele><time>2024-08-13T06:43:38.272Z</time></trkpt><trkpt lat="42.769379" lon="-7.456557"><ele>579.642</ele><time>2024-08-13T06:43:44.272Z</time></trkpt><trkpt lat="42.769327" lon="-7.456572"><ele>579.313</ele><time>2024-08-13T06:43:51.272Z</time></trkpt><trkpt lat="42.769275" lon="-7.456609"><ele>578.736</ele><time>2024-08-13T06:43:56.272Z</time></trkpt><trkpt lat="42.769237" lon="-7.456647"><ele>577.717</ele><time>2024-08-13T06:43:59.272Z</time></trkpt><trkpt lat="42.769197" lon="-7.456704"><ele>577.118</ele><time>2024-08-13T06:44:03.272Z</time></trkpt><trkpt lat="42.769157" lon="-7.456739"><ele>576.109</ele><time>2024-08-13T06:44:07.272Z</time></trkpt><trkpt lat="42.769122" lon="-7.456787"><ele>575.984</ele><time>2024-08-13T06:44:12.272Z</time></trkpt><trkpt lat="42.769072" lon="-7.456827"><ele>575.911</ele><time>2024-08-13T06:44:16.272Z</time></trkpt><trkpt lat="42.769010" lon="-7.456857"><ele>576.143</ele><time>2024-08-13T06:44:19.272Z</time></trkpt><trkpt lat="42.768960" lon="-7.456894"><ele>576.851</ele><time>2024-08-13T06:44:23.272Z</time></trkpt><trkpt lat="42.768928" lon="-7.456944"><ele>577.947</ele><time>2024-08-13T06:44:27.272Z</time></trkpt><trkpt lat="42.768898" lon="-7.457007"><ele>579.940</ele><time>2024-08-13T06:44:32.272Z</time></trkpt><trkpt lat="42.768870" lon="-7.457072"><ele>580.874</ele><time>2024-08-13T06:44:38.272Z</time></trkpt><trkpt lat="42.768827" lon="-7.457122"><ele>581.518</ele><time>2024-08-13T06:44:42.272Z</time></trkpt><trkpt lat="42.768817" lon="-7.457185"><ele>582.549</ele><time>2024-08-13T06:44:47.272Z</time></trkpt><trkpt lat="42.768714" lon="-7.457448"><ele>578.122</ele><time>2024-08-13T06:45:06.272Z</time></trkpt><trkpt lat="42.768697" lon="-7.457516"><ele>576.362</ele><time>2024-08-13T06:45:12.272Z</time></trkpt><trkpt lat="42.768657" lon="-7.457568"><ele>574.908</ele><time>2024-08-13T06:45:16.272Z</time></trkpt><trkpt lat="42.768574" lon="-7.457798"><ele>578.309</ele><time>2024-08-13T06:45:40.272Z</time></trkpt><trkpt lat="42.768452" lon="-7.458028"><ele>584.623</ele><time>2024-08-13T06:45:58.272Z</time></trkpt><trkpt lat="42.768407" lon="-7.458086"><ele>585.260</ele><time>2024-08-13T06:46:03.272Z</time></trkpt><trkpt lat="42.768375" lon="-7.458131"><ele>585.452</ele><time>2024-08-13T06:46:06.272Z</time></trkpt><trkpt lat="42.768357" lon="-7.458199"><ele>590.240</ele><time>2024-08-13T06:46:10.272Z</time></trkpt><trkpt lat="42.768332" lon="-7.458254"><ele>594.456</ele><time>2024-08-13T06:46:15.272Z</time></trkpt><trkpt lat="42.768299" lon="-7.458301"><ele>597.119</ele><time>2024-08-13T06:46:18.272Z</time></trkpt><trkpt lat="42.768262" lon="-7.458363"><ele>601.413</ele><time>2024-08-13T06:46:23.272Z</time></trkpt><trkpt lat="42.768254" lon="-7.458433"><ele>604.447</ele><time>2024-08-13T06:46:27.272Z</time></trkpt><trkpt lat="42.768241" lon="-7.458495"><ele>606.398</ele><time>2024-08-13T06:46:30.272Z</time></trkpt><trkpt lat="42.768221" lon="-7.458553"><ele>607.457</ele><time>2024-08-13T06:46:33.272Z</time></trkpt><trkpt lat="42.768199" lon="-7.458611"><ele>608.200</ele><time>2024-08-13T06:46:37.272Z</time></trkpt><trkpt lat="42.768184" lon="-7.458671"><ele>608.720</ele><time>2024-08-13T06:46:41.272Z</time></trkpt><trkpt lat="42.768181" lon="-7.458734"><ele>608.809</ele><time>2024-08-13T06:46:44.272Z</time></trkpt><trkpt lat="42.768168" lon="-7.458796"><ele>609.616</ele><time>2024-08-13T06:46:49.272Z</time></trkpt><trkpt lat="42.768151" lon="-7.458864"><ele>610.583</ele><time>2024-08-13T06:46:57.272Z</time></trkpt><trkpt lat="42.768098" lon="-7.458897"><ele>611.485</ele><time>2024-08-13T06:47:01.272Z</time></trkpt><trkpt lat="42.768061" lon="-7.458949"><ele>612.763</ele><time>2024-08-13T06:47:05.272Z</time></trkpt><trkpt lat="42.768033" lon="-7.459006"><ele>612.719</ele><time>2024-08-13T06:47:08.272Z</time></trkpt><trkpt lat="42.768055" lon="-7.459071"><ele>612.762</ele><time>2024-08-13T06:47:15.272Z</time></trkpt><trkpt lat="42.768178" lon="-7.459244"><ele>605.936</ele><time>2024-08-13T06:47:33.272Z</time></trkpt><trkpt lat="42.768203" lon="-7.459296"><ele>602.850</ele><time>2024-08-13T06:47:38.272Z</time></trkpt><trkpt lat="42.768258" lon="-7.459396"><ele>596.211</ele><time>2024-08-13T06:47:48.272Z</time></trkpt><trkpt lat="42.768293" lon="-7.459441"><ele>595.171</ele><time>2024-08-13T06:47:51.272Z</time></trkpt><trkpt lat="42.768336" lon="-7.459494"><ele>593.341</ele><time>2024-08-13T06:47:57.272Z</time></trkpt><trkpt lat="42.768384" lon="-7.459521"><ele>591.415</ele><time>2024-08-13T06:48:01.272Z</time></trkpt><trkpt lat="42.768442" lon="-7.459538"><ele>589.709</ele><time>2024-08-13T06:48:04.272Z</time></trkpt><trkpt lat="42.768499" lon="-7.459551"><ele>589.558</ele><time>2024-08-13T06:48:07.272Z</time></trkpt><trkpt lat="42.768544" lon="-7.459581"><ele>589.785</ele><time>2024-08-13T06:48:10.272Z</time></trkpt><trkpt lat="42.768581" lon="-7.459618"><ele>590.387</ele><time>2024-08-13T06:48:13.272Z</time></trkpt><trkpt lat="42.768573" lon="-7.459690"><ele>591.685</ele><time>2024-08-13T06:48:20.272Z</time></trkpt><trkpt lat="42.768600" lon="-7.459745"><ele>591.691</ele><time>2024-08-13T06:48:23.272Z</time></trkpt><trkpt lat="42.768635" lon="-7.459790"><ele>591.684</ele><time>2024-08-13T06:48:26.272Z</time></trkpt><trkpt lat="42.768680" lon="-7.459828"><ele>591.658</ele><time>2024-08-13T06:48:29.273Z</time></trkpt><trkpt lat="42.768708" lon="-7.459880"><ele>591.422</ele><time>2024-08-13T06:48:32.273Z</time></trkpt><trkpt lat="42.768736" lon="-7.459928"><ele>591.273</ele><time>2024-08-13T06:48:37.273Z</time></trkpt><trkpt lat="42.768778" lon="-7.459978"><ele>590.995</ele><time>2024-08-13T06:48:42.273Z</time></trkpt><trkpt lat="42.768813" lon="-7.460021"><ele>590.449</ele><time>2024-08-13T06:48:45.273Z</time></trkpt><trkpt lat="42.768840" lon="-7.460083"><ele>589.423</ele><time>2024-08-13T06:48:49.273Z</time></trkpt><trkpt lat="42.769077" lon="-7.460675"><ele>584.409</ele><time>2024-08-13T06:49:24.273Z</time></trkpt><trkpt lat="42.769109" lon="-7.460740"><ele>584.290</ele><time>2024-08-13T06:49:28.273Z</time></trkpt><trkpt lat="42.769146" lon="-7.460807"><ele>584.117</ele><time>2024-08-13T06:49:31.273Z</time></trkpt><trkpt lat="42.769179" lon="-7.460865"><ele>584.149</ele><time>2024-08-13T06:49:35.273Z</time></trkpt><trkpt lat="42.769214" lon="-7.460918"><ele>584.247</ele><time>2024-08-13T06:49:40.273Z</time></trkpt><trkpt lat="42.769224" lon="-7.460995"><ele>584.283</ele><time>2024-08-13T06:49:45.273Z</time></trkpt><trkpt lat="42.769212" lon="-7.461067"><ele>584.266</ele><time>2024-08-13T06:49:48.273Z</time></trkpt><trkpt lat="42.769207" lon="-7.461132"><ele>584.280</ele><time>2024-08-13T06:49:52.273Z</time></trkpt><trkpt lat="42.769202" lon="-7.461219"><ele>583.384</ele><time>2024-08-13T06:49:57.273Z</time></trkpt><trkpt lat="42.769202" lon="-7.461284"><ele>582.565</ele><time>2024-08-13T06:50:01.273Z</time></trkpt><trkpt lat="42.769180" lon="-7.461351"><ele>582.244</ele><time>2024-08-13T06:50:06.273Z</time></trkpt><trkpt lat="42.769170" lon="-7.461424"><ele>582.205</ele><time>2024-08-13T06:50:10.273Z</time></trkpt><trkpt lat="42.769167" lon="-7.461487"><ele>582.215</ele><time>2024-08-13T06:50:14.273Z</time></trkpt><trkpt lat="42.769190" lon="-7.461562"><ele>582.209</ele><time>2024-08-13T06:50:19.273Z</time></trkpt><trkpt lat="42.769192" lon="-7.461627"><ele>582.235</ele><time>2024-08-13T06:50:23.273Z</time></trkpt><trkpt lat="42.769197" lon="-7.461689"><ele>582.072</ele><time>2024-08-13T06:50:26.273Z</time></trkpt><trkpt lat="42.769194" lon="-7.461757"><ele>581.534</ele><time>2024-08-13T06:50:29.273Z</time></trkpt><trkpt lat="42.769206" lon="-7.461822"><ele>580.942</ele><time>2024-08-13T06:50:33.273Z</time></trkpt><trkpt lat="42.769234" lon="-7.461892"><ele>580.858</ele><time>2024-08-13T06:50:37.273Z</time></trkpt><trkpt lat="42.769254" lon="-7.461949"><ele>580.891</ele><time>2024-08-13T06:50:41.273Z</time></trkpt><trkpt lat="42.769269" lon="-7.462012"><ele>581.315</ele><time>2024-08-13T06:50:45.273Z</time></trkpt><trkpt lat="42.769282" lon="-7.462079"><ele>581.729</ele><time>2024-08-13T06:50:49.273Z</time></trkpt><trkpt lat="42.769290" lon="-7.462154"><ele>581.970</ele><time>2024-08-13T06:50:53.273Z</time></trkpt><trkpt lat="42.769302" lon="-7.462214"><ele>582.022</ele><time>2024-08-13T06:50:56.273Z</time></trkpt><trkpt lat="42.769309" lon="-7.462277"><ele>582.262</ele><time>2024-08-13T06:51:00.273Z</time></trkpt><trkpt lat="42.769322" lon="-7.462347"><ele>582.808</ele><time>2024-08-13T06:51:05.273Z</time></trkpt><trkpt lat="42.769369" lon="-7.462589"><ele>587.209</ele><time>2024-08-13T06:51:20.273Z</time></trkpt><trkpt lat="42.769342" lon="-7.462647"><ele>587.383</ele><time>2024-08-13T06:51:23.273Z</time></trkpt><trkpt lat="42.769242" lon="-7.463197"><ele>598.610</ele><time>2024-08-13T06:51:58.273Z</time></trkpt><trkpt lat="42.769267" lon="-7.463254"><ele>599.042</ele><time>2024-08-13T06:52:02.273Z</time></trkpt><trkpt lat="42.769250" lon="-7.463324"><ele>599.940</ele><time>2024-08-13T06:52:07.273Z</time></trkpt><trkpt lat="42.769248" lon="-7.463396"><ele>601.256</ele><time>2024-08-13T06:52:11.273Z</time></trkpt><trkpt lat="42.769308" lon="-7.463431"><ele>602.269</ele><time>2024-08-13T06:52:15.273Z</time></trkpt><trkpt lat="42.769353" lon="-7.463468"><ele>602.273</ele><time>2024-08-13T06:52:18.273Z</time></trkpt><trkpt lat="42.769396" lon="-7.463485"><ele>602.287</ele><time>2024-08-13T06:52:21.273Z</time></trkpt><trkpt lat="42.769441" lon="-7.463513"><ele>602.028</ele><time>2024-08-13T06:52:25.273Z</time></trkpt><trkpt lat="42.769486" lon="-7.463555"><ele>600.593</ele><time>2024-08-13T06:52:29.273Z</time></trkpt><trkpt lat="42.769529" lon="-7.463600"><ele>597.065</ele><time>2024-08-13T06:52:33.273Z</time></trkpt><trkpt lat="42.769557" lon="-7.463665"><ele>593.421</ele><time>2024-08-13T06:52:38.273Z</time></trkpt><trkpt lat="42.769582" lon="-7.463723"><ele>591.009</ele><time>2024-08-13T06:52:42.273Z</time></trkpt><trkpt lat="42.769615" lon="-7.463766"><ele>591.160</ele><time>2024-08-13T06:52:47.273Z</time></trkpt><trkpt lat="42.769633" lon="-7.463829"><ele>591.477</ele><time>2024-08-13T06:52:53.273Z</time></trkpt><trkpt lat="42.769710" lon="-7.464254"><ele>597.029</ele><time>2024-08-13T06:53:20.273Z</time></trkpt><trkpt lat="42.769698" lon="-7.464331"><ele>597.087</ele><time>2024-08-13T06:53:24.273Z</time></trkpt><trkpt lat="42.769703" lon="-7.464399"><ele>597.013</ele><time>2024-08-13T06:53:28.273Z</time></trkpt><trkpt lat="42.769685" lon="-7.464512"><ele>598.286</ele><time>2024-08-13T06:53:35.273Z</time></trkpt><trkpt lat="42.769705" lon="-7.464582"><ele>599.780</ele><time>2024-08-13T06:53:40.273Z</time></trkpt><trkpt lat="42.769685" lon="-7.464640"><ele>600.724</ele><time>2024-08-13T06:53:43.273Z</time></trkpt><trkpt lat="42.769660" lon="-7.464702"><ele>601.475</ele><time>2024-08-13T06:53:46.273Z</time></trkpt><trkpt lat="42.769618" lon="-7.464742"><ele>601.994</ele><time>2024-08-13T06:53:48.273Z</time></trkpt><trkpt lat="42.769583" lon="-7.464802"><ele>603.957</ele><time>2024-08-13T06:53:52.273Z</time></trkpt><trkpt lat="42.769610" lon="-7.464865"><ele>606.222</ele><time>2024-08-13T06:53:56.273Z</time></trkpt><trkpt lat="42.769642" lon="-7.464925"><ele>606.809</ele><time>2024-08-13T06:54:00.273Z</time></trkpt><trkpt lat="42.769680" lon="-7.464958"><ele>608.590</ele><time>2024-08-13T06:54:03.273Z</time></trkpt><trkpt lat="42.769713" lon="-7.465003"><ele>610.217</ele><time>2024-08-13T06:54:08.273Z</time></trkpt><trkpt lat="42.769705" lon="-7.465070"><ele>612.269</ele><time>2024-08-13T06:54:13.273Z</time></trkpt><trkpt lat="42.769738" lon="-7.465113"><ele>621.787</ele><time>2024-08-13T06:54:17.273Z</time></trkpt><trkpt lat="42.769790" lon="-7.465136"><ele>622.253</ele><time>2024-08-13T06:54:19.273Z</time></trkpt><trkpt lat="42.769838" lon="-7.465156"><ele>622.226</ele><time>2024-08-13T06:54:21.273Z</time></trkpt><trkpt lat="42.769885" lon="-7.465188"><ele>622.230</ele><time>2024-08-13T06:54:24.273Z</time></trkpt><trkpt lat="42.769938" lon="-7.465236"><ele>621.774</ele><time>2024-08-13T06:54:27.273Z</time></trkpt><trkpt lat="42.769983" lon="-7.465291"><ele>620.655</ele><time>2024-08-13T06:54:31.273Z</time></trkpt><trkpt lat="42.770026" lon="-7.465336"><ele>620.454</ele><time>2024-08-13T06:54:34.273Z</time></trkpt><trkpt lat="42.770011" lon="-7.465398"><ele>620.256</ele><time>2024-08-13T06:54:39.273Z</time></trkpt><trkpt lat="42.770018" lon="-7.465475"><ele>619.911</ele><time>2024-08-13T06:54:44.273Z</time></trkpt><trkpt lat="42.770038" lon="-7.465545"><ele>619.509</ele><time>2024-08-13T06:54:49.273Z</time></trkpt><trkpt lat="42.770060" lon="-7.465600"><ele>618.796</ele><time>2024-08-13T06:54:52.273Z</time></trkpt><trkpt lat="42.770092" lon="-7.465660"><ele>618.123</ele><time>2024-08-13T06:54:56.273Z</time></trkpt><trkpt lat="42.770119" lon="-7.465713"><ele>617.745</ele><time>2024-08-13T06:54:59.273Z</time></trkpt><trkpt lat="42.770152" lon="-7.465763"><ele>617.613</ele><time>2024-08-13T06:55:03.273Z</time></trkpt><trkpt lat="42.770175" lon="-7.465823"><ele>617.599</ele><time>2024-08-13T06:55:07.273Z</time></trkpt><trkpt lat="42.770147" lon="-7.465871"><ele>617.752</ele><time>2024-08-13T06:55:10.273Z</time></trkpt><trkpt lat="42.770145" lon="-7.465951"><ele>618.146</ele><time>2024-08-13T06:55:16.273Z</time></trkpt><trkpt lat="42.770135" lon="-7.466026"><ele>618.130</ele><time>2024-08-13T06:55:20.273Z</time></trkpt><trkpt lat="42.770133" lon="-7.466096"><ele>617.481</ele><time>2024-08-13T06:55:24.273Z</time></trkpt><trkpt lat="42.770146" lon="-7.466161"><ele>616.127</ele><time>2024-08-13T06:55:28.273Z</time></trkpt><trkpt lat="42.770146" lon="-7.466228"><ele>615.568</ele><time>2024-08-13T06:55:32.273Z</time></trkpt><trkpt lat="42.770168" lon="-7.466301"><ele>615.314</ele><time>2024-08-13T06:55:38.273Z</time></trkpt><trkpt lat="42.770166" lon="-7.466366"><ele>615.109</ele><time>2024-08-13T06:55:41.273Z</time></trkpt><trkpt lat="42.770181" lon="-7.466431"><ele>615.223</ele><time>2024-08-13T06:55:44.273Z</time></trkpt><trkpt lat="42.770188" lon="-7.466504"><ele>615.430</ele><time>2024-08-13T06:55:47.273Z</time></trkpt><trkpt lat="42.770186" lon="-7.466567"><ele>615.782</ele><time>2024-08-13T06:55:53.273Z</time></trkpt><trkpt lat="42.770489" lon="-7.466657"><ele>619.390</ele><time>2024-08-13T06:56:28.273Z</time></trkpt><trkpt lat="42.770544" lon="-7.466692"><ele>620.346</ele><time>2024-08-13T06:56:31.273Z</time></trkpt><trkpt lat="42.770589" lon="-7.466685"><ele>620.469</ele><time>2024-08-13T06:56:34.273Z</time></trkpt><trkpt lat="42.770639" lon="-7.466703"><ele>621.343</ele><time>2024-08-13T06:56:38.273Z</time></trkpt><trkpt lat="42.770686" lon="-7.466715"><ele>622.987</ele><time>2024-08-13T06:56:42.273Z</time></trkpt><trkpt lat="42.770724" lon="-7.466750"><ele>626.248</ele><time>2024-08-13T06:56:47.273Z</time></trkpt><trkpt lat="42.770771" lon="-7.466752"><ele>628.038</ele><time>2024-08-13T06:56:52.273Z</time></trkpt><trkpt lat="42.770809" lon="-7.466792"><ele>629.270</ele><time>2024-08-13T06:56:56.273Z</time></trkpt><trkpt lat="42.770844" lon="-7.466837"><ele>629.817</ele><time>2024-08-13T06:57:01.273Z</time></trkpt><trkpt lat="42.770849" lon="-7.466915"><ele>630.409</ele><time>2024-08-13T06:57:06.273Z</time></trkpt><trkpt lat="42.770837" lon="-7.466983"><ele>630.814</ele><time>2024-08-13T06:57:10.273Z</time></trkpt><trkpt lat="42.770849" lon="-7.467056"><ele>631.291</ele><time>2024-08-13T06:57:17.273Z</time></trkpt><trkpt lat="42.770872" lon="-7.467124"><ele>631.633</ele><time>2024-08-13T06:57:20.273Z</time></trkpt><trkpt lat="42.770975" lon="-7.467187"><ele>632.941</ele><time>2024-08-13T06:57:31.273Z</time></trkpt><trkpt lat="42.771017" lon="-7.467237"><ele>633.357</ele><time>2024-08-13T06:57:35.273Z</time></trkpt><trkpt lat="42.771054" lon="-7.467300"><ele>633.640</ele><time>2024-08-13T06:57:39.273Z</time></trkpt><trkpt lat="42.771122" lon="-7.467345"><ele>633.784</ele><time>2024-08-13T06:57:43.273Z</time></trkpt><trkpt lat="42.771182" lon="-7.467358"><ele>633.938</ele><time>2024-08-13T06:57:45.273Z</time></trkpt><trkpt lat="42.771244" lon="-7.467336"><ele>634.939</ele><time>2024-08-13T06:57:51.273Z</time></trkpt><trkpt lat="42.771306" lon="-7.467323"><ele>635.064</ele><time>2024-08-13T06:57:55.273Z</time></trkpt><trkpt lat="42.771356" lon="-7.467318"><ele>635.306</ele><time>2024-08-13T06:57:57.273Z</time></trkpt><trkpt lat="42.771426" lon="-7.467298"><ele>635.816</ele><time>2024-08-13T06:58:00.273Z</time></trkpt><trkpt lat="42.771469" lon="-7.467246"><ele>636.009</ele><time>2024-08-13T06:58:04.273Z</time></trkpt><trkpt lat="42.771509" lon="-7.467209"><ele>636.077</ele><time>2024-08-13T06:58:08.273Z</time></trkpt><trkpt lat="42.771564" lon="-7.467217"><ele>635.424</ele><time>2024-08-13T06:58:12.273Z</time></trkpt><trkpt lat="42.771614" lon="-7.467235"><ele>634.896</ele><time>2024-08-13T06:58:18.273Z</time></trkpt><trkpt lat="42.771656" lon="-7.467263"><ele>633.834</ele><time>2024-08-13T06:58:24.273Z</time></trkpt><trkpt lat="42.771844" lon="-7.467531"><ele>628.950</ele><time>2024-08-13T06:58:48.273Z</time></trkpt><trkpt lat="42.771957" lon="-7.467684"><ele>625.763</ele><time>2024-08-13T06:59:00.273Z</time></trkpt><trkpt lat="42.772010" lon="-7.467716"><ele>625.697</ele><time>2024-08-13T06:59:03.273Z</time></trkpt><trkpt lat="42.772058" lon="-7.467753"><ele>625.771</ele><time>2024-08-13T06:59:05.273Z</time></trkpt><trkpt lat="42.772106" lon="-7.467798"><ele>626.072</ele><time>2024-08-13T06:59:10.273Z</time></trkpt><trkpt lat="42.772149" lon="-7.467840"><ele>626.835</ele><time>2024-08-13T06:59:14.274Z</time></trkpt><trkpt lat="42.772167" lon="-7.467897"><ele>628.186</ele><time>2024-08-13T06:59:18.274Z</time></trkpt><trkpt lat="42.772249" lon="-7.467924"><ele>628.414</ele><time>2024-08-13T06:59:24.274Z</time></trkpt><trkpt lat="42.772291" lon="-7.467957"><ele>628.509</ele><time>2024-08-13T06:59:27.274Z</time></trkpt><trkpt lat="42.772323" lon="-7.468005"><ele>629.424</ele><time>2024-08-13T06:59:33.274Z</time></trkpt><trkpt lat="42.772338" lon="-7.468063"><ele>629.661</ele><time>2024-08-13T06:59:38.274Z</time></trkpt><trkpt lat="42.772545" lon="-7.468323"><ele>623.933</ele><time>2024-08-13T06:59:58.274Z</time></trkpt><trkpt lat="42.772593" lon="-7.468358"><ele>621.461</ele><time>2024-08-13T07:00:01.274Z</time></trkpt><trkpt lat="42.772636" lon="-7.468470"><ele>617.057</ele><time>2024-08-13T07:00:09.274Z</time></trkpt><trkpt lat="42.772678" lon="-7.468505"><ele>615.960</ele><time>2024-08-13T07:00:15.274Z</time></trkpt><trkpt lat="42.772746" lon="-7.468668"><ele>612.644</ele><time>2024-08-13T07:00:24.274Z</time></trkpt><trkpt lat="42.772808" lon="-7.468683"><ele>613.128</ele><time>2024-08-13T07:00:28.274Z</time></trkpt><trkpt lat="42.772860" lon="-7.468696"><ele>612.029</ele><time>2024-08-13T07:00:31.274Z</time></trkpt><trkpt lat="42.772902" lon="-7.468753"><ele>612.117</ele><time>2024-08-13T07:00:34.274Z</time></trkpt><trkpt lat="42.772955" lon="-7.468833"><ele>613.387</ele><time>2024-08-13T07:00:38.274Z</time></trkpt><trkpt lat="42.773002" lon="-7.468921"><ele>615.015</ele><time>2024-08-13T07:00:44.274Z</time></trkpt><trkpt lat="42.773060" lon="-7.468921"><ele>615.009</ele><time>2024-08-13T07:00:47.274Z</time></trkpt><trkpt lat="42.773075" lon="-7.468981"><ele>614.692</ele><time>2024-08-13T07:00:52.274Z</time></trkpt><trkpt lat="42.773105" lon="-7.469039"><ele>612.479</ele><time>2024-08-13T07:00:57.274Z</time></trkpt><trkpt lat="42.773128" lon="-7.469116"><ele>612.071</ele><time>2024-08-13T07:01:00.274Z</time></trkpt><trkpt lat="42.773171" lon="-7.469164"><ele>611.049</ele><time>2024-08-13T07:01:04.274Z</time></trkpt><trkpt lat="42.773199" lon="-7.469226"><ele>611.765</ele><time>2024-08-13T07:01:08.274Z</time></trkpt><trkpt lat="42.773237" lon="-7.469279"><ele>613.378</ele><time>2024-08-13T07:01:12.274Z</time></trkpt><trkpt lat="42.773282" lon="-7.469321"><ele>614.082</ele><time>2024-08-13T07:01:15.274Z</time></trkpt><trkpt lat="42.773317" lon="-7.469369"><ele>614.676</ele><time>2024-08-13T07:01:19.274Z</time></trkpt><trkpt lat="42.773322" lon="-7.469439"><ele>614.627</ele><time>2024-08-13T07:01:25.274Z</time></trkpt><trkpt lat="42.773359" lon="-7.469491"><ele>614.624</ele><time>2024-08-13T07:01:28.274Z</time></trkpt><trkpt lat="42.773387" lon="-7.469549"><ele>613.604</ele><time>2024-08-13T07:01:32.274Z</time></trkpt><trkpt lat="42.773400" lon="-7.469619"><ele>613.114</ele><time>2024-08-13T07:01:35.274Z</time></trkpt><trkpt lat="42.773433" lon="-7.469691"><ele>612.609</ele><time>2024-08-13T07:01:38.274Z</time></trkpt><trkpt lat="42.773476" lon="-7.469738"><ele>612.663</ele><time>2024-08-13T07:01:42.274Z</time></trkpt><trkpt lat="42.773486" lon="-7.469800"><ele>609.510</ele><time>2024-08-13T07:01:47.274Z</time></trkpt><trkpt lat="42.773708" lon="-7.470058"><ele>614.892</ele><time>2024-08-13T07:02:11.274Z</time></trkpt><trkpt lat="42.773641" lon="-7.470046"><ele>617.320</ele><time>2024-08-13T07:02:16.274Z</time></trkpt><trkpt lat="42.773596" lon="-7.470024"><ele>617.336</ele><time>2024-08-13T07:02:18.274Z</time></trkpt><trkpt lat="42.773831" lon="-7.470217"><ele>617.359</ele><time>2024-08-13T07:02:19.274Z</time></trkpt><trkpt lat="42.773873" lon="-7.470254"><ele>613.183</ele><time>2024-08-13T07:02:21.274Z</time></trkpt><trkpt lat="42.774055" lon="-7.470627"><ele>611.927</ele><time>2024-08-13T07:02:58.274Z</time></trkpt><trkpt lat="42.774092" lon="-7.470682"><ele>611.428</ele><time>2024-08-13T07:03:02.274Z</time></trkpt><trkpt lat="42.774107" lon="-7.470760"><ele>611.419</ele><time>2024-08-13T07:03:04.274Z</time></trkpt><trkpt lat="42.774142" lon="-7.470835"><ele>609.709</ele><time>2024-08-13T07:03:07.274Z</time></trkpt><trkpt lat="42.774180" lon="-7.470882"><ele>609.519</ele><time>2024-08-13T07:03:10.274Z</time></trkpt><trkpt lat="42.774215" lon="-7.470939"><ele>608.409</ele><time>2024-08-13T07:03:15.274Z</time></trkpt><trkpt lat="42.774232" lon="-7.471017"><ele>608.552</ele><time>2024-08-13T07:03:23.274Z</time></trkpt><trkpt lat="42.774294" lon="-7.471067"><ele>608.749</ele><time>2024-08-13T07:03:25.274Z</time></trkpt><trkpt lat="42.774346" lon="-7.471097"><ele>608.821</ele><time>2024-08-13T07:03:27.274Z</time></trkpt><trkpt lat="42.774404" lon="-7.471132"><ele>608.819</ele><time>2024-08-13T07:03:30.274Z</time></trkpt><trkpt lat="42.774451" lon="-7.471169"><ele>614.965</ele><time>2024-08-13T07:03:38.274Z</time></trkpt><trkpt lat="42.774651" lon="-7.471299"><ele>614.288</ele><time>2024-08-13T07:04:01.274Z</time></trkpt><trkpt lat="42.774754" lon="-7.471427"><ele>608.832</ele><time>2024-08-13T07:04:10.274Z</time></trkpt><trkpt lat="42.774787" lon="-7.471492"><ele>605.976</ele><time>2024-08-13T07:04:16.274Z</time></trkpt><trkpt lat="42.774819" lon="-7.471550"><ele>604.537</ele><time>2024-08-13T07:04:20.274Z</time></trkpt><trkpt lat="42.774844" lon="-7.471628"><ele>603.153</ele><time>2024-08-13T07:04:23.274Z</time></trkpt><trkpt lat="42.774877" lon="-7.471673"><ele>602.904</ele><time>2024-08-13T07:04:26.274Z</time></trkpt><trkpt lat="42.774904" lon="-7.471736"><ele>602.814</ele><time>2024-08-13T07:04:30.274Z</time></trkpt><trkpt lat="42.774944" lon="-7.471776"><ele>601.909</ele><time>2024-08-13T07:04:33.274Z</time></trkpt><trkpt lat="42.774961" lon="-7.471836"><ele>601.936</ele><time>2024-08-13T07:04:39.274Z</time></trkpt><trkpt lat="42.774988" lon="-7.471913"><ele>602.163</ele><time>2024-08-13T07:04:42.274Z</time></trkpt><trkpt lat="42.775021" lon="-7.471955"><ele>603.545</ele><time>2024-08-13T07:04:50.274Z</time></trkpt><trkpt lat="42.775003" lon="-7.472192"><ele>607.133</ele><time>2024-08-13T07:05:14.274Z</time></trkpt><trkpt lat="42.774866" lon="-7.472325"><ele>607.159</ele><time>2024-08-13T07:05:21.274Z</time></trkpt><trkpt lat="42.774759" lon="-7.472690"><ele>613.662</ele><time>2024-08-13T07:05:42.274Z</time></trkpt><trkpt lat="42.774736" lon="-7.472873"><ele>621.336</ele><time>2024-08-13T07:05:56.274Z</time></trkpt><trkpt lat="42.774718" lon="-7.472931"><ele>621.640</ele><time>2024-08-13T07:05:59.274Z</time></trkpt><trkpt lat="42.774705" lon="-7.472999"><ele>622.341</ele><time>2024-08-13T07:06:04.274Z</time></trkpt><trkpt lat="42.774682" lon="-7.473052"><ele>622.899</ele><time>2024-08-13T07:06:08.274Z</time></trkpt><trkpt lat="42.774685" lon="-7.473127"><ele>622.907</ele><time>2024-08-13T07:06:12.274Z</time></trkpt><trkpt lat="42.774673" lon="-7.473197"><ele>622.827</ele><time>2024-08-13T07:06:20.274Z</time></trkpt><trkpt lat="42.774651" lon="-7.473434"><ele>616.909</ele><time>2024-08-13T07:06:35.274Z</time></trkpt><trkpt lat="42.774614" lon="-7.473494"><ele>615.570</ele><time>2024-08-13T07:06:40.274Z</time></trkpt><trkpt lat="42.774612" lon="-7.473562"><ele>615.227</ele><time>2024-08-13T07:06:43.274Z</time></trkpt><trkpt lat="42.774607" lon="-7.473630"><ele>615.019</ele><time>2024-08-13T07:06:46.274Z</time></trkpt><trkpt lat="42.774587" lon="-7.473703"><ele>614.917</ele><time>2024-08-13T07:06:50.274Z</time></trkpt><trkpt lat="42.774574" lon="-7.473766"><ele>614.963</ele><time>2024-08-13T07:06:56.274Z</time></trkpt><trkpt lat="42.774556" lon="-7.473831"><ele>614.836</ele><time>2024-08-13T07:06:59.274Z</time></trkpt><trkpt lat="42.774533" lon="-7.473929"><ele>614.940</ele><time>2024-08-13T07:07:05.274Z</time></trkpt><trkpt lat="42.774510" lon="-7.474004"><ele>614.984</ele><time>2024-08-13T07:07:08.274Z</time></trkpt><trkpt lat="42.774467" lon="-7.474057"><ele>614.955</ele><time>2024-08-13T07:07:10.274Z</time></trkpt><trkpt lat="42.774434" lon="-7.474127"><ele>614.956</ele><time>2024-08-13T07:07:13.274Z</time></trkpt><trkpt lat="42.774381" lon="-7.474155"><ele>613.559</ele><time>2024-08-13T07:07:16.274Z</time></trkpt><trkpt lat="42.774401" lon="-7.474222"><ele>609.414</ele><time>2024-08-13T07:07:22.274Z</time></trkpt><trkpt lat="42.774383" lon="-7.474279"><ele>609.209</ele><time>2024-08-13T07:07:28.274Z</time></trkpt><trkpt lat="42.774205" lon="-7.474826"><ele>601.476</ele><time>2024-08-13T07:07:57.274Z</time></trkpt><trkpt lat="42.774163" lon="-7.474854"><ele>601.253</ele><time>2024-08-13T07:08:00.274Z</time></trkpt><trkpt lat="42.774168" lon="-7.474929"><ele>600.885</ele><time>2024-08-13T07:08:03.274Z</time></trkpt><trkpt lat="42.774156" lon="-7.475002"><ele>601.183</ele><time>2024-08-13T07:08:07.274Z</time></trkpt><trkpt lat="42.774118" lon="-7.475055"><ele>601.149</ele><time>2024-08-13T07:08:10.274Z</time></trkpt><trkpt lat="42.774148" lon="-7.475133"><ele>600.722</ele><time>2024-08-13T07:08:14.274Z</time></trkpt><trkpt lat="42.774126" lon="-7.475195"><ele>600.986</ele><time>2024-08-13T07:08:19.274Z</time></trkpt><trkpt lat="42.774094" lon="-7.475250"><ele>600.980</ele><time>2024-08-13T07:08:21.274Z</time></trkpt><trkpt lat="42.773997" lon="-7.475493"><ele>609.331</ele><time>2024-08-13T07:08:38.274Z</time></trkpt><trkpt lat="42.773962" lon="-7.475543"><ele>610.268</ele><time>2024-08-13T07:08:41.274Z</time></trkpt><trkpt lat="42.773994" lon="-7.475603"><ele>610.442</ele><time>2024-08-13T07:08:43.274Z</time></trkpt><trkpt lat="42.773967" lon="-7.475675"><ele>610.326</ele><time>2024-08-13T07:08:47.274Z</time></trkpt><trkpt lat="42.773920" lon="-7.475707"><ele>609.109</ele><time>2024-08-13T07:08:51.274Z</time></trkpt><trkpt lat="42.773953" lon="-7.475775"><ele>609.057</ele><time>2024-08-13T07:08:54.274Z</time></trkpt><trkpt lat="42.773896" lon="-7.475808"><ele>608.914</ele><time>2024-08-13T07:08:56.274Z</time></trkpt><trkpt lat="42.773858" lon="-7.475871"><ele>608.646</ele><time>2024-08-13T07:09:00.274Z</time></trkpt><trkpt lat="42.773550" lon="-7.476304"><ele>604.124</ele><time>2024-08-13T07:09:39.274Z</time></trkpt><trkpt lat="42.773525" lon="-7.476404"><ele>601.670</ele><time>2024-08-13T07:09:45.274Z</time></trkpt><trkpt lat="42.773340" lon="-7.476672"><ele>618.563</ele><time>2024-08-13T07:10:03.274Z</time></trkpt><trkpt lat="42.773325" lon="-7.476757"><ele>620.187</ele><time>2024-08-13T07:10:09.274Z</time></trkpt><trkpt lat="42.773268" lon="-7.476797"><ele>618.531</ele><time>2024-08-13T07:10:15.274Z</time></trkpt><trkpt lat="42.773206" lon="-7.477094"><ele>604.362</ele><time>2024-08-13T07:10:29.275Z</time></trkpt><trkpt lat="42.773136" lon="-7.477111"><ele>604.275</ele><time>2024-08-13T07:10:31.275Z</time></trkpt><trkpt lat="42.773149" lon="-7.477193"><ele>604.028</ele><time>2024-08-13T07:10:35.275Z</time></trkpt><trkpt lat="42.773169" lon="-7.477260"><ele>603.720</ele><time>2024-08-13T07:10:41.275Z</time></trkpt><trkpt lat="42.773166" lon="-7.477322"><ele>603.609</ele><time>2024-08-13T07:10:44.275Z</time></trkpt><trkpt lat="42.773131" lon="-7.477432"><ele>603.468</ele><time>2024-08-13T07:10:49.275Z</time></trkpt><trkpt lat="42.773113" lon="-7.477500"><ele>603.575</ele><time>2024-08-13T07:10:53.275Z</time></trkpt><trkpt lat="42.773103" lon="-7.477588"><ele>604.557</ele><time>2024-08-13T07:10:57.275Z</time></trkpt><trkpt lat="42.773100" lon="-7.477655"><ele>608.065</ele><time>2024-08-13T07:11:00.275Z</time></trkpt><trkpt lat="42.773192" lon="-7.477973"><ele>603.161</ele><time>2024-08-13T07:11:21.275Z</time></trkpt><trkpt lat="42.773179" lon="-7.478040"><ele>602.754</ele><time>2024-08-13T07:11:23.275Z</time></trkpt><trkpt lat="42.773144" lon="-7.478100"><ele>602.548</ele><time>2024-08-13T07:11:25.275Z</time></trkpt><trkpt lat="42.773156" lon="-7.478173"><ele>598.582</ele><time>2024-08-13T07:11:31.275Z</time></trkpt><trkpt lat="42.773103" lon="-7.478246"><ele>598.193</ele><time>2024-08-13T07:11:34.275Z</time></trkpt><trkpt lat="42.773048" lon="-7.478289"><ele>598.137</ele><time>2024-08-13T07:11:36.275Z</time></trkpt><trkpt lat="42.772998" lon="-7.478334"><ele>598.449</ele><time>2024-08-13T07:11:39.275Z</time></trkpt><trkpt lat="42.772960" lon="-7.478377"><ele>599.013</ele><time>2024-08-13T07:11:42.275Z</time></trkpt><trkpt lat="42.772970" lon="-7.478459"><ele>599.609</ele><time>2024-08-13T07:11:48.275Z</time></trkpt><trkpt lat="42.772917" lon="-7.478487"><ele>599.654</ele><time>2024-08-13T07:11:52.275Z</time></trkpt><trkpt lat="42.772872" lon="-7.478525"><ele>599.621</ele><time>2024-08-13T07:11:55.275Z</time></trkpt><trkpt lat="42.772810" lon="-7.478595"><ele>599.663</ele><time>2024-08-13T07:11:58.275Z</time></trkpt><trkpt lat="42.772775" lon="-7.478675"><ele>599.721</ele><time>2024-08-13T07:12:01.275Z</time></trkpt><trkpt lat="42.772747" lon="-7.478735"><ele>599.827</ele><time>2024-08-13T07:12:04.275Z</time></trkpt><trkpt lat="42.772784" lon="-7.478780"><ele>600.060</ele><time>2024-08-13T07:12:06.275Z</time></trkpt><trkpt lat="42.772762" lon="-7.478848"><ele>600.064</ele><time>2024-08-13T07:12:10.275Z</time></trkpt><trkpt lat="42.772719" lon="-7.478900"><ele>599.828</ele><time>2024-08-13T07:12:13.275Z</time></trkpt><trkpt lat="42.772751" lon="-7.478948"><ele>597.219</ele><time>2024-08-13T07:12:18.275Z</time></trkpt><trkpt lat="42.772783" lon="-7.479000"><ele>592.272</ele><time>2024-08-13T07:12:23.275Z</time></trkpt><trkpt lat="42.772685" lon="-7.479268"><ele>587.913</ele><time>2024-08-13T07:12:39.275Z</time></trkpt><trkpt lat="42.772687" lon="-7.479336"><ele>588.014</ele><time>2024-08-13T07:12:42.275Z</time></trkpt><trkpt lat="42.772679" lon="-7.479409"><ele>592.109</ele><time>2024-08-13T07:12:46.275Z</time></trkpt><trkpt lat="42.772677" lon="-7.479482"><ele>592.888</ele><time>2024-08-13T07:12:50.275Z</time></trkpt><trkpt lat="42.772669" lon="-7.479545"><ele>592.665</ele><time>2024-08-13T07:12:55.275Z</time></trkpt><trkpt lat="42.772644" lon="-7.479607"><ele>591.887</ele><time>2024-08-13T07:12:59.275Z</time></trkpt><trkpt lat="42.772604" lon="-7.479639"><ele>591.125</ele><time>2024-08-13T07:13:01.275Z</time></trkpt><trkpt lat="42.772577" lon="-7.479694"><ele>590.931</ele><time>2024-08-13T07:13:04.275Z</time></trkpt><trkpt lat="42.772527" lon="-7.479719"><ele>590.944</ele><time>2024-08-13T07:13:05.275Z</time></trkpt><trkpt lat="42.772549" lon="-7.479782"><ele>589.848</ele><time>2024-08-13T07:13:11.275Z</time></trkpt><trkpt lat="42.772592" lon="-7.479829"><ele>589.722</ele><time>2024-08-13T07:13:13.275Z</time></trkpt><trkpt lat="42.772635" lon="-7.479871"><ele>589.423</ele><time>2024-08-13T07:13:17.275Z</time></trkpt><trkpt lat="42.772688" lon="-7.479933"><ele>587.578</ele><time>2024-08-13T07:13:21.275Z</time></trkpt><trkpt lat="42.772733" lon="-7.479923"><ele>586.933</ele><time>2024-08-13T07:13:24.275Z</time></trkpt><trkpt lat="42.772766" lon="-7.479976"><ele>586.226</ele><time>2024-08-13T07:13:30.275Z</time></trkpt><trkpt lat="42.772808" lon="-7.480019"><ele>585.609</ele><time>2024-08-13T07:13:36.275Z</time></trkpt><trkpt lat="42.772860" lon="-7.480039"><ele>585.148</ele><time>2024-08-13T07:13:39.275Z</time></trkpt><trkpt lat="42.772907" lon="-7.480022"><ele>585.085</ele><time>2024-08-13T07:13:43.275Z</time></trkpt><trkpt lat="42.772937" lon="-7.479975"><ele>584.237</ele><time>2024-08-13T07:13:49.275Z</time></trkpt><trkpt lat="42.772984" lon="-7.479957"><ele>584.275</ele><time>2024-08-13T07:13:53.275Z</time></trkpt><trkpt lat="42.773031" lon="-7.479929"><ele>582.321</ele><time>2024-08-13T07:14:02.275Z</time></trkpt><trkpt lat="42.773946" lon="-7.479956"><ele>579.174</ele><time>2024-08-13T07:15:32.275Z</time></trkpt><trkpt lat="42.773993" lon="-7.479974"><ele>580.488</ele><time>2024-08-13T07:15:34.275Z</time></trkpt><trkpt lat="42.774040" lon="-7.479982"><ele>583.552</ele><time>2024-08-13T07:15:36.275Z</time></trkpt><trkpt lat="42.774165" lon="-7.480050"><ele>592.133</ele><time>2024-08-13T07:15:46.275Z</time></trkpt><trkpt lat="42.774392" lon="-7.480117"><ele>587.533</ele><time>2024-08-13T07:16:04.275Z</time></trkpt><trkpt lat="42.774449" lon="-7.480157"><ele>587.623</ele><time>2024-08-13T07:16:07.275Z</time></trkpt><trkpt lat="42.774407" lon="-7.480124"><ele>588.315</ele><time>2024-08-13T07:16:09.275Z</time></trkpt><trkpt lat="42.774705" lon="-7.480284"><ele>592.709</ele><time>2024-08-13T07:16:36.275Z</time></trkpt><trkpt lat="42.775110" lon="-7.480749"><ele>586.424</ele><time>2024-08-13T07:17:18.275Z</time></trkpt><trkpt lat="42.775160" lon="-7.480764"><ele>590.271</ele><time>2024-08-13T07:17:22.275Z</time></trkpt><trkpt lat="42.775215" lon="-7.480777"><ele>594.063</ele><time>2024-08-13T07:17:27.275Z</time></trkpt><trkpt lat="42.775262" lon="-7.480769"><ele>595.881</ele><time>2024-08-13T07:17:31.275Z</time></trkpt><trkpt lat="42.775312" lon="-7.480736"><ele>597.337</ele><time>2024-08-13T07:17:34.275Z</time></trkpt><trkpt lat="42.775372" lon="-7.480739"><ele>598.090</ele><time>2024-08-13T07:17:42.275Z</time></trkpt><trkpt lat="42.775425" lon="-7.480762"><ele>598.094</ele><time>2024-08-13T07:17:47.275Z</time></trkpt><trkpt lat="42.775470" lon="-7.480774"><ele>598.028</ele><time>2024-08-13T07:17:48.275Z</time></trkpt><trkpt lat="42.775527" lon="-7.480806"><ele>596.519</ele><time>2024-08-13T07:17:50.275Z</time></trkpt><trkpt lat="42.775797" lon="-7.480934"><ele>595.812</ele><time>2024-08-13T07:18:15.275Z</time></trkpt><trkpt lat="42.775884" lon="-7.480919"><ele>596.832</ele><time>2024-08-13T07:18:24.275Z</time></trkpt><trkpt lat="42.775929" lon="-7.480921"><ele>597.305</ele><time>2024-08-13T07:18:26.275Z</time></trkpt><trkpt lat="42.775971" lon="-7.480946"><ele>598.109</ele><time>2024-08-13T07:18:29.275Z</time></trkpt><trkpt lat="42.775996" lon="-7.481003"><ele>598.542</ele><time>2024-08-13T07:18:33.275Z</time></trkpt><trkpt lat="42.776039" lon="-7.481046"><ele>601.489</ele><time>2024-08-13T07:18:37.275Z</time></trkpt><trkpt lat="42.776089" lon="-7.481083"><ele>601.591</ele><time>2024-08-13T07:18:41.275Z</time></trkpt><trkpt lat="42.776141" lon="-7.481095"><ele>601.459</ele><time>2024-08-13T07:18:47.275Z</time></trkpt><trkpt lat="42.776186" lon="-7.481097"><ele>601.445</ele><time>2024-08-13T07:18:50.275Z</time></trkpt><trkpt lat="42.776249" lon="-7.481115"><ele>600.298</ele><time>2024-08-13T07:18:54.275Z</time></trkpt><trkpt lat="42.776301" lon="-7.481142"><ele>599.272</ele><time>2024-08-13T07:18:57.275Z</time></trkpt><trkpt lat="42.776349" lon="-7.481180"><ele>599.046</ele><time>2024-08-13T07:19:03.275Z</time></trkpt><trkpt lat="42.776406" lon="-7.481183"><ele>598.637</ele><time>2024-08-13T07:19:08.275Z</time></trkpt><trkpt lat="42.776451" lon="-7.481218"><ele>598.141</ele><time>2024-08-13T07:19:11.275Z</time></trkpt><trkpt lat="42.776491" lon="-7.481248"><ele>597.381</ele><time>2024-08-13T07:19:14.275Z</time></trkpt><trkpt lat="42.776538" lon="-7.481270"><ele>597.309</ele><time>2024-08-13T07:19:17.275Z</time></trkpt><trkpt lat="42.776593" lon="-7.481292"><ele>597.209</ele><time>2024-08-13T07:19:21.275Z</time></trkpt><trkpt lat="42.776636" lon="-7.481334"><ele>597.535</ele><time>2024-08-13T07:19:25.275Z</time></trkpt><trkpt lat="42.776683" lon="-7.481356"><ele>598.262</ele><time>2024-08-13T07:19:28.275Z</time></trkpt><trkpt lat="42.776736" lon="-7.481369"><ele>598.144</ele><time>2024-08-13T07:19:34.275Z</time></trkpt><trkpt lat="42.776783" lon="-7.481399"><ele>598.162</ele><time>2024-08-13T07:19:39.275Z</time></trkpt><trkpt lat="42.776835" lon="-7.481426"><ele>596.978</ele><time>2024-08-13T07:19:43.275Z</time></trkpt><trkpt lat="42.776887" lon="-7.481448"><ele>596.281</ele><time>2024-08-13T07:19:50.275Z</time></trkpt><trkpt lat="42.776935" lon="-7.481505"><ele>596.145</ele><time>2024-08-13T07:19:53.275Z</time></trkpt><trkpt lat="42.776955" lon="-7.481562"><ele>596.129</ele><time>2024-08-13T07:19:55.275Z</time></trkpt><trkpt lat="42.777003" lon="-7.481594"><ele>596.170</ele><time>2024-08-13T07:19:59.275Z</time></trkpt><trkpt lat="42.777053" lon="-7.481641"><ele>597.367</ele><time>2024-08-13T07:20:04.275Z</time></trkpt><trkpt lat="42.777100" lon="-7.481658"><ele>598.981</ele><time>2024-08-13T07:20:07.275Z</time></trkpt><trkpt lat="42.777157" lon="-7.481660"><ele>599.719</ele><time>2024-08-13T07:20:12.275Z</time></trkpt><trkpt lat="42.777207" lon="-7.481665"><ele>599.709</ele><time>2024-08-13T07:20:15.275Z</time></trkpt><trkpt lat="42.777255" lon="-7.481678"><ele>599.987</ele><time>2024-08-13T07:20:20.275Z</time></trkpt><trkpt lat="42.777303" lon="-7.481683"><ele>600.864</ele><time>2024-08-13T07:20:24.275Z</time></trkpt><trkpt lat="42.777360" lon="-7.481681"><ele>600.556</ele><time>2024-08-13T07:20:28.275Z</time></trkpt><trkpt lat="42.777408" lon="-7.481693"><ele>600.824</ele><time>2024-08-13T07:20:30.275Z</time></trkpt><trkpt lat="42.777455" lon="-7.481716"><ele>600.040</ele><time>2024-08-13T07:20:35.275Z</time></trkpt><trkpt lat="42.777510" lon="-7.481733"><ele>599.613</ele><time>2024-08-13T07:20:39.275Z</time></trkpt><trkpt lat="42.777558" lon="-7.481771"><ele>599.547</ele><time>2024-08-13T07:20:42.275Z</time></trkpt><trkpt lat="42.777605" lon="-7.481779"><ele>599.411</ele><time>2024-08-13T07:20:45.275Z</time></trkpt><trkpt lat="42.777657" lon="-7.481806"><ele>599.432</ele><time>2024-08-13T07:20:50.275Z</time></trkpt><trkpt lat="42.777707" lon="-7.481846"><ele>599.646</ele><time>2024-08-13T07:20:59.275Z</time></trkpt><trkpt lat="42.777757" lon="-7.481869"><ele>600.188</ele><time>2024-08-13T07:21:02.275Z</time></trkpt><trkpt lat="42.777799" lon="-7.481892"><ele>602.516</ele><time>2024-08-13T07:21:05.275Z</time></trkpt><trkpt lat="42.777866" lon="-7.481900"><ele>603.309</ele><time>2024-08-13T07:21:08.275Z</time></trkpt><trkpt lat="42.777921" lon="-7.481923"><ele>605.675</ele><time>2024-08-13T07:21:11.275Z</time></trkpt><trkpt lat="42.777964" lon="-7.481958"><ele>606.842</ele><time>2024-08-13T07:21:15.275Z</time></trkpt><trkpt lat="42.778021" lon="-7.481940"><ele>606.964</ele><time>2024-08-13T07:21:19.275Z</time></trkpt><trkpt lat="42.778059" lon="-7.481907"><ele>607.512</ele><time>2024-08-13T07:21:21.275Z</time></trkpt><trkpt lat="42.778111" lon="-7.481890"><ele>607.678</ele><time>2024-08-13T07:21:24.275Z</time></trkpt><trkpt lat="42.778118" lon="-7.481952"><ele>607.681</ele><time>2024-08-13T07:21:28.275Z</time></trkpt><trkpt lat="42.778156" lon="-7.481990"><ele>607.645</ele><time>2024-08-13T07:21:31.275Z</time></trkpt><trkpt lat="42.778204" lon="-7.482020"><ele>605.539</ele><time>2024-08-13T07:21:36.275Z</time></trkpt><trkpt lat="42.778256" lon="-7.482047"><ele>605.110</ele><time>2024-08-13T07:21:40.275Z</time></trkpt><trkpt lat="42.778303" lon="-7.482070"><ele>604.719</ele><time>2024-08-13T07:21:44.275Z</time></trkpt><trkpt lat="42.778333" lon="-7.482132"><ele>602.909</ele><time>2024-08-13T07:21:48.275Z</time></trkpt><trkpt lat="42.778375" lon="-7.482165"><ele>602.619</ele><time>2024-08-13T07:21:51.275Z</time></trkpt><trkpt lat="42.778433" lon="-7.482190"><ele>602.309</ele><time>2024-08-13T07:21:54.275Z</time></trkpt><trkpt lat="42.778463" lon="-7.482238"><ele>602.332</ele><time>2024-08-13T07:21:57.275Z</time></trkpt><trkpt lat="42.778510" lon="-7.482266"><ele>602.329</ele><time>2024-08-13T07:22:02.275Z</time></trkpt><trkpt lat="42.778543" lon="-7.482308"><ele>603.751</ele><time>2024-08-13T07:22:06.275Z</time></trkpt><trkpt lat="42.778590" lon="-7.482346"><ele>603.849</ele><time>2024-08-13T07:22:10.275Z</time></trkpt><trkpt lat="42.778620" lon="-7.482408"><ele>604.025</ele><time>2024-08-13T07:22:14.275Z</time></trkpt><trkpt lat="42.778667" lon="-7.482415"><ele>604.138</ele><time>2024-08-13T07:22:17.276Z</time></trkpt><trkpt lat="42.778719" lon="-7.482410"><ele>604.192</ele><time>2024-08-13T07:22:20.276Z</time></trkpt><trkpt lat="42.778761" lon="-7.482445"><ele>604.676</ele><time>2024-08-13T07:22:24.276Z</time></trkpt><trkpt lat="42.778798" lon="-7.482493"><ele>606.777</ele><time>2024-08-13T07:22:32.276Z</time></trkpt><trkpt lat="42.778990" lon="-7.482540"><ele>608.964</ele><time>2024-08-13T07:22:47.276Z</time></trkpt><trkpt lat="42.779032" lon="-7.482583"><ele>607.706</ele><time>2024-08-13T07:22:52.276Z</time></trkpt><trkpt lat="42.779072" lon="-7.482618"><ele>605.316</ele><time>2024-08-13T07:22:56.276Z</time></trkpt><trkpt lat="42.779119" lon="-7.482655"><ele>605.209</ele><time>2024-08-13T07:22:59.276Z</time></trkpt><trkpt lat="42.779126" lon="-7.482720"><ele>605.367</ele><time>2024-08-13T07:23:03.276Z</time></trkpt><trkpt lat="42.779181" lon="-7.482725"><ele>605.544</ele><time>2024-08-13T07:23:06.276Z</time></trkpt><trkpt lat="42.779236" lon="-7.482727"><ele>607.466</ele><time>2024-08-13T07:23:11.276Z</time></trkpt><trkpt lat="42.779278" lon="-7.482764"><ele>608.994</ele><time>2024-08-13T07:23:15.276Z</time></trkpt><trkpt lat="42.779328" lon="-7.482784"><ele>608.730</ele><time>2024-08-13T07:23:18.276Z</time></trkpt><trkpt lat="42.779380" lon="-7.482759"><ele>608.743</ele><time>2024-08-13T07:23:21.276Z</time></trkpt><trkpt lat="42.779432" lon="-7.482721"><ele>607.997</ele><time>2024-08-13T07:23:24.276Z</time></trkpt><trkpt lat="42.779564" lon="-7.482931"><ele>613.271</ele><time>2024-08-13T07:23:38.276Z</time></trkpt><trkpt lat="42.779609" lon="-7.482929"><ele>614.272</ele><time>2024-08-13T07:23:41.276Z</time></trkpt><trkpt lat="42.779706" lon="-7.482977"><ele>614.914</ele><time>2024-08-13T07:23:43.276Z</time></trkpt><trkpt lat="42.779704" lon="-7.483044"><ele>616.654</ele><time>2024-08-13T07:23:48.276Z</time></trkpt><trkpt lat="42.779752" lon="-7.483031"><ele>616.809</ele><time>2024-08-13T07:23:50.276Z</time></trkpt><trkpt lat="42.779789" lon="-7.483078"><ele>618.209</ele><time>2024-08-13T07:23:55.276Z</time></trkpt><trkpt lat="42.779841" lon="-7.483045"><ele>621.112</ele><time>2024-08-13T07:24:00.276Z</time></trkpt><trkpt lat="42.779958" lon="-7.483172"><ele>621.569</ele><time>2024-08-13T07:24:14.276Z</time></trkpt><trkpt lat="42.780006" lon="-7.483194"><ele>621.621</ele><time>2024-08-13T07:24:16.276Z</time></trkpt><trkpt lat="42.780051" lon="-7.483191"><ele>620.989</ele><time>2024-08-13T07:24:20.276Z</time></trkpt><trkpt lat="42.780098" lon="-7.483206"><ele>619.845</ele><time>2024-08-13T07:24:24.276Z</time></trkpt><trkpt lat="42.780150" lon="-7.483236"><ele>619.888</ele><time>2024-08-13T07:24:27.276Z</time></trkpt><trkpt lat="42.780208" lon="-7.483206"><ele>620.672</ele><time>2024-08-13T07:24:35.276Z</time></trkpt><trkpt lat="42.780256" lon="-7.483269"><ele>620.496</ele><time>2024-08-13T07:24:43.276Z</time></trkpt><trkpt lat="42.780303" lon="-7.483284"><ele>620.467</ele><time>2024-08-13T07:24:46.276Z</time></trkpt><trkpt lat="42.780378" lon="-7.483301"><ele>620.348</ele><time>2024-08-13T07:24:50.276Z</time></trkpt><trkpt lat="42.780450" lon="-7.483323"><ele>611.861</ele><time>2024-08-13T07:24:53.276Z</time></trkpt><trkpt lat="42.780488" lon="-7.483375"><ele>611.317</ele><time>2024-08-13T07:24:56.276Z</time></trkpt><trkpt lat="42.780543" lon="-7.483423"><ele>610.309</ele><time>2024-08-13T07:25:01.276Z</time></trkpt><trkpt lat="42.780591" lon="-7.483433"><ele>608.225</ele><time>2024-08-13T07:25:04.276Z</time></trkpt><trkpt lat="42.780636" lon="-7.483436"><ele>608.392</ele><time>2024-08-13T07:25:07.276Z</time></trkpt><trkpt lat="42.780683" lon="-7.483429"><ele>608.354</ele><time>2024-08-13T07:25:10.276Z</time></trkpt><trkpt lat="42.780733" lon="-7.483462"><ele>609.952</ele><time>2024-08-13T07:25:15.276Z</time></trkpt><trkpt lat="42.780780" lon="-7.483490"><ele>613.548</ele><time>2024-08-13T07:25:17.276Z</time></trkpt><trkpt lat="42.780833" lon="-7.483513"><ele>616.631</ele><time>2024-08-13T07:25:19.276Z</time></trkpt><trkpt lat="42.780848" lon="-7.483608"><ele>619.245</ele><time>2024-08-13T07:25:25.276Z</time></trkpt><trkpt lat="42.780815" lon="-7.483680"><ele>626.499</ele><time>2024-08-13T07:25:32.276Z</time></trkpt><trkpt lat="42.780867" lon="-7.483688"><ele>627.650</ele><time>2024-08-13T07:25:35.276Z</time></trkpt><trkpt lat="42.780895" lon="-7.483738"><ele>627.772</ele><time>2024-08-13T07:25:39.276Z</time></trkpt><trkpt lat="42.781123" lon="-7.484113"><ele>622.813</ele><time>2024-08-13T07:26:07.276Z</time></trkpt><trkpt lat="42.781121" lon="-7.484183"><ele>621.514</ele><time>2024-08-13T07:26:10.276Z</time></trkpt><trkpt lat="42.781139" lon="-7.484243"><ele>619.409</ele><time>2024-08-13T07:26:13.276Z</time></trkpt><trkpt lat="42.781152" lon="-7.484325"><ele>617.338</ele><time>2024-08-13T07:26:17.276Z</time></trkpt><trkpt lat="42.781154" lon="-7.484400"><ele>617.015</ele><time>2024-08-13T07:26:20.276Z</time></trkpt><trkpt lat="42.781156" lon="-7.484465"><ele>616.717</ele><time>2024-08-13T07:26:24.276Z</time></trkpt><trkpt lat="42.781148" lon="-7.484528"><ele>616.385</ele><time>2024-08-13T07:26:28.276Z</time></trkpt><trkpt lat="42.781138" lon="-7.484596"><ele>616.241</ele><time>2024-08-13T07:26:31.276Z</time></trkpt><trkpt lat="42.781171" lon="-7.484676"><ele>616.624</ele><time>2024-08-13T07:26:38.276Z</time></trkpt><trkpt lat="42.781163" lon="-7.484749"><ele>616.398</ele><time>2024-08-13T07:26:44.276Z</time></trkpt><trkpt lat="42.781168" lon="-7.484821"><ele>616.692</ele><time>2024-08-13T07:26:49.276Z</time></trkpt><trkpt lat="42.781136" lon="-7.484994"><ele>617.213</ele><time>2024-08-13T07:27:01.276Z</time></trkpt><trkpt lat="42.781123" lon="-7.485064"><ele>617.653</ele><time>2024-08-13T07:27:05.276Z</time></trkpt><trkpt lat="42.781121" lon="-7.485126"><ele>618.004</ele><time>2024-08-13T07:27:08.276Z</time></trkpt><trkpt lat="42.781094" lon="-7.485204"><ele>618.414</ele><time>2024-08-13T07:27:11.276Z</time></trkpt><trkpt lat="42.781091" lon="-7.485277"><ele>618.609</ele><time>2024-08-13T07:27:15.276Z</time></trkpt><trkpt lat="42.781099" lon="-7.485349"><ele>618.626</ele><time>2024-08-13T07:27:20.276Z</time></trkpt><trkpt lat="42.781076" lon="-7.485421"><ele>618.523</ele><time>2024-08-13T07:27:23.276Z</time></trkpt><trkpt lat="42.781059" lon="-7.485489"><ele>618.145</ele><time>2024-08-13T07:27:26.276Z</time></trkpt><trkpt lat="42.781044" lon="-7.485551"><ele>618.113</ele><time>2024-08-13T07:27:29.276Z</time></trkpt><trkpt lat="42.781031" lon="-7.485611"><ele>617.949</ele><time>2024-08-13T07:27:33.276Z</time></trkpt><trkpt lat="42.781024" lon="-7.485679"><ele>617.912</ele><time>2024-08-13T07:27:38.276Z</time></trkpt><trkpt lat="42.781014" lon="-7.485746"><ele>618.226</ele><time>2024-08-13T07:27:41.276Z</time></trkpt><trkpt lat="42.780996" lon="-7.485834"><ele>618.170</ele><time>2024-08-13T07:27:46.276Z</time></trkpt><trkpt lat="42.780978" lon="-7.485901"><ele>617.851</ele><time>2024-08-13T07:27:49.276Z</time></trkpt><trkpt lat="42.780973" lon="-7.485969"><ele>617.587</ele><time>2024-08-13T07:27:52.276Z</time></trkpt><trkpt lat="42.780981" lon="-7.486032"><ele>617.042</ele><time>2024-08-13T07:27:56.276Z</time></trkpt><trkpt lat="42.780966" lon="-7.486104"><ele>617.026</ele><time>2024-08-13T07:28:00.276Z</time></trkpt><trkpt lat="42.780951" lon="-7.486179"><ele>617.009</ele><time>2024-08-13T07:28:04.276Z</time></trkpt><trkpt lat="42.780946" lon="-7.486251"><ele>618.199</ele><time>2024-08-13T07:28:07.276Z</time></trkpt><trkpt lat="42.780929" lon="-7.486349"><ele>619.046</ele><time>2024-08-13T07:28:12.276Z</time></trkpt><trkpt lat="42.780924" lon="-7.486412"><ele>620.268</ele><time>2024-08-13T07:28:15.276Z</time></trkpt><trkpt lat="42.780932" lon="-7.486477"><ele>620.946</ele><time>2024-08-13T07:28:19.276Z</time></trkpt><trkpt lat="42.780930" lon="-7.486549"><ele>620.962</ele><time>2024-08-13T07:28:23.276Z</time></trkpt><trkpt lat="42.780933" lon="-7.486619"><ele>620.895</ele><time>2024-08-13T07:28:28.276Z</time></trkpt><trkpt lat="42.780936" lon="-7.486681"><ele>620.449</ele><time>2024-08-13T07:28:31.276Z</time></trkpt><trkpt lat="42.780964" lon="-7.486746"><ele>620.423</ele><time>2024-08-13T07:28:35.276Z</time></trkpt><trkpt lat="42.780977" lon="-7.486818"><ele>620.424</ele><time>2024-08-13T07:28:39.276Z</time></trkpt><trkpt lat="42.781012" lon="-7.486873"><ele>620.924</ele><time>2024-08-13T07:28:42.276Z</time></trkpt><trkpt lat="42.781002" lon="-7.486950"><ele>623.104</ele><time>2024-08-13T07:28:46.276Z</time></trkpt><trkpt lat="42.780990" lon="-7.487020"><ele>623.514</ele><time>2024-08-13T07:28:50.276Z</time></trkpt><trkpt lat="42.780980" lon="-7.487087"><ele>623.509</ele><time>2024-08-13T07:28:53.276Z</time></trkpt><trkpt lat="42.780978" lon="-7.487172"><ele>623.533</ele><time>2024-08-13T07:28:56.276Z</time></trkpt><trkpt lat="42.781005" lon="-7.487222"><ele>623.520</ele><time>2024-08-13T07:28:59.276Z</time></trkpt><trkpt lat="42.781035" lon="-7.487269"><ele>623.512</ele><time>2024-08-13T07:29:02.276Z</time></trkpt><trkpt lat="42.781023" lon="-7.487339"><ele>623.530</ele><time>2024-08-13T07:29:06.276Z</time></trkpt><trkpt lat="42.780993" lon="-7.487421"><ele>625.126</ele><time>2024-08-13T07:29:10.276Z</time></trkpt><trkpt lat="42.780975" lon="-7.487493"><ele>625.729</ele><time>2024-08-13T07:29:14.276Z</time></trkpt><trkpt lat="42.780985" lon="-7.487553"><ele>625.613</ele><time>2024-08-13T07:29:18.276Z</time></trkpt><trkpt lat="42.780992" lon="-7.487631"><ele>625.717</ele><time>2024-08-13T07:29:22.276Z</time></trkpt><trkpt lat="42.780997" lon="-7.487706"><ele>625.638</ele><time>2024-08-13T07:29:26.276Z</time></trkpt><trkpt lat="42.781012" lon="-7.487771"><ele>625.595</ele><time>2024-08-13T07:29:30.276Z</time></trkpt><trkpt lat="42.781040" lon="-7.487833"><ele>625.049</ele><time>2024-08-13T07:29:34.276Z</time></trkpt><trkpt lat="42.781060" lon="-7.487903"><ele>624.823</ele><time>2024-08-13T07:29:38.276Z</time></trkpt><trkpt lat="42.781073" lon="-7.487975"><ele>624.609</ele><time>2024-08-13T07:29:42.276Z</time></trkpt><trkpt lat="42.781078" lon="-7.488047"><ele>624.420</ele><time>2024-08-13T07:29:46.276Z</time></trkpt><trkpt lat="42.781080" lon="-7.488114"><ele>624.327</ele><time>2024-08-13T07:29:49.276Z</time></trkpt><trkpt lat="42.781077" lon="-7.488179"><ele>623.679</ele><time>2024-08-13T07:29:52.276Z</time></trkpt><trkpt lat="42.781082" lon="-7.488246"><ele>622.417</ele><time>2024-08-13T07:29:56.276Z</time></trkpt><trkpt lat="42.781100" lon="-7.488319"><ele>621.933</ele><time>2024-08-13T07:30:00.276Z</time></trkpt><trkpt lat="42.781103" lon="-7.488381"><ele>621.766</ele><time>2024-08-13T07:30:05.276Z</time></trkpt><trkpt lat="42.781113" lon="-7.488459"><ele>621.370</ele><time>2024-08-13T07:30:10.276Z</time></trkpt><trkpt lat="42.781115" lon="-7.488529"><ele>621.254</ele><time>2024-08-13T07:30:13.276Z</time></trkpt><trkpt lat="42.781118" lon="-7.488596"><ele>620.595</ele><time>2024-08-13T07:30:17.276Z</time></trkpt><trkpt lat="42.781118" lon="-7.488659"><ele>620.231</ele><time>2024-08-13T07:30:21.276Z</time></trkpt><trkpt lat="42.781106" lon="-7.488736"><ele>619.361</ele><time>2024-08-13T07:30:25.276Z</time></trkpt><trkpt lat="42.781093" lon="-7.488811"><ele>619.207</ele><time>2024-08-13T07:30:29.276Z</time></trkpt><trkpt lat="42.781103" lon="-7.488871"><ele>619.209</ele><time>2024-08-13T07:30:33.276Z</time></trkpt><trkpt lat="42.781095" lon="-7.488941"><ele>619.684</ele><time>2024-08-13T07:30:37.276Z</time></trkpt><trkpt lat="42.781095" lon="-7.489014"><ele>619.821</ele><time>2024-08-13T07:30:41.276Z</time></trkpt><trkpt lat="42.781078" lon="-7.489092"><ele>619.943</ele><time>2024-08-13T07:30:45.276Z</time></trkpt><trkpt lat="42.781078" lon="-7.489154"><ele>620.171</ele><time>2024-08-13T07:30:49.276Z</time></trkpt><trkpt lat="42.781076" lon="-7.489219"><ele>620.147</ele><time>2024-08-13T07:30:53.276Z</time></trkpt><trkpt lat="42.781083" lon="-7.489294"><ele>620.170</ele><time>2024-08-13T07:30:57.276Z</time></trkpt><trkpt lat="42.781100" lon="-7.489352"><ele>620.964</ele><time>2024-08-13T07:31:00.276Z</time></trkpt><trkpt lat="42.781095" lon="-7.489427"><ele>621.038</ele><time>2024-08-13T07:31:04.276Z</time></trkpt><trkpt lat="42.781078" lon="-7.489489"><ele>621.079</ele><time>2024-08-13T07:31:08.276Z</time></trkpt><trkpt lat="42.781085" lon="-7.489551"><ele>620.631</ele><time>2024-08-13T07:31:13.276Z</time></trkpt><trkpt lat="42.781080" lon="-7.489619"><ele>620.361</ele><time>2024-08-13T07:31:16.276Z</time></trkpt><trkpt lat="42.781052" lon="-7.489684"><ele>620.307</ele><time>2024-08-13T07:31:19.276Z</time></trkpt><trkpt lat="42.781032" lon="-7.489744"><ele>620.309</ele><time>2024-08-13T07:31:22.276Z</time></trkpt><trkpt lat="42.781022" lon="-7.489809"><ele>620.594</ele><time>2024-08-13T07:31:26.276Z</time></trkpt><trkpt lat="42.781029" lon="-7.489879"><ele>621.141</ele><time>2024-08-13T07:31:30.276Z</time></trkpt><trkpt lat="42.781047" lon="-7.489936"><ele>621.033</ele><time>2024-08-13T07:31:34.276Z</time></trkpt><trkpt lat="42.781049" lon="-7.490004"><ele>619.931</ele><time>2024-08-13T07:31:40.276Z</time></trkpt><trkpt lat="42.781001" lon="-7.490011"><ele>618.537</ele><time>2024-08-13T07:32:02.276Z</time></trkpt><trkpt lat="42.780956" lon="-7.490001"><ele>620.160</ele><time>2024-08-13T07:33:50.276Z</time></trkpt><trkpt lat="42.781001" lon="-7.490173"><ele>620.194</ele><time>2024-08-13T07:34:00.276Z</time></trkpt><trkpt lat="42.781001" lon="-7.490243"><ele>623.238</ele><time>2024-08-13T07:34:04.276Z</time></trkpt><trkpt lat="42.781028" lon="-7.490308"><ele>622.629</ele><time>2024-08-13T07:34:09.276Z</time></trkpt><trkpt lat="42.781033" lon="-7.490385"><ele>622.523</ele><time>2024-08-13T07:34:13.276Z</time></trkpt><trkpt lat="42.781041" lon="-7.490458"><ele>622.383</ele><time>2024-08-13T07:34:17.276Z</time></trkpt><trkpt lat="42.781046" lon="-7.490540"><ele>622.411</ele><time>2024-08-13T07:34:21.276Z</time></trkpt><trkpt lat="42.781044" lon="-7.490613"><ele>622.409</ele><time>2024-08-13T07:34:24.276Z</time></trkpt><trkpt lat="42.781026" lon="-7.490678"><ele>622.133</ele><time>2024-08-13T07:34:27.276Z</time></trkpt><trkpt lat="42.781016" lon="-7.490755"><ele>621.980</ele><time>2024-08-13T07:34:31.276Z</time></trkpt><trkpt lat="42.781004" lon="-7.490823"><ele>621.752</ele><time>2024-08-13T07:34:35.276Z</time></trkpt><trkpt lat="42.781001" lon="-7.490898"><ele>621.760</ele><time>2024-08-13T07:34:39.276Z</time></trkpt><trkpt lat="42.781006" lon="-7.490960"><ele>621.886</ele><time>2024-08-13T07:34:43.276Z</time></trkpt><trkpt lat="42.780998" lon="-7.491022"><ele>622.269</ele><time>2024-08-13T07:34:47.276Z</time></trkpt><trkpt lat="42.780986" lon="-7.491092"><ele>622.283</ele><time>2024-08-13T07:34:51.276Z</time></trkpt><trkpt lat="42.780973" lon="-7.491159"><ele>622.297</ele><time>2024-08-13T07:34:55.276Z</time></trkpt><trkpt lat="42.780968" lon="-7.491237"><ele>622.018</ele><time>2024-08-13T07:34:59.276Z</time></trkpt><trkpt lat="42.780988" lon="-7.491300"><ele>621.581</ele><time>2024-08-13T07:35:02.276Z</time></trkpt><trkpt lat="42.780993" lon="-7.491375"><ele>621.261</ele><time>2024-08-13T07:35:05.276Z</time></trkpt><trkpt lat="42.780986" lon="-7.491440"><ele>621.017</ele><time>2024-08-13T07:35:08.276Z</time></trkpt><trkpt lat="42.780963" lon="-7.491503"><ele>619.709</ele><time>2024-08-13T07:35:12.276Z</time></trkpt><trkpt lat="42.780938" lon="-7.491568"><ele>619.439</ele><time>2024-08-13T07:35:16.276Z</time></trkpt><trkpt lat="42.780920" lon="-7.491628"><ele>619.486</ele><time>2024-08-13T07:35:20.276Z</time></trkpt><trkpt lat="42.780897" lon="-7.491708"><ele>619.198</ele><time>2024-08-13T07:35:24.276Z</time></trkpt><trkpt lat="42.780875" lon="-7.491776"><ele>619.186</ele><time>2024-08-13T07:35:28.276Z</time></trkpt><trkpt lat="42.780862" lon="-7.491839"><ele>619.252</ele><time>2024-08-13T07:35:32.276Z</time></trkpt><trkpt lat="42.780852" lon="-7.491899"><ele>619.285</ele><time>2024-08-13T07:35:36.276Z</time></trkpt><trkpt lat="42.780829" lon="-7.491952"><ele>619.859</ele><time>2024-08-13T07:35:41.276Z</time></trkpt><trkpt lat="42.780816" lon="-7.492012"><ele>620.423</ele><time>2024-08-13T07:35:44.276Z</time></trkpt><trkpt lat="42.780799" lon="-7.492070"><ele>621.374</ele><time>2024-08-13T07:35:47.276Z</time></trkpt><trkpt lat="42.780782" lon="-7.492128"><ele>622.817</ele><time>2024-08-13T07:35:50.277Z</time></trkpt><trkpt lat="42.780752" lon="-7.492190"><ele>623.587</ele><time>2024-08-13T07:35:54.277Z</time></trkpt><trkpt lat="42.780740" lon="-7.492250"><ele>623.615</ele><time>2024-08-13T07:35:57.277Z</time></trkpt><trkpt lat="42.780728" lon="-7.492323"><ele>623.809</ele><time>2024-08-13T07:36:00.277Z</time></trkpt><trkpt lat="42.780713" lon="-7.492386"><ele>624.942</ele><time>2024-08-13T07:36:03.277Z</time></trkpt><trkpt lat="42.780701" lon="-7.492463"><ele>626.049</ele><time>2024-08-13T07:36:07.277Z</time></trkpt><trkpt lat="42.780688" lon="-7.492526"><ele>626.851</ele><time>2024-08-13T07:36:11.277Z</time></trkpt><trkpt lat="42.780666" lon="-7.492586"><ele>626.889</ele><time>2024-08-13T07:36:17.277Z</time></trkpt><trkpt lat="42.780634" lon="-7.492653"><ele>626.425</ele><time>2024-08-13T07:36:26.277Z</time></trkpt><trkpt lat="42.780619" lon="-7.492720"><ele>624.228</ele><time>2024-08-13T07:36:30.277Z</time></trkpt><trkpt lat="42.780594" lon="-7.492775"><ele>623.212</ele><time>2024-08-13T07:36:34.277Z</time></trkpt><trkpt lat="42.780574" lon="-7.492847"><ele>622.966</ele><time>2024-08-13T07:36:38.277Z</time></trkpt><trkpt lat="42.780597" lon="-7.492945"><ele>620.827</ele><time>2024-08-13T07:36:43.277Z</time></trkpt><trkpt lat="42.780609" lon="-7.493022"><ele>620.112</ele><time>2024-08-13T07:36:49.277Z</time></trkpt><trkpt lat="42.780594" lon="-7.493082"><ele>619.732</ele><time>2024-08-13T07:36:52.277Z</time></trkpt><trkpt lat="42.780574" lon="-7.493137"><ele>617.305</ele><time>2024-08-13T07:36:55.277Z</time></trkpt><trkpt lat="42.780562" lon="-7.493197"><ele>616.809</ele><time>2024-08-13T07:36:58.277Z</time></trkpt><trkpt lat="42.780549" lon="-7.493275"><ele>616.872</ele><time>2024-08-13T07:37:02.277Z</time></trkpt><trkpt lat="42.780537" lon="-7.493343"><ele>617.219</ele><time>2024-08-13T07:37:06.277Z</time></trkpt><trkpt lat="42.780522" lon="-7.493410"><ele>619.171</ele><time>2024-08-13T07:37:10.277Z</time></trkpt><trkpt lat="42.780510" lon="-7.493470"><ele>620.669</ele><time>2024-08-13T07:37:14.277Z</time></trkpt><trkpt lat="42.780483" lon="-7.493523"><ele>621.615</ele><time>2024-08-13T07:37:20.277Z</time></trkpt><trkpt lat="42.780463" lon="-7.493590"><ele>621.898</ele><time>2024-08-13T07:37:26.277Z</time></trkpt><trkpt lat="42.780418" lon="-7.493622"><ele>621.992</ele><time>2024-08-13T07:37:34.277Z</time></trkpt><trkpt lat="42.780390" lon="-7.493679"><ele>621.926</ele><time>2024-08-13T07:37:37.277Z</time></trkpt><trkpt lat="42.780355" lon="-7.493724"><ele>622.097</ele><time>2024-08-13T07:37:40.277Z</time></trkpt><trkpt lat="42.780328" lon="-7.493776"><ele>622.194</ele><time>2024-08-13T07:37:44.277Z</time></trkpt><trkpt lat="42.780286" lon="-7.493821"><ele>621.257</ele><time>2024-08-13T07:37:47.277Z</time></trkpt><trkpt lat="42.780263" lon="-7.493896"><ele>621.122</ele><time>2024-08-13T07:37:51.277Z</time></trkpt><trkpt lat="42.780251" lon="-7.493958"><ele>621.109</ele><time>2024-08-13T07:37:55.277Z</time></trkpt><trkpt lat="42.780229" lon="-7.494026"><ele>621.880</ele><time>2024-08-13T07:37:58.277Z</time></trkpt><trkpt lat="42.780194" lon="-7.494093"><ele>622.737</ele><time>2024-08-13T07:38:02.277Z</time></trkpt><trkpt lat="42.780189" lon="-7.494166"><ele>623.449</ele><time>2024-08-13T07:38:05.277Z</time></trkpt><trkpt lat="42.780182" lon="-7.494244"><ele>624.197</ele><time>2024-08-13T07:38:09.277Z</time></trkpt><trkpt lat="42.780179" lon="-7.494317"><ele>624.643</ele><time>2024-08-13T07:38:13.277Z</time></trkpt><trkpt lat="42.780164" lon="-7.494389"><ele>624.886</ele><time>2024-08-13T07:38:17.277Z</time></trkpt><trkpt lat="42.780176" lon="-7.494456"><ele>624.820</ele><time>2024-08-13T07:38:20.277Z</time></trkpt><trkpt lat="42.780181" lon="-7.494521"><ele>624.854</ele><time>2024-08-13T07:38:23.277Z</time></trkpt><trkpt lat="42.780228" lon="-7.494558"><ele>624.885</ele><time>2024-08-13T07:38:26.277Z</time></trkpt><trkpt lat="42.780281" lon="-7.494560"><ele>626.283</ele><time>2024-08-13T07:38:35.277Z</time></trkpt><trkpt lat="42.780326" lon="-7.494572"><ele>624.925</ele><time>2024-08-13T07:38:50.277Z</time></trkpt><trkpt lat="42.780506" lon="-7.494685"><ele>621.317</ele><time>2024-08-13T07:39:04.277Z</time></trkpt><trkpt lat="42.780564" lon="-7.494798"><ele>621.509</ele><time>2024-08-13T07:39:10.277Z</time></trkpt><trkpt lat="42.780627" lon="-7.494853"><ele>623.659</ele><time>2024-08-13T07:39:19.277Z</time></trkpt><trkpt lat="42.780647" lon="-7.494941"><ele>623.666</ele><time>2024-08-13T07:39:23.277Z</time></trkpt><trkpt lat="42.780654" lon="-7.495061"><ele>623.648</ele><time>2024-08-13T07:39:27.277Z</time></trkpt><trkpt lat="42.780657" lon="-7.495123"><ele>624.376</ele><time>2024-08-13T07:39:32.277Z</time></trkpt><trkpt lat="42.780697" lon="-7.495155"><ele>624.392</ele><time>2024-08-13T07:39:37.277Z</time></trkpt><trkpt lat="42.780719" lon="-7.495210"><ele>624.285</ele><time>2024-08-13T07:39:40.277Z</time></trkpt><trkpt lat="42.780766" lon="-7.495253"><ele>623.939</ele><time>2024-08-13T07:39:44.277Z</time></trkpt><trkpt lat="42.780791" lon="-7.495320"><ele>623.583</ele><time>2024-08-13T07:39:48.277Z</time></trkpt><trkpt lat="42.780833" lon="-7.495375"><ele>621.664</ele><time>2024-08-13T07:39:52.277Z</time></trkpt><trkpt lat="42.780910" lon="-7.495440"><ele>617.671</ele><time>2024-08-13T07:39:58.277Z</time></trkpt><trkpt lat="42.780938" lon="-7.495493"><ele>613.441</ele><time>2024-08-13T07:40:02.277Z</time></trkpt><trkpt lat="42.780968" lon="-7.495548"><ele>612.315</ele><time>2024-08-13T07:40:06.277Z</time></trkpt><trkpt lat="42.780976" lon="-7.495611"><ele>611.809</ele><time>2024-08-13T07:40:10.277Z</time></trkpt><trkpt lat="42.780988" lon="-7.495689"><ele>611.878</ele><time>2024-08-13T07:40:14.277Z</time></trkpt><trkpt lat="42.780968" lon="-7.495752"><ele>611.975</ele><time>2024-08-13T07:40:17.277Z</time></trkpt><trkpt lat="42.780925" lon="-7.495777"><ele>612.777</ele><time>2024-08-13T07:40:20.277Z</time></trkpt><trkpt lat="42.780867" lon="-7.495799"><ele>613.865</ele><time>2024-08-13T07:40:24.277Z</time></trkpt><trkpt lat="42.780800" lon="-7.495856"><ele>616.551</ele><time>2024-08-13T07:40:29.277Z</time></trkpt><trkpt lat="42.780725" lon="-7.495933"><ele>619.514</ele><time>2024-08-13T07:40:34.277Z</time></trkpt><trkpt lat="42.780675" lon="-7.495950"><ele>619.768</ele><time>2024-08-13T07:40:38.277Z</time></trkpt><trkpt lat="42.780608" lon="-7.495943"><ele>619.922</ele><time>2024-08-13T07:40:42.277Z</time></trkpt><trkpt lat="42.780580" lon="-7.496001"><ele>620.133</ele><time>2024-08-13T07:40:45.277Z</time></trkpt><trkpt lat="42.780542" lon="-7.496049"><ele>620.361</ele><time>2024-08-13T07:40:47.277Z</time></trkpt><trkpt lat="42.780495" lon="-7.496072"><ele>621.021</ele><time>2024-08-13T07:40:51.277Z</time></trkpt><trkpt lat="42.780443" lon="-7.496070"><ele>621.013</ele><time>2024-08-13T07:40:54.277Z</time></trkpt><trkpt lat="42.780391" lon="-7.496043"><ele>621.009</ele><time>2024-08-13T07:40:57.277Z</time></trkpt><trkpt lat="42.780303" lon="-7.496008"><ele>619.427</ele><time>2024-08-13T07:41:07.277Z</time></trkpt><trkpt lat="42.780258" lon="-7.495970"><ele>619.544</ele><time>2024-08-13T07:41:14.277Z</time></trkpt><trkpt lat="42.780206" lon="-7.495908"><ele>620.416</ele><time>2024-08-13T07:41:18.277Z</time></trkpt><trkpt lat="42.780014" lon="-7.495808"><ele>621.564</ele><time>2024-08-13T07:41:30.277Z</time></trkpt><trkpt lat="42.779956" lon="-7.495805"><ele>622.460</ele><time>2024-08-13T07:41:34.277Z</time></trkpt><trkpt lat="42.779899" lon="-7.495813"><ele>623.373</ele><time>2024-08-13T07:41:37.277Z</time></trkpt><trkpt lat="42.779854" lon="-7.495840"><ele>624.147</ele><time>2024-08-13T07:41:40.277Z</time></trkpt><trkpt lat="42.779814" lon="-7.495892"><ele>624.481</ele><time>2024-08-13T07:41:44.277Z</time></trkpt><trkpt lat="42.779781" lon="-7.495950"><ele>625.082</ele><time>2024-08-13T07:41:48.277Z</time></trkpt><trkpt lat="42.779736" lon="-7.495990"><ele>626.195</ele><time>2024-08-13T07:41:52.277Z</time></trkpt><trkpt lat="42.779693" lon="-7.496018"><ele>626.849</ele><time>2024-08-13T07:41:55.277Z</time></trkpt><trkpt lat="42.779640" lon="-7.496033"><ele>627.023</ele><time>2024-08-13T07:41:59.277Z</time></trkpt><trkpt lat="42.779592" lon="-7.496053"><ele>627.209</ele><time>2024-08-13T07:42:03.277Z</time></trkpt><trkpt lat="42.779562" lon="-7.496101"><ele>627.210</ele><time>2024-08-13T07:42:09.277Z</time></trkpt><trkpt lat="42.779540" lon="-7.496168"><ele>627.217</ele><time>2024-08-13T07:42:13.277Z</time></trkpt><trkpt lat="42.779523" lon="-7.496256"><ele>627.289</ele><time>2024-08-13T07:42:20.277Z</time></trkpt><trkpt lat="42.779431" lon="-7.496794"><ele>622.257</ele><time>2024-08-13T07:42:59.277Z</time></trkpt><trkpt lat="42.779464" lon="-7.496846"><ele>621.973</ele><time>2024-08-13T07:43:03.277Z</time></trkpt><trkpt lat="42.779466" lon="-7.496909"><ele>624.046</ele><time>2024-08-13T07:43:07.277Z</time></trkpt><trkpt lat="42.779444" lon="-7.496976"><ele>626.020</ele><time>2024-08-13T07:43:11.277Z</time></trkpt><trkpt lat="42.779412" lon="-7.497033"><ele>627.074</ele><time>2024-08-13T07:43:14.277Z</time></trkpt><trkpt lat="42.779394" lon="-7.497103"><ele>628.925</ele><time>2024-08-13T07:43:18.277Z</time></trkpt><trkpt lat="42.779371" lon="-7.497178"><ele>629.651</ele><time>2024-08-13T07:43:21.277Z</time></trkpt><trkpt lat="42.779359" lon="-7.497243"><ele>629.601</ele><time>2024-08-13T07:43:24.277Z</time></trkpt><trkpt lat="42.779359" lon="-7.497311"><ele>629.611</ele><time>2024-08-13T07:43:27.277Z</time></trkpt><trkpt lat="42.779359" lon="-7.497386"><ele>629.509</ele><time>2024-08-13T07:43:30.277Z</time></trkpt><trkpt lat="42.779352" lon="-7.497459"><ele>628.736</ele><time>2024-08-13T07:43:33.277Z</time></trkpt><trkpt lat="42.779365" lon="-7.497519"><ele>628.593</ele><time>2024-08-13T07:43:37.277Z</time></trkpt><trkpt lat="42.779370" lon="-7.497591"><ele>627.775</ele><time>2024-08-13T07:43:43.277Z</time></trkpt><trkpt lat="42.779353" lon="-7.497654"><ele>626.913</ele><time>2024-08-13T07:43:46.277Z</time></trkpt><trkpt lat="42.779333" lon="-7.497714"><ele>626.149</ele><time>2024-08-13T07:43:49.277Z</time></trkpt><trkpt lat="42.779318" lon="-7.497781"><ele>625.732</ele><time>2024-08-13T07:43:53.277Z</time></trkpt><trkpt lat="42.779328" lon="-7.497848"><ele>625.796</ele><time>2024-08-13T07:43:57.277Z</time></trkpt><trkpt lat="42.779318" lon="-7.497930"><ele>626.130</ele><time>2024-08-13T07:44:02.277Z</time></trkpt><trkpt lat="42.779308" lon="-7.498007"><ele>627.091</ele><time>2024-08-13T07:44:07.277Z</time></trkpt><trkpt lat="42.779295" lon="-7.498069"><ele>627.034</ele><time>2024-08-13T07:44:11.277Z</time></trkpt><trkpt lat="42.779282" lon="-7.498136"><ele>627.055</ele><time>2024-08-13T07:44:16.277Z</time></trkpt><trkpt lat="42.779272" lon="-7.498196"><ele>627.010</ele><time>2024-08-13T07:44:20.277Z</time></trkpt><trkpt lat="42.779250" lon="-7.498258"><ele>627.009</ele><time>2024-08-13T07:44:23.277Z</time></trkpt><trkpt lat="42.779230" lon="-7.498316"><ele>626.994</ele><time>2024-08-13T07:44:26.277Z</time></trkpt><trkpt lat="42.779205" lon="-7.498393"><ele>627.141</ele><time>2024-08-13T07:44:30.277Z</time></trkpt><trkpt lat="42.779170" lon="-7.498460"><ele>628.313</ele><time>2024-08-13T07:44:34.277Z</time></trkpt><trkpt lat="42.779165" lon="-7.498522"><ele>630.231</ele><time>2024-08-13T07:44:37.277Z</time></trkpt><trkpt lat="42.779147" lon="-7.498584"><ele>631.717</ele><time>2024-08-13T07:44:40.277Z</time></trkpt><trkpt lat="42.779147" lon="-7.498654"><ele>633.580</ele><time>2024-08-13T07:44:43.277Z</time></trkpt><trkpt lat="42.779120" lon="-7.498712"><ele>633.954</ele><time>2024-08-13T07:44:46.277Z</time></trkpt><trkpt lat="42.779105" lon="-7.498774"><ele>634.188</ele><time>2024-08-13T07:44:50.277Z</time></trkpt><trkpt lat="42.779078" lon="-7.498827"><ele>634.619</ele><time>2024-08-13T07:44:54.277Z</time></trkpt><trkpt lat="42.779063" lon="-7.498892"><ele>634.764</ele><time>2024-08-13T07:44:57.277Z</time></trkpt><trkpt lat="42.779065" lon="-7.498962"><ele>634.606</ele><time>2024-08-13T07:45:01.277Z</time></trkpt><trkpt lat="42.779037" lon="-7.499029"><ele>634.816</ele><time>2024-08-13T07:45:06.277Z</time></trkpt><trkpt lat="42.778997" lon="-7.499091"><ele>635.209</ele><time>2024-08-13T07:45:10.277Z</time></trkpt><trkpt lat="42.778965" lon="-7.499136"><ele>635.467</ele><time>2024-08-13T07:45:13.277Z</time></trkpt><trkpt lat="42.778938" lon="-7.499196"><ele>635.894</ele><time>2024-08-13T07:45:16.277Z</time></trkpt><trkpt lat="42.778918" lon="-7.499321"><ele>635.896</ele><time>2024-08-13T07:45:22.277Z</time></trkpt><trkpt lat="42.778890" lon="-7.499373"><ele>635.534</ele><time>2024-08-13T07:45:25.277Z</time></trkpt><trkpt lat="42.778853" lon="-7.499415"><ele>634.210</ele><time>2024-08-13T07:45:32.277Z</time></trkpt><trkpt lat="42.778816" lon="-7.499540"><ele>629.253</ele><time>2024-08-13T07:45:51.277Z</time></trkpt><trkpt lat="42.778869" lon="-7.499513"><ele>629.287</ele><time>2024-08-13T07:45:54.277Z</time></trkpt><trkpt lat="42.778906" lon="-7.499461"><ele>629.641</ele><time>2024-08-13T07:46:01.277Z</time></trkpt><trkpt lat="42.778676" lon="-7.499579"><ele>623.562</ele><time>2024-08-13T07:46:29.277Z</time></trkpt><trkpt lat="42.778584" lon="-7.499654"><ele>623.579</ele><time>2024-08-13T07:46:34.277Z</time></trkpt><trkpt lat="42.778539" lon="-7.499674"><ele>623.605</ele><time>2024-08-13T07:46:37.277Z</time></trkpt><trkpt lat="42.778492" lon="-7.499689"><ele>623.625</ele><time>2024-08-13T07:46:39.277Z</time></trkpt><trkpt lat="42.778447" lon="-7.499731"><ele>623.609</ele><time>2024-08-13T07:46:43.277Z</time></trkpt><trkpt lat="42.778337" lon="-7.499926"><ele>630.448</ele><time>2024-08-13T07:47:42.277Z</time></trkpt><trkpt lat="42.778295" lon="-7.499958"><ele>629.625</ele><time>2024-08-13T07:47:49.277Z</time></trkpt><trkpt lat="42.778253" lon="-7.499986"><ele>629.197</ele><time>2024-08-13T07:47:53.277Z</time></trkpt><trkpt lat="42.778218" lon="-7.500031"><ele>628.425</ele><time>2024-08-13T07:47:57.277Z</time></trkpt><trkpt lat="42.778183" lon="-7.500074"><ele>627.431</ele><time>2024-08-13T07:48:01.277Z</time></trkpt><trkpt lat="42.778133" lon="-7.500116"><ele>623.164</ele><time>2024-08-13T07:48:06.277Z</time></trkpt><trkpt lat="42.778085" lon="-7.500124"><ele>621.828</ele><time>2024-08-13T07:48:10.277Z</time></trkpt><trkpt lat="42.778047" lon="-7.500172"><ele>621.882</ele><time>2024-08-13T07:48:15.277Z</time></trkpt><trkpt lat="42.778004" lon="-7.500222"><ele>621.833</ele><time>2024-08-13T07:48:19.277Z</time></trkpt><trkpt lat="42.777962" lon="-7.500272"><ele>623.382</ele><time>2024-08-13T07:48:23.277Z</time></trkpt><trkpt lat="42.777914" lon="-7.500304"><ele>623.643</ele><time>2024-08-13T07:48:26.277Z</time></trkpt><trkpt lat="42.777871" lon="-7.500329"><ele>623.917</ele><time>2024-08-13T07:48:30.277Z</time></trkpt><trkpt lat="42.777856" lon="-7.500387"><ele>623.909</ele><time>2024-08-13T07:48:35.277Z</time></trkpt><trkpt lat="42.777854" lon="-7.500454"><ele>623.759</ele><time>2024-08-13T07:48:39.277Z</time></trkpt><trkpt lat="42.777851" lon="-7.500516"><ele>623.696</ele><time>2024-08-13T07:48:41.277Z</time></trkpt><trkpt lat="42.777826" lon="-7.500569"><ele>623.578</ele><time>2024-08-13T07:48:45.277Z</time></trkpt><trkpt lat="42.777813" lon="-7.500642"><ele>622.516</ele><time>2024-08-13T07:48:49.277Z</time></trkpt><trkpt lat="42.777808" lon="-7.500717"><ele>622.152</ele><time>2024-08-13T07:48:52.277Z</time></trkpt><trkpt lat="42.777800" lon="-7.500787"><ele>621.115</ele><time>2024-08-13T07:48:55.277Z</time></trkpt><trkpt lat="42.777797" lon="-7.500862"><ele>619.289</ele><time>2024-08-13T07:49:00.277Z</time></trkpt><trkpt lat="42.777809" lon="-7.500925"><ele>619.253</ele><time>2024-08-13T07:49:05.277Z</time></trkpt><trkpt lat="42.777789" lon="-7.500993"><ele>619.144</ele><time>2024-08-13T07:49:10.277Z</time></trkpt><trkpt lat="42.777774" lon="-7.501058"><ele>618.833</ele><time>2024-08-13T07:49:14.277Z</time></trkpt><trkpt lat="42.777762" lon="-7.501120"><ele>618.723</ele><time>2024-08-13T07:49:18.277Z</time></trkpt><trkpt lat="42.777745" lon="-7.501192"><ele>618.015</ele><time>2024-08-13T07:49:22.277Z</time></trkpt><trkpt lat="42.777718" lon="-7.501252"><ele>617.009</ele><time>2024-08-13T07:49:25.277Z</time></trkpt><trkpt lat="42.777695" lon="-7.501324"><ele>616.014</ele><time>2024-08-13T07:49:29.277Z</time></trkpt><trkpt lat="42.777668" lon="-7.501392"><ele>615.881</ele><time>2024-08-13T07:49:32.277Z</time></trkpt><trkpt lat="42.777648" lon="-7.501447"><ele>615.893</ele><time>2024-08-13T07:49:36.277Z</time></trkpt><trkpt lat="42.777620" lon="-7.501495"><ele>616.261</ele><time>2024-08-13T07:49:40.277Z</time></trkpt><trkpt lat="42.777622" lon="-7.501557"><ele>618.337</ele><time>2024-08-13T07:49:46.277Z</time></trkpt><trkpt lat="42.777562" lon="-7.501762"><ele>624.450</ele><time>2024-08-13T07:49:57.277Z</time></trkpt><trkpt lat="42.777542" lon="-7.501819"><ele>625.514</ele><time>2024-08-13T07:50:02.277Z</time></trkpt><trkpt lat="42.777505" lon="-7.501879"><ele>625.978</ele><time>2024-08-13T07:50:06.277Z</time></trkpt><trkpt lat="42.777473" lon="-7.501936"><ele>626.239</ele><time>2024-08-13T07:50:10.277Z</time></trkpt><trkpt lat="42.777461" lon="-7.502011"><ele>626.216</ele><time>2024-08-13T07:50:14.277Z</time></trkpt><trkpt lat="42.777439" lon="-7.502084"><ele>626.076</ele><time>2024-08-13T07:50:19.277Z</time></trkpt><trkpt lat="42.777414" lon="-7.502137"><ele>626.213</ele><time>2024-08-13T07:50:24.277Z</time></trkpt><trkpt lat="42.777402" lon="-7.502219"><ele>626.309</ele><time>2024-08-13T07:50:29.277Z</time></trkpt><trkpt lat="42.777382" lon="-7.502274"><ele>626.332</ele><time>2024-08-13T07:50:31.277Z</time></trkpt><trkpt lat="42.777372" lon="-7.502354"><ele>626.589</ele><time>2024-08-13T07:50:34.277Z</time></trkpt><trkpt lat="42.777359" lon="-7.502421"><ele>628.011</ele><time>2024-08-13T07:50:38.277Z</time></trkpt><trkpt lat="42.777409" lon="-7.502461"><ele>629.989</ele><time>2024-08-13T07:50:45.277Z</time></trkpt><trkpt lat="42.777407" lon="-7.502529"><ele>629.185</ele><time>2024-08-13T07:50:51.277Z</time></trkpt><trkpt lat="42.777334" lon="-7.502601"><ele>628.838</ele><time>2024-08-13T07:50:53.277Z</time></trkpt><trkpt lat="42.777296" lon="-7.502643"><ele>626.882</ele><time>2024-08-13T07:50:55.277Z</time></trkpt><trkpt lat="42.777298" lon="-7.502740"><ele>626.476</ele><time>2024-08-13T07:51:02.277Z</time></trkpt><trkpt lat="42.777298" lon="-7.502812"><ele>626.637</ele><time>2024-08-13T07:51:05.277Z</time></trkpt><trkpt lat="42.777278" lon="-7.502872"><ele>627.738</ele><time>2024-08-13T07:51:09.277Z</time></trkpt><trkpt lat="42.777263" lon="-7.502945"><ele>628.270</ele><time>2024-08-13T07:51:13.277Z</time></trkpt><trkpt lat="42.777243" lon="-7.503007"><ele>629.317</ele><time>2024-08-13T07:51:17.277Z</time></trkpt><trkpt lat="42.777251" lon="-7.503085"><ele>630.209</ele><time>2024-08-13T07:51:21.277Z</time></trkpt><trkpt lat="42.777259" lon="-7.503147"><ele>630.414</ele><time>2024-08-13T07:51:25.277Z</time></trkpt><trkpt lat="42.777259" lon="-7.503212"><ele>630.761</ele><time>2024-08-13T07:51:29.277Z</time></trkpt><trkpt lat="42.777269" lon="-7.503280"><ele>630.913</ele><time>2024-08-13T07:51:33.277Z</time></trkpt><trkpt lat="42.777291" lon="-7.503353"><ele>631.611</ele><time>2024-08-13T07:51:37.277Z</time></trkpt><trkpt lat="42.777308" lon="-7.503415"><ele>632.987</ele><time>2024-08-13T07:51:41.277Z</time></trkpt><trkpt lat="42.777323" lon="-7.503473"><ele>633.460</ele><time>2024-08-13T07:51:45.277Z</time></trkpt><trkpt lat="42.777360" lon="-7.503536"><ele>633.464</ele><time>2024-08-13T07:51:49.277Z</time></trkpt><trkpt lat="42.777365" lon="-7.503601"><ele>633.678</ele><time>2024-08-13T07:51:52.277Z</time></trkpt><trkpt lat="42.777385" lon="-7.503671"><ele>633.469</ele><time>2024-08-13T07:51:55.277Z</time></trkpt><trkpt lat="42.777438" lon="-7.503703"><ele>633.386</ele><time>2024-08-13T07:52:05.277Z</time></trkpt><trkpt lat="42.777471" lon="-7.503748"><ele>633.560</ele><time>2024-08-13T07:52:17.277Z</time></trkpt><trkpt lat="42.777506" lon="-7.503803"><ele>633.526</ele><time>2024-08-13T07:52:21.277Z</time></trkpt><trkpt lat="42.777519" lon="-7.503886"><ele>633.409</ele><time>2024-08-13T07:52:26.277Z</time></trkpt><trkpt lat="42.777504" lon="-7.503956"><ele>633.149</ele><time>2024-08-13T07:52:32.277Z</time></trkpt><trkpt lat="42.777497" lon="-7.504019"><ele>633.136</ele><time>2024-08-13T07:52:36.277Z</time></trkpt><trkpt lat="42.777514" lon="-7.504079"><ele>632.948</ele><time>2024-08-13T07:52:41.277Z</time></trkpt><trkpt lat="42.777494" lon="-7.504134"><ele>634.376</ele><time>2024-08-13T07:52:46.277Z</time></trkpt><trkpt lat="42.777482" lon="-7.504202"><ele>635.962</ele><time>2024-08-13T07:52:53.277Z</time></trkpt><trkpt lat="42.777484" lon="-7.504269"><ele>636.335</ele><time>2024-08-13T07:52:58.277Z</time></trkpt><trkpt lat="42.777487" lon="-7.504344"><ele>636.649</ele><time>2024-08-13T07:53:02.277Z</time></trkpt><trkpt lat="42.777474" lon="-7.504416"><ele>637.153</ele><time>2024-08-13T07:53:05.277Z</time></trkpt><trkpt lat="42.777456" lon="-7.504483"><ele>637.694</ele><time>2024-08-13T07:53:09.277Z</time></trkpt><trkpt lat="42.777469" lon="-7.504553"><ele>638.483</ele><time>2024-08-13T07:53:13.277Z</time></trkpt><trkpt lat="42.777456" lon="-7.504625"><ele>638.625</ele><time>2024-08-13T07:53:17.277Z</time></trkpt><trkpt lat="42.777439" lon="-7.504693"><ele>638.917</ele><time>2024-08-13T07:53:22.277Z</time></trkpt><trkpt lat="42.777427" lon="-7.504755"><ele>639.009</ele><time>2024-08-13T07:53:27.277Z</time></trkpt><trkpt lat="42.777405" lon="-7.504818"><ele>638.889</ele><time>2024-08-13T07:53:32.277Z</time></trkpt><trkpt lat="42.777370" lon="-7.504883"><ele>638.736</ele><time>2024-08-13T07:53:36.277Z</time></trkpt><trkpt lat="42.777345" lon="-7.504935"><ele>638.798</ele><time>2024-08-13T07:53:39.277Z</time></trkpt><trkpt lat="42.777308" lon="-7.504992"><ele>637.326</ele><time>2024-08-13T07:53:43.277Z</time></trkpt><trkpt lat="42.777288" lon="-7.505054"><ele>637.132</ele><time>2024-08-13T07:53:47.277Z</time></trkpt><trkpt lat="42.777265" lon="-7.505127"><ele>633.795</ele><time>2024-08-13T07:53:51.277Z</time></trkpt><trkpt lat="42.777257" lon="-7.505190"><ele>630.969</ele><time>2024-08-13T07:53:55.277Z</time></trkpt><trkpt lat="42.777237" lon="-7.505252"><ele>628.913</ele><time>2024-08-13T07:53:59.277Z</time></trkpt><trkpt lat="42.777229" lon="-7.505317"><ele>627.564</ele><time>2024-08-13T07:54:03.277Z</time></trkpt><trkpt lat="42.777206" lon="-7.505385"><ele>626.944</ele><time>2024-08-13T07:54:07.277Z</time></trkpt><trkpt lat="42.777191" lon="-7.505447"><ele>626.705</ele><time>2024-08-13T07:54:11.277Z</time></trkpt><trkpt lat="42.777179" lon="-7.505520"><ele>625.115</ele><time>2024-08-13T07:54:16.277Z</time></trkpt><trkpt lat="42.777177" lon="-7.505593"><ele>623.409</ele><time>2024-08-13T07:54:20.277Z</time></trkpt><trkpt lat="42.777162" lon="-7.505666"><ele>623.255</ele><time>2024-08-13T07:54:24.277Z</time></trkpt><trkpt lat="42.777149" lon="-7.505743"><ele>623.232</ele><time>2024-08-13T07:54:28.277Z</time></trkpt><trkpt lat="42.777129" lon="-7.505798"><ele>623.154</ele><time>2024-08-13T07:54:31.277Z</time></trkpt><trkpt lat="42.777146" lon="-7.505866"><ele>623.062</ele><time>2024-08-13T07:54:37.277Z</time></trkpt><trkpt lat="42.777146" lon="-7.505954"><ele>623.018</ele><time>2024-08-13T07:54:41.277Z</time></trkpt><trkpt lat="42.777139" lon="-7.506026"><ele>622.751</ele><time>2024-08-13T07:54:44.277Z</time></trkpt><trkpt lat="42.777151" lon="-7.506096"><ele>622.265</ele><time>2024-08-13T07:54:52.277Z</time></trkpt><trkpt lat="42.777201" lon="-7.506084"><ele>622.079</ele><time>2024-08-13T07:54:59.277Z</time></trkpt><trkpt lat="42.777203" lon="-7.506152"><ele>622.090</ele><time>2024-08-13T07:55:11.277Z</time></trkpt><trkpt lat="42.777238" lon="-7.506209"><ele>621.943</ele><time>2024-08-13T07:55:15.277Z</time></trkpt><trkpt lat="42.777271" lon="-7.506264"><ele>622.264</ele><time>2024-08-13T07:55:18.277Z</time></trkpt><trkpt lat="42.777293" lon="-7.506327"><ele>621.710</ele><time>2024-08-13T07:55:22.277Z</time></trkpt><trkpt lat="42.777321" lon="-7.506387"><ele>621.009</ele><time>2024-08-13T07:55:26.277Z</time></trkpt><trkpt lat="42.777338" lon="-7.506462"><ele>620.835</ele><time>2024-08-13T07:55:32.277Z</time></trkpt><trkpt lat="42.777353" lon="-7.506525"><ele>620.812</ele><time>2024-08-13T07:55:37.277Z</time></trkpt><trkpt lat="42.777403" lon="-7.506553"><ele>620.734</ele><time>2024-08-13T07:55:41.277Z</time></trkpt><trkpt lat="42.777406" lon="-7.506616"><ele>620.772</ele><time>2024-08-13T07:55:49.277Z</time></trkpt><trkpt lat="42.777534" lon="-7.506804"><ele>619.938</ele><time>2024-08-13T07:56:09.277Z</time></trkpt><trkpt lat="42.777577" lon="-7.506847"><ele>619.451</ele><time>2024-08-13T07:56:12.277Z</time></trkpt><trkpt lat="42.777617" lon="-7.506879"><ele>617.595</ele><time>2024-08-13T07:56:15.277Z</time></trkpt><trkpt lat="42.777637" lon="-7.506951"><ele>617.369</ele><time>2024-08-13T07:56:18.277Z</time></trkpt><trkpt lat="42.777685" lon="-7.506978"><ele>615.650</ele><time>2024-08-13T07:56:23.277Z</time></trkpt><trkpt lat="42.777750" lon="-7.506991"><ele>615.096</ele><time>2024-08-13T07:56:27.277Z</time></trkpt><trkpt lat="42.777755" lon="-7.507098"><ele>614.931</ele><time>2024-08-13T07:56:32.277Z</time></trkpt><trkpt lat="42.777763" lon="-7.507185"><ele>614.424</ele><time>2024-08-13T07:56:37.277Z</time></trkpt><trkpt lat="42.777781" lon="-7.507247"><ele>614.409</ele><time>2024-08-13T07:56:40.277Z</time></trkpt><trkpt lat="42.777788" lon="-7.507324"><ele>614.580</ele><time>2024-08-13T07:56:44.277Z</time></trkpt><trkpt lat="42.777813" lon="-7.507376"><ele>616.237</ele><time>2024-08-13T07:56:49.277Z</time></trkpt><trkpt lat="42.777865" lon="-7.507401"><ele>616.729</ele><time>2024-08-13T07:56:53.277Z</time></trkpt><trkpt lat="42.777922" lon="-7.507411"><ele>618.017</ele><time>2024-08-13T07:56:56.277Z</time></trkpt><trkpt lat="42.777950" lon="-7.507461"><ele>619.463</ele><time>2024-08-13T07:56:59.277Z</time></trkpt><trkpt lat="42.777992" lon="-7.507518"><ele>620.216</ele><time>2024-08-13T07:57:02.277Z</time></trkpt><trkpt lat="42.778024" lon="-7.507586"><ele>621.460</ele><time>2024-08-13T07:57:05.277Z</time></trkpt><trkpt lat="42.778069" lon="-7.507618"><ele>622.874</ele><time>2024-08-13T07:57:08.277Z</time></trkpt><trkpt lat="42.778124" lon="-7.507643"><ele>623.025</ele><time>2024-08-13T07:57:12.277Z</time></trkpt><trkpt lat="42.778137" lon="-7.507711"><ele>623.059</ele><time>2024-08-13T07:57:22.277Z</time></trkpt><trkpt lat="42.778155" lon="-7.507769"><ele>622.203</ele><time>2024-08-13T07:57:27.277Z</time></trkpt><trkpt lat="42.778182" lon="-7.507821"><ele>618.023</ele><time>2024-08-13T07:57:32.277Z</time></trkpt><trkpt lat="42.778289" lon="-7.508084"><ele>613.209</ele><time>2024-08-13T07:57:51.277Z</time></trkpt><trkpt lat="42.778342" lon="-7.508107"><ele>611.736</ele><time>2024-08-13T07:57:55.277Z</time></trkpt><trkpt lat="42.778400" lon="-7.508155"><ele>603.693</ele><time>2024-08-13T07:58:10.277Z</time></trkpt><trkpt lat="42.778515" lon="-7.508238"><ele>603.225</ele><time>2024-08-13T07:58:19.277Z</time></trkpt><trkpt lat="42.778615" lon="-7.508251"><ele>600.943</ele><time>2024-08-13T07:58:28.277Z</time></trkpt><trkpt lat="42.778660" lon="-7.508253"><ele>600.579</ele><time>2024-08-13T07:58:30.277Z</time></trkpt><trkpt lat="42.778763" lon="-7.508246"><ele>598.972</ele><time>2024-08-13T07:58:36.277Z</time></trkpt><trkpt lat="42.778798" lon="-7.508308"><ele>598.716</ele><time>2024-08-13T07:58:41.277Z</time></trkpt><trkpt lat="42.778821" lon="-7.508380"><ele>598.650</ele><time>2024-08-13T07:58:44.277Z</time></trkpt><trkpt lat="42.778841" lon="-7.508440"><ele>598.021</ele><time>2024-08-13T07:58:47.277Z</time></trkpt><trkpt lat="42.778851" lon="-7.508515"><ele>598.011</ele><time>2024-08-13T07:58:50.277Z</time></trkpt><trkpt lat="42.778836" lon="-7.508583"><ele>598.021</ele><time>2024-08-13T07:58:53.277Z</time></trkpt><trkpt lat="42.778829" lon="-7.508651"><ele>598.303</ele><time>2024-08-13T07:58:56.277Z</time></trkpt><trkpt lat="42.778786" lon="-7.508703"><ele>598.309</ele><time>2024-08-13T07:58:59.277Z</time></trkpt><trkpt lat="42.778741" lon="-7.508751"><ele>598.422</ele><time>2024-08-13T07:59:02.277Z</time></trkpt><trkpt lat="42.778709" lon="-7.508811"><ele>598.349</ele><time>2024-08-13T07:59:08.277Z</time></trkpt><trkpt lat="42.778697" lon="-7.508874"><ele>597.811</ele><time>2024-08-13T07:59:13.277Z</time></trkpt><trkpt lat="42.778659" lon="-7.508939"><ele>597.429</ele><time>2024-08-13T07:59:16.277Z</time></trkpt><trkpt lat="42.778641" lon="-7.509004"><ele>597.495</ele><time>2024-08-13T07:59:19.277Z</time></trkpt><trkpt lat="42.778626" lon="-7.509072"><ele>597.658</ele><time>2024-08-13T07:59:23.277Z</time></trkpt><trkpt lat="42.778608" lon="-7.509142"><ele>599.992</ele><time>2024-08-13T07:59:29.277Z</time></trkpt><trkpt lat="42.778595" lon="-7.509217"><ele>601.696</ele><time>2024-08-13T07:59:33.277Z</time></trkpt><trkpt lat="42.778567" lon="-7.509284"><ele>603.647</ele><time>2024-08-13T07:59:42.277Z</time></trkpt><trkpt lat="42.778395" lon="-7.509579"><ele>607.422</ele><time>2024-08-13T08:00:06.277Z</time></trkpt><trkpt lat="42.778293" lon="-7.509859"><ele>607.862</ele><time>2024-08-13T08:00:24.277Z</time></trkpt><trkpt lat="42.778335" lon="-7.510031"><ele>610.408</ele><time>2024-08-13T08:00:36.277Z</time></trkpt><trkpt lat="42.778433" lon="-7.510306"><ele>608.409</ele><time>2024-08-13T08:00:59.277Z</time></trkpt><trkpt lat="42.778440" lon="-7.510394"><ele>607.363</ele><time>2024-08-13T08:01:06.277Z</time></trkpt><trkpt lat="42.778487" lon="-7.510747"><ele>607.650</ele><time>2024-08-13T08:01:35.277Z</time></trkpt><trkpt lat="42.778552" lon="-7.511032"><ele>614.632</ele><time>2024-08-13T08:01:51.277Z</time></trkpt><trkpt lat="42.778525" lon="-7.511100"><ele>616.050</ele><time>2024-08-13T08:01:55.277Z</time></trkpt><trkpt lat="42.778533" lon="-7.511165"><ele>618.416</ele><time>2024-08-13T08:01:59.277Z</time></trkpt><trkpt lat="42.778598" lon="-7.511203"><ele>621.969</ele><time>2024-08-13T08:02:05.277Z</time></trkpt><trkpt lat="42.778655" lon="-7.511193"><ele>622.093</ele><time>2024-08-13T08:02:09.277Z</time></trkpt><trkpt lat="42.778697" lon="-7.511250"><ele>622.017</ele><time>2024-08-13T08:02:13.277Z</time></trkpt><trkpt lat="42.778735" lon="-7.511322"><ele>621.468</ele><time>2024-08-13T08:02:17.277Z</time></trkpt><trkpt lat="42.778738" lon="-7.511384"><ele>620.056</ele><time>2024-08-13T08:02:21.277Z</time></trkpt><trkpt lat="42.778740" lon="-7.511452"><ele>620.359</ele><time>2024-08-13T08:02:26.277Z</time></trkpt><trkpt lat="42.778758" lon="-7.511510"><ele>620.014</ele><time>2024-08-13T08:02:29.277Z</time></trkpt><trkpt lat="42.778768" lon="-7.511587"><ele>621.409</ele><time>2024-08-13T08:02:33.277Z</time></trkpt><trkpt lat="42.778781" lon="-7.511664"><ele>622.546</ele><time>2024-08-13T08:02:37.277Z</time></trkpt><trkpt lat="42.778796" lon="-7.511724"><ele>624.613</ele><time>2024-08-13T08:02:42.277Z</time></trkpt><trkpt lat="42.778809" lon="-7.511791"><ele>627.135</ele><time>2024-08-13T08:02:48.277Z</time></trkpt><trkpt lat="42.778821" lon="-7.511864"><ele>627.343</ele><time>2024-08-13T08:02:51.278Z</time></trkpt><trkpt lat="42.778799" lon="-7.511946"><ele>627.459</ele><time>2024-08-13T08:02:55.278Z</time></trkpt><trkpt lat="42.778786" lon="-7.512018"><ele>627.472</ele><time>2024-08-13T08:02:58.278Z</time></trkpt><trkpt lat="42.778756" lon="-7.512086"><ele>626.986</ele><time>2024-08-13T08:03:01.278Z</time></trkpt><trkpt lat="42.778744" lon="-7.512148"><ele>626.210</ele><time>2024-08-13T08:03:04.278Z</time></trkpt><trkpt lat="42.778751" lon="-7.512221"><ele>625.861</ele><time>2024-08-13T08:03:08.278Z</time></trkpt><trkpt lat="42.778773" lon="-7.512286"><ele>625.528</ele><time>2024-08-13T08:03:12.278Z</time></trkpt><trkpt lat="42.778751" lon="-7.512351"><ele>625.589</ele><time>2024-08-13T08:03:16.278Z</time></trkpt><trkpt lat="42.778736" lon="-7.512431"><ele>625.617</ele><time>2024-08-13T08:03:21.278Z</time></trkpt><trkpt lat="42.778714" lon="-7.512508"><ele>626.609</ele><time>2024-08-13T08:03:27.278Z</time></trkpt><trkpt lat="42.778722" lon="-7.512573"><ele>627.663</ele><time>2024-08-13T08:03:30.278Z</time></trkpt><trkpt lat="42.778709" lon="-7.512638"><ele>627.780</ele><time>2024-08-13T08:03:33.278Z</time></trkpt><trkpt lat="42.778714" lon="-7.512705"><ele>627.982</ele><time>2024-08-13T08:03:37.278Z</time></trkpt><trkpt lat="42.778717" lon="-7.512780"><ele>628.160</ele><time>2024-08-13T08:03:42.278Z</time></trkpt><trkpt lat="42.778732" lon="-7.512845"><ele>628.046</ele><time>2024-08-13T08:03:46.278Z</time></trkpt><trkpt lat="42.778755" lon="-7.512910"><ele>628.999</ele><time>2024-08-13T08:03:51.278Z</time></trkpt><trkpt lat="42.778770" lon="-7.512970"><ele>629.133</ele><time>2024-08-13T08:03:55.278Z</time></trkpt><trkpt lat="42.778802" lon="-7.513030"><ele>629.187</ele><time>2024-08-13T08:04:00.278Z</time></trkpt><trkpt lat="42.778820" lon="-7.513088"><ele>629.138</ele><time>2024-08-13T08:04:04.278Z</time></trkpt><trkpt lat="42.778833" lon="-7.513158"><ele>629.052</ele><time>2024-08-13T08:04:09.278Z</time></trkpt><trkpt lat="42.778853" lon="-7.513220"><ele>629.053</ele><time>2024-08-13T08:04:13.278Z</time></trkpt><trkpt lat="42.778868" lon="-7.513297"><ele>629.008</ele><time>2024-08-13T08:04:18.278Z</time></trkpt><trkpt lat="42.778873" lon="-7.513369"><ele>629.709</ele><time>2024-08-13T08:04:23.278Z</time></trkpt><trkpt lat="42.778906" lon="-7.513416"><ele>630.836</ele><time>2024-08-13T08:04:27.278Z</time></trkpt><trkpt lat="42.778926" lon="-7.513474"><ele>632.813</ele><time>2024-08-13T08:04:32.278Z</time></trkpt><trkpt lat="42.778944" lon="-7.513532"><ele>634.315</ele><time>2024-08-13T08:04:36.278Z</time></trkpt><trkpt lat="42.778967" lon="-7.513599"><ele>634.463</ele><time>2024-08-13T08:04:42.278Z</time></trkpt><trkpt lat="42.778997" lon="-7.513654"><ele>634.429</ele><time>2024-08-13T08:04:46.278Z</time></trkpt><trkpt lat="42.779012" lon="-7.513719"><ele>634.332</ele><time>2024-08-13T08:04:50.278Z</time></trkpt><trkpt lat="42.779042" lon="-7.513779"><ele>634.356</ele><time>2024-08-13T08:04:54.278Z</time></trkpt><trkpt lat="42.779060" lon="-7.513842"><ele>633.920</ele><time>2024-08-13T08:04:58.278Z</time></trkpt><trkpt lat="42.779045" lon="-7.513910"><ele>633.831</ele><time>2024-08-13T08:05:01.278Z</time></trkpt><trkpt lat="42.779043" lon="-7.513973"><ele>633.133</ele><time>2024-08-13T08:05:07.278Z</time></trkpt><trkpt lat="42.779026" lon="-7.514040"><ele>632.723</ele><time>2024-08-13T08:05:12.278Z</time></trkpt><trkpt lat="42.778996" lon="-7.514108"><ele>632.215</ele><time>2024-08-13T08:05:16.278Z</time></trkpt><trkpt lat="42.778976" lon="-7.514175"><ele>631.009</ele><time>2024-08-13T08:05:20.278Z</time></trkpt><trkpt lat="42.778961" lon="-7.514242"><ele>630.224</ele><time>2024-08-13T08:05:24.278Z</time></trkpt><trkpt lat="42.778948" lon="-7.514304"><ele>628.941</ele><time>2024-08-13T08:05:28.278Z</time></trkpt><trkpt lat="42.778950" lon="-7.514374"><ele>628.853</ele><time>2024-08-13T08:05:33.278Z</time></trkpt><trkpt lat="42.778923" lon="-7.514429"><ele>629.141</ele><time>2024-08-13T08:05:39.278Z</time></trkpt><trkpt lat="42.778941" lon="-7.514501"><ele>630.887</ele><time>2024-08-13T08:05:44.278Z</time></trkpt><trkpt lat="42.778999" lon="-7.514566"><ele>633.040</ele><time>2024-08-13T08:05:49.278Z</time></trkpt><trkpt lat="42.779031" lon="-7.514614"><ele>634.444</ele><time>2024-08-13T08:05:53.278Z</time></trkpt><trkpt lat="42.779074" lon="-7.514672"><ele>634.768</ele><time>2024-08-13T08:05:58.278Z</time></trkpt><trkpt lat="42.779121" lon="-7.514689"><ele>635.679</ele><time>2024-08-13T08:06:04.278Z</time></trkpt><trkpt lat="42.779166" lon="-7.514727"><ele>636.525</ele><time>2024-08-13T08:06:09.278Z</time></trkpt><trkpt lat="42.779188" lon="-7.514795"><ele>636.526</ele><time>2024-08-13T08:06:14.278Z</time></trkpt><trkpt lat="42.779205" lon="-7.514862"><ele>636.508</ele><time>2024-08-13T08:06:18.278Z</time></trkpt><trkpt lat="42.779220" lon="-7.514927"><ele>636.409</ele><time>2024-08-13T08:06:22.278Z</time></trkpt><trkpt lat="42.779227" lon="-7.515002"><ele>636.133</ele><time>2024-08-13T08:06:26.278Z</time></trkpt><trkpt lat="42.779219" lon="-7.515074"><ele>636.190</ele><time>2024-08-13T08:06:30.278Z</time></trkpt><trkpt lat="42.779201" lon="-7.515149"><ele>636.262</ele><time>2024-08-13T08:06:34.278Z</time></trkpt><trkpt lat="42.779189" lon="-7.515221"><ele>636.510</ele><time>2024-08-13T08:06:38.278Z</time></trkpt><trkpt lat="42.779194" lon="-7.515284"><ele>637.836</ele><time>2024-08-13T08:06:42.278Z</time></trkpt><trkpt lat="42.779239" lon="-7.515307"><ele>641.189</ele><time>2024-08-13T08:06:47.278Z</time></trkpt><trkpt lat="42.779394" lon="-7.515532"><ele>648.823</ele><time>2024-08-13T08:07:08.278Z</time></trkpt><trkpt lat="42.779434" lon="-7.515587"><ele>649.367</ele><time>2024-08-13T08:07:12.278Z</time></trkpt><trkpt lat="42.779471" lon="-7.515629"><ele>649.368</ele><time>2024-08-13T08:07:17.278Z</time></trkpt><trkpt lat="42.779511" lon="-7.515681"><ele>649.194</ele><time>2024-08-13T08:07:21.278Z</time></trkpt><trkpt lat="42.779554" lon="-7.515708"><ele>648.557</ele><time>2024-08-13T08:07:25.278Z</time></trkpt><trkpt lat="42.779606" lon="-7.515735"><ele>648.522</ele><time>2024-08-13T08:07:29.278Z</time></trkpt><trkpt lat="42.779633" lon="-7.515788"><ele>648.609</ele><time>2024-08-13T08:07:35.278Z</time></trkpt><trkpt lat="42.779626" lon="-7.515863"><ele>648.840</ele><time>2024-08-13T08:07:38.278Z</time></trkpt><trkpt lat="42.779596" lon="-7.515938"><ele>649.527</ele><time>2024-08-13T08:07:41.278Z</time></trkpt><trkpt lat="42.779599" lon="-7.516005"><ele>650.049</ele><time>2024-08-13T08:07:45.278Z</time></trkpt><trkpt lat="42.779636" lon="-7.516048"><ele>650.487</ele><time>2024-08-13T08:07:50.278Z</time></trkpt><trkpt lat="42.779638" lon="-7.516113"><ele>650.913</ele><time>2024-08-13T08:07:53.278Z</time></trkpt><trkpt lat="42.779621" lon="-7.516193"><ele>651.176</ele><time>2024-08-13T08:07:56.278Z</time></trkpt><trkpt lat="42.779611" lon="-7.516261"><ele>651.120</ele><time>2024-08-13T08:07:59.278Z</time></trkpt><trkpt lat="42.779618" lon="-7.516324"><ele>651.154</ele><time>2024-08-13T08:08:02.278Z</time></trkpt><trkpt lat="42.779638" lon="-7.516394"><ele>650.395</ele><time>2024-08-13T08:08:06.278Z</time></trkpt><trkpt lat="42.779646" lon="-7.516464"><ele>650.115</ele><time>2024-08-13T08:08:10.278Z</time></trkpt><trkpt lat="42.779661" lon="-7.516526"><ele>650.065</ele><time>2024-08-13T08:08:13.278Z</time></trkpt><trkpt lat="42.779669" lon="-7.516594"><ele>649.111</ele><time>2024-08-13T08:08:16.278Z</time></trkpt><trkpt lat="42.779676" lon="-7.516659"><ele>647.809</ele><time>2024-08-13T08:08:19.278Z</time></trkpt><trkpt lat="42.779673" lon="-7.516724"><ele>647.652</ele><time>2024-08-13T08:08:23.278Z</time></trkpt><trkpt lat="42.779696" lon="-7.516782"><ele>646.539</ele><time>2024-08-13T08:08:28.278Z</time></trkpt><trkpt lat="42.779716" lon="-7.516839"><ele>644.891</ele><time>2024-08-13T08:08:32.278Z</time></trkpt><trkpt lat="42.779739" lon="-7.516912"><ele>644.189</ele><time>2024-08-13T08:08:36.278Z</time></trkpt><trkpt lat="42.779772" lon="-7.516967"><ele>642.585</ele><time>2024-08-13T08:08:40.278Z</time></trkpt><trkpt lat="42.779824" lon="-7.516972"><ele>640.638</ele><time>2024-08-13T08:08:43.278Z</time></trkpt><trkpt lat="42.779846" lon="-7.517037"><ele>637.772</ele><time>2024-08-13T08:08:46.278Z</time></trkpt><trkpt lat="42.779856" lon="-7.517104"><ele>636.756</ele><time>2024-08-13T08:08:49.278Z</time></trkpt><trkpt lat="42.779873" lon="-7.517184"><ele>634.867</ele><time>2024-08-13T08:08:53.278Z</time></trkpt><trkpt lat="42.779883" lon="-7.517259"><ele>634.647</ele><time>2024-08-13T08:08:57.278Z</time></trkpt><trkpt lat="42.779901" lon="-7.517321"><ele>634.829</ele><time>2024-08-13T08:09:01.278Z</time></trkpt><trkpt lat="42.779921" lon="-7.517378"><ele>635.021</ele><time>2024-08-13T08:09:04.278Z</time></trkpt><trkpt lat="42.779949" lon="-7.517438"><ele>635.909</ele><time>2024-08-13T08:09:07.278Z</time></trkpt><trkpt lat="42.779976" lon="-7.517498"><ele>636.355</ele><time>2024-08-13T08:09:11.278Z</time></trkpt><trkpt lat="42.780004" lon="-7.517550"><ele>636.882</ele><time>2024-08-13T08:09:14.278Z</time></trkpt><trkpt lat="42.780022" lon="-7.517620"><ele>637.634</ele><time>2024-08-13T08:09:17.278Z</time></trkpt><trkpt lat="42.780050" lon="-7.517687"><ele>637.872</ele><time>2024-08-13T08:09:21.278Z</time></trkpt><trkpt lat="42.780063" lon="-7.517750"><ele>637.828</ele><time>2024-08-13T08:09:25.278Z</time></trkpt><trkpt lat="42.780065" lon="-7.517818"><ele>637.861</ele><time>2024-08-13T08:09:29.278Z</time></trkpt><trkpt lat="42.780077" lon="-7.517878"><ele>637.595</ele><time>2024-08-13T08:09:34.278Z</time></trkpt><trkpt lat="42.780104" lon="-7.517931"><ele>637.429</ele><time>2024-08-13T08:09:39.278Z</time></trkpt><trkpt lat="42.780151" lon="-7.518168"><ele>638.960</ele><time>2024-08-13T08:09:52.278Z</time></trkpt><trkpt lat="42.780169" lon="-7.518233"><ele>640.561</ele><time>2024-08-13T08:09:55.278Z</time></trkpt><trkpt lat="42.780199" lon="-7.518286"><ele>642.021</ele><time>2024-08-13T08:09:58.278Z</time></trkpt><trkpt lat="42.780209" lon="-7.518364"><ele>644.213</ele><time>2024-08-13T08:10:02.278Z</time></trkpt><trkpt lat="42.780231" lon="-7.518419"><ele>645.809</ele><time>2024-08-13T08:10:05.278Z</time></trkpt><trkpt lat="42.780239" lon="-7.518509"><ele>648.397</ele><time>2024-08-13T08:10:10.278Z</time></trkpt><trkpt lat="42.780246" lon="-7.518592"><ele>649.624</ele><time>2024-08-13T08:10:16.278Z</time></trkpt><trkpt lat="42.780268" lon="-7.518665"><ele>650.126</ele><time>2024-08-13T08:10:20.278Z</time></trkpt><trkpt lat="42.780276" lon="-7.518738"><ele>650.384</ele><time>2024-08-13T08:10:23.278Z</time></trkpt><trkpt lat="42.780293" lon="-7.518796"><ele>650.830</ele><time>2024-08-13T08:10:26.278Z</time></trkpt><trkpt lat="42.780295" lon="-7.518864"><ele>650.953</ele><time>2024-08-13T08:10:30.278Z</time></trkpt><trkpt lat="42.780320" lon="-7.518939"><ele>651.377</ele><time>2024-08-13T08:10:34.278Z</time></trkpt><trkpt lat="42.780343" lon="-7.518996"><ele>652.191</ele><time>2024-08-13T08:10:37.278Z</time></trkpt><trkpt lat="42.780366" lon="-7.519054"><ele>653.192</ele><time>2024-08-13T08:10:40.278Z</time></trkpt><trkpt lat="42.780389" lon="-7.519107"><ele>653.419</ele><time>2024-08-13T08:10:43.278Z</time></trkpt><trkpt lat="42.780404" lon="-7.519174"><ele>653.609</ele><time>2024-08-13T08:10:46.278Z</time></trkpt><trkpt lat="42.780421" lon="-7.519237"><ele>653.619</ele><time>2024-08-13T08:10:50.278Z</time></trkpt><trkpt lat="42.780438" lon="-7.519307"><ele>653.309</ele><time>2024-08-13T08:10:55.278Z</time></trkpt><trkpt lat="42.780500" lon="-7.519349"><ele>653.022</ele><time>2024-08-13T08:10:59.278Z</time></trkpt><trkpt lat="42.780543" lon="-7.519389"><ele>652.189</ele><time>2024-08-13T08:11:03.278Z</time></trkpt><trkpt lat="42.780556" lon="-7.519459"><ele>650.511</ele><time>2024-08-13T08:11:07.278Z</time></trkpt><trkpt lat="42.780579" lon="-7.519516"><ele>650.549</ele><time>2024-08-13T08:11:10.278Z</time></trkpt><trkpt lat="42.780622" lon="-7.519553"><ele>650.055</ele><time>2024-08-13T08:11:13.278Z</time></trkpt><trkpt lat="42.780665" lon="-7.519591"><ele>649.738</ele><time>2024-08-13T08:11:16.278Z</time></trkpt><trkpt lat="42.780715" lon="-7.519609"><ele>649.782</ele><time>2024-08-13T08:11:19.278Z</time></trkpt><trkpt lat="42.780762" lon="-7.519647"><ele>648.446</ele><time>2024-08-13T08:11:23.278Z</time></trkpt><trkpt lat="42.780805" lon="-7.519672"><ele>647.437</ele><time>2024-08-13T08:11:26.278Z</time></trkpt><trkpt lat="42.780847" lon="-7.519707"><ele>646.519</ele><time>2024-08-13T08:11:30.278Z</time></trkpt><trkpt lat="42.780890" lon="-7.519752"><ele>646.109</ele><time>2024-08-13T08:11:34.278Z</time></trkpt><trkpt lat="42.780927" lon="-7.519792"><ele>645.819</ele><time>2024-08-13T08:11:37.278Z</time></trkpt><trkpt lat="42.780969" lon="-7.519845"><ele>645.009</ele><time>2024-08-13T08:11:41.278Z</time></trkpt><trkpt lat="42.781012" lon="-7.519895"><ele>643.962</ele><time>2024-08-13T08:11:45.278Z</time></trkpt><trkpt lat="42.781062" lon="-7.519938"><ele>643.119</ele><time>2024-08-13T08:11:49.278Z</time></trkpt><trkpt lat="42.781107" lon="-7.519981"><ele>642.731</ele><time>2024-08-13T08:11:53.278Z</time></trkpt><trkpt lat="42.781142" lon="-7.520024"><ele>642.359</ele><time>2024-08-13T08:11:57.278Z</time></trkpt><trkpt lat="42.781185" lon="-7.520082"><ele>641.615</ele><time>2024-08-13T08:12:01.278Z</time></trkpt><trkpt lat="42.781222" lon="-7.520130"><ele>641.338</ele><time>2024-08-13T08:12:05.278Z</time></trkpt><trkpt lat="42.781230" lon="-7.520193"><ele>640.632</ele><time>2024-08-13T08:12:08.278Z</time></trkpt><trkpt lat="42.781242" lon="-7.520255"><ele>640.356</ele><time>2024-08-13T08:12:11.278Z</time></trkpt><trkpt lat="42.781259" lon="-7.520320"><ele>640.317</ele><time>2024-08-13T08:12:15.278Z</time></trkpt><trkpt lat="42.781284" lon="-7.520378"><ele>640.066</ele><time>2024-08-13T08:12:18.278Z</time></trkpt><trkpt lat="42.781302" lon="-7.520435"><ele>639.629</ele><time>2024-08-13T08:12:21.278Z</time></trkpt><trkpt lat="42.781327" lon="-7.520500"><ele>638.321</ele><time>2024-08-13T08:12:25.278Z</time></trkpt><trkpt lat="42.781342" lon="-7.520565"><ele>636.509</ele><time>2024-08-13T08:12:29.278Z</time></trkpt><trkpt lat="42.781369" lon="-7.520633"><ele>636.187</ele><time>2024-08-13T08:12:33.278Z</time></trkpt><trkpt lat="42.781404" lon="-7.520681"><ele>636.194</ele><time>2024-08-13T08:12:37.278Z</time></trkpt><trkpt lat="42.781439" lon="-7.520728"><ele>636.196</ele><time>2024-08-13T08:12:40.278Z</time></trkpt><trkpt lat="42.781477" lon="-7.520765"><ele>636.584</ele><time>2024-08-13T08:12:43.278Z</time></trkpt><trkpt lat="42.781534" lon="-7.520762"><ele>636.840</ele><time>2024-08-13T08:12:47.278Z</time></trkpt><trkpt lat="42.781584" lon="-7.520782"><ele>637.033</ele><time>2024-08-13T08:12:51.278Z</time></trkpt><trkpt lat="42.781631" lon="-7.520764"><ele>637.177</ele><time>2024-08-13T08:12:57.278Z</time></trkpt><trkpt lat="42.781678" lon="-7.520751"><ele>637.271</ele><time>2024-08-13T08:13:01.278Z</time></trkpt><trkpt lat="42.781743" lon="-7.520751"><ele>637.232</ele><time>2024-08-13T08:13:04.278Z</time></trkpt><trkpt lat="42.781793" lon="-7.520764"><ele>637.579</ele><time>2024-08-13T08:13:10.278Z</time></trkpt><trkpt lat="42.781855" lon="-7.520786"><ele>637.605</ele><time>2024-08-13T08:13:13.278Z</time></trkpt><trkpt lat="42.781900" lon="-7.520818"><ele>637.425</ele><time>2024-08-13T08:13:16.278Z</time></trkpt><trkpt lat="42.781942" lon="-7.520853"><ele>636.409</ele><time>2024-08-13T08:13:23.278Z</time></trkpt><trkpt lat="42.781980" lon="-7.520918"><ele>635.928</ele><time>2024-08-13T08:13:27.278Z</time></trkpt><trkpt lat="42.782010" lon="-7.520981"><ele>634.335</ele><time>2024-08-13T08:13:33.278Z</time></trkpt><trkpt lat="42.782033" lon="-7.521034"><ele>634.137</ele><time>2024-08-13T08:13:37.278Z</time></trkpt><trkpt lat="42.782080" lon="-7.521076"><ele>633.885</ele><time>2024-08-13T08:13:42.278Z</time></trkpt><trkpt lat="42.782107" lon="-7.521133"><ele>633.531</ele><time>2024-08-13T08:13:45.278Z</time></trkpt><trkpt lat="42.782134" lon="-7.521195"><ele>632.854</ele><time>2024-08-13T08:13:49.278Z</time></trkpt><trkpt lat="42.782191" lon="-7.521230"><ele>631.668</ele><time>2024-08-13T08:13:53.278Z</time></trkpt><trkpt lat="42.782238" lon="-7.521223"><ele>631.552</ele><time>2024-08-13T08:13:56.278Z</time></trkpt><trkpt lat="42.782291" lon="-7.521210"><ele>631.293</ele><time>2024-08-13T08:14:00.278Z</time></trkpt><trkpt lat="42.782334" lon="-7.521188"><ele>631.067</ele><time>2024-08-13T08:14:04.278Z</time></trkpt><trkpt lat="42.782386" lon="-7.521178"><ele>631.281</ele><time>2024-08-13T08:14:11.278Z</time></trkpt><trkpt lat="42.782434" lon="-7.521150"><ele>631.219</ele><time>2024-08-13T08:14:14.278Z</time></trkpt><trkpt lat="42.782474" lon="-7.521107"><ele>631.309</ele><time>2024-08-13T08:14:18.278Z</time></trkpt><trkpt lat="42.782521" lon="-7.521102"><ele>631.587</ele><time>2024-08-13T08:14:24.278Z</time></trkpt><trkpt lat="42.782571" lon="-7.521115"><ele>631.414</ele><time>2024-08-13T08:14:29.278Z</time></trkpt><trkpt lat="42.782619" lon="-7.521095"><ele>630.916</ele><time>2024-08-13T08:14:34.278Z</time></trkpt><trkpt lat="42.782674" lon="-7.521083"><ele>630.234</ele><time>2024-08-13T08:14:39.278Z</time></trkpt><trkpt lat="42.782721" lon="-7.521083"><ele>630.020</ele><time>2024-08-13T08:14:42.278Z</time></trkpt><trkpt lat="42.782773" lon="-7.521093"><ele>629.383</ele><time>2024-08-13T08:14:45.278Z</time></trkpt><trkpt lat="42.782833" lon="-7.521111"><ele>628.267</ele><time>2024-08-13T08:14:48.278Z</time></trkpt><trkpt lat="42.782871" lon="-7.521168"><ele>627.091</ele><time>2024-08-13T08:14:52.278Z</time></trkpt><trkpt lat="42.782904" lon="-7.521215"><ele>627.082</ele><time>2024-08-13T08:14:56.278Z</time></trkpt><trkpt lat="42.782951" lon="-7.521233"><ele>627.441</ele><time>2024-08-13T08:15:00.278Z</time></trkpt><trkpt lat="42.782988" lon="-7.521193"><ele>629.181</ele><time>2024-08-13T08:15:06.278Z</time></trkpt><trkpt lat="42.783041" lon="-7.521220"><ele>632.309</ele><time>2024-08-13T08:15:32.278Z</time></trkpt><trkpt lat="42.783098" lon="-7.521218"><ele>632.109</ele><time>2024-08-13T08:15:36.278Z</time></trkpt><trkpt lat="42.783148" lon="-7.521236"><ele>631.375</ele><time>2024-08-13T08:15:40.278Z</time></trkpt><trkpt lat="42.783218" lon="-7.521233"><ele>630.432</ele><time>2024-08-13T08:15:45.278Z</time></trkpt><trkpt lat="42.783268" lon="-7.521230"><ele>630.384</ele><time>2024-08-13T08:15:49.278Z</time></trkpt><trkpt lat="42.783310" lon="-7.521257"><ele>630.052</ele><time>2024-08-13T08:15:55.278Z</time></trkpt><trkpt lat="42.783352" lon="-7.521295"><ele>629.818</ele><time>2024-08-13T08:16:00.278Z</time></trkpt><trkpt lat="42.783429" lon="-7.521330"><ele>629.271</ele><time>2024-08-13T08:16:05.278Z</time></trkpt><trkpt lat="42.783489" lon="-7.521352"><ele>629.225</ele><time>2024-08-13T08:16:09.278Z</time></trkpt><trkpt lat="42.783541" lon="-7.521374"><ele>628.599</ele><time>2024-08-13T08:16:12.278Z</time></trkpt><trkpt lat="42.783593" lon="-7.521381"><ele>625.050</ele><time>2024-08-13T08:16:17.278Z</time></trkpt><trkpt lat="42.783878" lon="-7.521183"><ele>623.892</ele><time>2024-08-13T08:16:35.278Z</time></trkpt><trkpt lat="42.783925" lon="-7.521150"><ele>622.573</ele><time>2024-08-13T08:16:36.278Z</time></trkpt><trkpt lat="42.783997" lon="-7.521110"><ele>621.920</ele><time>2024-08-13T08:16:38.278Z</time></trkpt><trkpt lat="42.784012" lon="-7.521043"><ele>623.509</ele><time>2024-08-13T08:16:45.278Z</time></trkpt><trkpt lat="42.784070" lon="-7.521041"><ele>627.320</ele><time>2024-08-13T08:16:54.278Z</time></trkpt><trkpt lat="42.784115" lon="-7.521071"><ele>626.337</ele><time>2024-08-13T08:17:00.278Z</time></trkpt><trkpt lat="42.784157" lon="-7.521099"><ele>625.769</ele><time>2024-08-13T08:17:03.278Z</time></trkpt><trkpt lat="42.784210" lon="-7.521119"><ele>625.457</ele><time>2024-08-13T08:17:06.278Z</time></trkpt><trkpt lat="42.784258" lon="-7.521149"><ele>624.673</ele><time>2024-08-13T08:17:10.278Z</time></trkpt><trkpt lat="42.784301" lon="-7.521187"><ele>624.426</ele><time>2024-08-13T08:17:15.278Z</time></trkpt><trkpt lat="42.784348" lon="-7.521222"><ele>624.670</ele><time>2024-08-13T08:17:20.278Z</time></trkpt><trkpt lat="42.784396" lon="-7.521247"><ele>624.824</ele><time>2024-08-13T08:17:25.278Z</time></trkpt><trkpt lat="42.784446" lon="-7.521252"><ele>625.815</ele><time>2024-08-13T08:17:28.278Z</time></trkpt><trkpt lat="42.784494" lon="-7.521277"><ele>627.123</ele><time>2024-08-13T08:17:33.278Z</time></trkpt><trkpt lat="42.784541" lon="-7.521314"><ele>627.283</ele><time>2024-08-13T08:17:37.278Z</time></trkpt><trkpt lat="42.784583" lon="-7.521342"><ele>627.211</ele><time>2024-08-13T08:17:42.278Z</time></trkpt><trkpt lat="42.784633" lon="-7.521375"><ele>626.909</ele><time>2024-08-13T08:17:50.278Z</time></trkpt><trkpt lat="42.784678" lon="-7.521392"><ele>626.713</ele><time>2024-08-13T08:17:54.278Z</time></trkpt><trkpt lat="42.784731" lon="-7.521437"><ele>626.010</ele><time>2024-08-13T08:17:58.278Z</time></trkpt><trkpt lat="42.784779" lon="-7.521455"><ele>626.222</ele><time>2024-08-13T08:18:03.278Z</time></trkpt><trkpt lat="42.784824" lon="-7.521480"><ele>626.260</ele><time>2024-08-13T08:18:07.278Z</time></trkpt><trkpt lat="42.784871" lon="-7.521507"><ele>626.966</ele><time>2024-08-13T08:18:12.278Z</time></trkpt><trkpt lat="42.784884" lon="-7.521572"><ele>627.999</ele><time>2024-08-13T08:18:18.278Z</time></trkpt><trkpt lat="42.784932" lon="-7.521620"><ele>628.513</ele><time>2024-08-13T08:18:23.278Z</time></trkpt><trkpt lat="42.785017" lon="-7.521735"><ele>629.697</ele><time>2024-08-13T08:18:30.278Z</time></trkpt><trkpt lat="42.785042" lon="-7.521787"><ele>629.718</ele><time>2024-08-13T08:18:33.278Z</time></trkpt><trkpt lat="42.785075" lon="-7.521829"><ele>629.896</ele><time>2024-08-13T08:18:36.278Z</time></trkpt><trkpt lat="42.785100" lon="-7.521881"><ele>629.831</ele><time>2024-08-13T08:18:39.278Z</time></trkpt><trkpt lat="42.785138" lon="-7.521929"><ele>628.424</ele><time>2024-08-13T08:18:50.278Z</time></trkpt><trkpt lat="42.785296" lon="-7.522176"><ele>628.309</ele><time>2024-08-13T08:19:07.278Z</time></trkpt><trkpt lat="42.785311" lon="-7.522248"><ele>629.790</ele><time>2024-08-13T08:19:11.278Z</time></trkpt><trkpt lat="42.785186" lon="-7.522618"><ele>634.227</ele><time>2024-08-13T08:19:34.278Z</time></trkpt><trkpt lat="42.785153" lon="-7.522680"><ele>635.189</ele><time>2024-08-13T08:19:38.278Z</time></trkpt><trkpt lat="42.785131" lon="-7.522752"><ele>635.727</ele><time>2024-08-13T08:19:42.278Z</time></trkpt><trkpt lat="42.785123" lon="-7.522832"><ele>636.133</ele><time>2024-08-13T08:19:46.278Z</time></trkpt><trkpt lat="42.785108" lon="-7.522900"><ele>637.026</ele><time>2024-08-13T08:19:51.278Z</time></trkpt><trkpt lat="42.785083" lon="-7.522953"><ele>637.370</ele><time>2024-08-13T08:19:54.278Z</time></trkpt><trkpt lat="42.785033" lon="-7.523013"><ele>637.344</ele><time>2024-08-13T08:19:59.278Z</time></trkpt><trkpt lat="42.785005" lon="-7.523150"><ele>637.335</ele><time>2024-08-13T08:20:09.278Z</time></trkpt><trkpt lat="42.785007" lon="-7.523220"><ele>637.347</ele><time>2024-08-13T08:20:16.278Z</time></trkpt><trkpt lat="42.784972" lon="-7.523260"><ele>637.029</ele><time>2024-08-13T08:20:19.278Z</time></trkpt><trkpt lat="42.784927" lon="-7.523313"><ele>637.121</ele><time>2024-08-13T08:20:24.278Z</time></trkpt><trkpt lat="42.784914" lon="-7.523376"><ele>637.409</ele><time>2024-08-13T08:20:27.278Z</time></trkpt><trkpt lat="42.784897" lon="-7.523454"><ele>637.045</ele><time>2024-08-13T08:20:31.278Z</time></trkpt><trkpt lat="42.784849" lon="-7.523526"><ele>638.192</ele><time>2024-08-13T08:20:37.278Z</time></trkpt><trkpt lat="42.784816" lon="-7.523599"><ele>638.164</ele><time>2024-08-13T08:20:42.278Z</time></trkpt><trkpt lat="42.784789" lon="-7.523654"><ele>636.172</ele><time>2024-08-13T08:20:46.278Z</time></trkpt><trkpt lat="42.784647" lon="-7.523946"><ele>635.888</ele><time>2024-08-13T08:21:04.278Z</time></trkpt><trkpt lat="42.784610" lon="-7.524006"><ele>635.921</ele><time>2024-08-13T08:21:08.278Z</time></trkpt><trkpt lat="42.784600" lon="-7.524073"><ele>636.145</ele><time>2024-08-13T08:21:12.278Z</time></trkpt><trkpt lat="42.784580" lon="-7.524143"><ele>637.429</ele><time>2024-08-13T08:21:15.278Z</time></trkpt><trkpt lat="42.784555" lon="-7.524195"><ele>638.550</ele><time>2024-08-13T08:21:18.278Z</time></trkpt><trkpt lat="42.784545" lon="-7.524257"><ele>639.639</ele><time>2024-08-13T08:21:21.278Z</time></trkpt><trkpt lat="42.784528" lon="-7.524324"><ele>641.401</ele><time>2024-08-13T08:21:25.278Z</time></trkpt><trkpt lat="42.784510" lon="-7.524387"><ele>641.221</ele><time>2024-08-13T08:21:31.278Z</time></trkpt><trkpt lat="42.784448" lon="-7.524540"><ele>640.909</ele><time>2024-08-13T08:21:41.278Z</time></trkpt><trkpt lat="42.784418" lon="-7.524602"><ele>640.944</ele><time>2024-08-13T08:21:45.278Z</time></trkpt><trkpt lat="42.784381" lon="-7.524659"><ele>641.351</ele><time>2024-08-13T08:21:49.278Z</time></trkpt><trkpt lat="42.784368" lon="-7.524719"><ele>643.523</ele><time>2024-08-13T08:21:52.278Z</time></trkpt><trkpt lat="42.784358" lon="-7.524786"><ele>644.121</ele><time>2024-08-13T08:21:55.278Z</time></trkpt><trkpt lat="42.784333" lon="-7.524863"><ele>644.567</ele><time>2024-08-13T08:21:59.278Z</time></trkpt><trkpt lat="42.784316" lon="-7.524933"><ele>644.570</ele><time>2024-08-13T08:22:04.278Z</time></trkpt><trkpt lat="42.784308" lon="-7.524995"><ele>644.234</ele><time>2024-08-13T08:22:08.278Z</time></trkpt><trkpt lat="42.784295" lon="-7.525065"><ele>644.028</ele><time>2024-08-13T08:22:12.278Z</time></trkpt><trkpt lat="42.784273" lon="-7.525128"><ele>642.189</ele><time>2024-08-13T08:22:16.278Z</time></trkpt><trkpt lat="42.784255" lon="-7.525186"><ele>641.342</ele><time>2024-08-13T08:22:20.278Z</time></trkpt><trkpt lat="42.784233" lon="-7.525243"><ele>641.022</ele><time>2024-08-13T08:22:24.278Z</time></trkpt><trkpt lat="42.784206" lon="-7.525301"><ele>640.814</ele><time>2024-08-13T08:22:28.278Z</time></trkpt><trkpt lat="42.784179" lon="-7.525354"><ele>640.609</ele><time>2024-08-13T08:22:31.278Z</time></trkpt><trkpt lat="42.784147" lon="-7.525409"><ele>640.455</ele><time>2024-08-13T08:22:36.278Z</time></trkpt><trkpt lat="42.784125" lon="-7.525479"><ele>640.382</ele><time>2024-08-13T08:22:40.278Z</time></trkpt><trkpt lat="42.784080" lon="-7.525526"><ele>640.334</ele><time>2024-08-13T08:22:45.278Z</time></trkpt><trkpt lat="42.784040" lon="-7.525574"><ele>640.222</ele><time>2024-08-13T08:22:49.278Z</time></trkpt><trkpt lat="42.784023" lon="-7.525636"><ele>639.548</ele><time>2024-08-13T08:22:53.278Z</time></trkpt><trkpt lat="42.784000" lon="-7.525708"><ele>639.011</ele><time>2024-08-13T08:22:57.278Z</time></trkpt><trkpt lat="42.784000" lon="-7.525770"><ele>638.775</ele><time>2024-08-13T08:23:00.278Z</time></trkpt><trkpt lat="42.784002" lon="-7.525838"><ele>637.339</ele><time>2024-08-13T08:23:04.278Z</time></trkpt><trkpt lat="42.783997" lon="-7.525911"><ele>637.040</ele><time>2024-08-13T08:23:08.278Z</time></trkpt><trkpt lat="42.783995" lon="-7.525984"><ele>636.976</ele><time>2024-08-13T08:23:11.278Z</time></trkpt><trkpt lat="42.783987" lon="-7.526049"><ele>637.290</ele><time>2024-08-13T08:23:14.278Z</time></trkpt><trkpt lat="42.784010" lon="-7.526104"><ele>637.219</ele><time>2024-08-13T08:23:17.278Z</time></trkpt><trkpt lat="42.784027" lon="-7.526176"><ele>637.009</ele><time>2024-08-13T08:23:22.278Z</time></trkpt><trkpt lat="42.784029" lon="-7.526251"><ele>636.558</ele><time>2024-08-13T08:23:26.278Z</time></trkpt><trkpt lat="42.784022" lon="-7.526329"><ele>636.595</ele><time>2024-08-13T08:23:29.278Z</time></trkpt><trkpt lat="42.784010" lon="-7.526397"><ele>636.567</ele><time>2024-08-13T08:23:32.278Z</time></trkpt><trkpt lat="42.784025" lon="-7.526465"><ele>636.735</ele><time>2024-08-13T08:23:37.278Z</time></trkpt><trkpt lat="42.784018" lon="-7.526540"><ele>638.531</ele><time>2024-08-13T08:23:43.278Z</time></trkpt><trkpt lat="42.783996" lon="-7.526597"><ele>639.914</ele><time>2024-08-13T08:23:46.278Z</time></trkpt><trkpt lat="42.783963" lon="-7.526662"><ele>640.788</ele><time>2024-08-13T08:23:50.278Z</time></trkpt><trkpt lat="42.783935" lon="-7.526719"><ele>641.032</ele><time>2024-08-13T08:23:54.278Z</time></trkpt><trkpt lat="42.783892" lon="-7.526767"><ele>641.443</ele><time>2024-08-13T08:23:57.278Z</time></trkpt><trkpt lat="42.783860" lon="-7.526817"><ele>641.774</ele><time>2024-08-13T08:24:01.278Z</time></trkpt><trkpt lat="42.783855" lon="-7.526892"><ele>641.756</ele><time>2024-08-13T08:24:05.279Z</time></trkpt><trkpt lat="42.783818" lon="-7.526940"><ele>636.521</ele><time>2024-08-13T08:24:16.279Z</time></trkpt><trkpt lat="42.783790" lon="-7.527025"><ele>634.009</ele><time>2024-08-13T08:24:21.279Z</time></trkpt><trkpt lat="42.783770" lon="-7.527082"><ele>633.368</ele><time>2024-08-13T08:24:24.279Z</time></trkpt><trkpt lat="42.783750" lon="-7.527142"><ele>632.915</ele><time>2024-08-13T08:24:27.279Z</time></trkpt><trkpt lat="42.783720" lon="-7.527209"><ele>632.147</ele><time>2024-08-13T08:24:31.279Z</time></trkpt><trkpt lat="42.783698" lon="-7.527267"><ele>631.885</ele><time>2024-08-13T08:24:34.279Z</time></trkpt><trkpt lat="42.783680" lon="-7.527327"><ele>631.811</ele><time>2024-08-13T08:24:37.279Z</time></trkpt><trkpt lat="42.783643" lon="-7.527380"><ele>631.694</ele><time>2024-08-13T08:24:42.279Z</time></trkpt><trkpt lat="42.783631" lon="-7.527448"><ele>631.788</ele><time>2024-08-13T08:24:45.279Z</time></trkpt><trkpt lat="42.783604" lon="-7.527511"><ele>631.872</ele><time>2024-08-13T08:24:49.279Z</time></trkpt><trkpt lat="42.783587" lon="-7.527584"><ele>631.973</ele><time>2024-08-13T08:24:53.279Z</time></trkpt><trkpt lat="42.783634" lon="-7.527644"><ele>631.987</ele><time>2024-08-13T08:24:58.279Z</time></trkpt><trkpt lat="42.783637" lon="-7.527722"><ele>632.442</ele><time>2024-08-13T08:25:02.279Z</time></trkpt><trkpt lat="42.783627" lon="-7.527790"><ele>633.026</ele><time>2024-08-13T08:25:06.279Z</time></trkpt><trkpt lat="42.783600" lon="-7.527860"><ele>633.409</ele><time>2024-08-13T08:25:10.279Z</time></trkpt><trkpt lat="42.783573" lon="-7.527917"><ele>635.699</ele><time>2024-08-13T08:25:13.279Z</time></trkpt><trkpt lat="42.783563" lon="-7.527992"><ele>637.896</ele><time>2024-08-13T08:25:16.279Z</time></trkpt><trkpt lat="42.783576" lon="-7.528059"><ele>641.268</ele><time>2024-08-13T08:25:19.279Z</time></trkpt><trkpt lat="42.783578" lon="-7.528141"><ele>641.616</ele><time>2024-08-13T08:25:23.279Z</time></trkpt><trkpt lat="42.783585" lon="-7.528218"><ele>641.952</ele><time>2024-08-13T08:25:27.279Z</time></trkpt><trkpt lat="42.783600" lon="-7.528298"><ele>642.115</ele><time>2024-08-13T08:25:30.279Z</time></trkpt><trkpt lat="42.783627" lon="-7.528350"><ele>642.269</ele><time>2024-08-13T08:25:34.279Z</time></trkpt><trkpt lat="42.783677" lon="-7.528348"><ele>642.173</ele><time>2024-08-13T08:25:37.279Z</time></trkpt><trkpt lat="42.783672" lon="-7.528420"><ele>642.234</ele><time>2024-08-13T08:25:43.279Z</time></trkpt><trkpt lat="42.783677" lon="-7.528780"><ele>652.037</ele><time>2024-08-13T08:26:00.279Z</time></trkpt><trkpt lat="42.783682" lon="-7.528862"><ele>654.049</ele><time>2024-08-13T08:26:02.279Z</time></trkpt><trkpt lat="42.783670" lon="-7.528927"><ele>655.913</ele><time>2024-08-13T08:26:04.279Z</time></trkpt><trkpt lat="42.783648" lon="-7.528987"><ele>656.409</ele><time>2024-08-13T08:26:07.279Z</time></trkpt><trkpt lat="42.783635" lon="-7.529064"><ele>656.294</ele><time>2024-08-13T08:26:11.279Z</time></trkpt><trkpt lat="42.783650" lon="-7.529142"><ele>654.251</ele><time>2024-08-13T08:26:15.279Z</time></trkpt><trkpt lat="42.783688" lon="-7.529194"><ele>653.913</ele><time>2024-08-13T08:26:18.279Z</time></trkpt><trkpt lat="42.783715" lon="-7.529264"><ele>653.721</ele><time>2024-08-13T08:26:21.279Z</time></trkpt><trkpt lat="42.783730" lon="-7.529339"><ele>653.537</ele><time>2024-08-13T08:26:24.279Z</time></trkpt><trkpt lat="42.783750" lon="-7.529401"><ele>652.770</ele><time>2024-08-13T08:26:28.279Z</time></trkpt><trkpt lat="42.783753" lon="-7.529468"><ele>650.824</ele><time>2024-08-13T08:26:34.279Z</time></trkpt><trkpt lat="42.783761" lon="-7.529530"><ele>648.868</ele><time>2024-08-13T08:26:38.279Z</time></trkpt><trkpt lat="42.783776" lon="-7.529595"><ele>646.859</ele><time>2024-08-13T08:26:42.279Z</time></trkpt><trkpt lat="42.783789" lon="-7.529665"><ele>643.994</ele><time>2024-08-13T08:26:46.279Z</time></trkpt><trkpt lat="42.783826" lon="-7.529715"><ele>642.457</ele><time>2024-08-13T08:26:50.279Z</time></trkpt><trkpt lat="42.783858" lon="-7.529762"><ele>642.222</ele><time>2024-08-13T08:26:54.279Z</time></trkpt><trkpt lat="42.783870" lon="-7.529837"><ele>642.109</ele><time>2024-08-13T08:26:59.279Z</time></trkpt><trkpt lat="42.783888" lon="-7.529902"><ele>644.040</ele><time>2024-08-13T08:27:05.279Z</time></trkpt><trkpt lat="42.783866" lon="-7.529984"><ele>646.987</ele><time>2024-08-13T08:27:10.279Z</time></trkpt><trkpt lat="42.783864" lon="-7.530051"><ele>648.449</ele><time>2024-08-13T08:27:13.279Z</time></trkpt><trkpt lat="42.783846" lon="-7.530128"><ele>649.817</ele><time>2024-08-13T08:27:16.279Z</time></trkpt><trkpt lat="42.783858" lon="-7.530195"><ele>650.593</ele><time>2024-08-13T08:27:21.279Z</time></trkpt><trkpt lat="42.783876" lon="-7.530257"><ele>650.556</ele><time>2024-08-13T08:27:26.279Z</time></trkpt><trkpt lat="42.783891" lon="-7.530337"><ele>650.410</ele><time>2024-08-13T08:27:30.279Z</time></trkpt><trkpt lat="42.783889" lon="-7.530405"><ele>650.454</ele><time>2024-08-13T08:27:34.279Z</time></trkpt><trkpt lat="42.783882" lon="-7.530480"><ele>650.615</ele><time>2024-08-13T08:27:39.279Z</time></trkpt><trkpt lat="42.783894" lon="-7.530542"><ele>650.362</ele><time>2024-08-13T08:27:42.279Z</time></trkpt><trkpt lat="42.783881" lon="-7.530610"><ele>650.583</ele><time>2024-08-13T08:27:46.279Z</time></trkpt><trkpt lat="42.783881" lon="-7.530682"><ele>650.311</ele><time>2024-08-13T08:27:50.279Z</time></trkpt><trkpt lat="42.783848" lon="-7.530729"><ele>648.909</ele><time>2024-08-13T08:27:53.279Z</time></trkpt><trkpt lat="42.783846" lon="-7.530802"><ele>647.257</ele><time>2024-08-13T08:27:57.279Z</time></trkpt><trkpt lat="42.783826" lon="-7.530867"><ele>647.254</ele><time>2024-08-13T08:28:00.279Z</time></trkpt><trkpt lat="42.783831" lon="-7.530940"><ele>647.236</ele><time>2024-08-13T08:28:03.279Z</time></trkpt><trkpt lat="42.783788" lon="-7.530993"><ele>647.224</ele><time>2024-08-13T08:28:08.279Z</time></trkpt><trkpt lat="42.783741" lon="-7.531023"><ele>647.160</ele><time>2024-08-13T08:28:11.279Z</time></trkpt><trkpt lat="42.783699" lon="-7.531051"><ele>646.963</ele><time>2024-08-13T08:28:14.279Z</time></trkpt><trkpt lat="42.783647" lon="-7.531074"><ele>646.187</ele><time>2024-08-13T08:28:17.279Z</time></trkpt><trkpt lat="42.783602" lon="-7.531116"><ele>645.881</ele><time>2024-08-13T08:28:20.279Z</time></trkpt><trkpt lat="42.783557" lon="-7.531173"><ele>645.322</ele><time>2024-08-13T08:28:24.279Z</time></trkpt><trkpt lat="42.783520" lon="-7.531215"><ele>644.046</ele><time>2024-08-13T08:28:27.279Z</time></trkpt><trkpt lat="42.783495" lon="-7.531277"><ele>642.988</ele><time>2024-08-13T08:28:30.279Z</time></trkpt><trkpt lat="42.783495" lon="-7.531344"><ele>642.116</ele><time>2024-08-13T08:28:33.279Z</time></trkpt><trkpt lat="42.783477" lon="-7.531421"><ele>640.809</ele><time>2024-08-13T08:28:37.279Z</time></trkpt><trkpt lat="42.783445" lon="-7.531471"><ele>640.855</ele><time>2024-08-13T08:28:43.279Z</time></trkpt><trkpt lat="42.783447" lon="-7.531534"><ele>640.832</ele><time>2024-08-13T08:28:48.279Z</time></trkpt><trkpt lat="42.783485" lon="-7.531587"><ele>640.894</ele><time>2024-08-13T08:28:54.279Z</time></trkpt><trkpt lat="42.783477" lon="-7.532147"><ele>645.882</ele><time>2024-08-13T08:29:27.279Z</time></trkpt><trkpt lat="42.783515" lon="-7.532495"><ele>647.368</ele><time>2024-08-13T08:29:40.279Z</time></trkpt><trkpt lat="42.783523" lon="-7.532573"><ele>647.471</ele><time>2024-08-13T08:29:43.279Z</time></trkpt><trkpt lat="42.783525" lon="-7.532651"><ele>647.335</ele><time>2024-08-13T08:29:47.279Z</time></trkpt><trkpt lat="42.783525" lon="-7.532716"><ele>647.399</ele><time>2024-08-13T08:29:51.279Z</time></trkpt><trkpt lat="42.783525" lon="-7.532783"><ele>647.380</ele><time>2024-08-13T08:29:55.279Z</time></trkpt><trkpt lat="42.783517" lon="-7.532851"><ele>647.468</ele><time>2024-08-13T08:29:58.279Z</time></trkpt><trkpt lat="42.783507" lon="-7.532919"><ele>647.442</ele><time>2024-08-13T08:30:02.279Z</time></trkpt><trkpt lat="42.783509" lon="-7.532991"><ele>647.426</ele><time>2024-08-13T08:30:06.279Z</time></trkpt><trkpt lat="42.783596" lon="-7.533211"><ele>645.809</ele><time>2024-08-13T08:30:16.279Z</time></trkpt><trkpt lat="42.783604" lon="-7.533288"><ele>645.897</ele><time>2024-08-13T08:30:20.279Z</time></trkpt><trkpt lat="42.783607" lon="-7.533356"><ele>645.434</ele><time>2024-08-13T08:30:24.279Z</time></trkpt><trkpt lat="42.783569" lon="-7.533403"><ele>643.816</ele><time>2024-08-13T08:30:29.279Z</time></trkpt><trkpt lat="42.783536" lon="-7.533455"><ele>643.394</ele><time>2024-08-13T08:30:34.279Z</time></trkpt><trkpt lat="42.783508" lon="-7.533518"><ele>643.130</ele><time>2024-08-13T08:30:39.279Z</time></trkpt><trkpt lat="42.783493" lon="-7.533600"><ele>643.173</ele><time>2024-08-13T08:30:43.279Z</time></trkpt><trkpt lat="42.783488" lon="-7.533667"><ele>643.147</ele><time>2024-08-13T08:30:46.279Z</time></trkpt><trkpt lat="42.783495" lon="-7.533732"><ele>643.291</ele><time>2024-08-13T08:30:50.279Z</time></trkpt><trkpt lat="42.783498" lon="-7.533799"><ele>643.152</ele><time>2024-08-13T08:30:54.279Z</time></trkpt><trkpt lat="42.783505" lon="-7.533864"><ele>643.126</ele><time>2024-08-13T08:30:57.279Z</time></trkpt><trkpt lat="42.783515" lon="-7.533931"><ele>642.147</ele><time>2024-08-13T08:31:01.279Z</time></trkpt><trkpt lat="42.783488" lon="-7.534026"><ele>640.511</ele><time>2024-08-13T08:31:06.279Z</time></trkpt><trkpt lat="42.783473" lon="-7.534089"><ele>640.209</ele><time>2024-08-13T08:31:09.279Z</time></trkpt><trkpt lat="42.783473" lon="-7.534171"><ele>639.333</ele><time>2024-08-13T08:31:13.279Z</time></trkpt><trkpt lat="42.783466" lon="-7.534241"><ele>638.080</ele><time>2024-08-13T08:31:17.279Z</time></trkpt><trkpt lat="42.783473" lon="-7.534318"><ele>636.262</ele><time>2024-08-13T08:31:24.279Z</time></trkpt><trkpt lat="42.783471" lon="-7.534383"><ele>635.080</ele><time>2024-08-13T08:31:27.279Z</time></trkpt><trkpt lat="42.783486" lon="-7.534443"><ele>633.066</ele><time>2024-08-13T08:31:31.279Z</time></trkpt><trkpt lat="42.783491" lon="-7.534511"><ele>631.969</ele><time>2024-08-13T08:31:34.279Z</time></trkpt><trkpt lat="42.783506" lon="-7.534574"><ele>631.543</ele><time>2024-08-13T08:31:37.279Z</time></trkpt><trkpt lat="42.783511" lon="-7.534642"><ele>630.537</ele><time>2024-08-13T08:31:40.279Z</time></trkpt><trkpt lat="42.783508" lon="-7.534719"><ele>629.928</ele><time>2024-08-13T08:31:43.279Z</time></trkpt><trkpt lat="42.783508" lon="-7.534797"><ele>629.831</ele><time>2024-08-13T08:31:46.279Z</time></trkpt><trkpt lat="42.783500" lon="-7.534875"><ele>629.661</ele><time>2024-08-13T08:31:49.279Z</time></trkpt><trkpt lat="42.783502" lon="-7.534942"><ele>629.407</ele><time>2024-08-13T08:31:52.279Z</time></trkpt><trkpt lat="42.783512" lon="-7.535004"><ele>628.709</ele><time>2024-08-13T08:31:56.279Z</time></trkpt><trkpt lat="42.783517" lon="-7.535074"><ele>628.654</ele><time>2024-08-13T08:31:59.279Z</time></trkpt><trkpt lat="42.783525" lon="-7.535142"><ele>628.571</ele><time>2024-08-13T08:32:04.279Z</time></trkpt><trkpt lat="42.783567" lon="-7.535184"><ele>628.363</ele><time>2024-08-13T08:32:09.279Z</time></trkpt><trkpt lat="42.783609" lon="-7.535234"><ele>628.211</ele><time>2024-08-13T08:32:13.279Z</time></trkpt><trkpt lat="42.783629" lon="-7.535304"><ele>626.637</ele><time>2024-08-13T08:32:17.279Z</time></trkpt><trkpt lat="42.783614" lon="-7.535364"><ele>625.580</ele><time>2024-08-13T08:32:20.279Z</time></trkpt><trkpt lat="42.783604" lon="-7.535427"><ele>623.124</ele><time>2024-08-13T08:32:24.279Z</time></trkpt><trkpt lat="42.783641" lon="-7.535482"><ele>620.978</ele><time>2024-08-13T08:32:28.279Z</time></trkpt><trkpt lat="42.783653" lon="-7.535554"><ele>618.969</ele><time>2024-08-13T08:32:31.279Z</time></trkpt><trkpt lat="42.783650" lon="-7.535636"><ele>616.463</ele><time>2024-08-13T08:32:34.279Z</time></trkpt><trkpt lat="42.783645" lon="-7.535701"><ele>614.444</ele><time>2024-08-13T08:32:37.279Z</time></trkpt><trkpt lat="42.783657" lon="-7.535761"><ele>614.018</ele><time>2024-08-13T08:32:40.279Z</time></trkpt><trkpt lat="42.783689" lon="-7.535823"><ele>612.309</ele><time>2024-08-13T08:32:45.279Z</time></trkpt><trkpt lat="42.783712" lon="-7.535878"><ele>612.197</ele><time>2024-08-13T08:32:49.279Z</time></trkpt><trkpt lat="42.783715" lon="-7.535948"><ele>610.774</ele><time>2024-08-13T08:32:53.279Z</time></trkpt><trkpt lat="42.783787" lon="-7.536290"><ele>608.256</ele><time>2024-08-13T08:33:13.279Z</time></trkpt><trkpt lat="42.783785" lon="-7.536365"><ele>607.184</ele><time>2024-08-13T08:33:18.279Z</time></trkpt><trkpt lat="42.783798" lon="-7.536438"><ele>605.770</ele><time>2024-08-13T08:33:23.279Z</time></trkpt><trkpt lat="42.783800" lon="-7.536553"><ele>605.163</ele><time>2024-08-13T08:33:28.279Z</time></trkpt><trkpt lat="42.783810" lon="-7.536623"><ele>605.127</ele><time>2024-08-13T08:33:32.279Z</time></trkpt><trkpt lat="42.783825" lon="-7.536693"><ele>605.151</ele><time>2024-08-13T08:33:36.279Z</time></trkpt><trkpt lat="42.783848" lon="-7.536758"><ele>606.242</ele><time>2024-08-13T08:33:41.279Z</time></trkpt><trkpt lat="42.783851" lon="-7.536831"><ele>607.081</ele><time>2024-08-13T08:33:45.279Z</time></trkpt><trkpt lat="42.783861" lon="-7.536901"><ele>607.261</ele><time>2024-08-13T08:33:48.279Z</time></trkpt><trkpt lat="42.783854" lon="-7.536974"><ele>607.517</ele><time>2024-08-13T08:33:51.279Z</time></trkpt><trkpt lat="42.783844" lon="-7.537037"><ele>607.809</ele><time>2024-08-13T08:33:55.279Z</time></trkpt><trkpt lat="42.783851" lon="-7.537119"><ele>608.259</ele><time>2024-08-13T08:33:59.279Z</time></trkpt><trkpt lat="42.783866" lon="-7.537184"><ele>608.416</ele><time>2024-08-13T08:34:02.279Z</time></trkpt><trkpt lat="42.783878" lon="-7.537257"><ele>608.848</ele><time>2024-08-13T08:34:06.279Z</time></trkpt><trkpt lat="42.783885" lon="-7.537325"><ele>609.176</ele><time>2024-08-13T08:34:09.279Z</time></trkpt><trkpt lat="42.783875" lon="-7.537397"><ele>610.942</ele><time>2024-08-13T08:34:13.279Z</time></trkpt><trkpt lat="42.783877" lon="-7.537465"><ele>612.055</ele><time>2024-08-13T08:34:17.279Z</time></trkpt><trkpt lat="42.783874" lon="-7.537537"><ele>613.089</ele><time>2024-08-13T08:34:22.279Z</time></trkpt><trkpt lat="42.783892" lon="-7.537607"><ele>614.053</ele><time>2024-08-13T08:34:27.279Z</time></trkpt><trkpt lat="42.783915" lon="-7.537677"><ele>614.774</ele><time>2024-08-13T08:34:31.279Z</time></trkpt><trkpt lat="42.783923" lon="-7.537749"><ele>616.093</ele><time>2024-08-13T08:34:36.279Z</time></trkpt><trkpt lat="42.783943" lon="-7.537806"><ele>617.065</ele><time>2024-08-13T08:34:39.279Z</time></trkpt><trkpt lat="42.783968" lon="-7.537873"><ele>617.921</ele><time>2024-08-13T08:34:42.279Z</time></trkpt><trkpt lat="42.783986" lon="-7.537933"><ele>618.109</ele><time>2024-08-13T08:34:45.279Z</time></trkpt><trkpt lat="42.784008" lon="-7.538000"><ele>618.370</ele><time>2024-08-13T08:34:49.279Z</time></trkpt><trkpt lat="42.784033" lon="-7.538072"><ele>618.377</ele><time>2024-08-13T08:34:54.279Z</time></trkpt><trkpt lat="42.784063" lon="-7.538132"><ele>618.149</ele><time>2024-08-13T08:35:00.279Z</time></trkpt><trkpt lat="42.784081" lon="-7.538207"><ele>617.937</ele><time>2024-08-13T08:35:05.279Z</time></trkpt><trkpt lat="42.784106" lon="-7.538267"><ele>617.643</ele><time>2024-08-13T08:35:09.279Z</time></trkpt><trkpt lat="42.784123" lon="-7.538340"><ele>615.016</ele><time>2024-08-13T08:35:13.279Z</time></trkpt><trkpt lat="42.784128" lon="-7.538402"><ele>614.640</ele><time>2024-08-13T08:35:16.279Z</time></trkpt><trkpt lat="42.784138" lon="-7.538469"><ele>614.664</ele><time>2024-08-13T08:35:21.279Z</time></trkpt><trkpt lat="42.784191" lon="-7.538787"><ele>615.145</ele><time>2024-08-13T08:35:43.279Z</time></trkpt><trkpt lat="42.784189" lon="-7.538862"><ele>615.761</ele><time>2024-08-13T08:35:47.279Z</time></trkpt><trkpt lat="42.784192" lon="-7.538932"><ele>615.921</ele><time>2024-08-13T08:35:51.279Z</time></trkpt><trkpt lat="42.784187" lon="-7.538994"><ele>617.513</ele><time>2024-08-13T08:35:54.279Z</time></trkpt><trkpt lat="42.784215" lon="-7.539067"><ele>619.709</ele><time>2024-08-13T08:35:57.279Z</time></trkpt><trkpt lat="42.784227" lon="-7.539129"><ele>621.717</ele><time>2024-08-13T08:36:00.279Z</time></trkpt><trkpt lat="42.784230" lon="-7.539192"><ele>623.774</ele><time>2024-08-13T08:36:04.279Z</time></trkpt><trkpt lat="42.784208" lon="-7.539257"><ele>624.746</ele><time>2024-08-13T08:36:07.279Z</time></trkpt><trkpt lat="42.784178" lon="-7.539324"><ele>625.474</ele><time>2024-08-13T08:36:12.279Z</time></trkpt><trkpt lat="42.784181" lon="-7.539391"><ele>626.350</ele><time>2024-08-13T08:36:16.280Z</time></trkpt><trkpt lat="42.784163" lon="-7.539449"><ele>626.933</ele><time>2024-08-13T08:36:20.280Z</time></trkpt><trkpt lat="42.784168" lon="-7.539532"><ele>627.447</ele><time>2024-08-13T08:36:24.280Z</time></trkpt><trkpt lat="42.784175" lon="-7.539612"><ele>628.011</ele><time>2024-08-13T08:36:27.280Z</time></trkpt><trkpt lat="42.784172" lon="-7.539677"><ele>629.462</ele><time>2024-08-13T08:36:30.280Z</time></trkpt><trkpt lat="42.784170" lon="-7.539752"><ele>630.376</ele><time>2024-08-13T08:36:35.280Z</time></trkpt><trkpt lat="42.784200" lon="-7.539809"><ele>630.890</ele><time>2024-08-13T08:36:40.280Z</time></trkpt><trkpt lat="42.784225" lon="-7.539901"><ele>630.719</ele><time>2024-08-13T08:36:46.280Z</time></trkpt><trkpt lat="42.784243" lon="-7.539971"><ele>630.009</ele><time>2024-08-13T08:36:50.280Z</time></trkpt><trkpt lat="42.784248" lon="-7.540053"><ele>625.588</ele><time>2024-08-13T08:36:55.280Z</time></trkpt><trkpt lat="42.784265" lon="-7.540111"><ele>624.235</ele><time>2024-08-13T08:36:58.280Z</time></trkpt><trkpt lat="42.784265" lon="-7.540179"><ele>620.177</ele><time>2024-08-13T08:37:02.280Z</time></trkpt><trkpt lat="42.784272" lon="-7.540246"><ele>617.665</ele><time>2024-08-13T08:37:06.280Z</time></trkpt><trkpt lat="42.784302" lon="-7.540306"><ele>616.591</ele><time>2024-08-13T08:37:10.280Z</time></trkpt><trkpt lat="42.784330" lon="-7.540354"><ele>616.164</ele><time>2024-08-13T08:37:14.280Z</time></trkpt><trkpt lat="42.784348" lon="-7.540421"><ele>615.488</ele><time>2024-08-13T08:37:18.280Z</time></trkpt><trkpt lat="42.784366" lon="-7.540494"><ele>613.332</ele><time>2024-08-13T08:37:22.280Z</time></trkpt><trkpt lat="42.784391" lon="-7.540551"><ele>610.943</ele><time>2024-08-13T08:37:26.280Z</time></trkpt><trkpt lat="42.784401" lon="-7.540616"><ele>609.317</ele><time>2024-08-13T08:37:30.280Z</time></trkpt><trkpt lat="42.784409" lon="-7.540683"><ele>609.087</ele><time>2024-08-13T08:37:34.280Z</time></trkpt><trkpt lat="42.784416" lon="-7.540751"><ele>609.815</ele><time>2024-08-13T08:37:43.280Z</time></trkpt><trkpt lat="42.784521" lon="-7.540976"><ele>618.509</ele><time>2024-08-13T08:37:57.280Z</time></trkpt><trkpt lat="42.784536" lon="-7.541049"><ele>618.652</ele><time>2024-08-13T08:38:00.280Z</time></trkpt><trkpt lat="42.784584" lon="-7.541084"><ele>618.789</ele><time>2024-08-13T08:38:04.280Z</time></trkpt><trkpt lat="42.784612" lon="-7.541136"><ele>618.731</ele><time>2024-08-13T08:38:08.280Z</time></trkpt><trkpt lat="42.784635" lon="-7.541204"><ele>618.889</ele><time>2024-08-13T08:38:11.280Z</time></trkpt><trkpt lat="42.784667" lon="-7.541267"><ele>619.165</ele><time>2024-08-13T08:38:14.280Z</time></trkpt><trkpt lat="42.784709" lon="-7.541324"><ele>620.198</ele><time>2024-08-13T08:38:17.280Z</time></trkpt><trkpt lat="42.784749" lon="-7.541372"><ele>621.292</ele><time>2024-08-13T08:38:21.280Z</time></trkpt><trkpt lat="42.784779" lon="-7.541432"><ele>621.176</ele><time>2024-08-13T08:38:25.280Z</time></trkpt><trkpt lat="42.784811" lon="-7.541492"><ele>621.097</ele><time>2024-08-13T08:38:29.280Z</time></trkpt><trkpt lat="42.784838" lon="-7.541545"><ele>620.367</ele><time>2024-08-13T08:38:33.280Z</time></trkpt><trkpt lat="42.784876" lon="-7.541578"><ele>619.881</ele><time>2024-08-13T08:38:40.280Z</time></trkpt><trkpt lat="42.784896" lon="-7.541635"><ele>618.719</ele><time>2024-08-13T08:38:44.280Z</time></trkpt><trkpt lat="42.784931" lon="-7.541697"><ele>617.209</ele><time>2024-08-13T08:38:47.280Z</time></trkpt><trkpt lat="42.784939" lon="-7.541779"><ele>615.087</ele><time>2024-08-13T08:38:51.280Z</time></trkpt><trkpt lat="42.784941" lon="-7.541852"><ele>614.264</ele><time>2024-08-13T08:38:55.280Z</time></trkpt><trkpt lat="42.784943" lon="-7.541952"><ele>609.956</ele><time>2024-08-13T08:39:36.280Z</time></trkpt><trkpt lat="42.784961" lon="-7.542010"><ele>611.554</ele><time>2024-08-13T08:40:32.280Z</time></trkpt><trkpt lat="42.785001" lon="-7.542062"><ele>613.180</ele><time>2024-08-13T08:40:53.280Z</time></trkpt><trkpt lat="42.785013" lon="-7.542129"><ele>613.393</ele><time>2024-08-13T08:40:58.280Z</time></trkpt><trkpt lat="42.785045" lon="-7.542237"><ele>613.557</ele><time>2024-08-13T08:41:06.280Z</time></trkpt><trkpt lat="42.785057" lon="-7.542299"><ele>613.861</ele><time>2024-08-13T08:41:10.280Z</time></trkpt><trkpt lat="42.785074" lon="-7.542362"><ele>614.662</ele><time>2024-08-13T08:41:14.280Z</time></trkpt><trkpt lat="42.785021" lon="-7.542402"><ele>614.958</ele><time>2024-08-13T08:41:19.280Z</time></trkpt><trkpt lat="42.784969" lon="-7.542412"><ele>615.552</ele><time>2024-08-13T08:41:22.280Z</time></trkpt><trkpt lat="42.784924" lon="-7.542424"><ele>615.717</ele><time>2024-08-13T08:41:25.280Z</time></trkpt><trkpt lat="42.784884" lon="-7.542457"><ele>615.709</ele><time>2024-08-13T08:41:29.280Z</time></trkpt><trkpt lat="42.784846" lon="-7.542505"><ele>615.666</ele><time>2024-08-13T08:41:33.280Z</time></trkpt><trkpt lat="42.784818" lon="-7.542578"><ele>615.413</ele><time>2024-08-13T08:41:37.280Z</time></trkpt><trkpt lat="42.784793" lon="-7.542630"><ele>615.095</ele><time>2024-08-13T08:41:40.280Z</time></trkpt><trkpt lat="42.784740" lon="-7.542650"><ele>614.033</ele><time>2024-08-13T08:41:45.280Z</time></trkpt><trkpt lat="42.784750" lon="-7.542715"><ele>613.699</ele><time>2024-08-13T08:41:49.280Z</time></trkpt><trkpt lat="42.784772" lon="-7.542783"><ele>612.462</ele><time>2024-08-13T08:41:52.280Z</time></trkpt><trkpt lat="42.784774" lon="-7.542851"><ele>611.726</ele><time>2024-08-13T08:41:55.280Z</time></trkpt><trkpt lat="42.784784" lon="-7.542916"><ele>611.170</ele><time>2024-08-13T08:41:58.280Z</time></trkpt><trkpt lat="42.784776" lon="-7.542978"><ele>610.081</ele><time>2024-08-13T08:42:03.280Z</time></trkpt><trkpt lat="42.784726" lon="-7.542923"><ele>611.967</ele><time>2024-08-13T08:43:03.280Z</time></trkpt><trkpt lat="42.784858" lon="-7.543376"><ele>609.981</ele><time>2024-08-13T08:44:49.280Z</time></trkpt><trkpt lat="42.784851" lon="-7.543438"><ele>605.619</ele><time>2024-08-13T08:44:52.280Z</time></trkpt><trkpt lat="42.784874" lon="-7.543500"><ele>604.109</ele><time>2024-08-13T08:44:56.280Z</time></trkpt><trkpt lat="42.784896" lon="-7.543560"><ele>602.647</ele><time>2024-08-13T08:45:02.280Z</time></trkpt><trkpt lat="42.784903" lon="-7.543633"><ele>601.424</ele><time>2024-08-13T08:45:06.280Z</time></trkpt><trkpt lat="42.784905" lon="-7.543695"><ele>600.666</ele><time>2024-08-13T08:45:10.280Z</time></trkpt><trkpt lat="42.784918" lon="-7.543765"><ele>599.944</ele><time>2024-08-13T08:45:15.280Z</time></trkpt><trkpt lat="42.784938" lon="-7.543825"><ele>599.870</ele><time>2024-08-13T08:45:19.280Z</time></trkpt><trkpt lat="42.784938" lon="-7.543888"><ele>599.693</ele><time>2024-08-13T08:45:23.280Z</time></trkpt><trkpt lat="42.784933" lon="-7.543966"><ele>599.327</ele><time>2024-08-13T08:45:27.280Z</time></trkpt><trkpt lat="42.784930" lon="-7.544048"><ele>598.941</ele><time>2024-08-13T08:45:34.280Z</time></trkpt><trkpt lat="42.784915" lon="-7.544116"><ele>598.832</ele><time>2024-08-13T08:45:37.280Z</time></trkpt><trkpt lat="42.784908" lon="-7.544196"><ele>599.275</ele><time>2024-08-13T08:45:40.280Z</time></trkpt><trkpt lat="42.784916" lon="-7.544268"><ele>599.328</ele><time>2024-08-13T08:45:43.280Z</time></trkpt><trkpt lat="42.784919" lon="-7.544330"><ele>600.720</ele><time>2024-08-13T08:45:46.280Z</time></trkpt><trkpt lat="42.784917" lon="-7.544410"><ele>600.709</ele><time>2024-08-13T08:45:50.280Z</time></trkpt><trkpt lat="42.784905" lon="-7.544482"><ele>600.738</ele><time>2024-08-13T08:45:53.280Z</time></trkpt><trkpt lat="42.784892" lon="-7.544552"><ele>599.885</ele><time>2024-08-13T08:45:58.280Z</time></trkpt><trkpt lat="42.784892" lon="-7.544614"><ele>599.547</ele><time>2024-08-13T08:46:03.280Z</time></trkpt><trkpt lat="42.784824" lon="-7.544947"><ele>598.445</ele><time>2024-08-13T08:46:18.280Z</time></trkpt><trkpt lat="42.784779" lon="-7.544992"><ele>598.641</ele><time>2024-08-13T08:46:22.280Z</time></trkpt><trkpt lat="42.784491" lon="-7.545432"><ele>609.674</ele><time>2024-08-13T08:47:16.280Z</time></trkpt><trkpt lat="42.784436" lon="-7.545485"><ele>607.598</ele><time>2024-08-13T08:47:21.280Z</time></trkpt><trkpt lat="42.784406" lon="-7.545542"><ele>604.012</ele><time>2024-08-13T08:47:28.280Z</time></trkpt><trkpt lat="42.784404" lon="-7.545609"><ele>604.413</ele><time>2024-08-13T08:47:32.280Z</time></trkpt><trkpt lat="42.784386" lon="-7.545686"><ele>604.456</ele><time>2024-08-13T08:47:36.280Z</time></trkpt><trkpt lat="42.784394" lon="-7.545769"><ele>605.359</ele><time>2024-08-13T08:47:40.280Z</time></trkpt><trkpt lat="42.784376" lon="-7.545827"><ele>606.214</ele><time>2024-08-13T08:47:42.280Z</time></trkpt><trkpt lat="42.784364" lon="-7.545892"><ele>607.509</ele><time>2024-08-13T08:47:46.280Z</time></trkpt><trkpt lat="42.784354" lon="-7.545982"><ele>607.746</ele><time>2024-08-13T08:47:49.280Z</time></trkpt><trkpt lat="42.784346" lon="-7.546044"><ele>608.293</ele><time>2024-08-13T08:47:51.280Z</time></trkpt><trkpt lat="42.784349" lon="-7.546109"><ele>608.735</ele><time>2024-08-13T08:47:54.280Z</time></trkpt><trkpt lat="42.784399" lon="-7.546122"><ele>610.063</ele><time>2024-08-13T08:47:58.280Z</time></trkpt><trkpt lat="42.784454" lon="-7.546145"><ele>612.029</ele><time>2024-08-13T08:48:04.280Z</time></trkpt><trkpt lat="42.784499" lon="-7.546142"><ele>613.582</ele><time>2024-08-13T08:48:09.280Z</time></trkpt><trkpt lat="42.784544" lon="-7.546182"><ele>615.276</ele><time>2024-08-13T08:48:14.280Z</time></trkpt><trkpt lat="42.784581" lon="-7.546234"><ele>616.530</ele><time>2024-08-13T08:48:18.280Z</time></trkpt><trkpt lat="42.784633" lon="-7.546249"><ele>618.191</ele><time>2024-08-13T08:48:23.280Z</time></trkpt><trkpt lat="42.784685" lon="-7.546271"><ele>620.336</ele><time>2024-08-13T08:48:29.280Z</time></trkpt><trkpt lat="42.784730" lon="-7.546291"><ele>620.717</ele><time>2024-08-13T08:48:33.280Z</time></trkpt><trkpt lat="42.784783" lon="-7.546304"><ele>621.118</ele><time>2024-08-13T08:48:37.280Z</time></trkpt><trkpt lat="42.784830" lon="-7.546337"><ele>621.809</ele><time>2024-08-13T08:48:41.280Z</time></trkpt><trkpt lat="42.784875" lon="-7.546344"><ele>623.014</ele><time>2024-08-13T08:48:47.280Z</time></trkpt><trkpt lat="42.784925" lon="-7.546674"><ele>635.491</ele><time>2024-08-13T08:49:27.280Z</time></trkpt><trkpt lat="42.784912" lon="-7.546734"><ele>635.683</ele><time>2024-08-13T08:49:30.280Z</time></trkpt><trkpt lat="42.784922" lon="-7.546802"><ele>634.321</ele><time>2024-08-13T08:49:35.280Z</time></trkpt><trkpt lat="42.784932" lon="-7.546870"><ele>633.847</ele><time>2024-08-13T08:49:38.280Z</time></trkpt><trkpt lat="42.784894" lon="-7.546930"><ele>631.360</ele><time>2024-08-13T08:49:42.280Z</time></trkpt><trkpt lat="42.784851" lon="-7.546960"><ele>630.734</ele><time>2024-08-13T08:49:46.280Z</time></trkpt><trkpt lat="42.784824" lon="-7.547010"><ele>630.628</ele><time>2024-08-13T08:49:50.280Z</time></trkpt><trkpt lat="42.784769" lon="-7.547028"><ele>630.629</ele><time>2024-08-13T08:49:55.280Z</time></trkpt><trkpt lat="42.784719" lon="-7.547058"><ele>630.363</ele><time>2024-08-13T08:49:59.280Z</time></trkpt><trkpt lat="42.784689" lon="-7.547113"><ele>630.244</ele><time>2024-08-13T08:50:03.280Z</time></trkpt><trkpt lat="42.784654" lon="-7.547163"><ele>630.218</ele><time>2024-08-13T08:50:06.280Z</time></trkpt><trkpt lat="42.784611" lon="-7.547211"><ele>629.209</ele><time>2024-08-13T08:50:10.280Z</time></trkpt><trkpt lat="42.784571" lon="-7.547251"><ele>628.827</ele><time>2024-08-13T08:50:15.280Z</time></trkpt><trkpt lat="42.784549" lon="-7.547313"><ele>627.554</ele><time>2024-08-13T08:50:19.280Z</time></trkpt><trkpt lat="42.784537" lon="-7.547386"><ele>625.986</ele><time>2024-08-13T08:50:23.280Z</time></trkpt><trkpt lat="42.784527" lon="-7.547451"><ele>624.154</ele><time>2024-08-13T08:50:26.280Z</time></trkpt><trkpt lat="42.784505" lon="-7.547506"><ele>622.270</ele><time>2024-08-13T08:50:29.280Z</time></trkpt><trkpt lat="42.784478" lon="-7.547561"><ele>620.153</ele><time>2024-08-13T08:50:32.280Z</time></trkpt><trkpt lat="42.784458" lon="-7.547633"><ele>618.047</ele><time>2024-08-13T08:50:36.280Z</time></trkpt><trkpt lat="42.784450" lon="-7.547710"><ele>618.061</ele><time>2024-08-13T08:50:40.280Z</time></trkpt><trkpt lat="42.784453" lon="-7.547783"><ele>617.942</ele><time>2024-08-13T08:50:44.280Z</time></trkpt><trkpt lat="42.784435" lon="-7.547851"><ele>618.469</ele><time>2024-08-13T08:50:48.280Z</time></trkpt><trkpt lat="42.784397" lon="-7.547896"><ele>619.304</ele><time>2024-08-13T08:50:52.280Z</time></trkpt><trkpt lat="42.784357" lon="-7.547941"><ele>619.624</ele><time>2024-08-13T08:50:56.280Z</time></trkpt><trkpt lat="42.784334" lon="-7.548009"><ele>619.909</ele><time>2024-08-13T08:50:59.280Z</time></trkpt><trkpt lat="42.784296" lon="-7.548066"><ele>620.137</ele><time>2024-08-13T08:51:02.280Z</time></trkpt><trkpt lat="42.784264" lon="-7.548116"><ele>620.224</ele><time>2024-08-13T08:51:05.280Z</time></trkpt><trkpt lat="42.784234" lon="-7.548181"><ele>620.276</ele><time>2024-08-13T08:51:08.280Z</time></trkpt><trkpt lat="42.784202" lon="-7.548231"><ele>620.254</ele><time>2024-08-13T08:51:11.280Z</time></trkpt><trkpt lat="42.784182" lon="-7.548303"><ele>619.810</ele><time>2024-08-13T08:51:15.280Z</time></trkpt><trkpt lat="42.784167" lon="-7.548366"><ele>619.513</ele><time>2024-08-13T08:51:21.280Z</time></trkpt><trkpt lat="42.784124" lon="-7.548419"><ele>619.177</ele><time>2024-08-13T08:51:25.280Z</time></trkpt><trkpt lat="42.784104" lon="-7.548477"><ele>619.141</ele><time>2024-08-13T08:51:29.280Z</time></trkpt><trkpt lat="42.784096" lon="-7.548545"><ele>619.232</ele><time>2024-08-13T08:51:32.280Z</time></trkpt><trkpt lat="42.784078" lon="-7.548615"><ele>619.281</ele><time>2024-08-13T08:51:35.280Z</time></trkpt><trkpt lat="42.784071" lon="-7.548697"><ele>619.261</ele><time>2024-08-13T08:51:39.280Z</time></trkpt><trkpt lat="42.784053" lon="-7.548757"><ele>619.217</ele><time>2024-08-13T08:51:44.280Z</time></trkpt><trkpt lat="42.784040" lon="-7.548835"><ele>617.309</ele><time>2024-08-13T08:51:49.280Z</time></trkpt><trkpt lat="42.784040" lon="-7.548913"><ele>616.949</ele><time>2024-08-13T08:51:53.280Z</time></trkpt><trkpt lat="42.784035" lon="-7.548976"><ele>616.586</ele><time>2024-08-13T08:51:56.280Z</time></trkpt><trkpt lat="42.784028" lon="-7.549053"><ele>616.298</ele><time>2024-08-13T08:52:00.280Z</time></trkpt><trkpt lat="42.784020" lon="-7.549116"><ele>616.266</ele><time>2024-08-13T08:52:03.280Z</time></trkpt><trkpt lat="42.784022" lon="-7.549186"><ele>616.272</ele><time>2024-08-13T08:52:07.280Z</time></trkpt><trkpt lat="42.784022" lon="-7.549266"><ele>616.225</ele><time>2024-08-13T08:52:13.280Z</time></trkpt><trkpt lat="42.783994" lon="-7.549333"><ele>615.769</ele><time>2024-08-13T08:53:03.280Z</time></trkpt><trkpt lat="42.783997" lon="-7.549413"><ele>615.653</ele><time>2024-08-13T08:53:08.280Z</time></trkpt><trkpt lat="42.784000" lon="-7.549498"><ele>615.134</ele><time>2024-08-13T08:53:13.280Z</time></trkpt><trkpt lat="42.783982" lon="-7.549593"><ele>613.334</ele><time>2024-08-13T08:53:19.280Z</time></trkpt><trkpt lat="42.784002" lon="-7.549658"><ele>612.055</ele><time>2024-08-13T08:53:25.280Z</time></trkpt><trkpt lat="42.783994" lon="-7.549746"><ele>610.610</ele><time>2024-08-13T08:53:29.280Z</time></trkpt><trkpt lat="42.783987" lon="-7.549814"><ele>610.509</ele><time>2024-08-13T08:53:32.280Z</time></trkpt><trkpt lat="42.783982" lon="-7.549881"><ele>610.524</ele><time>2024-08-13T08:53:36.280Z</time></trkpt><trkpt lat="42.783975" lon="-7.549948"><ele>612.011</ele><time>2024-08-13T08:53:41.280Z</time></trkpt><trkpt lat="42.783970" lon="-7.550035"><ele>612.973</ele><time>2024-08-13T08:53:44.280Z</time></trkpt><trkpt lat="42.783975" lon="-7.550100"><ele>613.771</ele><time>2024-08-13T08:53:46.280Z</time></trkpt><trkpt lat="42.783978" lon="-7.550173"><ele>614.097</ele><time>2024-08-13T08:53:49.280Z</time></trkpt><trkpt lat="42.784001" lon="-7.550233"><ele>613.990</ele><time>2024-08-13T08:53:54.280Z</time></trkpt><trkpt lat="42.784013" lon="-7.550303"><ele>613.444</ele><time>2024-08-13T08:53:58.280Z</time></trkpt><trkpt lat="42.784013" lon="-7.550366"><ele>613.428</ele><time>2024-08-13T08:54:01.280Z</time></trkpt><trkpt lat="42.784031" lon="-7.550433"><ele>613.419</ele><time>2024-08-13T08:54:05.280Z</time></trkpt><trkpt lat="42.784063" lon="-7.550485"><ele>613.481</ele><time>2024-08-13T08:54:08.280Z</time></trkpt><trkpt lat="42.784093" lon="-7.550533"><ele>614.061</ele><time>2024-08-13T08:54:11.280Z</time></trkpt><trkpt lat="42.784135" lon="-7.550565"><ele>614.217</ele><time>2024-08-13T08:54:15.280Z</time></trkpt><trkpt lat="42.784165" lon="-7.550638"><ele>614.309</ele><time>2024-08-13T08:54:19.280Z</time></trkpt><trkpt lat="42.784182" lon="-7.550701"><ele>614.419</ele><time>2024-08-13T08:54:22.280Z</time></trkpt><trkpt lat="42.784197" lon="-7.550776"><ele>614.326</ele><time>2024-08-13T08:54:26.280Z</time></trkpt><trkpt lat="42.784214" lon="-7.550851"><ele>614.268</ele><time>2024-08-13T08:54:30.280Z</time></trkpt><trkpt lat="42.784236" lon="-7.550909"><ele>613.666</ele><time>2024-08-13T08:54:33.280Z</time></trkpt><trkpt lat="42.784266" lon="-7.550961"><ele>612.292</ele><time>2024-08-13T08:54:37.280Z</time></trkpt><trkpt lat="42.784296" lon="-7.551023"><ele>611.625</ele><time>2024-08-13T08:54:41.280Z</time></trkpt><trkpt lat="42.784308" lon="-7.551095"><ele>611.229</ele><time>2024-08-13T08:54:45.280Z</time></trkpt><trkpt lat="42.784315" lon="-7.551160"><ele>610.733</ele><time>2024-08-13T08:54:49.280Z</time></trkpt><trkpt lat="42.784327" lon="-7.551237"><ele>610.764</ele><time>2024-08-13T08:54:53.280Z</time></trkpt><trkpt lat="42.784329" lon="-7.551302"><ele>610.724</ele><time>2024-08-13T08:54:56.280Z</time></trkpt><trkpt lat="42.784322" lon="-7.551387"><ele>611.804</ele><time>2024-08-13T08:54:59.280Z</time></trkpt><trkpt lat="42.784305" lon="-7.551457"><ele>612.614</ele><time>2024-08-13T08:55:02.280Z</time></trkpt><trkpt lat="42.784287" lon="-7.551514"><ele>613.009</ele><time>2024-08-13T08:55:05.280Z</time></trkpt><trkpt lat="42.784269" lon="-7.551584"><ele>613.533</ele><time>2024-08-13T08:55:09.280Z</time></trkpt><trkpt lat="42.784244" lon="-7.551661"><ele>613.560</ele><time>2024-08-13T08:55:14.280Z</time></trkpt><trkpt lat="42.784224" lon="-7.551731"><ele>613.572</ele><time>2024-08-13T08:55:18.280Z</time></trkpt><trkpt lat="42.784219" lon="-7.551804"><ele>613.770</ele><time>2024-08-13T08:55:22.280Z</time></trkpt><trkpt lat="42.784232" lon="-7.551864"><ele>613.716</ele><time>2024-08-13T08:55:26.280Z</time></trkpt><trkpt lat="42.784217" lon="-7.551927"><ele>613.859</ele><time>2024-08-13T08:55:29.280Z</time></trkpt><trkpt lat="42.784217" lon="-7.551989"><ele>613.883</ele><time>2024-08-13T08:55:33.280Z</time></trkpt><trkpt lat="42.784244" lon="-7.552047"><ele>613.547</ele><time>2024-08-13T08:55:40.280Z</time></trkpt><trkpt lat="42.784262" lon="-7.552135"><ele>612.018</ele><time>2024-08-13T08:55:44.280Z</time></trkpt><trkpt lat="42.784274" lon="-7.552195"><ele>611.673</ele><time>2024-08-13T08:55:47.280Z</time></trkpt><trkpt lat="42.784264" lon="-7.552255"><ele>611.585</ele><time>2024-08-13T08:55:50.280Z</time></trkpt><trkpt lat="42.784224" lon="-7.552310"><ele>611.113</ele><time>2024-08-13T08:55:54.280Z</time></trkpt><trkpt lat="42.784197" lon="-7.552375"><ele>610.609</ele><time>2024-08-13T08:55:58.280Z</time></trkpt><trkpt lat="42.784180" lon="-7.552435"><ele>610.638</ele><time>2024-08-13T08:56:03.280Z</time></trkpt><trkpt lat="42.784218" lon="-7.552525"><ele>610.735</ele><time>2024-08-13T08:56:09.281Z</time></trkpt><trkpt lat="42.784211" lon="-7.552590"><ele>612.197</ele><time>2024-08-13T08:56:12.281Z</time></trkpt><trkpt lat="42.784198" lon="-7.552678"><ele>613.455</ele><time>2024-08-13T08:56:16.281Z</time></trkpt><trkpt lat="42.784175" lon="-7.552735"><ele>613.971</ele><time>2024-08-13T08:56:18.281Z</time></trkpt><trkpt lat="42.784155" lon="-7.552820"><ele>614.254</ele><time>2024-08-13T08:56:23.281Z</time></trkpt><trkpt lat="42.784087" lon="-7.552898"><ele>611.638</ele><time>2024-08-13T08:56:30.281Z</time></trkpt><trkpt lat="42.784075" lon="-7.552963"><ele>611.052</ele><time>2024-08-13T08:56:34.281Z</time></trkpt><trkpt lat="42.784060" lon="-7.553030"><ele>610.743</ele><time>2024-08-13T08:56:37.281Z</time></trkpt><trkpt lat="42.784062" lon="-7.553092"><ele>610.334</ele><time>2024-08-13T08:56:40.281Z</time></trkpt><trkpt lat="42.784044" lon="-7.553177"><ele>606.155</ele><time>2024-08-13T08:56:44.281Z</time></trkpt><trkpt lat="42.784011" lon="-7.553242"><ele>605.110</ele><time>2024-08-13T08:56:48.281Z</time></trkpt><trkpt lat="42.784021" lon="-7.553332"><ele>605.009</ele><time>2024-08-13T08:56:52.281Z</time></trkpt><trkpt lat="42.784018" lon="-7.553400"><ele>605.524</ele><time>2024-08-13T08:56:55.281Z</time></trkpt><trkpt lat="42.783998" lon="-7.553538"><ele>606.721</ele><time>2024-08-13T08:57:00.281Z</time></trkpt><trkpt lat="42.783986" lon="-7.553598"><ele>608.143</ele><time>2024-08-13T08:57:02.281Z</time></trkpt><trkpt lat="42.783974" lon="-7.553660"><ele>610.461</ele><time>2024-08-13T08:57:07.281Z</time></trkpt><trkpt lat="42.783954" lon="-7.553730"><ele>610.777</ele><time>2024-08-13T08:57:10.281Z</time></trkpt><trkpt lat="42.783931" lon="-7.553798"><ele>614.450</ele><time>2024-08-13T08:57:13.281Z</time></trkpt><trkpt lat="42.783901" lon="-7.553851"><ele>616.984</ele><time>2024-08-13T08:57:17.281Z</time></trkpt><trkpt lat="42.783889" lon="-7.553928"><ele>621.968</ele><time>2024-08-13T08:57:23.281Z</time></trkpt><trkpt lat="42.783859" lon="-7.554000"><ele>624.489</ele><time>2024-08-13T08:57:26.281Z</time></trkpt><trkpt lat="42.783842" lon="-7.554070"><ele>626.545</ele><time>2024-08-13T08:57:31.281Z</time></trkpt><trkpt lat="42.783807" lon="-7.554115"><ele>627.147</ele><time>2024-08-13T08:57:35.281Z</time></trkpt><trkpt lat="42.783784" lon="-7.554170"><ele>628.811</ele><time>2024-08-13T08:57:38.281Z</time></trkpt><trkpt lat="42.783759" lon="-7.554248"><ele>631.309</ele><time>2024-08-13T08:57:42.281Z</time></trkpt><trkpt lat="42.783734" lon="-7.554311"><ele>633.125</ele><time>2024-08-13T08:57:46.281Z</time></trkpt><trkpt lat="42.783702" lon="-7.554376"><ele>635.852</ele><time>2024-08-13T08:57:51.281Z</time></trkpt><trkpt lat="42.783700" lon="-7.554444"><ele>637.554</ele><time>2024-08-13T08:57:54.281Z</time></trkpt><trkpt lat="42.783647" lon="-7.554486"><ele>638.972</ele><time>2024-08-13T08:57:58.281Z</time></trkpt><trkpt lat="42.783622" lon="-7.554544"><ele>640.638</ele><time>2024-08-13T08:58:01.281Z</time></trkpt><trkpt lat="42.783577" lon="-7.554576"><ele>641.791</ele><time>2024-08-13T08:58:04.281Z</time></trkpt><trkpt lat="42.783535" lon="-7.554629"><ele>643.665</ele><time>2024-08-13T08:58:07.281Z</time></trkpt><trkpt lat="42.783495" lon="-7.554667"><ele>644.339</ele><time>2024-08-13T08:58:11.281Z</time></trkpt><trkpt lat="42.783488" lon="-7.554742"><ele>646.910</ele><time>2024-08-13T08:58:16.281Z</time></trkpt><trkpt lat="42.783481" lon="-7.554812"><ele>647.462</ele><time>2024-08-13T08:58:20.281Z</time></trkpt><trkpt lat="42.783424" lon="-7.554830"><ele>647.183</ele><time>2024-08-13T08:58:24.281Z</time></trkpt><trkpt lat="42.783274" lon="-7.555020"><ele>648.211</ele><time>2024-08-13T08:58:38.281Z</time></trkpt><trkpt lat="42.783227" lon="-7.555072"><ele>649.209</ele><time>2024-08-13T08:58:42.281Z</time></trkpt><trkpt lat="42.783177" lon="-7.555097"><ele>649.497</ele><time>2024-08-13T08:58:45.281Z</time></trkpt><trkpt lat="42.783115" lon="-7.555109"><ele>649.774</ele><time>2024-08-13T08:58:48.281Z</time></trkpt><trkpt lat="42.783072" lon="-7.555149"><ele>650.056</ele><time>2024-08-13T08:58:51.281Z</time></trkpt><trkpt lat="42.783025" lon="-7.555216"><ele>649.524</ele><time>2024-08-13T08:58:56.281Z</time></trkpt><trkpt lat="42.783007" lon="-7.555286"><ele>649.520</ele><time>2024-08-13T08:58:59.281Z</time></trkpt><trkpt lat="42.782987" lon="-7.555356"><ele>649.533</ele><time>2024-08-13T08:59:03.281Z</time></trkpt><trkpt lat="42.782942" lon="-7.555403"><ele>649.567</ele><time>2024-08-13T08:59:06.281Z</time></trkpt><trkpt lat="42.782904" lon="-7.555436"><ele>649.231</ele><time>2024-08-13T08:59:08.281Z</time></trkpt><trkpt lat="42.782849" lon="-7.555469"><ele>648.732</ele><time>2024-08-13T08:59:11.281Z</time></trkpt><trkpt lat="42.782802" lon="-7.555526"><ele>647.544</ele><time>2024-08-13T08:59:14.281Z</time></trkpt><trkpt lat="42.782795" lon="-7.555599"><ele>643.005</ele><time>2024-08-13T08:59:18.281Z</time></trkpt><trkpt lat="42.782785" lon="-7.555664"><ele>639.515</ele><time>2024-08-13T08:59:22.281Z</time></trkpt><trkpt lat="42.782788" lon="-7.555731"><ele>637.509</ele><time>2024-08-13T08:59:25.281Z</time></trkpt><trkpt lat="42.782801" lon="-7.555793"><ele>634.815</ele><time>2024-08-13T08:59:28.281Z</time></trkpt><trkpt lat="42.782816" lon="-7.555873"><ele>633.682</ele><time>2024-08-13T08:59:32.281Z</time></trkpt><trkpt lat="42.782864" lon="-7.555908"><ele>631.264</ele><time>2024-08-13T08:59:38.281Z</time></trkpt><trkpt lat="42.782892" lon="-7.555965"><ele>628.632</ele><time>2024-08-13T08:59:43.281Z</time></trkpt><trkpt lat="42.782907" lon="-7.556035"><ele>624.638</ele><time>2024-08-13T08:59:47.281Z</time></trkpt><trkpt lat="42.782924" lon="-7.556125"><ele>621.241</ele><time>2024-08-13T08:59:50.281Z</time></trkpt><trkpt lat="42.782927" lon="-7.556205"><ele>619.945</ele><time>2024-08-13T08:59:54.281Z</time></trkpt><trkpt lat="42.782927" lon="-7.556272"><ele>619.629</ele><time>2024-08-13T08:59:57.281Z</time></trkpt><trkpt lat="42.782935" lon="-7.556345"><ele>618.380</ele><time>2024-08-13T09:00:02.281Z</time></trkpt><trkpt lat="42.782948" lon="-7.556407"><ele>617.247</ele><time>2024-08-13T09:00:05.281Z</time></trkpt><trkpt lat="42.782991" lon="-7.556455"><ele>615.929</ele><time>2024-08-13T09:00:08.281Z</time></trkpt><trkpt lat="42.783046" lon="-7.556477"><ele>615.421</ele><time>2024-08-13T09:00:11.281Z</time></trkpt><trkpt lat="42.783096" lon="-7.556507"><ele>614.009</ele><time>2024-08-13T09:00:16.281Z</time></trkpt><trkpt lat="42.783128" lon="-7.556552"><ele>612.725</ele><time>2024-08-13T09:00:19.281Z</time></trkpt><trkpt lat="42.783156" lon="-7.556602"><ele>612.792</ele><time>2024-08-13T09:00:23.281Z</time></trkpt><trkpt lat="42.783191" lon="-7.556652"><ele>612.894</ele><time>2024-08-13T09:00:27.281Z</time></trkpt><trkpt lat="42.783228" lon="-7.556702"><ele>613.352</ele><time>2024-08-13T09:00:30.281Z</time></trkpt><trkpt lat="42.783248" lon="-7.556767"><ele>613.828</ele><time>2024-08-13T09:00:34.281Z</time></trkpt><trkpt lat="42.783286" lon="-7.556822"><ele>613.951</ele><time>2024-08-13T09:00:39.281Z</time></trkpt><trkpt lat="42.783331" lon="-7.556879"><ele>614.295</ele><time>2024-08-13T09:00:43.281Z</time></trkpt><trkpt lat="42.783381" lon="-7.556907"><ele>614.219</ele><time>2024-08-13T09:00:49.281Z</time></trkpt><trkpt lat="42.783434" lon="-7.556912"><ele>614.270</ele><time>2024-08-13T09:00:53.281Z</time></trkpt><trkpt lat="42.783656" lon="-7.557002"><ele>614.572</ele><time>2024-08-13T09:01:07.281Z</time></trkpt><trkpt lat="42.783691" lon="-7.557052"><ele>614.513</ele><time>2024-08-13T09:01:10.281Z</time></trkpt><trkpt lat="42.783743" lon="-7.557099"><ele>613.814</ele><time>2024-08-13T09:01:13.281Z</time></trkpt><trkpt lat="42.783800" lon="-7.557124"><ele>613.109</ele><time>2024-08-13T09:01:17.281Z</time></trkpt><trkpt lat="42.783852" lon="-7.557126"><ele>613.138</ele><time>2024-08-13T09:01:20.281Z</time></trkpt><trkpt lat="42.783914" lon="-7.557211"><ele>612.865</ele><time>2024-08-13T09:01:28.281Z</time></trkpt><trkpt lat="42.784041" lon="-7.557271"><ele>612.767</ele><time>2024-08-13T09:01:39.281Z</time></trkpt><trkpt lat="42.784086" lon="-7.557271"><ele>612.775</ele><time>2024-08-13T09:01:42.281Z</time></trkpt><trkpt lat="42.784276" lon="-7.557404"><ele>612.851</ele><time>2024-08-13T09:01:55.281Z</time></trkpt><trkpt lat="42.784328" lon="-7.557436"><ele>613.034</ele><time>2024-08-13T09:01:59.281Z</time></trkpt><trkpt lat="42.784368" lon="-7.557501"><ele>613.248</ele><time>2024-08-13T09:02:02.281Z</time></trkpt><trkpt lat="42.784378" lon="-7.557591"><ele>613.452</ele><time>2024-08-13T09:02:08.281Z</time></trkpt><trkpt lat="42.784398" lon="-7.557681"><ele>614.063</ele><time>2024-08-13T09:02:12.281Z</time></trkpt><trkpt lat="42.784431" lon="-7.557726"><ele>614.758</ele><time>2024-08-13T09:02:15.281Z</time></trkpt><trkpt lat="42.784486" lon="-7.557753"><ele>616.852</ele><time>2024-08-13T09:02:21.281Z</time></trkpt><trkpt lat="42.784499" lon="-7.557838"><ele>616.917</ele><time>2024-08-13T09:02:25.281Z</time></trkpt><trkpt lat="42.784521" lon="-7.557913"><ele>617.909</ele><time>2024-08-13T09:02:28.281Z</time></trkpt><trkpt lat="42.784546" lon="-7.557975"><ele>618.196</ele><time>2024-08-13T09:02:31.281Z</time></trkpt><trkpt lat="42.784566" lon="-7.558030"><ele>618.793</ele><time>2024-08-13T09:02:34.281Z</time></trkpt><trkpt lat="42.784589" lon="-7.558107"><ele>618.855</ele><time>2024-08-13T09:02:38.281Z</time></trkpt><trkpt lat="42.784602" lon="-7.558187"><ele>618.813</ele><time>2024-08-13T09:02:43.281Z</time></trkpt><trkpt lat="42.784619" lon="-7.558245"><ele>618.449</ele><time>2024-08-13T09:02:46.281Z</time></trkpt><trkpt lat="42.784637" lon="-7.558317"><ele>615.882</ele><time>2024-08-13T09:02:50.281Z</time></trkpt><trkpt lat="42.784652" lon="-7.558385"><ele>615.716</ele><time>2024-08-13T09:02:55.281Z</time></trkpt><trkpt lat="42.784647" lon="-7.558458"><ele>615.870</ele><time>2024-08-13T09:02:59.281Z</time></trkpt><trkpt lat="42.784637" lon="-7.558521"><ele>616.281</ele><time>2024-08-13T09:03:04.281Z</time></trkpt><trkpt lat="42.784635" lon="-7.558589"><ele>617.367</ele><time>2024-08-13T09:03:09.281Z</time></trkpt><trkpt lat="42.784642" lon="-7.558682"><ele>617.781</ele><time>2024-08-13T09:03:14.281Z</time></trkpt><trkpt lat="42.784622" lon="-7.558757"><ele>618.519</ele><time>2024-08-13T09:03:18.281Z</time></trkpt><trkpt lat="42.784587" lon="-7.558862"><ele>619.409</ele><time>2024-08-13T09:03:23.281Z</time></trkpt><trkpt lat="42.784570" lon="-7.558940"><ele>619.837</ele><time>2024-08-13T09:03:27.281Z</time></trkpt><trkpt lat="42.784550" lon="-7.559000"><ele>619.974</ele><time>2024-08-13T09:03:31.281Z</time></trkpt><trkpt lat="42.784537" lon="-7.559060"><ele>619.926</ele><time>2024-08-13T09:03:34.281Z</time></trkpt><trkpt lat="42.784537" lon="-7.559142"><ele>619.994</ele><time>2024-08-13T09:03:37.281Z</time></trkpt><trkpt lat="42.784560" lon="-7.559209"><ele>619.810</ele><time>2024-08-13T09:03:41.281Z</time></trkpt><trkpt lat="42.784595" lon="-7.559262"><ele>619.373</ele><time>2024-08-13T09:03:44.281Z</time></trkpt><trkpt lat="42.784652" lon="-7.559274"><ele>618.417</ele><time>2024-08-13T09:03:48.281Z</time></trkpt><trkpt lat="42.784717" lon="-7.559252"><ele>616.731</ele><time>2024-08-13T09:03:50.281Z</time></trkpt><trkpt lat="42.784757" lon="-7.559280"><ele>616.042</ele><time>2024-08-13T09:03:55.281Z</time></trkpt><trkpt lat="42.784835" lon="-7.559343"><ele>614.928</ele><time>2024-08-13T09:04:00.281Z</time></trkpt><trkpt lat="42.784933" lon="-7.559450"><ele>613.889</ele><time>2024-08-13T09:04:07.281Z</time></trkpt><trkpt lat="42.784966" lon="-7.559522"><ele>613.017</ele><time>2024-08-13T09:04:13.281Z</time></trkpt><trkpt lat="42.784958" lon="-7.559587"><ele>611.809</ele><time>2024-08-13T09:04:18.281Z</time></trkpt><trkpt lat="42.784981" lon="-7.559655"><ele>609.513</ele><time>2024-08-13T09:04:22.281Z</time></trkpt><trkpt lat="42.785014" lon="-7.559708"><ele>607.420</ele><time>2024-08-13T09:04:25.281Z</time></trkpt><trkpt lat="42.785049" lon="-7.559773"><ele>605.762</ele><time>2024-08-13T09:04:31.281Z</time></trkpt><trkpt lat="42.785236" lon="-7.560016"><ele>598.550</ele><time>2024-08-13T09:05:27.281Z</time></trkpt><trkpt lat="42.785323" lon="-7.560071"><ele>599.056</ele><time>2024-08-13T09:05:36.281Z</time></trkpt><trkpt lat="42.785361" lon="-7.560109"><ele>599.329</ele><time>2024-08-13T09:05:39.281Z</time></trkpt><trkpt lat="42.785406" lon="-7.560261"><ele>604.773</ele><time>2024-08-13T09:05:47.281Z</time></trkpt><trkpt lat="42.785429" lon="-7.560316"><ele>606.547</ele><time>2024-08-13T09:05:49.281Z</time></trkpt><trkpt lat="42.785464" lon="-7.560443"><ele>610.678</ele><time>2024-08-13T09:06:01.281Z</time></trkpt><trkpt lat="42.785626" lon="-7.560498"><ele>610.745</ele><time>2024-08-13T09:06:10.281Z</time></trkpt><trkpt lat="42.785666" lon="-7.560533"><ele>606.147</ele><time>2024-08-13T09:06:15.281Z</time></trkpt><trkpt lat="42.785711" lon="-7.560555"><ele>604.611</ele><time>2024-08-13T09:06:18.281Z</time></trkpt><trkpt lat="42.785769" lon="-7.560602"><ele>602.409</ele><time>2024-08-13T09:06:21.281Z</time></trkpt><trkpt lat="42.785814" lon="-7.560635"><ele>600.435</ele><time>2024-08-13T09:06:24.281Z</time></trkpt><trkpt lat="42.785856" lon="-7.560675"><ele>596.772</ele><time>2024-08-13T09:06:29.281Z</time></trkpt><trkpt lat="42.785889" lon="-7.560723"><ele>596.384</ele><time>2024-08-13T09:06:33.281Z</time></trkpt><trkpt lat="42.786037" lon="-7.560933"><ele>587.772</ele><time>2024-08-13T09:06:51.281Z</time></trkpt><trkpt lat="42.786052" lon="-7.561008"><ele>587.228</ele><time>2024-08-13T09:06:54.281Z</time></trkpt><trkpt lat="42.786079" lon="-7.561161"><ele>589.981</ele><time>2024-08-13T09:06:59.281Z</time></trkpt><trkpt lat="42.786101" lon="-7.561216"><ele>595.985</ele><time>2024-08-13T09:07:06.281Z</time></trkpt><trkpt lat="42.786078" lon="-7.561274"><ele>597.039</ele><time>2024-08-13T09:07:09.281Z</time></trkpt><trkpt lat="42.786085" lon="-7.561354"><ele>598.160</ele><time>2024-08-13T09:07:14.281Z</time></trkpt><trkpt lat="42.786102" lon="-7.561421"><ele>598.185</ele><time>2024-08-13T09:07:17.281Z</time></trkpt><trkpt lat="42.786099" lon="-7.561486"><ele>598.489</ele><time>2024-08-13T09:07:20.281Z</time></trkpt><trkpt lat="42.786101" lon="-7.561553"><ele>601.017</ele><time>2024-08-13T09:07:25.281Z</time></trkpt><trkpt lat="42.786109" lon="-7.561618"><ele>602.109</ele><time>2024-08-13T09:07:28.281Z</time></trkpt><trkpt lat="42.786124" lon="-7.561680"><ele>602.499</ele><time>2024-08-13T09:07:32.281Z</time></trkpt><trkpt lat="42.786156" lon="-7.561730"><ele>603.026</ele><time>2024-08-13T09:07:35.281Z</time></trkpt><trkpt lat="42.786174" lon="-7.561793"><ele>603.228</ele><time>2024-08-13T09:07:39.281Z</time></trkpt><trkpt lat="42.786186" lon="-7.561860"><ele>603.566</ele><time>2024-08-13T09:07:42.281Z</time></trkpt><trkpt lat="42.786201" lon="-7.561927"><ele>604.782</ele><time>2024-08-13T09:07:45.281Z</time></trkpt><trkpt lat="42.786216" lon="-7.562000"><ele>605.235</ele><time>2024-08-13T09:07:48.281Z</time></trkpt><trkpt lat="42.786231" lon="-7.562067"><ele>605.399</ele><time>2024-08-13T09:07:52.281Z</time></trkpt><trkpt lat="42.786243" lon="-7.562127"><ele>605.253</ele><time>2024-08-13T09:07:56.281Z</time></trkpt><trkpt lat="42.786285" lon="-7.562157"><ele>604.534</ele><time>2024-08-13T09:07:59.281Z</time></trkpt><trkpt lat="42.786315" lon="-7.562212"><ele>604.045</ele><time>2024-08-13T09:08:03.281Z</time></trkpt><trkpt lat="42.786312" lon="-7.562280"><ele>603.647</ele><time>2024-08-13T09:08:08.281Z</time></trkpt><trkpt lat="42.786327" lon="-7.562393"><ele>602.811</ele><time>2024-08-13T09:08:17.281Z</time></trkpt><trkpt lat="42.786350" lon="-7.562463"><ele>600.709</ele><time>2024-08-13T09:08:21.281Z</time></trkpt><trkpt lat="42.786370" lon="-7.562526"><ele>600.395</ele><time>2024-08-13T09:08:24.281Z</time></trkpt><trkpt lat="42.786437" lon="-7.562539"><ele>600.012</ele><time>2024-08-13T09:08:27.281Z</time></trkpt><trkpt lat="42.786494" lon="-7.562567"><ele>599.944</ele><time>2024-08-13T09:08:30.281Z</time></trkpt><trkpt lat="42.786571" lon="-7.562570"><ele>599.692</ele><time>2024-08-13T09:08:36.281Z</time></trkpt><trkpt lat="42.786608" lon="-7.562608"><ele>599.048</ele><time>2024-08-13T09:08:40.281Z</time></trkpt><trkpt lat="42.786673" lon="-7.562646"><ele>597.971</ele><time>2024-08-13T09:08:43.281Z</time></trkpt><trkpt lat="42.786681" lon="-7.562711"><ele>597.935</ele><time>2024-08-13T09:08:46.281Z</time></trkpt><trkpt lat="42.786723" lon="-7.562736"><ele>597.969</ele><time>2024-08-13T09:08:49.281Z</time></trkpt><trkpt lat="42.786765" lon="-7.562769"><ele>597.930</ele><time>2024-08-13T09:08:53.281Z</time></trkpt><trkpt lat="42.786777" lon="-7.562834"><ele>598.143</ele><time>2024-08-13T09:08:57.281Z</time></trkpt><trkpt lat="42.786824" lon="-7.562864"><ele>598.164</ele><time>2024-08-13T09:09:00.281Z</time></trkpt><trkpt lat="42.786867" lon="-7.562887"><ele>598.110</ele><time>2024-08-13T09:09:02.281Z</time></trkpt><trkpt lat="42.786912" lon="-7.562927"><ele>596.809</ele><time>2024-08-13T09:09:05.281Z</time></trkpt><trkpt lat="42.786947" lon="-7.562969"><ele>593.345</ele><time>2024-08-13T09:09:08.281Z</time></trkpt><trkpt lat="42.786944" lon="-7.563039"><ele>590.052</ele><time>2024-08-13T09:09:13.281Z</time></trkpt><trkpt lat="42.786954" lon="-7.563104"><ele>588.754</ele><time>2024-08-13T09:09:17.281Z</time></trkpt><trkpt lat="42.786986" lon="-7.563161"><ele>585.372</ele><time>2024-08-13T09:09:21.281Z</time></trkpt><trkpt lat="42.787018" lon="-7.563221"><ele>579.578</ele><time>2024-08-13T09:09:29.281Z</time></trkpt><trkpt lat="42.787028" lon="-7.563291"><ele>577.721</ele><time>2024-08-13T09:09:33.281Z</time></trkpt><trkpt lat="42.787016" lon="-7.563364"><ele>572.665</ele><time>2024-08-13T09:09:39.281Z</time></trkpt><trkpt lat="42.786994" lon="-7.563419"><ele>571.199</ele><time>2024-08-13T09:09:43.281Z</time></trkpt><trkpt lat="42.786971" lon="-7.563486"><ele>570.330</ele><time>2024-08-13T09:09:46.281Z</time></trkpt><trkpt lat="42.786986" lon="-7.563551"><ele>568.476</ele><time>2024-08-13T09:09:51.281Z</time></trkpt><trkpt lat="42.787031" lon="-7.563581"><ele>567.290</ele><time>2024-08-13T09:09:55.281Z</time></trkpt><trkpt lat="42.787023" lon="-7.563644"><ele>561.119</ele><time>2024-08-13T09:10:13.281Z</time></trkpt><trkpt lat="42.787058" lon="-7.563692"><ele>557.109</ele><time>2024-08-13T09:10:21.281Z</time></trkpt><trkpt lat="42.787093" lon="-7.563790"><ele>554.468</ele><time>2024-08-13T09:11:29.281Z</time></trkpt><trkpt lat="42.787136" lon="-7.563817"><ele>554.745</ele><time>2024-08-13T09:11:33.281Z</time></trkpt><trkpt lat="42.787164" lon="-7.563865"><ele>553.727</ele><time>2024-08-13T09:11:36.281Z</time></trkpt><trkpt lat="42.787201" lon="-7.563918"><ele>554.135</ele><time>2024-08-13T09:11:39.281Z</time></trkpt><trkpt lat="42.787246" lon="-7.563970"><ele>554.711</ele><time>2024-08-13T09:11:44.281Z</time></trkpt><trkpt lat="42.787284" lon="-7.564025"><ele>555.094</ele><time>2024-08-13T09:11:48.281Z</time></trkpt><trkpt lat="42.787302" lon="-7.564087"><ele>554.778</ele><time>2024-08-13T09:11:51.281Z</time></trkpt><trkpt lat="42.787325" lon="-7.564144"><ele>554.682</ele><time>2024-08-13T09:11:56.281Z</time></trkpt><trkpt lat="42.787347" lon="-7.564204"><ele>554.333</ele><time>2024-08-13T09:12:00.281Z</time></trkpt><trkpt lat="42.787369" lon="-7.564272"><ele>553.539</ele><time>2024-08-13T09:12:04.281Z</time></trkpt><trkpt lat="42.787392" lon="-7.564337"><ele>552.301</ele><time>2024-08-13T09:12:08.281Z</time></trkpt><trkpt lat="42.787429" lon="-7.564394"><ele>551.821</ele><time>2024-08-13T09:12:12.281Z</time></trkpt><trkpt lat="42.787446" lon="-7.564452"><ele>551.409</ele><time>2024-08-13T09:12:16.281Z</time></trkpt><trkpt lat="42.787453" lon="-7.564514"><ele>550.224</ele><time>2024-08-13T09:12:20.281Z</time></trkpt><trkpt lat="42.787463" lon="-7.564589"><ele>549.321</ele><time>2024-08-13T09:12:25.281Z</time></trkpt><trkpt lat="42.787485" lon="-7.564647"><ele>549.163</ele><time>2024-08-13T09:12:28.281Z</time></trkpt><trkpt lat="42.787498" lon="-7.564712"><ele>549.031</ele><time>2024-08-13T09:12:31.281Z</time></trkpt><trkpt lat="42.787506" lon="-7.564780"><ele>548.727</ele><time>2024-08-13T09:12:36.281Z</time></trkpt><trkpt lat="42.787518" lon="-7.564842"><ele>547.370</ele><time>2024-08-13T09:12:39.281Z</time></trkpt><trkpt lat="42.787546" lon="-7.564905"><ele>545.114</ele><time>2024-08-13T09:12:43.281Z</time></trkpt><trkpt lat="42.787558" lon="-7.564977"><ele>542.848</ele><time>2024-08-13T09:12:47.281Z</time></trkpt><trkpt lat="42.787568" lon="-7.565052"><ele>542.249</ele><time>2024-08-13T09:12:50.281Z</time></trkpt><trkpt lat="42.787601" lon="-7.565100"><ele>540.824</ele><time>2024-08-13T09:12:53.281Z</time></trkpt><trkpt lat="42.787621" lon="-7.565162"><ele>540.604</ele><time>2024-08-13T09:12:56.281Z</time></trkpt><trkpt lat="42.787638" lon="-7.565222"><ele>540.114</ele><time>2024-08-13T09:12:59.281Z</time></trkpt><trkpt lat="42.787661" lon="-7.565289"><ele>538.809</ele><time>2024-08-13T09:13:04.281Z</time></trkpt><trkpt lat="42.787686" lon="-7.565351"><ele>538.483</ele><time>2024-08-13T09:13:08.281Z</time></trkpt><trkpt lat="42.787729" lon="-7.565386"><ele>538.180</ele><time>2024-08-13T09:13:11.281Z</time></trkpt><trkpt lat="42.787771" lon="-7.565433"><ele>536.342</ele><time>2024-08-13T09:13:16.281Z</time></trkpt><trkpt lat="42.787791" lon="-7.565490"><ele>535.240</ele><time>2024-08-13T09:13:19.281Z</time></trkpt><trkpt lat="42.787799" lon="-7.565563"><ele>532.166</ele><time>2024-08-13T09:13:23.281Z</time></trkpt><trkpt lat="42.787819" lon="-7.565623"><ele>530.859</ele><time>2024-08-13T09:13:26.281Z</time></trkpt><trkpt lat="42.787859" lon="-7.565673"><ele>530.713</ele><time>2024-08-13T09:13:29.281Z</time></trkpt><trkpt lat="42.787901" lon="-7.565710"><ele>530.747</ele><time>2024-08-13T09:13:33.282Z</time></trkpt><trkpt lat="42.787944" lon="-7.565768"><ele>531.718</ele><time>2024-08-13T09:13:37.282Z</time></trkpt><trkpt lat="42.787952" lon="-7.565840"><ele>533.198</ele><time>2024-08-13T09:13:40.282Z</time></trkpt><trkpt lat="42.787979" lon="-7.565907"><ele>534.215</ele><time>2024-08-13T09:13:45.282Z</time></trkpt><trkpt lat="42.788004" lon="-7.565962"><ele>535.026</ele><time>2024-08-13T09:13:48.282Z</time></trkpt><trkpt lat="42.788024" lon="-7.566024"><ele>536.109</ele><time>2024-08-13T09:13:51.282Z</time></trkpt><trkpt lat="42.788067" lon="-7.566084"><ele>536.680</ele><time>2024-08-13T09:13:55.282Z</time></trkpt><trkpt lat="42.788069" lon="-7.566151"><ele>536.627</ele><time>2024-08-13T09:13:58.282Z</time></trkpt><trkpt lat="42.788084" lon="-7.566216"><ele>536.629</ele><time>2024-08-13T09:14:01.282Z</time></trkpt><trkpt lat="42.788107" lon="-7.566294"><ele>536.157</ele><time>2024-08-13T09:14:05.282Z</time></trkpt><trkpt lat="42.788117" lon="-7.566366"><ele>536.153</ele><time>2024-08-13T09:14:09.282Z</time></trkpt><trkpt lat="42.788129" lon="-7.566433"><ele>536.136</ele><time>2024-08-13T09:14:14.282Z</time></trkpt><trkpt lat="42.788157" lon="-7.566481"><ele>536.140</ele><time>2024-08-13T09:14:19.282Z</time></trkpt><trkpt lat="42.788175" lon="-7.566543"><ele>536.044</ele><time>2024-08-13T09:14:23.282Z</time></trkpt><trkpt lat="42.788175" lon="-7.566626"><ele>535.925</ele><time>2024-08-13T09:14:27.282Z</time></trkpt><trkpt lat="42.788197" lon="-7.566689"><ele>535.444</ele><time>2024-08-13T09:14:30.282Z</time></trkpt><trkpt lat="42.788232" lon="-7.566737"><ele>535.305</ele><time>2024-08-13T09:14:33.282Z</time></trkpt><trkpt lat="42.788257" lon="-7.566790"><ele>535.215</ele><time>2024-08-13T09:14:36.282Z</time></trkpt><trkpt lat="42.788290" lon="-7.566835"><ele>535.609</ele><time>2024-08-13T09:14:40.282Z</time></trkpt><trkpt lat="42.788337" lon="-7.566888"><ele>536.185</ele><time>2024-08-13T09:14:44.282Z</time></trkpt><trkpt lat="42.788384" lon="-7.566921"><ele>536.312</ele><time>2024-08-13T09:14:47.282Z</time></trkpt><trkpt lat="42.788434" lon="-7.566934"><ele>536.374</ele><time>2024-08-13T09:14:51.282Z</time></trkpt><trkpt lat="42.788486" lon="-7.566947"><ele>536.262</ele><time>2024-08-13T09:14:55.282Z</time></trkpt><trkpt lat="42.788523" lon="-7.566984"><ele>534.878</ele><time>2024-08-13T09:14:58.282Z</time></trkpt><trkpt lat="42.788531" lon="-7.567069"><ele>533.951</ele><time>2024-08-13T09:15:02.282Z</time></trkpt><trkpt lat="42.788526" lon="-7.567144"><ele>533.715</ele><time>2024-08-13T09:15:05.282Z</time></trkpt><trkpt lat="42.788524" lon="-7.567214"><ele>533.649</ele><time>2024-08-13T09:15:08.282Z</time></trkpt><trkpt lat="42.788509" lon="-7.567284"><ele>533.640</ele><time>2024-08-13T09:15:13.282Z</time></trkpt><trkpt lat="42.788509" lon="-7.567357"><ele>533.272</ele><time>2024-08-13T09:15:16.282Z</time></trkpt><trkpt lat="42.788507" lon="-7.567432"><ele>532.913</ele><time>2024-08-13T09:15:20.282Z</time></trkpt><trkpt lat="42.788497" lon="-7.567504"><ele>532.814</ele><time>2024-08-13T09:15:26.282Z</time></trkpt><trkpt lat="42.788502" lon="-7.567581"><ele>532.409</ele><time>2024-08-13T09:15:30.282Z</time></trkpt><trkpt lat="42.788540" lon="-7.567648"><ele>532.118</ele><time>2024-08-13T09:15:35.282Z</time></trkpt><trkpt lat="42.788598" lon="-7.567701"><ele>531.915</ele><time>2024-08-13T09:15:38.282Z</time></trkpt><trkpt lat="42.788635" lon="-7.567739"><ele>532.037</ele><time>2024-08-13T09:15:41.282Z</time></trkpt><trkpt lat="42.788670" lon="-7.567784"><ele>531.635</ele><time>2024-08-13T09:15:45.282Z</time></trkpt><trkpt lat="42.788703" lon="-7.567842"><ele>530.261</ele><time>2024-08-13T09:15:49.282Z</time></trkpt><trkpt lat="42.788745" lon="-7.567872"><ele>529.374</ele><time>2024-08-13T09:15:57.282Z</time></trkpt><trkpt lat="42.788778" lon="-7.567932"><ele>529.368</ele><time>2024-08-13T09:16:00.282Z</time></trkpt><trkpt lat="42.788786" lon="-7.567999"><ele>529.132</ele><time>2024-08-13T09:16:06.282Z</time></trkpt><trkpt lat="42.788769" lon="-7.568064"><ele>528.523</ele><time>2024-08-13T09:16:10.282Z</time></trkpt><trkpt lat="42.788742" lon="-7.568116"><ele>527.989</ele><time>2024-08-13T09:16:14.282Z</time></trkpt><trkpt lat="42.788734" lon="-7.568328"><ele>527.606</ele><time>2024-08-13T09:16:26.282Z</time></trkpt><trkpt lat="42.788707" lon="-7.568395"><ele>527.526</ele><time>2024-08-13T09:16:29.282Z</time></trkpt><trkpt lat="42.788714" lon="-7.568463"><ele>526.909</ele><time>2024-08-13T09:16:33.282Z</time></trkpt><trkpt lat="42.788674" lon="-7.568513"><ele>526.449</ele><time>2024-08-13T09:16:35.282Z</time></trkpt><trkpt lat="42.788652" lon="-7.568571"><ele>526.156</ele><time>2024-08-13T09:16:37.282Z</time></trkpt><trkpt lat="42.788630" lon="-7.568634"><ele>525.778</ele><time>2024-08-13T09:16:40.282Z</time></trkpt><trkpt lat="42.788660" lon="-7.568684"><ele>524.256</ele><time>2024-08-13T09:16:43.282Z</time></trkpt><trkpt lat="42.788697" lon="-7.568739"><ele>523.182</ele><time>2024-08-13T09:16:45.282Z</time></trkpt><trkpt lat="42.788734" lon="-7.568802"><ele>523.095</ele><time>2024-08-13T09:16:48.282Z</time></trkpt><trkpt lat="42.788754" lon="-7.568864"><ele>521.619</ele><time>2024-08-13T09:16:53.282Z</time></trkpt><trkpt lat="42.788797" lon="-7.568887"><ele>520.533</ele><time>2024-08-13T09:16:57.282Z</time></trkpt><trkpt lat="42.788814" lon="-7.568959"><ele>520.024</ele><time>2024-08-13T09:17:01.282Z</time></trkpt><trkpt lat="42.788827" lon="-7.569029"><ele>519.955</ele><time>2024-08-13T09:17:04.282Z</time></trkpt><trkpt lat="42.788825" lon="-7.569092"><ele>519.207</ele><time>2024-08-13T09:17:07.282Z</time></trkpt><trkpt lat="42.788803" lon="-7.569155"><ele>517.817</ele><time>2024-08-13T09:17:11.282Z</time></trkpt><trkpt lat="42.788871" lon="-7.569355"><ele>515.109</ele><time>2024-08-13T09:17:20.282Z</time></trkpt><trkpt lat="42.788904" lon="-7.569420"><ele>514.956</ele><time>2024-08-13T09:17:23.282Z</time></trkpt><trkpt lat="42.788919" lon="-7.569498"><ele>514.833</ele><time>2024-08-13T09:17:27.282Z</time></trkpt><trkpt lat="42.788942" lon="-7.569568"><ele>513.865</ele><time>2024-08-13T09:17:31.282Z</time></trkpt><trkpt lat="42.788965" lon="-7.569625"><ele>512.883</ele><time>2024-08-13T09:17:34.282Z</time></trkpt><trkpt lat="42.788982" lon="-7.569698"><ele>512.029</ele><time>2024-08-13T09:17:37.282Z</time></trkpt><trkpt lat="42.789012" lon="-7.569761"><ele>511.562</ele><time>2024-08-13T09:17:40.282Z</time></trkpt><trkpt lat="42.789049" lon="-7.569813"><ele>511.416</ele><time>2024-08-13T09:17:43.282Z</time></trkpt><trkpt lat="42.789082" lon="-7.569855"><ele>511.480</ele><time>2024-08-13T09:17:48.282Z</time></trkpt><trkpt lat="42.789110" lon="-7.569910"><ele>512.081</ele><time>2024-08-13T09:17:53.282Z</time></trkpt><trkpt lat="42.789137" lon="-7.569963"><ele>512.632</ele><time>2024-08-13T09:17:57.282Z</time></trkpt><trkpt lat="42.789167" lon="-7.570018"><ele>512.692</ele><time>2024-08-13T09:18:01.282Z</time></trkpt><trkpt lat="42.789185" lon="-7.570078"><ele>512.611</ele><time>2024-08-13T09:18:04.282Z</time></trkpt><trkpt lat="42.789205" lon="-7.570146"><ele>512.609</ele><time>2024-08-13T09:18:08.282Z</time></trkpt><trkpt lat="42.789248" lon="-7.570181"><ele>512.164</ele><time>2024-08-13T09:18:12.282Z</time></trkpt><trkpt lat="42.789280" lon="-7.570243"><ele>512.061</ele><time>2024-08-13T09:18:18.282Z</time></trkpt><trkpt lat="42.789293" lon="-7.570306"><ele>511.943</ele><time>2024-08-13T09:18:21.282Z</time></trkpt><trkpt lat="42.789306" lon="-7.570378"><ele>511.811</ele><time>2024-08-13T09:18:24.282Z</time></trkpt><trkpt lat="42.789319" lon="-7.570441"><ele>511.797</ele><time>2024-08-13T09:18:27.282Z</time></trkpt><trkpt lat="42.789311" lon="-7.570503"><ele>511.460</ele><time>2024-08-13T09:18:29.282Z</time></trkpt><trkpt lat="42.789358" lon="-7.570540"><ele>510.314</ele><time>2024-08-13T09:18:33.282Z</time></trkpt><trkpt lat="42.789400" lon="-7.570583"><ele>509.758</ele><time>2024-08-13T09:18:37.282Z</time></trkpt><trkpt lat="42.789438" lon="-7.570623"><ele>508.439</ele><time>2024-08-13T09:18:40.282Z</time></trkpt><trkpt lat="42.789483" lon="-7.570655"><ele>507.722</ele><time>2024-08-13T09:18:44.282Z</time></trkpt><trkpt lat="42.789520" lon="-7.570703"><ele>507.462</ele><time>2024-08-13T09:18:48.282Z</time></trkpt><trkpt lat="42.789570" lon="-7.570711"><ele>507.308</ele><time>2024-08-13T09:18:51.282Z</time></trkpt><trkpt lat="42.789607" lon="-7.570764"><ele>506.309</ele><time>2024-08-13T09:18:55.282Z</time></trkpt><trkpt lat="42.789652" lon="-7.570806"><ele>505.553</ele><time>2024-08-13T09:18:59.282Z</time></trkpt><trkpt lat="42.789692" lon="-7.570848"><ele>504.730</ele><time>2024-08-13T09:19:02.282Z</time></trkpt><trkpt lat="42.789729" lon="-7.570908"><ele>503.772</ele><time>2024-08-13T09:19:07.282Z</time></trkpt><trkpt lat="42.789766" lon="-7.570963"><ele>503.250</ele><time>2024-08-13T09:19:11.282Z</time></trkpt><trkpt lat="42.789803" lon="-7.571005"><ele>503.086</ele><time>2024-08-13T09:19:14.282Z</time></trkpt><trkpt lat="42.789833" lon="-7.571060"><ele>503.069</ele><time>2024-08-13T09:19:18.282Z</time></trkpt><trkpt lat="42.789871" lon="-7.571103"><ele>503.293</ele><time>2024-08-13T09:19:22.282Z</time></trkpt><trkpt lat="42.789914" lon="-7.571141"><ele>504.027</ele><time>2024-08-13T09:19:26.282Z</time></trkpt><trkpt lat="42.789937" lon="-7.571208"><ele>505.058</ele><time>2024-08-13T09:19:29.282Z</time></trkpt><trkpt lat="42.789972" lon="-7.571255"><ele>506.043</ele><time>2024-08-13T09:19:32.282Z</time></trkpt><trkpt lat="42.790010" lon="-7.571310"><ele>506.964</ele><time>2024-08-13T09:19:36.282Z</time></trkpt><trkpt lat="42.790055" lon="-7.571338"><ele>507.310</ele><time>2024-08-13T09:19:40.282Z</time></trkpt><trkpt lat="42.790103" lon="-7.571368"><ele>508.109</ele><time>2024-08-13T09:19:44.282Z</time></trkpt><trkpt lat="42.790155" lon="-7.571408"><ele>508.335</ele><time>2024-08-13T09:19:49.282Z</time></trkpt><trkpt lat="42.790192" lon="-7.571456"><ele>508.432</ele><time>2024-08-13T09:19:53.282Z</time></trkpt><trkpt lat="42.790232" lon="-7.571484"><ele>508.494</ele><time>2024-08-13T09:20:08.282Z</time></trkpt><trkpt lat="42.790280" lon="-7.571526"><ele>508.492</ele><time>2024-08-13T09:20:13.282Z</time></trkpt><trkpt lat="42.790340" lon="-7.571558"><ele>508.388</ele><time>2024-08-13T09:20:17.282Z</time></trkpt><trkpt lat="42.790388" lon="-7.571611"><ele>507.951</ele><time>2024-08-13T09:20:21.282Z</time></trkpt><trkpt lat="42.790416" lon="-7.571669"><ele>507.915</ele><time>2024-08-13T09:20:25.282Z</time></trkpt><trkpt lat="42.790439" lon="-7.571726"><ele>507.299</ele><time>2024-08-13T09:20:30.282Z</time></trkpt><trkpt lat="42.790484" lon="-7.571786"><ele>506.730</ele><time>2024-08-13T09:20:33.282Z</time></trkpt><trkpt lat="42.790519" lon="-7.571829"><ele>506.327</ele><time>2024-08-13T09:20:36.282Z</time></trkpt><trkpt lat="42.790556" lon="-7.571881"><ele>506.168</ele><time>2024-08-13T09:20:39.282Z</time></trkpt><trkpt lat="42.790576" lon="-7.571944"><ele>506.114</ele><time>2024-08-13T09:20:43.282Z</time></trkpt><trkpt lat="42.790601" lon="-7.571999"><ele>507.209</ele><time>2024-08-13T09:20:46.282Z</time></trkpt><trkpt lat="42.790626" lon="-7.572069"><ele>508.533</ele><time>2024-08-13T09:20:49.282Z</time></trkpt><trkpt lat="42.790651" lon="-7.572121"><ele>510.540</ele><time>2024-08-13T09:20:52.282Z</time></trkpt><trkpt lat="42.790691" lon="-7.572246"><ele>516.732</ele><time>2024-08-13T09:20:57.282Z</time></trkpt><trkpt lat="42.790764" lon="-7.572213"><ele>519.380</ele><time>2024-08-13T09:21:02.282Z</time></trkpt><trkpt lat="42.790812" lon="-7.572201"><ele>519.426</ele><time>2024-08-13T09:21:04.282Z</time></trkpt><trkpt lat="42.790852" lon="-7.572253"><ele>520.359</ele><time>2024-08-13T09:21:13.282Z</time></trkpt><trkpt lat="42.790869" lon="-7.572321"><ele>520.543</ele><time>2024-08-13T09:21:16.282Z</time></trkpt><trkpt lat="42.790887" lon="-7.572393"><ele>522.817</ele><time>2024-08-13T09:21:20.282Z</time></trkpt><trkpt lat="42.790900" lon="-7.572465"><ele>524.938</ele><time>2024-08-13T09:21:24.282Z</time></trkpt><trkpt lat="42.790928" lon="-7.572522"><ele>525.914</ele><time>2024-08-13T09:21:28.282Z</time></trkpt><trkpt lat="42.790935" lon="-7.572585"><ele>526.354</ele><time>2024-08-13T09:21:31.282Z</time></trkpt><trkpt lat="42.790940" lon="-7.572660"><ele>526.709</ele><time>2024-08-13T09:21:35.282Z</time></trkpt><trkpt lat="42.790928" lon="-7.572725"><ele>526.709</ele><time>2024-08-13T09:21:39.282Z</time></trkpt><trkpt lat="42.790931" lon="-7.572787"><ele>526.662</ele><time>2024-08-13T09:21:42.282Z</time></trkpt><trkpt lat="42.790921" lon="-7.572852"><ele>526.689</ele><time>2024-08-13T09:21:46.282Z</time></trkpt><trkpt lat="42.790933" lon="-7.572912"><ele>526.061</ele><time>2024-08-13T09:21:50.282Z</time></trkpt><trkpt lat="42.790945" lon="-7.572979"><ele>525.829</ele><time>2024-08-13T09:21:54.282Z</time></trkpt><trkpt lat="42.790943" lon="-7.573046"><ele>524.895</ele><time>2024-08-13T09:21:59.282Z</time></trkpt><trkpt lat="42.790951" lon="-7.573116"><ele>523.318</ele><time>2024-08-13T09:22:06.282Z</time></trkpt><trkpt lat="42.790969" lon="-7.573189"><ele>523.482</ele><time>2024-08-13T09:22:12.282Z</time></trkpt><trkpt lat="42.790989" lon="-7.573256"><ele>523.446</ele><time>2024-08-13T09:22:15.282Z</time></trkpt><trkpt lat="42.790982" lon="-7.573331"><ele>524.437</ele><time>2024-08-13T09:22:19.282Z</time></trkpt><trkpt lat="42.790984" lon="-7.573411"><ele>525.632</ele><time>2024-08-13T09:22:23.282Z</time></trkpt><trkpt lat="42.790991" lon="-7.573483"><ele>526.192</ele><time>2024-08-13T09:22:26.282Z</time></trkpt><trkpt lat="42.790994" lon="-7.573555"><ele>527.111</ele><time>2024-08-13T09:22:29.282Z</time></trkpt><trkpt lat="42.790964" lon="-7.573628"><ele>527.409</ele><time>2024-08-13T09:22:34.282Z</time></trkpt><trkpt lat="42.790932" lon="-7.573685"><ele>527.414</ele><time>2024-08-13T09:22:38.282Z</time></trkpt><trkpt lat="42.790967" lon="-7.573740"><ele>526.441</ele><time>2024-08-13T09:22:44.282Z</time></trkpt><trkpt lat="42.791009" lon="-7.573833"><ele>525.543</ele><time>2024-08-13T09:22:51.282Z</time></trkpt><trkpt lat="42.791019" lon="-7.573965"><ele>525.451</ele><time>2024-08-13T09:23:01.282Z</time></trkpt><trkpt lat="42.791009" lon="-7.574037"><ele>525.437</ele><time>2024-08-13T09:23:06.282Z</time></trkpt><trkpt lat="42.791011" lon="-7.574100"><ele>525.380</ele><time>2024-08-13T09:23:09.282Z</time></trkpt><trkpt lat="42.791016" lon="-7.574172"><ele>524.934</ele><time>2024-08-13T09:23:13.282Z</time></trkpt><trkpt lat="42.791043" lon="-7.574235"><ele>524.748</ele><time>2024-08-13T09:23:18.282Z</time></trkpt><trkpt lat="42.791013" lon="-7.574293"><ele>524.519</ele><time>2024-08-13T09:23:22.282Z</time></trkpt><trkpt lat="42.790998" lon="-7.574351"><ele>522.411</ele><time>2024-08-13T09:23:26.282Z</time></trkpt><trkpt lat="42.790988" lon="-7.574423"><ele>520.221</ele><time>2024-08-13T09:23:30.282Z</time></trkpt><trkpt lat="42.790970" lon="-7.574480"><ele>518.103</ele><time>2024-08-13T09:23:34.282Z</time></trkpt><trkpt lat="42.790933" lon="-7.574568"><ele>517.009</ele><time>2024-08-13T09:23:40.282Z</time></trkpt><trkpt lat="42.790930" lon="-7.574641"><ele>517.052</ele><time>2024-08-13T09:23:44.282Z</time></trkpt><trkpt lat="42.790928" lon="-7.574704"><ele>517.049</ele><time>2024-08-13T09:23:47.282Z</time></trkpt><trkpt lat="42.790940" lon="-7.574779"><ele>517.191</ele><time>2024-08-13T09:23:51.282Z</time></trkpt><trkpt lat="42.790930" lon="-7.574841"><ele>517.559</ele><time>2024-08-13T09:23:56.282Z</time></trkpt><trkpt lat="42.790933" lon="-7.574941"><ele>517.375</ele><time>2024-08-13T09:24:03.282Z</time></trkpt><trkpt lat="42.790933" lon="-7.575068"><ele>516.868</ele><time>2024-08-13T09:24:11.282Z</time></trkpt><trkpt lat="42.790935" lon="-7.575145"><ele>516.732</ele><time>2024-08-13T09:24:15.282Z</time></trkpt><trkpt lat="42.790928" lon="-7.575208"><ele>516.766</ele><time>2024-08-13T09:24:20.282Z</time></trkpt><trkpt lat="42.790885" lon="-7.575188"><ele>516.867</ele><time>2024-08-13T09:24:25.282Z</time></trkpt><trkpt lat="42.790927" lon="-7.575308"><ele>517.819</ele><time>2024-08-13T09:24:32.282Z</time></trkpt><trkpt lat="42.790947" lon="-7.575363"><ele>518.309</ele><time>2024-08-13T09:24:35.282Z</time></trkpt><trkpt lat="42.790982" lon="-7.575506"><ele>520.819</ele><time>2024-08-13T09:24:44.282Z</time></trkpt><trkpt lat="42.790995" lon="-7.575573"><ele>521.109</ele><time>2024-08-13T09:24:48.282Z</time></trkpt><trkpt lat="42.791010" lon="-7.575646"><ele>521.332</ele><time>2024-08-13T09:24:52.282Z</time></trkpt><trkpt lat="42.791005" lon="-7.575716"><ele>521.549</ele><time>2024-08-13T09:24:57.282Z</time></trkpt><trkpt lat="42.791018" lon="-7.575789"><ele>521.951</ele><time>2024-08-13T09:25:03.282Z</time></trkpt><trkpt lat="42.791061" lon="-7.575909"><ele>522.569</ele><time>2024-08-13T09:25:09.282Z</time></trkpt><trkpt lat="42.791064" lon="-7.576009"><ele>523.185</ele><time>2024-08-13T09:25:15.282Z</time></trkpt><trkpt lat="42.791076" lon="-7.576076"><ele>524.288</ele><time>2024-08-13T09:25:19.282Z</time></trkpt><trkpt lat="42.791071" lon="-7.576144"><ele>524.682</ele><time>2024-08-13T09:25:22.282Z</time></trkpt><trkpt lat="42.791073" lon="-7.576226"><ele>525.256</ele><time>2024-08-13T09:25:26.282Z</time></trkpt><trkpt lat="42.791066" lon="-7.576306"><ele>526.697</ele><time>2024-08-13T09:25:30.282Z</time></trkpt><trkpt lat="42.791041" lon="-7.576374"><ele>529.358</ele><time>2024-08-13T09:25:33.282Z</time></trkpt><trkpt lat="42.791023" lon="-7.576441"><ele>532.052</ele><time>2024-08-13T09:25:36.282Z</time></trkpt><trkpt lat="42.791011" lon="-7.576523"><ele>534.017</ele><time>2024-08-13T09:25:40.282Z</time></trkpt><trkpt lat="42.791016" lon="-7.576600"><ele>534.809</ele><time>2024-08-13T09:25:44.282Z</time></trkpt><trkpt lat="42.791001" lon="-7.576682"><ele>535.076</ele><time>2024-08-13T09:25:48.282Z</time></trkpt><trkpt lat="42.790991" lon="-7.576762"><ele>535.243</ele><time>2024-08-13T09:25:52.282Z</time></trkpt><trkpt lat="42.791001" lon="-7.576824"><ele>535.445</ele><time>2024-08-13T09:25:56.282Z</time></trkpt><trkpt lat="42.791011" lon="-7.576897"><ele>535.693</ele><time>2024-08-13T09:26:01.282Z</time></trkpt><trkpt lat="42.791003" lon="-7.576969"><ele>536.099</ele><time>2024-08-13T09:26:05.282Z</time></trkpt><trkpt lat="42.790975" lon="-7.577024"><ele>538.552</ele><time>2024-08-13T09:26:09.282Z</time></trkpt><trkpt lat="42.790947" lon="-7.577102"><ele>540.556</ele><time>2024-08-13T09:26:13.282Z</time></trkpt><trkpt lat="42.790950" lon="-7.577169"><ele>541.690</ele><time>2024-08-13T09:26:17.282Z</time></trkpt><trkpt lat="42.790952" lon="-7.577231"><ele>541.911</ele><time>2024-08-13T09:26:22.282Z</time></trkpt><trkpt lat="42.790929" lon="-7.577289"><ele>542.221</ele><time>2024-08-13T09:26:29.282Z</time></trkpt><trkpt lat="42.790924" lon="-7.577351"><ele>542.441</ele><time>2024-08-13T09:26:32.282Z</time></trkpt><trkpt lat="42.790897" lon="-7.577438"><ele>542.505</ele><time>2024-08-13T09:26:34.282Z</time></trkpt><trkpt lat="42.790889" lon="-7.577500"><ele>542.509</ele><time>2024-08-13T09:26:36.282Z</time></trkpt><trkpt lat="42.790892" lon="-7.577562"><ele>542.633</ele><time>2024-08-13T09:26:40.282Z</time></trkpt><trkpt lat="42.790860" lon="-7.577637"><ele>540.620</ele><time>2024-08-13T09:26:44.282Z</time></trkpt><trkpt lat="42.790828" lon="-7.577712"><ele>540.572</ele><time>2024-08-13T09:26:47.282Z</time></trkpt><trkpt lat="42.790800" lon="-7.577780"><ele>540.610</ele><time>2024-08-13T09:26:50.282Z</time></trkpt><trkpt lat="42.790798" lon="-7.577847"><ele>541.466</ele><time>2024-08-13T09:26:54.282Z</time></trkpt><trkpt lat="42.790805" lon="-7.577920"><ele>542.519</ele><time>2024-08-13T09:26:59.282Z</time></trkpt><trkpt lat="42.790817" lon="-7.577987"><ele>543.873</ele><time>2024-08-13T09:27:04.282Z</time></trkpt><trkpt lat="42.790807" lon="-7.578049"><ele>543.517</ele><time>2024-08-13T09:27:08.282Z</time></trkpt><trkpt lat="42.790790" lon="-7.578111"><ele>542.818</ele><time>2024-08-13T09:27:16.282Z</time></trkpt><trkpt lat="42.790783" lon="-7.578174"><ele>536.625</ele><time>2024-08-13T09:27:19.282Z</time></trkpt><trkpt lat="42.790790" lon="-7.578236"><ele>534.126</ele><time>2024-08-13T09:27:22.282Z</time></trkpt><trkpt lat="42.790795" lon="-7.578314"><ele>532.508</ele><time>2024-08-13T09:27:27.282Z</time></trkpt><trkpt lat="42.790797" lon="-7.578389"><ele>529.509</ele><time>2024-08-13T09:27:31.282Z</time></trkpt><trkpt lat="42.790819" lon="-7.578451"><ele>526.373</ele><time>2024-08-13T09:27:34.282Z</time></trkpt><trkpt lat="42.790806" lon="-7.578536"><ele>524.770</ele><time>2024-08-13T09:27:38.282Z</time></trkpt><trkpt lat="42.790789" lon="-7.578603"><ele>524.332</ele><time>2024-08-13T09:27:41.282Z</time></trkpt><trkpt lat="42.790779" lon="-7.578670"><ele>523.980</ele><time>2024-08-13T09:27:44.282Z</time></trkpt><trkpt lat="42.790797" lon="-7.578733"><ele>524.316</ele><time>2024-08-13T09:27:48.282Z</time></trkpt><trkpt lat="42.790797" lon="-7.578801"><ele>526.759</ele><time>2024-08-13T09:27:51.282Z</time></trkpt><trkpt lat="42.790792" lon="-7.578874"><ele>531.353</ele><time>2024-08-13T09:27:54.282Z</time></trkpt><trkpt lat="42.790770" lon="-7.578964"><ele>535.057</ele><time>2024-08-13T09:27:57.282Z</time></trkpt><trkpt lat="42.790757" lon="-7.579031"><ele>539.088</ele><time>2024-08-13T09:28:00.282Z</time></trkpt><trkpt lat="42.790754" lon="-7.579094"><ele>542.342</ele><time>2024-08-13T09:28:04.282Z</time></trkpt><trkpt lat="42.790749" lon="-7.579162"><ele>543.822</ele><time>2024-08-13T09:28:08.282Z</time></trkpt><trkpt lat="42.790767" lon="-7.579230"><ele>543.914</ele><time>2024-08-13T09:28:12.282Z</time></trkpt><trkpt lat="42.790785" lon="-7.579308"><ele>544.109</ele><time>2024-08-13T09:28:16.282Z</time></trkpt><trkpt lat="42.790793" lon="-7.579371"><ele>544.465</ele><time>2024-08-13T09:28:19.282Z</time></trkpt><trkpt lat="42.790801" lon="-7.579441"><ele>545.372</ele><time>2024-08-13T09:28:23.282Z</time></trkpt><trkpt lat="42.790803" lon="-7.579511"><ele>545.794</ele><time>2024-08-13T09:28:27.282Z</time></trkpt><trkpt lat="42.790815" lon="-7.579583"><ele>545.892</ele><time>2024-08-13T09:28:30.282Z</time></trkpt><trkpt lat="42.790817" lon="-7.579650"><ele>545.978</ele><time>2024-08-13T09:28:33.282Z</time></trkpt><trkpt lat="42.790840" lon="-7.579720"><ele>548.121</ele><time>2024-08-13T09:28:37.282Z</time></trkpt><trkpt lat="42.790865" lon="-7.579785"><ele>550.015</ele><time>2024-08-13T09:28:40.282Z</time></trkpt><trkpt lat="42.790867" lon="-7.579860"><ele>552.029</ele><time>2024-08-13T09:28:45.282Z</time></trkpt><trkpt lat="42.790855" lon="-7.579937"><ele>552.960</ele><time>2024-08-13T09:28:49.282Z</time></trkpt><trkpt lat="42.790868" lon="-7.580004"><ele>553.237</ele><time>2024-08-13T09:28:52.282Z</time></trkpt><trkpt lat="42.790888" lon="-7.580069"><ele>553.449</ele><time>2024-08-13T09:28:57.282Z</time></trkpt><trkpt lat="42.790888" lon="-7.580139"><ele>553.813</ele><time>2024-08-13T09:29:01.282Z</time></trkpt><trkpt lat="42.790883" lon="-7.580239"><ele>554.109</ele><time>2024-08-13T09:29:05.282Z</time></trkpt><trkpt lat="42.790891" lon="-7.580332"><ele>554.754</ele><time>2024-08-13T09:29:09.282Z</time></trkpt><trkpt lat="42.790888" lon="-7.580395"><ele>554.721</ele><time>2024-08-13T09:29:11.282Z</time></trkpt><trkpt lat="42.790858" lon="-7.580477"><ele>554.513</ele><time>2024-08-13T09:29:14.282Z</time></trkpt><trkpt lat="42.790891" lon="-7.580530"><ele>554.081</ele><time>2024-08-13T09:29:17.282Z</time></trkpt><trkpt lat="42.790918" lon="-7.580587"><ele>553.737</ele><time>2024-08-13T09:29:20.282Z</time></trkpt><trkpt lat="42.790943" lon="-7.580642"><ele>553.280</ele><time>2024-08-13T09:29:23.282Z</time></trkpt><trkpt lat="42.790995" lon="-7.580705"><ele>551.584</ele><time>2024-08-13T09:29:28.282Z</time></trkpt><trkpt lat="42.791048" lon="-7.580800"><ele>550.098</ele><time>2024-08-13T09:29:32.282Z</time></trkpt><trkpt lat="42.791053" lon="-7.580870"><ele>549.699</ele><time>2024-08-13T09:29:35.282Z</time></trkpt><trkpt lat="42.791048" lon="-7.580955"><ele>547.435</ele><time>2024-08-13T09:29:39.282Z</time></trkpt><trkpt lat="42.791033" lon="-7.581030"><ele>544.386</ele><time>2024-08-13T09:29:43.282Z</time></trkpt><trkpt lat="42.791035" lon="-7.581093"><ele>541.914</ele><time>2024-08-13T09:29:47.282Z</time></trkpt><trkpt lat="42.791035" lon="-7.581168"><ele>539.209</ele><time>2024-08-13T09:29:51.283Z</time></trkpt><trkpt lat="42.791023" lon="-7.581246"><ele>537.144</ele><time>2024-08-13T09:29:55.283Z</time></trkpt><trkpt lat="42.791016" lon="-7.581324"><ele>534.361</ele><time>2024-08-13T09:30:00.283Z</time></trkpt><trkpt lat="42.791031" lon="-7.581396"><ele>533.833</ele><time>2024-08-13T09:30:04.283Z</time></trkpt><trkpt lat="42.791029" lon="-7.581474"><ele>533.131</ele><time>2024-08-13T09:30:08.283Z</time></trkpt><trkpt lat="42.791037" lon="-7.581536"><ele>532.827</ele><time>2024-08-13T09:30:12.283Z</time></trkpt><trkpt lat="42.791027" lon="-7.581599"><ele>531.760</ele><time>2024-08-13T09:30:16.283Z</time></trkpt><trkpt lat="42.791037" lon="-7.581674"><ele>531.024</ele><time>2024-08-13T09:30:21.283Z</time></trkpt><trkpt lat="42.791047" lon="-7.581749"><ele>530.548</ele><time>2024-08-13T09:30:25.283Z</time></trkpt><trkpt lat="42.791059" lon="-7.581821"><ele>529.459</ele><time>2024-08-13T09:30:30.283Z</time></trkpt><trkpt lat="42.791082" lon="-7.581874"><ele>528.313</ele><time>2024-08-13T09:30:33.283Z</time></trkpt><trkpt lat="42.791100" lon="-7.581952"><ele>526.643</ele><time>2024-08-13T09:30:37.283Z</time></trkpt><trkpt lat="42.791120" lon="-7.582024"><ele>525.407</ele><time>2024-08-13T09:30:40.283Z</time></trkpt><trkpt lat="42.791130" lon="-7.582096"><ele>524.209</ele><time>2024-08-13T09:30:43.283Z</time></trkpt><trkpt lat="42.791145" lon="-7.582173"><ele>523.812</ele><time>2024-08-13T09:30:47.283Z</time></trkpt><trkpt lat="42.791158" lon="-7.582246"><ele>523.799</ele><time>2024-08-13T09:30:52.283Z</time></trkpt><trkpt lat="42.791143" lon="-7.582319"><ele>523.881</ele><time>2024-08-13T09:30:56.283Z</time></trkpt><trkpt lat="42.791145" lon="-7.582384"><ele>523.889</ele><time>2024-08-13T09:31:00.283Z</time></trkpt><trkpt lat="42.791153" lon="-7.582554"><ele>524.235</ele><time>2024-08-13T09:31:29.283Z</time></trkpt><trkpt lat="42.791243" lon="-7.582759"><ele>521.028</ele><time>2024-08-13T09:31:42.283Z</time></trkpt><trkpt lat="42.791258" lon="-7.582827"><ele>519.192</ele><time>2024-08-13T09:31:46.283Z</time></trkpt><trkpt lat="42.791275" lon="-7.582887"><ele>517.576</ele><time>2024-08-13T09:31:51.283Z</time></trkpt><trkpt lat="42.791292" lon="-7.582950"><ele>515.397</ele><time>2024-08-13T09:31:58.283Z</time></trkpt><trkpt lat="42.791324" lon="-7.583028"><ele>514.232</ele><time>2024-08-13T09:32:02.283Z</time></trkpt><trkpt lat="42.791344" lon="-7.583115"><ele>512.292</ele><time>2024-08-13T09:32:07.283Z</time></trkpt><trkpt lat="42.791382" lon="-7.583150"><ele>511.411</ele><time>2024-08-13T09:32:11.283Z</time></trkpt><trkpt lat="42.791414" lon="-7.583212"><ele>511.209</ele><time>2024-08-13T09:32:15.283Z</time></trkpt><trkpt lat="42.791442" lon="-7.583260"><ele>511.154</ele><time>2024-08-13T09:32:18.283Z</time></trkpt><trkpt lat="42.791475" lon="-7.583315"><ele>511.091</ele><time>2024-08-13T09:32:22.283Z</time></trkpt><trkpt lat="42.791485" lon="-7.583380"><ele>510.433</ele><time>2024-08-13T09:32:26.283Z</time></trkpt><trkpt lat="42.791480" lon="-7.583448"><ele>509.981</ele><time>2024-08-13T09:32:31.283Z</time></trkpt><trkpt lat="42.791575" lon="-7.583716"><ele>510.487</ele><time>2024-08-13T09:32:50.283Z</time></trkpt><trkpt lat="42.791627" lon="-7.583716"><ele>510.520</ele><time>2024-08-13T09:32:53.283Z</time></trkpt><trkpt lat="42.791672" lon="-7.583724"><ele>509.624</ele><time>2024-08-13T09:32:57.283Z</time></trkpt><trkpt lat="42.791719" lon="-7.583737"><ele>508.948</ele><time>2024-08-13T09:33:02.283Z</time></trkpt><trkpt lat="42.791757" lon="-7.583782"><ele>508.969</ele><time>2024-08-13T09:33:06.283Z</time></trkpt><trkpt lat="42.791809" lon="-7.583815"><ele>508.599</ele><time>2024-08-13T09:33:10.283Z</time></trkpt><trkpt lat="42.791862" lon="-7.583857"><ele>508.007</ele><time>2024-08-13T09:33:14.283Z</time></trkpt><trkpt lat="42.791905" lon="-7.583894"><ele>507.527</ele><time>2024-08-13T09:33:17.283Z</time></trkpt><trkpt lat="42.791958" lon="-7.583932"><ele>507.409</ele><time>2024-08-13T09:33:21.283Z</time></trkpt><trkpt lat="42.792000" lon="-7.583985"><ele>507.320</ele><time>2024-08-13T09:33:24.283Z</time></trkpt><trkpt lat="42.792043" lon="-7.584015"><ele>507.167</ele><time>2024-08-13T09:33:30.283Z</time></trkpt><trkpt lat="42.792091" lon="-7.584002"><ele>506.899</ele><time>2024-08-13T09:33:33.283Z</time></trkpt><trkpt lat="42.792139" lon="-7.583999"><ele>506.117</ele><time>2024-08-13T09:33:36.283Z</time></trkpt><trkpt lat="42.792187" lon="-7.583976"><ele>504.563</ele><time>2024-08-13T09:33:39.283Z</time></trkpt><trkpt lat="42.792240" lon="-7.583991"><ele>502.926</ele><time>2024-08-13T09:33:45.283Z</time></trkpt><trkpt lat="42.792293" lon="-7.584016"><ele>502.420</ele><time>2024-08-13T09:33:48.283Z</time></trkpt><trkpt lat="42.792336" lon="-7.584051"><ele>500.714</ele><time>2024-08-13T09:33:51.283Z</time></trkpt><trkpt lat="42.792381" lon="-7.584076"><ele>499.525</ele><time>2024-08-13T09:33:55.283Z</time></trkpt><trkpt lat="42.792431" lon="-7.584106"><ele>499.011</ele><time>2024-08-13T09:33:59.283Z</time></trkpt><trkpt lat="42.792478" lon="-7.584133"><ele>498.921</ele><time>2024-08-13T09:34:03.283Z</time></trkpt><trkpt lat="42.792503" lon="-7.584190"><ele>499.003</ele><time>2024-08-13T09:34:07.283Z</time></trkpt><trkpt lat="42.792540" lon="-7.584232"><ele>499.209</ele><time>2024-08-13T09:34:10.283Z</time></trkpt><trkpt lat="42.792583" lon="-7.584264"><ele>500.162</ele><time>2024-08-13T09:34:21.283Z</time></trkpt><trkpt lat="42.792605" lon="-7.584322"><ele>500.719</ele><time>2024-08-13T09:34:24.283Z</time></trkpt><trkpt lat="42.792657" lon="-7.584389"><ele>500.761</ele><time>2024-08-13T09:34:30.283Z</time></trkpt><trkpt lat="42.792704" lon="-7.584397"><ele>500.749</ele><time>2024-08-13T09:34:34.283Z</time></trkpt><trkpt lat="42.792749" lon="-7.584402"><ele>500.255</ele><time>2024-08-13T09:34:38.283Z</time></trkpt><trkpt lat="42.792802" lon="-7.584455"><ele>496.078</ele><time>2024-08-13T09:34:43.283Z</time></trkpt><trkpt lat="42.792850" lon="-7.584487"><ele>494.462</ele><time>2024-08-13T09:34:46.283Z</time></trkpt><trkpt lat="42.792907" lon="-7.584534"><ele>493.676</ele><time>2024-08-13T09:34:49.283Z</time></trkpt><trkpt lat="42.792962" lon="-7.584567"><ele>493.667</ele><time>2024-08-13T09:34:52.283Z</time></trkpt><trkpt lat="42.793004" lon="-7.584619"><ele>494.081</ele><time>2024-08-13T09:34:57.283Z</time></trkpt><trkpt lat="42.793042" lon="-7.584674"><ele>494.861</ele><time>2024-08-13T09:35:01.283Z</time></trkpt><trkpt lat="42.793090" lon="-7.584714"><ele>494.917</ele><time>2024-08-13T09:35:04.283Z</time></trkpt><trkpt lat="42.793135" lon="-7.584732"><ele>495.109</ele><time>2024-08-13T09:35:08.283Z</time></trkpt><trkpt lat="42.793173" lon="-7.584782"><ele>495.129</ele><time>2024-08-13T09:35:12.283Z</time></trkpt><trkpt lat="42.793195" lon="-7.584850"><ele>495.146</ele><time>2024-08-13T09:35:17.283Z</time></trkpt><trkpt lat="42.793225" lon="-7.584912"><ele>495.158</ele><time>2024-08-13T09:35:21.283Z</time></trkpt><trkpt lat="42.793237" lon="-7.584977"><ele>495.096</ele><time>2024-08-13T09:35:25.283Z</time></trkpt><trkpt lat="42.793260" lon="-7.585044"><ele>494.942</ele><time>2024-08-13T09:35:29.283Z</time></trkpt><trkpt lat="42.793290" lon="-7.585094"><ele>494.155</ele><time>2024-08-13T09:35:33.283Z</time></trkpt><trkpt lat="42.793303" lon="-7.585161"><ele>493.369</ele><time>2024-08-13T09:35:37.283Z</time></trkpt><trkpt lat="42.793323" lon="-7.585228"><ele>493.063</ele><time>2024-08-13T09:35:41.283Z</time></trkpt><trkpt lat="42.793346" lon="-7.585298"><ele>492.324</ele><time>2024-08-13T09:35:45.283Z</time></trkpt><trkpt lat="42.793366" lon="-7.585368"><ele>490.675</ele><time>2024-08-13T09:35:50.283Z</time></trkpt><trkpt lat="42.793398" lon="-7.585428"><ele>489.228</ele><time>2024-08-13T09:35:55.283Z</time></trkpt><trkpt lat="42.793428" lon="-7.585496"><ele>488.520</ele><time>2024-08-13T09:35:59.283Z</time></trkpt><trkpt lat="42.793455" lon="-7.585564"><ele>487.909</ele><time>2024-08-13T09:36:03.283Z</time></trkpt><trkpt lat="42.793458" lon="-7.585631"><ele>487.438</ele><time>2024-08-13T09:36:07.283Z</time></trkpt><trkpt lat="42.793485" lon="-7.585703"><ele>487.115</ele><time>2024-08-13T09:36:11.283Z</time></trkpt><trkpt lat="42.793507" lon="-7.585763"><ele>486.817</ele><time>2024-08-13T09:36:14.283Z</time></trkpt><trkpt lat="42.793502" lon="-7.585826"><ele>485.835</ele><time>2024-08-13T09:36:18.283Z</time></trkpt><trkpt lat="42.793512" lon="-7.585893"><ele>485.011</ele><time>2024-08-13T09:36:23.283Z</time></trkpt><trkpt lat="42.793512" lon="-7.585961"><ele>483.524</ele><time>2024-08-13T09:36:27.283Z</time></trkpt><trkpt lat="42.793545" lon="-7.586003"><ele>482.568</ele><time>2024-08-13T09:36:30.283Z</time></trkpt><trkpt lat="42.793590" lon="-7.586055"><ele>481.372</ele><time>2024-08-13T09:36:34.283Z</time></trkpt><trkpt lat="42.793625" lon="-7.586107"><ele>480.233</ele><time>2024-08-13T09:36:38.283Z</time></trkpt><trkpt lat="42.793637" lon="-7.586175"><ele>479.957</ele><time>2024-08-13T09:36:41.283Z</time></trkpt><trkpt lat="42.793667" lon="-7.586227"><ele>479.800</ele><time>2024-08-13T09:36:45.283Z</time></trkpt><trkpt lat="42.793689" lon="-7.586287"><ele>479.120</ele><time>2024-08-13T09:36:50.283Z</time></trkpt><trkpt lat="42.793707" lon="-7.586349"><ele>477.909</ele><time>2024-08-13T09:36:53.283Z</time></trkpt><trkpt lat="42.793749" lon="-7.586391"><ele>476.856</ele><time>2024-08-13T09:36:56.283Z</time></trkpt><trkpt lat="42.793777" lon="-7.586448"><ele>475.533</ele><time>2024-08-13T09:36:59.283Z</time></trkpt><trkpt lat="42.793802" lon="-7.586511"><ele>474.275</ele><time>2024-08-13T09:37:03.283Z</time></trkpt><trkpt lat="42.793832" lon="-7.586564"><ele>473.173</ele><time>2024-08-13T09:37:06.283Z</time></trkpt><trkpt lat="42.793865" lon="-7.586607"><ele>471.929</ele><time>2024-08-13T09:37:09.283Z</time></trkpt><trkpt lat="42.793912" lon="-7.586649"><ele>470.042</ele><time>2024-08-13T09:37:14.283Z</time></trkpt><trkpt lat="42.793969" lon="-7.586674"><ele>469.026</ele><time>2024-08-13T09:37:19.283Z</time></trkpt><trkpt lat="42.794011" lon="-7.586731"><ele>468.060</ele><time>2024-08-13T09:37:23.283Z</time></trkpt><trkpt lat="42.794006" lon="-7.586794"><ele>467.451</ele><time>2024-08-13T09:37:29.283Z</time></trkpt><trkpt lat="42.793968" lon="-7.586891"><ele>466.997</ele><time>2024-08-13T09:37:39.283Z</time></trkpt><trkpt lat="42.793980" lon="-7.586961"><ele>466.823</ele><time>2024-08-13T09:37:43.283Z</time></trkpt><trkpt lat="42.793998" lon="-7.587029"><ele>466.825</ele><time>2024-08-13T09:37:48.283Z</time></trkpt><trkpt lat="42.794038" lon="-7.587069"><ele>466.009</ele><time>2024-08-13T09:37:52.283Z</time></trkpt><trkpt lat="42.794051" lon="-7.587137"><ele>465.580</ele><time>2024-08-13T09:37:56.283Z</time></trkpt><trkpt lat="42.794048" lon="-7.587200"><ele>465.487</ele><time>2024-08-13T09:38:01.283Z</time></trkpt><trkpt lat="42.794028" lon="-7.587260"><ele>465.319</ele><time>2024-08-13T09:38:05.283Z</time></trkpt><trkpt lat="42.793985" lon="-7.587288"><ele>464.347</ele><time>2024-08-13T09:38:29.283Z</time></trkpt><trkpt lat="42.793957" lon="-7.587338"><ele>464.133</ele><time>2024-08-13T09:38:35.283Z</time></trkpt><trkpt lat="42.793949" lon="-7.587411"><ele>462.926</ele><time>2024-08-13T09:38:40.283Z</time></trkpt><trkpt lat="42.793932" lon="-7.587583"><ele>462.530</ele><time>2024-08-13T09:38:51.283Z</time></trkpt><trkpt lat="42.793930" lon="-7.587646"><ele>462.284</ele><time>2024-08-13T09:38:56.283Z</time></trkpt><trkpt lat="42.793908" lon="-7.587708"><ele>462.055</ele><time>2024-08-13T09:38:59.283Z</time></trkpt><trkpt lat="42.793905" lon="-7.587786"><ele>463.451</ele><time>2024-08-13T09:39:03.283Z</time></trkpt><trkpt lat="42.793923" lon="-7.587858"><ele>463.401</ele><time>2024-08-13T09:39:07.283Z</time></trkpt><trkpt lat="42.793920" lon="-7.587923"><ele>463.511</ele><time>2024-08-13T09:39:12.283Z</time></trkpt><trkpt lat="42.793917" lon="-7.587995"><ele>463.709</ele><time>2024-08-13T09:39:17.283Z</time></trkpt><trkpt lat="42.793922" lon="-7.588058"><ele>463.836</ele><time>2024-08-13T09:39:21.283Z</time></trkpt><trkpt lat="42.793977" lon="-7.588105"><ele>464.933</ele><time>2024-08-13T09:39:38.283Z</time></trkpt><trkpt lat="42.794055" lon="-7.588157"><ele>463.515</ele><time>2024-08-13T09:39:47.283Z</time></trkpt><trkpt lat="42.794065" lon="-7.588220"><ele>460.313</ele><time>2024-08-13T09:39:58.283Z</time></trkpt><trkpt lat="42.794102" lon="-7.588583"><ele>450.829</ele><time>2024-08-13T09:40:27.283Z</time></trkpt><trkpt lat="42.794120" lon="-7.588640"><ele>450.712</ele><time>2024-08-13T09:40:30.283Z</time></trkpt><trkpt lat="42.794123" lon="-7.588707"><ele>451.016</ele><time>2024-08-13T09:40:33.283Z</time></trkpt><trkpt lat="42.794155" lon="-7.588759"><ele>451.940</ele><time>2024-08-13T09:40:41.283Z</time></trkpt><trkpt lat="42.794177" lon="-7.588816"><ele>451.951</ele><time>2024-08-13T09:40:45.283Z</time></trkpt><trkpt lat="42.794199" lon="-7.588899"><ele>451.962</ele><time>2024-08-13T09:40:49.283Z</time></trkpt><trkpt lat="42.794186" lon="-7.588969"><ele>452.183</ele><time>2024-08-13T09:40:52.283Z</time></trkpt><trkpt lat="42.794186" lon="-7.589047"><ele>452.311</ele><time>2024-08-13T09:40:55.283Z</time></trkpt><trkpt lat="42.794193" lon="-7.589117"><ele>452.109</ele><time>2024-08-13T09:40:58.283Z</time></trkpt><trkpt lat="42.794206" lon="-7.589180"><ele>452.817</ele><time>2024-08-13T09:41:02.283Z</time></trkpt><trkpt lat="42.794223" lon="-7.589248"><ele>454.784</ele><time>2024-08-13T09:41:06.283Z</time></trkpt><trkpt lat="42.794221" lon="-7.589310"><ele>455.556</ele><time>2024-08-13T09:41:09.283Z</time></trkpt><trkpt lat="42.794248" lon="-7.589368"><ele>457.754</ele><time>2024-08-13T09:41:14.283Z</time></trkpt><trkpt lat="42.794271" lon="-7.589443"><ele>458.560</ele><time>2024-08-13T09:41:18.283Z</time></trkpt><trkpt lat="42.794294" lon="-7.589508"><ele>458.653</ele><time>2024-08-13T09:41:21.283Z</time></trkpt><trkpt lat="42.794296" lon="-7.589575"><ele>458.757</ele><time>2024-08-13T09:41:24.283Z</time></trkpt><trkpt lat="42.794306" lon="-7.589655"><ele>458.271</ele><time>2024-08-13T09:41:28.283Z</time></trkpt><trkpt lat="42.794299" lon="-7.589720"><ele>457.362</ele><time>2024-08-13T09:41:32.283Z</time></trkpt><trkpt lat="42.794301" lon="-7.589798"><ele>456.787</ele><time>2024-08-13T09:41:36.283Z</time></trkpt><trkpt lat="42.794329" lon="-7.589858"><ele>455.942</ele><time>2024-08-13T09:41:40.283Z</time></trkpt><trkpt lat="42.794344" lon="-7.589935"><ele>455.426</ele><time>2024-08-13T09:41:44.283Z</time></trkpt><trkpt lat="42.794357" lon="-7.589998"><ele>454.509</ele><time>2024-08-13T09:41:48.283Z</time></trkpt><trkpt lat="42.794365" lon="-7.590081"><ele>454.219</ele><time>2024-08-13T09:41:54.283Z</time></trkpt><trkpt lat="42.794352" lon="-7.590153"><ele>454.136</ele><time>2024-08-13T09:41:57.283Z</time></trkpt><trkpt lat="42.794347" lon="-7.590215"><ele>454.038</ele><time>2024-08-13T09:42:00.283Z</time></trkpt><trkpt lat="42.794345" lon="-7.590278"><ele>454.056</ele><time>2024-08-13T09:42:03.283Z</time></trkpt><trkpt lat="42.794342" lon="-7.590361"><ele>454.052</ele><time>2024-08-13T09:42:07.283Z</time></trkpt><trkpt lat="42.794354" lon="-7.590421"><ele>454.195</ele><time>2024-08-13T09:42:10.283Z</time></trkpt><trkpt lat="42.794374" lon="-7.590494"><ele>454.139</ele><time>2024-08-13T09:42:13.283Z</time></trkpt><trkpt lat="42.794381" lon="-7.590562"><ele>453.943</ele><time>2024-08-13T09:42:16.283Z</time></trkpt><trkpt lat="42.794391" lon="-7.590630"><ele>453.884</ele><time>2024-08-13T09:42:19.283Z</time></trkpt><trkpt lat="42.794374" lon="-7.590697"><ele>453.752</ele><time>2024-08-13T09:42:22.283Z</time></trkpt><trkpt lat="42.794356" lon="-7.590757"><ele>453.753</ele><time>2024-08-13T09:42:25.283Z</time></trkpt><trkpt lat="42.794359" lon="-7.590820"><ele>453.908</ele><time>2024-08-13T09:42:30.283Z</time></trkpt><trkpt lat="42.794327" lon="-7.590877"><ele>454.109</ele><time>2024-08-13T09:42:34.283Z</time></trkpt><trkpt lat="42.794335" lon="-7.590949"><ele>454.116</ele><time>2024-08-13T09:42:38.283Z</time></trkpt><trkpt lat="42.794333" lon="-7.591017"><ele>454.143</ele><time>2024-08-13T09:42:41.283Z</time></trkpt><trkpt lat="42.794321" lon="-7.591089"><ele>453.635</ele><time>2024-08-13T09:42:45.283Z</time></trkpt><trkpt lat="42.794309" lon="-7.591167"><ele>452.853</ele><time>2024-08-13T09:42:50.283Z</time></trkpt><trkpt lat="42.794306" lon="-7.591229"><ele>452.219</ele><time>2024-08-13T09:42:53.283Z</time></trkpt><trkpt lat="42.794314" lon="-7.591292"><ele>452.162</ele><time>2024-08-13T09:42:56.283Z</time></trkpt><trkpt lat="42.794311" lon="-7.591354"><ele>451.576</ele><time>2024-08-13T09:42:59.283Z</time></trkpt><trkpt lat="42.794318" lon="-7.591424"><ele>450.550</ele><time>2024-08-13T09:43:03.283Z</time></trkpt><trkpt lat="42.794345" lon="-7.591477"><ele>450.361</ele><time>2024-08-13T09:43:07.283Z</time></trkpt><trkpt lat="42.794367" lon="-7.591534"><ele>450.078</ele><time>2024-08-13T09:43:10.283Z</time></trkpt><trkpt lat="42.794370" lon="-7.591611"><ele>449.833</ele><time>2024-08-13T09:43:14.283Z</time></trkpt><trkpt lat="42.794373" lon="-7.591693"><ele>449.626</ele><time>2024-08-13T09:43:18.283Z</time></trkpt><trkpt lat="42.794398" lon="-7.591753"><ele>448.909</ele><time>2024-08-13T09:43:22.283Z</time></trkpt><trkpt lat="42.794410" lon="-7.591813"><ele>447.478</ele><time>2024-08-13T09:43:25.283Z</time></trkpt><trkpt lat="42.794440" lon="-7.591870"><ele>447.425</ele><time>2024-08-13T09:43:29.283Z</time></trkpt><trkpt lat="42.794453" lon="-7.591940"><ele>447.497</ele><time>2024-08-13T09:43:33.283Z</time></trkpt><trkpt lat="42.794453" lon="-7.592013"><ele>447.715</ele><time>2024-08-13T09:43:37.283Z</time></trkpt><trkpt lat="42.794470" lon="-7.592085"><ele>447.791</ele><time>2024-08-13T09:43:41.283Z</time></trkpt><trkpt lat="42.794477" lon="-7.592157"><ele>447.584</ele><time>2024-08-13T09:43:46.283Z</time></trkpt><trkpt lat="42.794502" lon="-7.592210"><ele>446.718</ele><time>2024-08-13T09:43:49.283Z</time></trkpt><trkpt lat="42.794517" lon="-7.592277"><ele>445.722</ele><time>2024-08-13T09:43:54.283Z</time></trkpt><trkpt lat="42.794539" lon="-7.592339"><ele>445.353</ele><time>2024-08-13T09:43:58.283Z</time></trkpt><trkpt lat="42.794574" lon="-7.592392"><ele>444.819</ele><time>2024-08-13T09:44:02.283Z</time></trkpt><trkpt lat="42.794606" lon="-7.592445"><ele>443.209</ele><time>2024-08-13T09:44:06.283Z</time></trkpt><trkpt lat="42.794626" lon="-7.592525"><ele>443.019</ele><time>2024-08-13T09:44:10.283Z</time></trkpt><trkpt lat="42.794651" lon="-7.592577"><ele>442.809</ele><time>2024-08-13T09:44:13.283Z</time></trkpt><trkpt lat="42.794661" lon="-7.592647"><ele>442.152</ele><time>2024-08-13T09:44:17.283Z</time></trkpt><trkpt lat="42.794681" lon="-7.592719"><ele>441.989</ele><time>2024-08-13T09:44:21.283Z</time></trkpt><trkpt lat="42.794691" lon="-7.592806"><ele>441.151</ele><time>2024-08-13T09:44:25.283Z</time></trkpt><trkpt lat="42.794684" lon="-7.592868"><ele>440.769</ele><time>2024-08-13T09:44:29.283Z</time></trkpt><trkpt lat="42.794697" lon="-7.592936"><ele>440.615</ele><time>2024-08-13T09:44:33.283Z</time></trkpt><trkpt lat="42.794722" lon="-7.592999"><ele>440.268</ele><time>2024-08-13T09:44:37.283Z</time></trkpt><trkpt lat="42.794742" lon="-7.593066"><ele>439.822</ele><time>2024-08-13T09:44:41.283Z</time></trkpt><trkpt lat="42.794764" lon="-7.593133"><ele>438.696</ele><time>2024-08-13T09:44:45.283Z</time></trkpt><trkpt lat="42.794779" lon="-7.593191"><ele>438.057</ele><time>2024-08-13T09:44:49.283Z</time></trkpt><trkpt lat="42.794789" lon="-7.593256"><ele>437.818</ele><time>2024-08-13T09:44:53.283Z</time></trkpt><trkpt lat="42.794792" lon="-7.593321"><ele>437.798</ele><time>2024-08-13T09:44:56.283Z</time></trkpt><trkpt lat="42.794809" lon="-7.593394"><ele>437.817</ele><time>2024-08-13T09:45:00.283Z</time></trkpt><trkpt lat="42.794822" lon="-7.593457"><ele>437.809</ele><time>2024-08-13T09:45:04.283Z</time></trkpt><trkpt lat="42.794842" lon="-7.593530"><ele>438.082</ele><time>2024-08-13T09:45:09.283Z</time></trkpt><trkpt lat="42.794855" lon="-7.593602"><ele>439.649</ele><time>2024-08-13T09:45:13.283Z</time></trkpt><trkpt lat="42.794867" lon="-7.593667"><ele>440.321</ele><time>2024-08-13T09:45:17.283Z</time></trkpt><trkpt lat="42.794879" lon="-7.593740"><ele>440.599</ele><time>2024-08-13T09:45:21.283Z</time></trkpt><trkpt lat="42.794884" lon="-7.593803"><ele>440.695</ele><time>2024-08-13T09:45:25.283Z</time></trkpt><trkpt lat="42.794884" lon="-7.593873"><ele>440.748</ele><time>2024-08-13T09:45:29.283Z</time></trkpt><trkpt lat="42.794881" lon="-7.593950"><ele>440.762</ele><time>2024-08-13T09:45:34.283Z</time></trkpt><trkpt lat="42.794884" lon="-7.594030"><ele>440.636</ele><time>2024-08-13T09:45:40.283Z</time></trkpt><trkpt lat="42.794889" lon="-7.594110"><ele>440.627</ele><time>2024-08-13T09:45:44.283Z</time></trkpt><trkpt lat="42.794912" lon="-7.594172"><ele>440.769</ele><time>2024-08-13T09:45:47.283Z</time></trkpt><trkpt lat="42.794902" lon="-7.594247"><ele>440.604</ele><time>2024-08-13T09:45:51.283Z</time></trkpt><trkpt lat="42.794905" lon="-7.594324"><ele>440.624</ele><time>2024-08-13T09:45:55.283Z</time></trkpt><trkpt lat="42.794915" lon="-7.594389"><ele>438.909</ele><time>2024-08-13T09:46:00.283Z</time></trkpt><trkpt lat="42.794925" lon="-7.594451"><ele>438.977</ele><time>2024-08-13T09:46:03.283Z</time></trkpt><trkpt lat="42.794947" lon="-7.594513"><ele>438.964</ele><time>2024-08-13T09:46:07.283Z</time></trkpt><trkpt lat="42.794967" lon="-7.594590"><ele>439.376</ele><time>2024-08-13T09:46:11.283Z</time></trkpt><trkpt lat="42.794970" lon="-7.594662"><ele>440.764</ele><time>2024-08-13T09:46:16.283Z</time></trkpt><trkpt lat="42.794948" lon="-7.594725"><ele>442.390</ele><time>2024-08-13T09:46:20.283Z</time></trkpt><trkpt lat="42.794958" lon="-7.594795"><ele>443.043</ele><time>2024-08-13T09:46:24.283Z</time></trkpt><trkpt lat="42.795001" lon="-7.594853"><ele>443.857</ele><time>2024-08-13T09:46:28.283Z</time></trkpt><trkpt lat="42.795031" lon="-7.594900"><ele>443.891</ele><time>2024-08-13T09:46:31.283Z</time></trkpt><trkpt lat="42.795054" lon="-7.594957"><ele>443.822</ele><time>2024-08-13T09:46:35.283Z</time></trkpt><trkpt lat="42.795069" lon="-7.595019"><ele>443.221</ele><time>2024-08-13T09:46:38.283Z</time></trkpt><trkpt lat="42.795094" lon="-7.595092"><ele>441.441</ele><time>2024-08-13T09:46:41.283Z</time></trkpt><trkpt lat="42.795101" lon="-7.595164"><ele>439.205</ele><time>2024-08-13T09:46:45.283Z</time></trkpt><trkpt lat="42.795106" lon="-7.595229"><ele>438.709</ele><time>2024-08-13T09:46:49.283Z</time></trkpt><trkpt lat="42.795106" lon="-7.595292"><ele>438.143</ele><time>2024-08-13T09:46:52.283Z</time></trkpt><trkpt lat="42.795129" lon="-7.595357"><ele>436.550</ele><time>2024-08-13T09:46:57.283Z</time></trkpt><trkpt lat="42.795157" lon="-7.595419"><ele>435.052</ele><time>2024-08-13T09:47:04.283Z</time></trkpt><trkpt lat="42.795179" lon="-7.595486"><ele>433.980</ele><time>2024-08-13T09:47:08.283Z</time></trkpt><trkpt lat="42.795184" lon="-7.595556"><ele>433.776</ele><time>2024-08-13T09:47:13.283Z</time></trkpt><trkpt lat="42.795187" lon="-7.595626"><ele>433.299</ele><time>2024-08-13T09:47:16.283Z</time></trkpt><trkpt lat="42.795154" lon="-7.595673"><ele>430.923</ele><time>2024-08-13T09:47:20.283Z</time></trkpt><trkpt lat="42.795152" lon="-7.595741"><ele>429.767</ele><time>2024-08-13T09:47:26.283Z</time></trkpt><trkpt lat="42.795167" lon="-7.595826"><ele>429.388</ele><time>2024-08-13T09:47:31.283Z</time></trkpt><trkpt lat="42.795197" lon="-7.595881"><ele>428.031</ele><time>2024-08-13T09:47:35.283Z</time></trkpt><trkpt lat="42.795227" lon="-7.595954"><ele>427.761</ele><time>2024-08-13T09:47:41.283Z</time></trkpt><trkpt lat="42.795245" lon="-7.596022"><ele>427.607</ele><time>2024-08-13T09:47:44.283Z</time></trkpt><trkpt lat="42.795267" lon="-7.596084"><ele>427.209</ele><time>2024-08-13T09:47:47.283Z</time></trkpt><trkpt lat="42.795282" lon="-7.596147"><ele>427.034</ele><time>2024-08-13T09:47:50.283Z</time></trkpt><trkpt lat="42.795314" lon="-7.596210"><ele>427.081</ele><time>2024-08-13T09:47:54.283Z</time></trkpt><trkpt lat="42.795312" lon="-7.596282"><ele>427.083</ele><time>2024-08-13T09:47:58.283Z</time></trkpt><trkpt lat="42.795312" lon="-7.596355"><ele>427.191</ele><time>2024-08-13T09:48:02.283Z</time></trkpt><trkpt lat="42.795302" lon="-7.596433"><ele>427.137</ele><time>2024-08-13T09:48:08.283Z</time></trkpt><trkpt lat="42.795254" lon="-7.596725"><ele>424.740</ele><time>2024-08-13T09:48:24.283Z</time></trkpt><trkpt lat="42.795236" lon="-7.596785"><ele>424.734</ele><time>2024-08-13T09:48:29.283Z</time></trkpt><trkpt lat="42.795216" lon="-7.596850"><ele>424.838</ele><time>2024-08-13T09:48:31.283Z</time></trkpt><trkpt lat="42.795189" lon="-7.596903"><ele>425.389</ele><time>2024-08-13T09:48:33.283Z</time></trkpt><trkpt lat="42.795182" lon="-7.596973"><ele>425.966</ele><time>2024-08-13T09:48:36.283Z</time></trkpt><trkpt lat="42.795202" lon="-7.597048"><ele>426.529</ele><time>2024-08-13T09:48:38.283Z</time></trkpt><trkpt lat="42.795227" lon="-7.597106"><ele>427.121</ele><time>2024-08-13T09:48:42.283Z</time></trkpt><trkpt lat="42.795245" lon="-7.597164"><ele>427.109</ele><time>2024-08-13T09:48:45.283Z</time></trkpt><trkpt lat="42.795258" lon="-7.597239"><ele>427.097</ele><time>2024-08-13T09:48:51.283Z</time></trkpt><trkpt lat="42.795265" lon="-7.597309"><ele>426.364</ele><time>2024-08-13T09:48:56.283Z</time></trkpt><trkpt lat="42.795283" lon="-7.597379"><ele>425.166</ele><time>2024-08-13T09:49:00.283Z</time></trkpt><trkpt lat="42.795305" lon="-7.597442"><ele>422.794</ele><time>2024-08-13T09:49:05.283Z</time></trkpt><trkpt lat="42.795313" lon="-7.597504"><ele>420.440</ele><time>2024-08-13T09:49:10.283Z</time></trkpt><trkpt lat="42.795315" lon="-7.597567"><ele>418.953</ele><time>2024-08-13T09:49:14.283Z</time></trkpt><trkpt lat="42.795328" lon="-7.597637"><ele>417.327</ele><time>2024-08-13T09:49:19.283Z</time></trkpt><trkpt lat="42.795345" lon="-7.597712"><ele>415.351</ele><time>2024-08-13T09:49:23.283Z</time></trkpt><trkpt lat="42.795378" lon="-7.597782"><ele>413.522</ele><time>2024-08-13T09:49:27.283Z</time></trkpt><trkpt lat="42.795411" lon="-7.597835"><ele>412.542</ele><time>2024-08-13T09:49:30.283Z</time></trkpt><trkpt lat="42.795428" lon="-7.597905"><ele>410.622</ele><time>2024-08-13T09:49:34.283Z</time></trkpt><trkpt lat="42.795440" lon="-7.597973"><ele>408.914</ele><time>2024-08-13T09:49:40.283Z</time></trkpt><trkpt lat="42.795448" lon="-7.598035"><ele>408.509</ele><time>2024-08-13T09:49:43.283Z</time></trkpt><trkpt lat="42.795453" lon="-7.598103"><ele>407.895</ele><time>2024-08-13T09:49:46.283Z</time></trkpt><trkpt lat="42.795473" lon="-7.598170"><ele>407.212</ele><time>2024-08-13T09:49:58.283Z</time></trkpt><trkpt lat="42.795491" lon="-7.598233"><ele>407.084</ele><time>2024-08-13T09:50:02.283Z</time></trkpt><trkpt lat="42.795503" lon="-7.598313"><ele>406.122</ele><time>2024-08-13T09:50:12.283Z</time></trkpt><trkpt lat="42.795546" lon="-7.598371"><ele>404.898</ele><time>2024-08-13T09:50:16.283Z</time></trkpt><trkpt lat="42.795566" lon="-7.598436"><ele>402.941</ele><time>2024-08-13T09:50:20.283Z</time></trkpt><trkpt lat="42.795549" lon="-7.598498"><ele>402.345</ele><time>2024-08-13T09:50:23.283Z</time></trkpt><trkpt lat="42.795546" lon="-7.598566"><ele>402.149</ele><time>2024-08-13T09:50:26.283Z</time></trkpt><trkpt lat="42.795543" lon="-7.598633"><ele>401.740</ele><time>2024-08-13T09:50:30.283Z</time></trkpt><trkpt lat="42.795541" lon="-7.598698"><ele>401.449</ele><time>2024-08-13T09:50:34.283Z</time></trkpt><trkpt lat="42.795556" lon="-7.598770"><ele>401.002</ele><time>2024-08-13T09:50:38.283Z</time></trkpt><trkpt lat="42.795559" lon="-7.598832"><ele>400.122</ele><time>2024-08-13T09:50:42.283Z</time></trkpt><trkpt lat="42.795556" lon="-7.598895"><ele>398.709</ele><time>2024-08-13T09:50:47.283Z</time></trkpt><trkpt lat="42.795548" lon="-7.598962"><ele>398.685</ele><time>2024-08-13T09:50:51.283Z</time></trkpt><trkpt lat="42.795535" lon="-7.599024"><ele>398.412</ele><time>2024-08-13T09:50:54.283Z</time></trkpt><trkpt lat="42.795540" lon="-7.599091"><ele>397.164</ele><time>2024-08-13T09:50:57.283Z</time></trkpt><trkpt lat="42.795542" lon="-7.599159"><ele>396.442</ele><time>2024-08-13T09:51:00.283Z</time></trkpt><trkpt lat="42.795515" lon="-7.599229"><ele>396.138</ele><time>2024-08-13T09:51:03.283Z</time></trkpt><trkpt lat="42.795498" lon="-7.599302"><ele>395.621</ele><time>2024-08-13T09:51:06.283Z</time></trkpt><trkpt lat="42.795486" lon="-7.599362"><ele>395.695</ele><time>2024-08-13T09:51:09.283Z</time></trkpt><trkpt lat="42.795478" lon="-7.599440"><ele>396.079</ele><time>2024-08-13T09:51:13.283Z</time></trkpt><trkpt lat="42.795481" lon="-7.599505"><ele>397.350</ele><time>2024-08-13T09:51:16.283Z</time></trkpt><trkpt lat="42.795499" lon="-7.599570"><ele>398.258</ele><time>2024-08-13T09:51:21.283Z</time></trkpt><trkpt lat="42.795489" lon="-7.599635"><ele>398.352</ele><time>2024-08-13T09:51:25.283Z</time></trkpt><trkpt lat="42.795499" lon="-7.599698"><ele>398.317</ele><time>2024-08-13T09:51:30.283Z</time></trkpt><trkpt lat="42.795509" lon="-7.599768"><ele>398.309</ele><time>2024-08-13T09:51:34.283Z</time></trkpt><trkpt lat="42.795501" lon="-7.599843"><ele>398.316</ele><time>2024-08-13T09:51:38.283Z</time></trkpt><trkpt lat="42.795513" lon="-7.599905"><ele>398.443</ele><time>2024-08-13T09:51:42.283Z</time></trkpt><trkpt lat="42.795546" lon="-7.599955"><ele>398.225</ele><time>2024-08-13T09:51:54.283Z</time></trkpt><trkpt lat="42.795553" lon="-7.600025"><ele>398.083</ele><time>2024-08-13T09:51:57.283Z</time></trkpt><trkpt lat="42.795563" lon="-7.600103"><ele>397.859</ele><time>2024-08-13T09:52:01.283Z</time></trkpt><trkpt lat="42.795573" lon="-7.600206"><ele>397.212</ele><time>2024-08-13T09:52:06.283Z</time></trkpt><trkpt lat="42.795575" lon="-7.600276"><ele>397.146</ele><time>2024-08-13T09:52:09.283Z</time></trkpt><trkpt lat="42.795575" lon="-7.600354"><ele>397.340</ele><time>2024-08-13T09:52:13.283Z</time></trkpt><trkpt lat="42.795573" lon="-7.600426"><ele>398.871</ele><time>2024-08-13T09:52:17.283Z</time></trkpt><trkpt lat="42.795578" lon="-7.600499"><ele>400.491</ele><time>2024-08-13T09:52:21.283Z</time></trkpt><trkpt lat="42.795581" lon="-7.600576"><ele>400.481</ele><time>2024-08-13T09:52:25.283Z</time></trkpt><trkpt lat="42.795596" lon="-7.600641"><ele>400.419</ele><time>2024-08-13T09:52:29.283Z</time></trkpt><trkpt lat="42.795614" lon="-7.600708"><ele>399.609</ele><time>2024-08-13T09:52:33.283Z</time></trkpt><trkpt lat="42.795607" lon="-7.600781"><ele>399.550</ele><time>2024-08-13T09:52:37.283Z</time></trkpt><trkpt lat="42.795600" lon="-7.600844"><ele>399.057</ele><time>2024-08-13T09:52:41.283Z</time></trkpt><trkpt lat="42.795578" lon="-7.600912"><ele>399.099</ele><time>2024-08-13T09:52:45.283Z</time></trkpt><trkpt lat="42.795550" lon="-7.600965"><ele>399.547</ele><time>2024-08-13T09:52:49.283Z</time></trkpt><trkpt lat="42.795532" lon="-7.601035"><ele>400.233</ele><time>2024-08-13T09:52:53.283Z</time></trkpt><trkpt lat="42.795517" lon="-7.601103"><ele>402.096</ele><time>2024-08-13T09:52:57.283Z</time></trkpt><trkpt lat="42.795500" lon="-7.601165"><ele>403.460</ele><time>2024-08-13T09:53:02.283Z</time></trkpt><trkpt lat="42.795517" lon="-7.601223"><ele>405.144</ele><time>2024-08-13T09:53:07.283Z</time></trkpt><trkpt lat="42.795525" lon="-7.601288"><ele>404.835</ele><time>2024-08-13T09:53:12.283Z</time></trkpt><trkpt lat="42.795532" lon="-7.601351"><ele>404.547</ele><time>2024-08-13T09:53:17.283Z</time></trkpt><trkpt lat="42.795540" lon="-7.601438"><ele>403.029</ele><time>2024-08-13T09:53:23.283Z</time></trkpt><trkpt lat="42.795522" lon="-7.601498"><ele>402.821</ele><time>2024-08-13T09:53:26.283Z</time></trkpt><trkpt lat="42.795515" lon="-7.601561"><ele>401.509</ele><time>2024-08-13T09:53:30.283Z</time></trkpt><trkpt lat="42.795502" lon="-7.601621"><ele>400.085</ele><time>2024-08-13T09:53:34.283Z</time></trkpt><trkpt lat="42.795490" lon="-7.601689"><ele>399.272</ele><time>2024-08-13T09:53:37.283Z</time></trkpt><trkpt lat="42.795455" lon="-7.601754"><ele>398.634</ele><time>2024-08-13T09:53:41.283Z</time></trkpt><trkpt lat="42.795437" lon="-7.601812"><ele>398.432</ele><time>2024-08-13T09:53:45.283Z</time></trkpt><trkpt lat="42.795435" lon="-7.601875"><ele>398.358</ele><time>2024-08-13T09:53:50.283Z</time></trkpt><trkpt lat="42.795437" lon="-7.601947"><ele>398.111</ele><time>2024-08-13T09:53:54.283Z</time></trkpt><trkpt lat="42.795449" lon="-7.602020"><ele>397.535</ele><time>2024-08-13T09:53:59.283Z</time></trkpt><trkpt lat="42.795466" lon="-7.602082"><ele>397.589</ele><time>2024-08-13T09:54:03.283Z</time></trkpt><trkpt lat="42.795483" lon="-7.602157"><ele>397.190</ele><time>2024-08-13T09:54:08.283Z</time></trkpt><trkpt lat="42.795523" lon="-7.602195"><ele>397.052</ele><time>2024-08-13T09:54:11.283Z</time></trkpt><trkpt lat="42.795570" lon="-7.602225"><ele>397.453</ele><time>2024-08-13T09:54:24.283Z</time></trkpt><trkpt lat="42.795615" lon="-7.602260"><ele>397.808</ele><time>2024-08-13T09:54:29.283Z</time></trkpt><trkpt lat="42.795652" lon="-7.602310"><ele>396.909</ele><time>2024-08-13T09:54:51.283Z</time></trkpt><trkpt lat="42.795674" lon="-7.602365"><ele>397.286</ele><time>2024-08-13T09:54:56.283Z</time></trkpt><trkpt lat="42.795676" lon="-7.602688"><ele>396.793</ele><time>2024-08-13T09:55:16.283Z</time></trkpt><trkpt lat="42.795648" lon="-7.602743"><ele>396.045</ele><time>2024-08-13T09:55:18.283Z</time></trkpt><trkpt lat="42.795663" lon="-7.602801"><ele>393.713</ele><time>2024-08-13T09:55:21.283Z</time></trkpt><trkpt lat="42.795705" lon="-7.602834"><ele>391.669</ele><time>2024-08-13T09:55:25.283Z</time></trkpt><trkpt lat="42.795703" lon="-7.602907"><ele>391.442</ele><time>2024-08-13T09:55:30.283Z</time></trkpt><trkpt lat="42.795678" lon="-7.602965"><ele>392.456</ele><time>2024-08-13T09:55:48.283Z</time></trkpt><trkpt lat="42.795596" lon="-7.603290"><ele>391.930</ele><time>2024-08-13T09:56:07.283Z</time></trkpt><trkpt lat="42.795591" lon="-7.603358"><ele>391.861</ele><time>2024-08-13T09:56:10.283Z</time></trkpt><trkpt lat="42.795593" lon="-7.603426"><ele>391.811</ele><time>2024-08-13T09:56:13.283Z</time></trkpt><trkpt lat="42.795581" lon="-7.603503"><ele>392.421</ele><time>2024-08-13T09:56:18.283Z</time></trkpt><trkpt lat="42.795544" lon="-7.603548"><ele>393.503</ele><time>2024-08-13T09:56:23.283Z</time></trkpt><trkpt lat="42.795494" lon="-7.603593"><ele>394.609</ele><time>2024-08-13T09:56:27.283Z</time></trkpt><trkpt lat="42.795439" lon="-7.603610"><ele>394.912</ele><time>2024-08-13T09:56:32.283Z</time></trkpt><trkpt lat="42.795396" lon="-7.603633"><ele>394.949</ele><time>2024-08-13T09:56:39.283Z</time></trkpt><trkpt lat="42.795374" lon="-7.603695"><ele>395.061</ele><time>2024-08-13T09:56:44.283Z</time></trkpt><trkpt lat="42.795356" lon="-7.603757"><ele>395.099</ele><time>2024-08-13T09:56:47.283Z</time></trkpt><trkpt lat="42.795338" lon="-7.603814"><ele>395.195</ele><time>2024-08-13T09:56:52.283Z</time></trkpt><trkpt lat="42.795301" lon="-7.603864"><ele>395.128</ele><time>2024-08-13T09:56:56.283Z</time></trkpt><trkpt lat="42.795276" lon="-7.603919"><ele>395.352</ele><time>2024-08-13T09:56:59.283Z</time></trkpt><trkpt lat="42.795236" lon="-7.603966"><ele>395.826</ele><time>2024-08-13T09:57:02.283Z</time></trkpt><trkpt lat="42.795204" lon="-7.604014"><ele>396.557</ele><time>2024-08-13T09:57:05.283Z</time></trkpt><trkpt lat="42.795159" lon="-7.604052"><ele>397.233</ele><time>2024-08-13T09:57:09.283Z</time></trkpt><trkpt lat="42.795131" lon="-7.604125"><ele>400.223</ele><time>2024-08-13T09:57:13.283Z</time></trkpt><trkpt lat="42.795109" lon="-7.604193"><ele>402.415</ele><time>2024-08-13T09:57:16.283Z</time></trkpt><trkpt lat="42.795097" lon="-7.604271"><ele>404.309</ele><time>2024-08-13T09:57:21.283Z</time></trkpt><trkpt lat="42.795117" lon="-7.604328"><ele>404.254</ele><time>2024-08-13T09:57:24.283Z</time></trkpt><trkpt lat="42.795162" lon="-7.604390"><ele>404.131</ele><time>2024-08-13T09:57:28.283Z</time></trkpt><trkpt lat="42.795170" lon="-7.604465"><ele>403.673</ele><time>2024-08-13T09:57:31.283Z</time></trkpt><trkpt lat="42.795160" lon="-7.604547"><ele>403.011</ele><time>2024-08-13T09:57:35.283Z</time></trkpt><trkpt lat="42.795105" lon="-7.604605"><ele>401.897</ele><time>2024-08-13T09:57:39.282Z</time></trkpt><trkpt lat="42.795088" lon="-7.604667"><ele>401.970</ele><time>2024-08-13T09:57:44.282Z</time></trkpt><trkpt lat="42.795110" lon="-7.604730"><ele>402.184</ele><time>2024-08-13T09:57:49.282Z</time></trkpt><trkpt lat="42.795133" lon="-7.604797"><ele>402.158</ele><time>2024-08-13T09:57:53.282Z</time></trkpt><trkpt lat="42.795171" lon="-7.604844"><ele>402.489</ele><time>2024-08-13T09:57:59.282Z</time></trkpt><trkpt lat="42.795164" lon="-7.604917"><ele>402.489</ele><time>2024-08-13T09:58:03.282Z</time></trkpt><trkpt lat="42.795181" lon="-7.604975"><ele>402.406</ele><time>2024-08-13T09:58:06.282Z</time></trkpt><trkpt lat="42.795223" lon="-7.605033"><ele>402.326</ele><time>2024-08-13T09:58:09.282Z</time></trkpt><trkpt lat="42.795238" lon="-7.605091"><ele>402.409</ele><time>2024-08-13T09:58:12.282Z</time></trkpt><trkpt lat="42.795240" lon="-7.605173"><ele>402.459</ele><time>2024-08-13T09:58:15.282Z</time></trkpt><trkpt lat="42.795242" lon="-7.605245"><ele>402.656</ele><time>2024-08-13T09:58:18.282Z</time></trkpt><trkpt lat="42.795254" lon="-7.605305"><ele>402.668</ele><time>2024-08-13T09:58:21.282Z</time></trkpt><trkpt lat="42.795249" lon="-7.605367"><ele>402.526</ele><time>2024-08-13T09:58:25.282Z</time></trkpt><trkpt lat="42.795264" lon="-7.605437"><ele>402.462</ele><time>2024-08-13T09:58:30.282Z</time></trkpt><trkpt lat="42.795294" lon="-7.605494"><ele>402.395</ele><time>2024-08-13T09:58:35.282Z</time></trkpt><trkpt lat="42.795317" lon="-7.605576"><ele>402.139</ele><time>2024-08-13T09:58:40.282Z</time></trkpt><trkpt lat="42.795330" lon="-7.605643"><ele>400.123</ele><time>2024-08-13T09:58:43.282Z</time></trkpt><trkpt lat="42.795362" lon="-7.605700"><ele>397.574</ele><time>2024-08-13T09:58:47.282Z</time></trkpt><trkpt lat="42.795380" lon="-7.605762"><ele>395.054</ele><time>2024-08-13T09:58:50.282Z</time></trkpt><trkpt lat="42.795422" lon="-7.605815"><ele>393.156</ele><time>2024-08-13T09:58:54.282Z</time></trkpt><trkpt lat="42.795440" lon="-7.605872"><ele>392.211</ele><time>2024-08-13T09:58:57.282Z</time></trkpt><trkpt lat="42.795457" lon="-7.605932"><ele>391.709</ele><time>2024-08-13T09:59:00.282Z</time></trkpt><trkpt lat="42.795474" lon="-7.606002"><ele>390.386</ele><time>2024-08-13T09:59:05.282Z</time></trkpt><trkpt lat="42.795486" lon="-7.606062"><ele>388.993</ele><time>2024-08-13T09:59:09.282Z</time></trkpt><trkpt lat="42.795504" lon="-7.606120"><ele>388.615</ele><time>2024-08-13T09:59:13.282Z</time></trkpt><trkpt lat="42.795514" lon="-7.606200"><ele>388.053</ele><time>2024-08-13T09:59:17.282Z</time></trkpt><trkpt lat="42.795519" lon="-7.606265"><ele>388.059</ele><time>2024-08-13T09:59:20.282Z</time></trkpt><trkpt lat="42.795521" lon="-7.606328"><ele>388.082</ele><time>2024-08-13T09:59:23.282Z</time></trkpt><trkpt lat="42.795529" lon="-7.606393"><ele>388.066</ele><time>2024-08-13T09:59:26.282Z</time></trkpt><trkpt lat="42.795541" lon="-7.606463"><ele>388.490</ele><time>2024-08-13T09:59:30.282Z</time></trkpt><trkpt lat="42.795559" lon="-7.606536"><ele>389.011</ele><time>2024-08-13T09:59:34.282Z</time></trkpt><trkpt lat="42.795577" lon="-7.606594"><ele>389.268</ele><time>2024-08-13T09:59:37.282Z</time></trkpt><trkpt lat="42.795589" lon="-7.606659"><ele>389.242</ele><time>2024-08-13T09:59:40.282Z</time></trkpt><trkpt lat="42.795589" lon="-7.606724"><ele>389.226</ele><time>2024-08-13T09:59:43.282Z</time></trkpt><trkpt lat="42.795596" lon="-7.606792"><ele>388.609</ele><time>2024-08-13T09:59:47.282Z</time></trkpt><trkpt lat="42.795603" lon="-7.606857"><ele>387.637</ele><time>2024-08-13T09:59:51.282Z</time></trkpt><trkpt lat="42.795608" lon="-7.606935"><ele>387.254</ele><time>2024-08-13T09:59:56.282Z</time></trkpt><trkpt lat="42.795610" lon="-7.607002"><ele>387.256</ele><time>2024-08-13T09:59:59.282Z</time></trkpt><trkpt lat="42.795615" lon="-7.607072"><ele>387.254</ele><time>2024-08-13T10:00:03.282Z</time></trkpt><trkpt lat="42.795633" lon="-7.607132"><ele>388.130</ele><time>2024-08-13T10:00:07.282Z</time></trkpt><trkpt lat="42.795660" lon="-7.607192"><ele>390.483</ele><time>2024-08-13T10:00:11.282Z</time></trkpt><trkpt lat="42.795667" lon="-7.607267"><ele>392.487</ele><time>2024-08-13T10:00:15.282Z</time></trkpt><trkpt lat="42.795657" lon="-7.607327"><ele>393.231</ele><time>2024-08-13T10:00:18.282Z</time></trkpt><trkpt lat="42.795662" lon="-7.607394"><ele>393.452</ele><time>2024-08-13T10:00:21.282Z</time></trkpt><trkpt lat="42.795684" lon="-7.607449"><ele>393.747</ele><time>2024-08-13T10:00:25.282Z</time></trkpt><trkpt lat="42.795689" lon="-7.607511"><ele>395.629</ele><time>2024-08-13T10:00:29.282Z</time></trkpt><trkpt lat="42.795697" lon="-7.607573"><ele>396.621</ele><time>2024-08-13T10:00:33.282Z</time></trkpt><trkpt lat="42.795704" lon="-7.607645"><ele>397.109</ele><time>2024-08-13T10:00:37.282Z</time></trkpt><trkpt lat="42.795719" lon="-7.607720"><ele>397.265</ele><time>2024-08-13T10:00:41.282Z</time></trkpt><trkpt lat="42.795722" lon="-7.607790"><ele>397.252</ele><time>2024-08-13T10:00:44.282Z</time></trkpt><trkpt lat="42.795737" lon="-7.607853"><ele>397.234</ele><time>2024-08-13T10:00:47.282Z</time></trkpt><trkpt lat="42.795747" lon="-7.607915"><ele>396.122</ele><time>2024-08-13T10:00:50.282Z</time></trkpt><trkpt lat="42.795767" lon="-7.607975"><ele>395.358</ele><time>2024-08-13T10:00:54.282Z</time></trkpt><trkpt lat="42.795787" lon="-7.608038"><ele>395.051</ele><time>2024-08-13T10:00:58.282Z</time></trkpt><trkpt lat="42.795817" lon="-7.608093"><ele>395.095</ele><time>2024-08-13T10:01:02.282Z</time></trkpt><trkpt lat="42.795834" lon="-7.608160"><ele>395.019</ele><time>2024-08-13T10:01:05.282Z</time></trkpt><trkpt lat="42.795846" lon="-7.608227"><ele>395.070</ele><time>2024-08-13T10:01:08.282Z</time></trkpt><trkpt lat="42.795869" lon="-7.608294"><ele>395.172</ele><time>2024-08-13T10:01:12.282Z</time></trkpt><trkpt lat="42.795896" lon="-7.608349"><ele>395.213</ele><time>2024-08-13T10:01:15.282Z</time></trkpt><trkpt lat="42.795919" lon="-7.608411"><ele>395.414</ele><time>2024-08-13T10:01:19.282Z</time></trkpt><trkpt lat="42.795936" lon="-7.608483"><ele>395.409</ele><time>2024-08-13T10:01:23.282Z</time></trkpt><trkpt lat="42.795949" lon="-7.608558"><ele>395.278</ele><time>2024-08-13T10:01:27.282Z</time></trkpt><trkpt lat="42.795957" lon="-7.608635"><ele>395.115</ele><time>2024-08-13T10:01:31.282Z</time></trkpt><trkpt lat="42.795965" lon="-7.608698"><ele>394.917</ele><time>2024-08-13T10:01:35.282Z</time></trkpt><trkpt lat="42.795970" lon="-7.608775"><ele>394.825</ele><time>2024-08-13T10:01:39.282Z</time></trkpt><trkpt lat="42.795985" lon="-7.608835"><ele>395.031</ele><time>2024-08-13T10:01:43.282Z</time></trkpt><trkpt lat="42.796000" lon="-7.608902"><ele>395.054</ele><time>2024-08-13T10:01:47.282Z</time></trkpt><trkpt lat="42.796017" lon="-7.608984"><ele>395.518</ele><time>2024-08-13T10:01:51.282Z</time></trkpt><trkpt lat="42.796027" lon="-7.609051"><ele>396.372</ele><time>2024-08-13T10:01:54.282Z</time></trkpt><trkpt lat="42.796045" lon="-7.609124"><ele>396.443</ele><time>2024-08-13T10:01:58.282Z</time></trkpt><trkpt lat="42.796072" lon="-7.609182"><ele>396.445</ele><time>2024-08-13T10:02:02.282Z</time></trkpt><trkpt lat="42.796110" lon="-7.609222"><ele>396.247</ele><time>2024-08-13T10:02:06.282Z</time></trkpt><trkpt lat="42.796157" lon="-7.609252"><ele>395.311</ele><time>2024-08-13T10:02:10.282Z</time></trkpt><trkpt lat="42.796202" lon="-7.609299"><ele>395.009</ele><time>2024-08-13T10:02:15.282Z</time></trkpt><trkpt lat="42.796250" lon="-7.609304"><ele>394.925</ele><time>2024-08-13T10:02:18.282Z</time></trkpt><trkpt lat="42.796297" lon="-7.609307"><ele>394.972</ele><time>2024-08-13T10:02:22.282Z</time></trkpt><trkpt lat="42.796344" lon="-7.609295"><ele>395.044</ele><time>2024-08-13T10:02:26.282Z</time></trkpt><trkpt lat="42.796394" lon="-7.609258"><ele>395.292</ele><time>2024-08-13T10:02:31.282Z</time></trkpt><trkpt lat="42.796441" lon="-7.609218"><ele>396.298</ele><time>2024-08-13T10:02:35.282Z</time></trkpt><trkpt lat="42.796506" lon="-7.609221"><ele>395.561</ele><time>2024-08-13T10:03:01.282Z</time></trkpt><trkpt lat="42.796509" lon="-7.609149"><ele>393.895</ele><time>2024-08-13T10:03:35.282Z</time></trkpt><trkpt lat="42.796551" lon="-7.609107"><ele>391.879</ele><time>2024-08-13T10:03:52.282Z</time></trkpt><trkpt lat="42.796599" lon="-7.609100"><ele>391.810</ele><time>2024-08-13T10:04:02.282Z</time></trkpt><trkpt lat="42.796604" lon="-7.609215"><ele>391.032</ele><time>2024-08-13T10:04:26.282Z</time></trkpt><trkpt lat="42.796599" lon="-7.609328"><ele>391.092</ele><time>2024-08-13T10:04:32.282Z</time></trkpt><trkpt lat="42.796597" lon="-7.609405"><ele>391.011</ele><time>2024-08-13T10:04:36.282Z</time></trkpt><trkpt lat="42.796590" lon="-7.609467"><ele>391.009</ele><time>2024-08-13T10:04:39.282Z</time></trkpt><trkpt lat="42.796587" lon="-7.609535"><ele>394.514</ele><time>2024-08-13T10:04:44.282Z</time></trkpt><trkpt lat="42.796582" lon="-7.609610"><ele>396.071</ele><time>2024-08-13T10:04:50.282Z</time></trkpt><trkpt lat="42.796574" lon="-7.609682"><ele>396.153</ele><time>2024-08-13T10:04:55.282Z</time></trkpt><trkpt lat="42.796557" lon="-7.609754"><ele>396.441</ele><time>2024-08-13T10:04:59.282Z</time></trkpt><trkpt lat="42.796552" lon="-7.609821"><ele>396.787</ele><time>2024-08-13T10:05:02.282Z</time></trkpt><trkpt lat="42.796535" lon="-7.609894"><ele>397.610</ele><time>2024-08-13T10:05:08.282Z</time></trkpt><trkpt lat="42.796513" lon="-7.609961"><ele>397.764</ele><time>2024-08-13T10:05:12.282Z</time></trkpt><trkpt lat="42.796503" lon="-7.610026"><ele>397.878</ele><time>2024-08-13T10:05:16.282Z</time></trkpt><trkpt lat="42.796496" lon="-7.610101"><ele>396.919</ele><time>2024-08-13T10:05:21.282Z</time></trkpt><trkpt lat="42.796481" lon="-7.610166"><ele>396.727</ele><time>2024-08-13T10:05:25.282Z</time></trkpt><trkpt lat="42.796463" lon="-7.610241"><ele>395.468</ele><time>2024-08-13T10:05:29.282Z</time></trkpt><trkpt lat="42.796446" lon="-7.610306"><ele>394.014</ele><time>2024-08-13T10:05:32.282Z</time></trkpt><trkpt lat="42.796431" lon="-7.610374"><ele>391.709</ele><time>2024-08-13T10:05:36.282Z</time></trkpt><trkpt lat="42.796424" lon="-7.610437"><ele>389.723</ele><time>2024-08-13T10:05:40.282Z</time></trkpt><trkpt lat="42.796424" lon="-7.610512"><ele>387.730</ele><time>2024-08-13T10:05:45.282Z</time></trkpt><trkpt lat="42.796431" lon="-7.610575"><ele>387.022</ele><time>2024-08-13T10:05:48.282Z</time></trkpt><trkpt lat="42.796441" lon="-7.610650"><ele>386.950</ele><time>2024-08-13T10:05:51.282Z</time></trkpt><trkpt lat="42.796449" lon="-7.610725"><ele>386.596</ele><time>2024-08-13T10:05:54.282Z</time></trkpt><trkpt lat="42.796466" lon="-7.610798"><ele>386.349</ele><time>2024-08-13T10:05:58.282Z</time></trkpt><trkpt lat="42.796496" lon="-7.610853"><ele>385.593</ele><time>2024-08-13T10:06:02.282Z</time></trkpt><trkpt lat="42.796526" lon="-7.610916"><ele>385.457</ele><time>2024-08-13T10:06:06.282Z</time></trkpt><trkpt lat="42.796574" lon="-7.610964"><ele>385.418</ele><time>2024-08-13T10:06:10.282Z</time></trkpt><trkpt lat="42.796616" lon="-7.611016"><ele>385.571</ele><time>2024-08-13T10:06:14.282Z</time></trkpt><trkpt lat="42.796658" lon="-7.611059"><ele>385.741</ele><time>2024-08-13T10:06:19.282Z</time></trkpt><trkpt lat="42.796701" lon="-7.611094"><ele>385.715</ele><time>2024-08-13T10:06:23.282Z</time></trkpt><trkpt lat="42.796751" lon="-7.611101"><ele>385.509</ele><time>2024-08-13T10:06:27.282Z</time></trkpt><trkpt lat="42.796803" lon="-7.611134"><ele>383.188</ele><time>2024-08-13T10:06:31.282Z</time></trkpt><trkpt lat="42.796848" lon="-7.611122"><ele>381.315</ele><time>2024-08-13T10:06:35.282Z</time></trkpt><trkpt lat="42.796885" lon="-7.611175"><ele>380.427</ele><time>2024-08-13T10:06:39.282Z</time></trkpt><trkpt lat="42.796913" lon="-7.611235"><ele>379.455</ele><time>2024-08-13T10:06:42.282Z</time></trkpt><trkpt lat="42.796946" lon="-7.611287"><ele>377.971</ele><time>2024-08-13T10:06:46.282Z</time></trkpt><trkpt lat="42.796989" lon="-7.611320"><ele>376.034</ele><time>2024-08-13T10:06:51.282Z</time></trkpt><trkpt lat="42.797034" lon="-7.611372"><ele>375.278</ele><time>2024-08-13T10:06:55.282Z</time></trkpt><trkpt lat="42.797084" lon="-7.611402"><ele>374.712</ele><time>2024-08-13T10:06:59.282Z</time></trkpt><trkpt lat="42.797116" lon="-7.611452"><ele>374.483</ele><time>2024-08-13T10:07:02.282Z</time></trkpt><trkpt lat="42.797144" lon="-7.611504"><ele>374.329</ele><time>2024-08-13T10:07:05.282Z</time></trkpt><trkpt lat="42.797187" lon="-7.611532"><ele>374.300</ele><time>2024-08-13T10:07:09.282Z</time></trkpt><trkpt lat="42.797230" lon="-7.611584"><ele>374.620</ele><time>2024-08-13T10:07:13.282Z</time></trkpt><trkpt lat="42.797263" lon="-7.611627"><ele>374.909</ele><time>2024-08-13T10:07:16.282Z</time></trkpt><trkpt lat="42.797298" lon="-7.611675"><ele>374.953</ele><time>2024-08-13T10:07:20.282Z</time></trkpt><trkpt lat="42.797335" lon="-7.611715"><ele>374.690</ele><time>2024-08-13T10:07:25.282Z</time></trkpt><trkpt lat="42.797375" lon="-7.611753"><ele>374.492</ele><time>2024-08-13T10:07:29.282Z</time></trkpt><trkpt lat="42.797422" lon="-7.611803"><ele>373.580</ele><time>2024-08-13T10:07:33.282Z</time></trkpt><trkpt lat="42.797459" lon="-7.611856"><ele>371.816</ele><time>2024-08-13T10:07:37.282Z</time></trkpt><trkpt lat="42.797507" lon="-7.611873"><ele>370.769</ele><time>2024-08-13T10:07:41.282Z</time></trkpt><trkpt lat="42.797542" lon="-7.611920"><ele>370.253</ele><time>2024-08-13T10:07:44.282Z</time></trkpt><trkpt lat="42.797572" lon="-7.611967"><ele>370.217</ele><time>2024-08-13T10:07:47.283Z</time></trkpt><trkpt lat="42.797615" lon="-7.612015"><ele>370.278</ele><time>2024-08-13T10:07:51.283Z</time></trkpt><trkpt lat="42.797655" lon="-7.612068"><ele>370.461</ele><time>2024-08-13T10:07:56.283Z</time></trkpt><trkpt lat="42.797700" lon="-7.612091"><ele>370.821</ele><time>2024-08-13T10:08:01.283Z</time></trkpt><trkpt lat="42.797740" lon="-7.612119"><ele>371.313</ele><time>2024-08-13T10:08:04.283Z</time></trkpt><trkpt lat="42.797785" lon="-7.612166"><ele>371.309</ele><time>2024-08-13T10:08:08.283Z</time></trkpt><trkpt lat="42.797820" lon="-7.612216"><ele>371.317</ele><time>2024-08-13T10:08:12.283Z</time></trkpt><trkpt lat="42.797857" lon="-7.612256"><ele>371.244</ele><time>2024-08-13T10:08:17.283Z</time></trkpt><trkpt lat="42.797900" lon="-7.612303"><ele>370.066</ele><time>2024-08-13T10:08:22.283Z</time></trkpt><trkpt lat="42.797933" lon="-7.612356"><ele>369.414</ele><time>2024-08-13T10:08:26.283Z</time></trkpt><trkpt lat="42.797965" lon="-7.612403"><ele>369.440</ele><time>2024-08-13T10:08:29.283Z</time></trkpt><trkpt lat="42.798010" lon="-7.612433"><ele>369.443</ele><time>2024-08-13T10:08:33.283Z</time></trkpt><trkpt lat="42.798027" lon="-7.612503"><ele>370.197</ele><time>2024-08-13T10:08:37.283Z</time></trkpt><trkpt lat="42.798030" lon="-7.612565"><ele>371.991</ele><time>2024-08-13T10:08:45.283Z</time></trkpt><trkpt lat="42.798090" lon="-7.612562"><ele>372.432</ele><time>2024-08-13T10:09:05.283Z</time></trkpt><trkpt lat="42.798128" lon="-7.612604"><ele>372.417</ele><time>2024-08-13T10:09:09.283Z</time></trkpt><trkpt lat="42.798173" lon="-7.612586"><ele>372.487</ele><time>2024-08-13T10:09:27.283Z</time></trkpt><trkpt lat="42.798213" lon="-7.612634"><ele>372.215</ele><time>2024-08-13T10:09:32.283Z</time></trkpt><trkpt lat="42.798296" lon="-7.612691"><ele>371.409</ele><time>2024-08-13T10:09:40.283Z</time></trkpt><trkpt lat="42.798338" lon="-7.612724"><ele>370.872</ele><time>2024-08-13T10:09:46.283Z</time></trkpt><trkpt lat="42.798378" lon="-7.612754"><ele>370.669</ele><time>2024-08-13T10:09:50.283Z</time></trkpt><trkpt lat="42.798440" lon="-7.612772"><ele>368.221</ele><time>2024-08-13T10:09:55.283Z</time></trkpt><trkpt lat="42.798488" lon="-7.612777"><ele>368.179</ele><time>2024-08-13T10:09:58.283Z</time></trkpt><trkpt lat="42.798538" lon="-7.612809"><ele>368.065</ele><time>2024-08-13T10:10:02.283Z</time></trkpt><trkpt lat="42.798585" lon="-7.612846"><ele>368.228</ele><time>2024-08-13T10:10:07.283Z</time></trkpt><trkpt lat="42.798620" lon="-7.612894"><ele>364.432</ele><time>2024-08-13T10:10:29.283Z</time></trkpt><trkpt lat="42.798685" lon="-7.612914"><ele>364.446</ele><time>2024-08-13T10:10:34.283Z</time></trkpt><trkpt lat="42.798750" lon="-7.613016"><ele>364.367</ele><time>2024-08-13T10:10:40.283Z</time></trkpt><trkpt lat="42.798792" lon="-7.613044"><ele>364.326</ele><time>2024-08-13T10:10:43.283Z</time></trkpt><trkpt lat="42.798844" lon="-7.613072"><ele>363.647</ele><time>2024-08-13T10:10:48.283Z</time></trkpt><trkpt lat="42.798896" lon="-7.613094"><ele>363.111</ele><time>2024-08-13T10:10:52.283Z</time></trkpt><trkpt lat="42.798938" lon="-7.613141"><ele>362.409</ele><time>2024-08-13T10:10:57.283Z</time></trkpt><trkpt lat="42.798968" lon="-7.613204"><ele>362.263</ele><time>2024-08-13T10:11:02.283Z</time></trkpt><trkpt lat="42.799016" lon="-7.613254"><ele>359.940</ele><time>2024-08-13T10:11:07.283Z</time></trkpt><trkpt lat="42.799063" lon="-7.613276"><ele>358.152</ele><time>2024-08-13T10:11:10.283Z</time></trkpt><trkpt lat="42.799088" lon="-7.613333"><ele>357.690</ele><time>2024-08-13T10:11:13.283Z</time></trkpt><trkpt lat="42.799100" lon="-7.613395"><ele>357.276</ele><time>2024-08-13T10:11:17.283Z</time></trkpt><trkpt lat="42.799113" lon="-7.613457"><ele>356.279</ele><time>2024-08-13T10:11:20.283Z</time></trkpt><trkpt lat="42.799133" lon="-7.613535"><ele>355.193</ele><time>2024-08-13T10:11:24.283Z</time></trkpt><trkpt lat="42.799140" lon="-7.613612"><ele>355.167</ele><time>2024-08-13T10:11:28.283Z</time></trkpt><trkpt lat="42.799178" lon="-7.613660"><ele>355.178</ele><time>2024-08-13T10:11:33.283Z</time></trkpt><trkpt lat="42.799181" lon="-7.613723"><ele>355.098</ele><time>2024-08-13T10:11:36.283Z</time></trkpt><trkpt lat="42.799198" lon="-7.613785"><ele>355.115</ele><time>2024-08-13T10:11:39.283Z</time></trkpt><trkpt lat="42.799243" lon="-7.613830"><ele>354.326</ele><time>2024-08-13T10:11:44.283Z</time></trkpt><trkpt lat="42.799275" lon="-7.613890"><ele>353.209</ele><time>2024-08-13T10:11:51.283Z</time></trkpt><trkpt lat="42.799285" lon="-7.613972"><ele>351.970</ele><time>2024-08-13T10:11:55.283Z</time></trkpt><trkpt lat="42.799293" lon="-7.614047"><ele>351.097</ele><time>2024-08-13T10:11:59.283Z</time></trkpt><trkpt lat="42.799298" lon="-7.614109"><ele>351.079</ele><time>2024-08-13T10:12:02.283Z</time></trkpt><trkpt lat="42.799313" lon="-7.614172"><ele>351.027</ele><time>2024-08-13T10:12:05.283Z</time></trkpt><trkpt lat="42.799351" lon="-7.614230"><ele>351.533</ele><time>2024-08-13T10:12:10.283Z</time></trkpt><trkpt lat="42.799379" lon="-7.614285"><ele>354.816</ele><time>2024-08-13T10:12:14.283Z</time></trkpt><trkpt lat="42.799416" lon="-7.614322"><ele>356.160</ele><time>2024-08-13T10:12:18.283Z</time></trkpt><trkpt lat="42.799453" lon="-7.614369"><ele>357.124</ele><time>2024-08-13T10:12:22.283Z</time></trkpt><trkpt lat="42.799498" lon="-7.614401"><ele>357.615</ele><time>2024-08-13T10:12:25.283Z</time></trkpt><trkpt lat="42.799545" lon="-7.614433"><ele>358.068</ele><time>2024-08-13T10:12:28.283Z</time></trkpt><trkpt lat="42.799587" lon="-7.614468"><ele>358.142</ele><time>2024-08-13T10:12:31.283Z</time></trkpt><trkpt lat="42.799634" lon="-7.614481"><ele>358.126</ele><time>2024-08-13T10:12:36.283Z</time></trkpt><trkpt lat="42.799677" lon="-7.614501"><ele>357.609</ele><time>2024-08-13T10:12:40.283Z</time></trkpt><trkpt lat="42.799715" lon="-7.614534"><ele>356.957</ele><time>2024-08-13T10:12:44.283Z</time></trkpt><trkpt lat="42.799767" lon="-7.614554"><ele>356.974</ele><time>2024-08-13T10:12:48.283Z</time></trkpt><trkpt lat="42.799805" lon="-7.614591"><ele>356.996</ele><time>2024-08-13T10:12:51.283Z</time></trkpt><trkpt lat="42.799837" lon="-7.614656"><ele>356.774</ele><time>2024-08-13T10:12:55.283Z</time></trkpt><trkpt lat="42.799869" lon="-7.614703"><ele>356.760</ele><time>2024-08-13T10:12:58.283Z</time></trkpt><trkpt lat="42.799909" lon="-7.614735"><ele>356.793</ele><time>2024-08-13T10:13:01.283Z</time></trkpt><trkpt lat="42.799947" lon="-7.614773"><ele>356.337</ele><time>2024-08-13T10:13:05.283Z</time></trkpt><trkpt lat="42.799972" lon="-7.614825"><ele>356.161</ele><time>2024-08-13T10:13:09.283Z</time></trkpt><trkpt lat="42.799989" lon="-7.614895"><ele>355.942</ele><time>2024-08-13T10:13:13.283Z</time></trkpt><trkpt lat="42.800032" lon="-7.614933"><ele>355.755</ele><time>2024-08-13T10:13:17.283Z</time></trkpt><trkpt lat="42.800070" lon="-7.614983"><ele>355.707</ele><time>2024-08-13T10:13:21.283Z</time></trkpt><trkpt lat="42.800110" lon="-7.615043"><ele>355.717</ele><time>2024-08-13T10:13:26.283Z</time></trkpt><trkpt lat="42.800125" lon="-7.615130"><ele>356.009</ele><time>2024-08-13T10:13:29.283Z</time></trkpt><trkpt lat="42.800145" lon="-7.615192"><ele>356.776</ele><time>2024-08-13T10:13:32.283Z</time></trkpt><trkpt lat="42.800160" lon="-7.615259"><ele>357.443</ele><time>2024-08-13T10:13:38.283Z</time></trkpt><trkpt lat="42.800180" lon="-7.615316"><ele>357.455</ele><time>2024-08-13T10:13:41.283Z</time></trkpt><trkpt lat="42.800212" lon="-7.615364"><ele>357.473</ele><time>2024-08-13T10:13:45.283Z</time></trkpt><trkpt lat="42.800222" lon="-7.615436"><ele>356.479</ele><time>2024-08-13T10:13:49.283Z</time></trkpt><trkpt lat="42.800239" lon="-7.615501"><ele>354.782</ele><time>2024-08-13T10:13:55.283Z</time></trkpt><trkpt lat="42.800241" lon="-7.615563"><ele>353.766</ele><time>2024-08-13T10:14:00.283Z</time></trkpt><trkpt lat="42.800638" lon="-7.616130"><ele>335.750</ele><time>2024-08-13T10:15:21.283Z</time></trkpt><trkpt lat="42.800755" lon="-7.616642"><ele>338.831</ele><time>2024-08-13T10:16:25.283Z</time></trkpt><trkpt lat="42.800777" lon="-7.616700"><ele>337.834</ele><time>2024-08-13T10:16:29.283Z</time></trkpt><trkpt lat="42.800732" lon="-7.616743"><ele>337.255</ele><time>2024-08-13T10:16:32.283Z</time></trkpt><trkpt lat="42.800705" lon="-7.616805"><ele>337.510</ele><time>2024-08-13T10:16:36.283Z</time></trkpt><trkpt lat="42.800683" lon="-7.616870"><ele>339.309</ele><time>2024-08-13T10:16:40.283Z</time></trkpt><trkpt lat="42.800693" lon="-7.616937"><ele>342.114</ele><time>2024-08-13T10:16:45.283Z</time></trkpt><trkpt lat="42.800733" lon="-7.616979"><ele>342.591</ele><time>2024-08-13T10:16:53.283Z</time></trkpt><trkpt lat="42.800776" lon="-7.616999"><ele>342.363</ele><time>2024-08-13T10:16:59.283Z</time></trkpt><trkpt lat="42.800798" lon="-7.617096"><ele>341.761</ele><time>2024-08-13T10:17:06.283Z</time></trkpt><trkpt lat="42.800780" lon="-7.617153"><ele>341.027</ele><time>2024-08-13T10:17:12.283Z</time></trkpt><trkpt lat="42.800832" lon="-7.617155"><ele>340.750</ele><time>2024-08-13T10:17:17.283Z</time></trkpt><trkpt lat="42.800875" lon="-7.617190"><ele>340.734</ele><time>2024-08-13T10:17:25.283Z</time></trkpt><trkpt lat="42.800910" lon="-7.617237"><ele>340.528</ele><time>2024-08-13T10:17:29.283Z</time></trkpt><trkpt lat="42.800943" lon="-7.617172"><ele>340.429</ele><time>2024-08-13T10:17:33.283Z</time></trkpt><trkpt lat="42.800986" lon="-7.617197"><ele>339.745</ele><time>2024-08-13T10:17:40.283Z</time></trkpt><trkpt lat="42.801026" lon="-7.617160"><ele>339.447</ele><time>2024-08-13T10:17:44.283Z</time></trkpt><trkpt lat="42.801051" lon="-7.617105"><ele>337.311</ele><time>2024-08-13T10:17:49.283Z</time></trkpt><trkpt lat="42.801078" lon="-7.616995"><ele>333.909</ele><time>2024-08-13T10:17:59.283Z</time></trkpt><trkpt lat="42.801151" lon="-7.616887"><ele>332.395</ele><time>2024-08-13T10:18:11.283Z</time></trkpt><trkpt lat="42.801198" lon="-7.616870"><ele>332.292</ele><time>2024-08-13T10:18:16.283Z</time></trkpt><trkpt lat="42.801210" lon="-7.616803"><ele>325.444</ele><time>2024-08-13T10:18:38.283Z</time></trkpt><trkpt lat="42.801247" lon="-7.616756"><ele>324.552</ele><time>2024-08-13T10:18:43.283Z</time></trkpt><trkpt lat="42.801294" lon="-7.616688"><ele>323.568</ele><time>2024-08-13T10:18:51.283Z</time></trkpt><trkpt lat="42.801317" lon="-7.616635"><ele>320.881</ele><time>2024-08-13T10:18:57.283Z</time></trkpt><trkpt lat="42.801352" lon="-7.616587"><ele>319.465</ele><time>2024-08-13T10:19:02.283Z</time></trkpt><trkpt lat="42.801389" lon="-7.616544"><ele>319.279</ele><time>2024-08-13T10:19:06.283Z</time></trkpt><trkpt lat="42.801431" lon="-7.616501"><ele>319.180</ele><time>2024-08-13T10:19:09.283Z</time></trkpt><trkpt lat="42.801474" lon="-7.616454"><ele>320.799</ele><time>2024-08-13T10:19:13.283Z</time></trkpt><trkpt lat="42.801527" lon="-7.616416"><ele>322.807</ele><time>2024-08-13T10:19:17.283Z</time></trkpt><trkpt lat="42.801569" lon="-7.616379"><ele>325.927</ele><time>2024-08-13T10:19:22.283Z</time></trkpt><trkpt lat="42.801599" lon="-7.616324"><ele>328.209</ele><time>2024-08-13T10:19:26.283Z</time></trkpt><trkpt lat="42.801627" lon="-7.616271"><ele>329.450</ele><time>2024-08-13T10:19:31.283Z</time></trkpt><trkpt lat="42.801652" lon="-7.616219"><ele>330.667</ele><time>2024-08-13T10:19:35.283Z</time></trkpt><trkpt lat="42.801692" lon="-7.616151"><ele>331.649</ele><time>2024-08-13T10:19:39.283Z</time></trkpt><trkpt lat="42.801717" lon="-7.616098"><ele>331.667</ele><time>2024-08-13T10:19:42.283Z</time></trkpt><trkpt lat="42.801752" lon="-7.616053"><ele>331.633</ele><time>2024-08-13T10:19:46.283Z</time></trkpt><trkpt lat="42.801785" lon="-7.616006"><ele>330.946</ele><time>2024-08-13T10:19:50.283Z</time></trkpt><trkpt lat="42.801813" lon="-7.615954"><ele>329.330</ele><time>2024-08-13T10:19:54.283Z</time></trkpt><trkpt lat="42.801855" lon="-7.615902"><ele>327.294</ele><time>2024-08-13T10:19:58.283Z</time></trkpt><trkpt lat="42.801880" lon="-7.615837"><ele>326.055</ele><time>2024-08-13T10:20:03.283Z</time></trkpt><trkpt lat="42.801920" lon="-7.615802"><ele>324.864</ele><time>2024-08-13T10:20:07.283Z</time></trkpt><trkpt lat="42.801967" lon="-7.615755"><ele>323.006</ele><time>2024-08-13T10:20:12.283Z</time></trkpt><trkpt lat="42.802004" lon="-7.615705"><ele>322.616</ele><time>2024-08-13T10:20:16.283Z</time></trkpt><trkpt lat="42.802034" lon="-7.615657"><ele>322.409</ele><time>2024-08-13T10:20:24.283Z</time></trkpt><trkpt lat="42.802081" lon="-7.615650"><ele>314.937</ele><time>2024-08-13T10:22:13.283Z</time></trkpt><trkpt lat="42.802063" lon="-7.615592"><ele>314.334</ele><time>2024-08-13T10:22:59.283Z</time></trkpt><trkpt lat="42.802058" lon="-7.615529"><ele>314.396</ele><time>2024-08-13T10:23:19.283Z</time></trkpt><trkpt lat="42.802063" lon="-7.615451"><ele>314.254</ele><time>2024-08-13T10:23:24.283Z</time></trkpt><trkpt lat="42.802073" lon="-7.615386"><ele>313.340</ele><time>2024-08-13T10:23:28.283Z</time></trkpt><trkpt lat="42.802090" lon="-7.615321"><ele>313.323</ele><time>2024-08-13T10:23:32.283Z</time></trkpt><trkpt lat="42.802098" lon="-7.615244"><ele>313.397</ele><time>2024-08-13T10:23:37.283Z</time></trkpt><trkpt lat="42.802113" lon="-7.615182"><ele>313.211</ele><time>2024-08-13T10:23:42.283Z</time></trkpt><trkpt lat="42.802143" lon="-7.615124"><ele>313.832</ele><time>2024-08-13T10:23:46.283Z</time></trkpt><trkpt lat="42.802185" lon="-7.615147"><ele>317.979</ele><time>2024-08-13T10:24:05.283Z</time></trkpt><trkpt lat="42.802235" lon="-7.615130"><ele>317.805</ele><time>2024-08-13T10:24:12.283Z</time></trkpt><trkpt lat="42.802287" lon="-7.615165"><ele>317.925</ele><time>2024-08-13T10:24:16.283Z</time></trkpt><trkpt lat="42.802322" lon="-7.615213"><ele>317.809</ele><time>2024-08-13T10:24:25.283Z</time></trkpt><trkpt lat="42.802372" lon="-7.615243"><ele>315.538</ele><time>2024-08-13T10:24:29.283Z</time></trkpt><trkpt lat="42.802412" lon="-7.615278"><ele>315.175</ele><time>2024-08-13T10:24:32.283Z</time></trkpt><trkpt lat="42.802454" lon="-7.615313"><ele>314.947</ele><time>2024-08-13T10:24:35.283Z</time></trkpt><trkpt lat="42.802496" lon="-7.615341"><ele>311.815</ele><time>2024-08-13T10:24:39.283Z</time></trkpt><trkpt lat="42.802546" lon="-7.615371"><ele>311.591</ele><time>2024-08-13T10:24:43.283Z</time></trkpt><trkpt lat="42.802593" lon="-7.615388"><ele>310.964</ele><time>2024-08-13T10:24:51.283Z</time></trkpt><trkpt lat="42.802625" lon="-7.615435"><ele>311.148</ele><time>2024-08-13T10:24:56.283Z</time></trkpt><trkpt lat="42.802678" lon="-7.615462"><ele>311.012</ele><time>2024-08-13T10:24:59.283Z</time></trkpt><trkpt lat="42.802721" lon="-7.615490"><ele>310.923</ele><time>2024-08-13T10:25:02.283Z</time></trkpt><trkpt lat="42.802768" lon="-7.615517"><ele>310.782</ele><time>2024-08-13T10:25:06.283Z</time></trkpt><trkpt lat="42.802811" lon="-7.615544"><ele>310.743</ele><time>2024-08-13T10:25:10.283Z</time></trkpt><trkpt lat="42.802856" lon="-7.615566"><ele>309.917</ele><time>2024-08-13T10:25:14.283Z</time></trkpt><trkpt lat="42.802909" lon="-7.615599"><ele>309.209</ele><time>2024-08-13T10:25:19.283Z</time></trkpt><trkpt lat="42.802954" lon="-7.615621"><ele>308.989</ele><time>2024-08-13T10:25:22.283Z</time></trkpt><trkpt lat="42.803004" lon="-7.615646"><ele>308.556</ele><time>2024-08-13T10:25:27.283Z</time></trkpt><trkpt lat="42.803051" lon="-7.615678"><ele>308.488</ele><time>2024-08-13T10:25:30.283Z</time></trkpt><trkpt lat="42.803096" lon="-7.615711"><ele>308.326</ele><time>2024-08-13T10:25:35.282Z</time></trkpt><trkpt lat="42.803134" lon="-7.615751"><ele>308.442</ele><time>2024-08-13T10:25:40.282Z</time></trkpt><trkpt lat="42.803176" lon="-7.615778"><ele>308.655</ele><time>2024-08-13T10:25:44.282Z</time></trkpt><trkpt lat="42.803218" lon="-7.615811"><ele>308.789</ele><time>2024-08-13T10:25:47.282Z</time></trkpt><trkpt lat="42.803271" lon="-7.615841"><ele>308.823</ele><time>2024-08-13T10:25:51.282Z</time></trkpt><trkpt lat="42.803319" lon="-7.615868"><ele>308.764</ele><time>2024-08-13T10:25:55.282Z</time></trkpt><trkpt lat="42.803361" lon="-7.615896"><ele>307.199</ele><time>2024-08-13T10:25:59.282Z</time></trkpt><trkpt lat="42.803409" lon="-7.615936"><ele>307.107</ele><time>2024-08-13T10:26:02.282Z</time></trkpt><trkpt lat="42.803451" lon="-7.615966"><ele>307.127</ele><time>2024-08-13T10:26:05.282Z</time></trkpt><trkpt lat="42.803496" lon="-7.615996"><ele>307.609</ele><time>2024-08-13T10:26:09.282Z</time></trkpt><trkpt lat="42.803538" lon="-7.616021"><ele>308.210</ele><time>2024-08-13T10:26:12.282Z</time></trkpt><trkpt lat="42.803590" lon="-7.616054"><ele>308.767</ele><time>2024-08-13T10:26:16.282Z</time></trkpt><trkpt lat="42.803640" lon="-7.616074"><ele>309.459</ele><time>2024-08-13T10:26:21.282Z</time></trkpt><trkpt lat="42.803680" lon="-7.616111"><ele>309.597</ele><time>2024-08-13T10:26:25.282Z</time></trkpt><trkpt lat="42.803727" lon="-7.616143"><ele>309.743</ele><time>2024-08-13T10:26:29.282Z</time></trkpt><trkpt lat="42.803770" lon="-7.616165"><ele>309.626</ele><time>2024-08-13T10:26:38.282Z</time></trkpt><trkpt lat="42.803810" lon="-7.616200"><ele>309.540</ele><time>2024-08-13T10:26:41.282Z</time></trkpt><trkpt lat="42.803862" lon="-7.616230"><ele>309.064</ele><time>2024-08-13T10:26:46.282Z</time></trkpt><trkpt lat="42.803912" lon="-7.616263"><ele>308.815</ele><time>2024-08-13T10:26:50.282Z</time></trkpt><trkpt lat="42.803964" lon="-7.616293"><ele>308.854</ele><time>2024-08-13T10:26:53.282Z</time></trkpt><trkpt lat="42.804007" lon="-7.616316"><ele>308.956</ele><time>2024-08-13T10:26:56.282Z</time></trkpt><trkpt lat="42.804045" lon="-7.616351"><ele>309.711</ele><time>2024-08-13T10:27:00.282Z</time></trkpt><trkpt lat="42.804097" lon="-7.616389"><ele>310.509</ele><time>2024-08-13T10:27:04.282Z</time></trkpt><trkpt lat="42.804140" lon="-7.616429"><ele>310.756</ele><time>2024-08-13T10:27:08.282Z</time></trkpt><trkpt lat="42.804187" lon="-7.616454"><ele>310.943</ele><time>2024-08-13T10:27:13.282Z</time></trkpt><trkpt lat="42.804242" lon="-7.616476"><ele>310.925</ele><time>2024-08-13T10:27:17.282Z</time></trkpt><trkpt lat="42.804289" lon="-7.616491"><ele>310.763</ele><time>2024-08-13T10:27:20.282Z</time></trkpt><trkpt lat="42.804332" lon="-7.616509"><ele>310.729</ele><time>2024-08-13T10:27:24.282Z</time></trkpt><trkpt lat="42.804370" lon="-7.616551"><ele>310.342</ele><time>2024-08-13T10:27:28.282Z</time></trkpt><trkpt lat="42.804422" lon="-7.616588"><ele>309.896</ele><time>2024-08-13T10:27:33.282Z</time></trkpt><trkpt lat="42.804467" lon="-7.616606"><ele>309.710</ele><time>2024-08-13T10:27:36.282Z</time></trkpt><trkpt lat="42.804515" lon="-7.616624"><ele>309.781</ele><time>2024-08-13T10:27:42.282Z</time></trkpt><trkpt lat="42.804560" lon="-7.616664"><ele>310.096</ele><time>2024-08-13T10:27:46.282Z</time></trkpt><trkpt lat="42.804605" lon="-7.616701"><ele>310.031</ele><time>2024-08-13T10:27:51.282Z</time></trkpt><trkpt lat="42.804657" lon="-7.616731"><ele>309.924</ele><time>2024-08-13T10:27:55.282Z</time></trkpt><trkpt lat="42.804705" lon="-7.616761"><ele>309.509</ele><time>2024-08-13T10:28:01.282Z</time></trkpt><trkpt lat="42.804753" lon="-7.616789"><ele>308.570</ele><time>2024-08-13T10:28:05.282Z</time></trkpt><trkpt lat="42.804795" lon="-7.616837"><ele>306.397</ele><time>2024-08-13T10:28:14.282Z</time></trkpt><trkpt lat="42.804840" lon="-7.616860"><ele>305.389</ele><time>2024-08-13T10:28:22.282Z</time></trkpt><trkpt lat="42.804895" lon="-7.616862"><ele>308.117</ele><time>2024-08-13T10:28:50.282Z</time></trkpt><trkpt lat="42.804937" lon="-7.616885"><ele>309.413</ele><time>2024-08-13T10:28:53.282Z</time></trkpt><trkpt lat="42.804987" lon="-7.616913"><ele>310.526</ele><time>2024-08-13T10:28:57.282Z</time></trkpt><trkpt lat="42.805034" lon="-7.616925"><ele>310.560</ele><time>2024-08-13T10:29:05.282Z</time></trkpt><trkpt lat="42.805121" lon="-7.616920"><ele>311.844</ele><time>2024-08-13T10:29:26.282Z</time></trkpt><trkpt lat="42.805108" lon="-7.616990"><ele>311.275</ele><time>2024-08-13T10:29:39.282Z</time></trkpt><trkpt lat="42.805150" lon="-7.617017"><ele>312.069</ele><time>2024-08-13T10:30:01.282Z</time></trkpt><trkpt lat="42.805348" lon="-7.617210"><ele>317.904</ele><time>2024-08-13T10:30:51.282Z</time></trkpt><trkpt lat="42.805381" lon="-7.617258"><ele>318.524</ele><time>2024-08-13T10:30:59.282Z</time></trkpt><trkpt lat="42.805453" lon="-7.617246"><ele>326.309</ele><time>2024-08-13T10:31:17.282Z</time></trkpt><trkpt lat="42.805500" lon="-7.617229"><ele>326.197</ele><time>2024-08-13T10:31:22.282Z</time></trkpt><trkpt lat="42.805543" lon="-7.617189"><ele>326.364</ele><time>2024-08-13T10:31:28.282Z</time></trkpt><trkpt lat="42.805593" lon="-7.617169"><ele>326.466</ele><time>2024-08-13T10:31:34.282Z</time></trkpt><trkpt lat="42.805630" lon="-7.617121"><ele>326.334</ele><time>2024-08-13T10:31:39.282Z</time></trkpt><trkpt lat="42.805675" lon="-7.617104"><ele>326.250</ele><time>2024-08-13T10:31:45.282Z</time></trkpt><trkpt lat="42.805712" lon="-7.617062"><ele>327.923</ele><time>2024-08-13T10:31:54.282Z</time></trkpt><trkpt lat="42.805750" lon="-7.617019"><ele>329.497</ele><time>2024-08-13T10:32:00.282Z</time></trkpt><trkpt lat="42.805792" lon="-7.616972"><ele>329.791</ele><time>2024-08-13T10:32:04.282Z</time></trkpt><trkpt lat="42.805832" lon="-7.616942"><ele>329.992</ele><time>2024-08-13T10:32:09.282Z</time></trkpt><trkpt lat="42.805875" lon="-7.616905"><ele>330.287</ele><time>2024-08-13T10:32:13.282Z</time></trkpt><trkpt lat="42.805867" lon="-7.616837"><ele>332.742</ele><time>2024-08-13T10:32:49.282Z</time></trkpt><trkpt lat="42.805880" lon="-7.616764"><ele>333.326</ele><time>2024-08-13T10:32:56.282Z</time></trkpt><trkpt lat="42.805928" lon="-7.616754"><ele>333.409</ele><time>2024-08-13T10:33:03.282Z</time></trkpt><trkpt lat="42.805965" lon="-7.616714"><ele>333.619</ele><time>2024-08-13T10:33:07.282Z</time></trkpt><trkpt lat="42.806008" lon="-7.616694"><ele>336.396</ele><time>2024-08-13T10:33:12.282Z</time></trkpt><trkpt lat="42.806053" lon="-7.616716"><ele>335.838</ele><time>2024-08-13T10:34:11.282Z</time></trkpt><trkpt lat="42.806110" lon="-7.616689"><ele>336.326</ele><time>2024-08-13T10:34:54.282Z</time></trkpt><trkpt lat="42.806128" lon="-7.616597"><ele>336.052</ele><time>2024-08-13T10:35:12.281Z</time></trkpt><trkpt lat="42.806081" lon="-7.616602"><ele>336.395</ele><time>2024-08-13T10:35:31.281Z</time></trkpt><trkpt lat="42.806063" lon="-7.616672"><ele>336.379</ele><time>2024-08-13T10:35:57.281Z</time></trkpt><trkpt lat="42.806070" lon="-7.616609"><ele>339.423</ele><time>2024-08-13T10:36:27.281Z</time></trkpt><trkpt lat="42.806073" lon="-7.616542"><ele>338.134</ele><time>2024-08-13T10:36:38.281Z</time></trkpt><trkpt lat="42.806096" lon="-7.616477"><ele>338.068</ele><time>2024-08-13T10:36:42.281Z</time></trkpt><trkpt lat="42.806126" lon="-7.616425"><ele>337.442</ele><time>2024-08-13T10:36:46.281Z</time></trkpt><trkpt lat="42.806144" lon="-7.616365"><ele>337.526</ele><time>2024-08-13T10:36:50.281Z</time></trkpt><trkpt lat="42.806172" lon="-7.616307"><ele>337.109</ele><time>2024-08-13T10:36:56.281Z</time></trkpt><trkpt lat="42.806180" lon="-7.616239"><ele>333.397</ele><time>2024-08-13T10:37:03.281Z</time></trkpt><trkpt lat="42.806265" lon="-7.616199"><ele>333.094</ele><time>2024-08-13T10:37:09.281Z</time></trkpt><trkpt lat="42.806300" lon="-7.616136"><ele>332.416</ele><time>2024-08-13T10:37:14.281Z</time></trkpt><trkpt lat="42.806310" lon="-7.616058"><ele>332.114</ele><time>2024-08-13T10:37:17.281Z</time></trkpt><trkpt lat="42.806340" lon="-7.616010"><ele>333.040</ele><time>2024-08-13T10:37:22.281Z</time></trkpt><trkpt lat="42.806365" lon="-7.615945"><ele>333.613</ele><time>2024-08-13T10:37:29.281Z</time></trkpt><trkpt lat="42.806407" lon="-7.615910"><ele>334.317</ele><time>2024-08-13T10:37:33.281Z</time></trkpt><trkpt lat="42.806450" lon="-7.615865"><ele>334.621</ele><time>2024-08-13T10:37:37.281Z</time></trkpt><trkpt lat="42.806482" lon="-7.615820"><ele>334.742</ele><time>2024-08-13T10:37:40.281Z</time></trkpt><trkpt lat="42.806510" lon="-7.615772"><ele>334.868</ele><time>2024-08-13T10:37:43.281Z</time></trkpt><trkpt lat="42.806542" lon="-7.615720"><ele>335.842</ele><time>2024-08-13T10:37:47.281Z</time></trkpt><trkpt lat="42.806570" lon="-7.615665"><ele>336.826</ele><time>2024-08-13T10:37:50.281Z</time></trkpt><trkpt lat="42.806622" lon="-7.615655"><ele>337.909</ele><time>2024-08-13T10:37:56.281Z</time></trkpt><trkpt lat="42.806655" lon="-7.615592"><ele>338.117</ele><time>2024-08-13T10:38:01.281Z</time></trkpt><trkpt lat="42.806677" lon="-7.615535"><ele>338.554</ele><time>2024-08-13T10:38:05.281Z</time></trkpt><trkpt lat="42.806722" lon="-7.615508"><ele>338.746</ele><time>2024-08-13T10:38:08.281Z</time></trkpt><trkpt lat="42.806760" lon="-7.615465"><ele>338.944</ele><time>2024-08-13T10:38:12.281Z</time></trkpt><trkpt lat="42.806798" lon="-7.615423"><ele>339.060</ele><time>2024-08-13T10:38:17.281Z</time></trkpt><trkpt lat="42.806811" lon="-7.615351"><ele>339.263</ele><time>2024-08-13T10:38:21.281Z</time></trkpt><trkpt lat="42.806853" lon="-7.615324"><ele>339.357</ele><time>2024-08-13T10:38:25.281Z</time></trkpt><trkpt lat="42.806900" lon="-7.615361"><ele>339.941</ele><time>2024-08-13T10:38:29.281Z</time></trkpt><trkpt lat="42.806923" lon="-7.615436"><ele>340.272</ele><time>2024-08-13T10:38:36.281Z</time></trkpt><trkpt lat="42.807021" lon="-7.615494"><ele>340.999</ele><time>2024-08-13T10:38:44.281Z</time></trkpt><trkpt lat="42.807076" lon="-7.615514"><ele>341.207</ele><time>2024-08-13T10:38:48.281Z</time></trkpt><trkpt lat="42.807129" lon="-7.615541"><ele>342.627</ele><time>2024-08-13T10:38:54.281Z</time></trkpt><trkpt lat="42.807161" lon="-7.615606"><ele>343.209</ele><time>2024-08-13T10:38:58.281Z</time></trkpt><trkpt lat="42.807196" lon="-7.615648"><ele>344.530</ele><time>2024-08-13T10:39:03.281Z</time></trkpt><trkpt lat="42.807223" lon="-7.615700"><ele>344.987</ele><time>2024-08-13T10:39:07.281Z</time></trkpt><trkpt lat="42.807268" lon="-7.615727"><ele>345.539</ele><time>2024-08-13T10:39:11.281Z</time></trkpt><trkpt lat="42.807270" lon="-7.615795"><ele>347.237</ele><time>2024-08-13T10:39:19.281Z</time></trkpt><trkpt lat="42.807317" lon="-7.615850"><ele>348.873</ele><time>2024-08-13T10:39:32.281Z</time></trkpt><trkpt lat="42.807309" lon="-7.615923"><ele>350.826</ele><time>2024-08-13T10:40:39.281Z</time></trkpt><trkpt lat="42.807284" lon="-7.616013"><ele>350.280</ele><time>2024-08-13T10:40:44.281Z</time></trkpt><trkpt lat="42.807076" lon="-7.616286"><ele>352.384</ele><time>2024-08-13T10:41:23.280Z</time></trkpt></trkseg></trk></gpx>