<?xml version="1.0" encoding="UTF-8"?><gpx creator="Wikiloc - https://www.wikiloc.com" version="1.1" xmlns="http://www.topografix.com/GPX/1/1" xmlns:xsi="http://www.w3.org/2001/XMLSchema-instance" xsi:schemaLocation="http://www.topografix.com/GPX/1/1 http://www.topografix.com/GPX/1/1/gpx.xsd"><metadata><name>Wikiloc - CAMINO DE SANTIAGO FRANCES ETAPA 4 Ardua - o pedrouzo</name><author><name>Eleazar Chust diaz</name><link href="https://www.wikiloc.com/wikiloc/user.do?id=9341796"><text>Eleazar Chust diaz on Wikiloc</text></link></author><link href="https://www.wikiloc.com/hiking-trails/camino-de-santiago-frances-etapa-4-ardua-o-pedrouzo-203943332"><text>CAMINO DE SANTIAGO FRANCES ETAPA 4 Ardua - o pedrouzo on Wikiloc</text></link><time>2025-03-06T12:52:36.779Z</time></metadata><trk><name>CAMINO DE SANTIAGO FRANCES ETAPA 4 Ardua - o pedrouzo - Wiki...</name><cmt></cmt><desc></desc><trkseg><trkpt lat="42.926242" lon="-8.163428"><ele>386.342</ele><time>2025-03-06T06:18:19.692Z</time></trkpt><trkpt lat="42.926233" lon="-8.163496"><ele>386.222</ele><time>2025-03-06T06:18:22.696Z</time></trkpt><trkpt lat="42.926185" lon="-8.163532"><ele>386.114</ele><time>2025-03-06T06:18:25.692Z</time></trkpt><trkpt lat="42.926172" lon="-8.163460"><ele>386.109</ele><time>2025-03-06T06:18:33.717Z</time></trkpt><trkpt lat="42.926215" lon="-8.163530"><ele>386.116</ele><time>2025-03-06T06:18:37.704Z</time></trkpt><trkpt lat="42.926238" lon="-8.163585"><ele>386.064</ele><time>2025-03-06T06:18:40.720Z</time></trkpt><trkpt lat="42.926226" lon="-8.163648"><ele>385.947</ele><time>2025-03-06T06:18:42.721Z</time></trkpt><trkpt lat="42.926238" lon="-8.163709"><ele>385.663</ele><time>2025-03-06T06:18:45.744Z</time></trkpt><trkpt lat="42.926208" lon="-8.163792"><ele>385.318</ele><time>2025-03-06T06:18:49.740Z</time></trkpt><trkpt lat="42.926200" lon="-8.163854"><ele>385.177</ele><time>2025-03-06T06:18:54.750Z</time></trkpt><trkpt lat="42.926195" lon="-8.163918"><ele>384.917</ele><time>2025-03-06T06:18:59.771Z</time></trkpt><trkpt lat="42.926196" lon="-8.163990"><ele>384.697</ele><time>2025-03-06T06:19:06.736Z</time></trkpt><trkpt lat="42.926207" lon="-8.164051"><ele>384.446</ele><time>2025-03-06T06:19:13.907Z</time></trkpt><trkpt lat="42.926216" lon="-8.164117"><ele>384.257</ele><time>2025-03-06T06:19:21.717Z</time></trkpt><trkpt lat="42.926218" lon="-8.164182"><ele>383.900</ele><time>2025-03-06T06:19:26.742Z</time></trkpt><trkpt lat="42.926213" lon="-8.164255"><ele>383.520</ele><time>2025-03-06T06:19:32.748Z</time></trkpt><trkpt lat="42.926219" lon="-8.164322"><ele>383.109</ele><time>2025-03-06T06:19:37.751Z</time></trkpt><trkpt lat="42.926218" lon="-8.164392"><ele>382.737</ele><time>2025-03-06T06:19:42.765Z</time></trkpt><trkpt lat="42.926218" lon="-8.164456"><ele>382.345</ele><time>2025-03-06T06:19:46.749Z</time></trkpt><trkpt lat="42.926232" lon="-8.164517"><ele>381.968</ele><time>2025-03-06T06:19:51.754Z</time></trkpt><trkpt lat="42.926247" lon="-8.164580"><ele>381.594</ele><time>2025-03-06T06:19:56.755Z</time></trkpt><trkpt lat="42.926257" lon="-8.164644"><ele>381.179</ele><time>2025-03-06T06:20:02.757Z</time></trkpt><trkpt lat="42.926267" lon="-8.164709"><ele>380.738</ele><time>2025-03-06T06:20:08.753Z</time></trkpt><trkpt lat="42.926286" lon="-8.164792"><ele>380.028</ele><time>2025-03-06T06:20:15.767Z</time></trkpt><trkpt lat="42.926293" lon="-8.164853"><ele>379.468</ele><time>2025-03-06T06:20:20.752Z</time></trkpt><trkpt lat="42.926303" lon="-8.164915"><ele>378.897</ele><time>2025-03-06T06:20:25.770Z</time></trkpt><trkpt lat="42.926329" lon="-8.164974"><ele>378.357</ele><time>2025-03-06T06:20:30.755Z</time></trkpt><trkpt lat="42.926336" lon="-8.165036"><ele>377.600</ele><time>2025-03-06T06:20:38.942Z</time></trkpt><trkpt lat="42.926325" lon="-8.165096"><ele>377.020</ele><time>2025-03-06T06:20:44.772Z</time></trkpt><trkpt lat="42.926324" lon="-8.165160"><ele>376.409</ele><time>2025-03-06T06:20:50.778Z</time></trkpt><trkpt lat="42.926318" lon="-8.165223"><ele>375.867</ele><time>2025-03-06T06:20:55.733Z</time></trkpt><trkpt lat="42.926310" lon="-8.165296"><ele>375.165</ele><time>2025-03-06T06:21:00.757Z</time></trkpt><trkpt lat="42.926302" lon="-8.165365"><ele>374.668</ele><time>2025-03-06T06:21:05.756Z</time></trkpt><trkpt lat="42.926291" lon="-8.165427"><ele>374.174</ele><time>2025-03-06T06:21:11.759Z</time></trkpt><trkpt lat="42.926301" lon="-8.165498"><ele>373.519</ele><time>2025-03-06T06:21:17.753Z</time></trkpt><trkpt lat="42.926313" lon="-8.165559"><ele>373.018</ele><time>2025-03-06T06:21:22.753Z</time></trkpt><trkpt lat="42.926324" lon="-8.165627"><ele>372.748</ele><time>2025-03-06T06:21:28.746Z</time></trkpt><trkpt lat="42.926336" lon="-8.165687"><ele>372.468</ele><time>2025-03-06T06:21:33.742Z</time></trkpt><trkpt lat="42.926360" lon="-8.165764"><ele>372.217</ele><time>2025-03-06T06:21:39.956Z</time></trkpt><trkpt lat="42.926390" lon="-8.165815"><ele>372.186</ele><time>2025-03-06T06:21:44.746Z</time></trkpt><trkpt lat="42.926415" lon="-8.165895"><ele>371.660</ele><time>2025-03-06T06:21:51.754Z</time></trkpt><trkpt lat="42.926446" lon="-8.165945"><ele>371.326</ele><time>2025-03-06T06:21:59.760Z</time></trkpt><trkpt lat="42.926478" lon="-8.166005"><ele>371.009</ele><time>2025-03-06T06:22:05.760Z</time></trkpt><trkpt lat="42.926507" lon="-8.166067"><ele>370.790</ele><time>2025-03-06T06:22:11.748Z</time></trkpt><trkpt lat="42.926536" lon="-8.166143"><ele>370.288</ele><time>2025-03-06T06:22:18.764Z</time></trkpt><trkpt lat="42.926545" lon="-8.166203"><ele>369.841</ele><time>2025-03-06T06:22:25.748Z</time></trkpt><trkpt lat="42.926567" lon="-8.166261"><ele>369.467</ele><time>2025-03-06T06:22:31.754Z</time></trkpt><trkpt lat="42.926585" lon="-8.166343"><ele>368.862</ele><time>2025-03-06T06:22:38.764Z</time></trkpt><trkpt lat="42.926615" lon="-8.166399"><ele>368.621</ele><time>2025-03-06T06:22:44.750Z</time></trkpt><trkpt lat="42.926634" lon="-8.166459"><ele>368.311</ele><time>2025-03-06T06:22:49.765Z</time></trkpt><trkpt lat="42.926663" lon="-8.166524"><ele>368.071</ele><time>2025-03-06T06:22:54.737Z</time></trkpt><trkpt lat="42.926685" lon="-8.166587"><ele>367.710</ele><time>2025-03-06T06:23:00.765Z</time></trkpt><trkpt lat="42.926702" lon="-8.166649"><ele>367.417</ele><time>2025-03-06T06:23:06.733Z</time></trkpt><trkpt lat="42.926716" lon="-8.166715"><ele>367.087</ele><time>2025-03-06T06:23:12.755Z</time></trkpt><trkpt lat="42.926737" lon="-8.166774"><ele>366.615</ele><time>2025-03-06T06:23:17.771Z</time></trkpt><trkpt lat="42.926759" lon="-8.166841"><ele>366.209</ele><time>2025-03-06T06:23:23.757Z</time></trkpt><trkpt lat="42.926773" lon="-8.166906"><ele>365.763</ele><time>2025-03-06T06:23:30.760Z</time></trkpt><trkpt lat="42.926784" lon="-8.166969"><ele>365.231</ele><time>2025-03-06T06:23:36.735Z</time></trkpt><trkpt lat="42.926780" lon="-8.167042"><ele>364.444</ele><time>2025-03-06T06:23:42.765Z</time></trkpt><trkpt lat="42.926774" lon="-8.167104"><ele>363.720</ele><time>2025-03-06T06:23:48.768Z</time></trkpt><trkpt lat="42.926775" lon="-8.167179"><ele>362.985</ele><time>2025-03-06T06:23:55.762Z</time></trkpt><trkpt lat="42.926775" lon="-8.167248"><ele>362.034</ele><time>2025-03-06T06:24:01.769Z</time></trkpt><trkpt lat="42.926776" lon="-8.167311"><ele>361.044</ele><time>2025-03-06T06:24:06.751Z</time></trkpt><trkpt lat="42.926770" lon="-8.167373"><ele>360.054</ele><time>2025-03-06T06:24:11.764Z</time></trkpt><trkpt lat="42.926762" lon="-8.167433"><ele>359.053</ele><time>2025-03-06T06:24:18.762Z</time></trkpt><trkpt lat="42.926771" lon="-8.167522"><ele>357.853</ele><time>2025-03-06T06:24:26.752Z</time></trkpt><trkpt lat="42.926765" lon="-8.167593"><ele>357.004</ele><time>2025-03-06T06:24:33.764Z</time></trkpt><trkpt lat="42.926775" lon="-8.167657"><ele>356.314</ele><time>2025-03-06T06:24:40.784Z</time></trkpt><trkpt lat="42.926771" lon="-8.167733"><ele>355.509</ele><time>2025-03-06T06:24:47.768Z</time></trkpt><trkpt lat="42.926775" lon="-8.167800"><ele>354.827</ele><time>2025-03-06T06:24:53.767Z</time></trkpt><trkpt lat="42.926766" lon="-8.167867"><ele>354.075</ele><time>2025-03-06T06:24:59.783Z</time></trkpt><trkpt lat="42.926765" lon="-8.167935"><ele>353.358</ele><time>2025-03-06T06:25:06.763Z</time></trkpt><trkpt lat="42.926775" lon="-8.167998"><ele>352.614</ele><time>2025-03-06T06:25:10.765Z</time></trkpt><trkpt lat="42.926771" lon="-8.168059"><ele>352.059</ele><time>2025-03-06T06:25:16.753Z</time></trkpt><trkpt lat="42.926777" lon="-8.168128"><ele>351.448</ele><time>2025-03-06T06:25:23.743Z</time></trkpt><trkpt lat="42.926790" lon="-8.168190"><ele>350.848</ele><time>2025-03-06T06:25:28.766Z</time></trkpt><trkpt lat="42.926811" lon="-8.168250"><ele>350.238</ele><time>2025-03-06T06:25:35.748Z</time></trkpt><trkpt lat="42.926814" lon="-8.168322"><ele>349.617</ele><time>2025-03-06T06:25:41.740Z</time></trkpt><trkpt lat="42.926811" lon="-8.168384"><ele>349.272</ele><time>2025-03-06T06:25:47.764Z</time></trkpt><trkpt lat="42.926840" lon="-8.168461"><ele>348.613</ele><time>2025-03-06T06:25:55.759Z</time></trkpt><trkpt lat="42.926863" lon="-8.168523"><ele>348.114</ele><time>2025-03-06T06:26:01.765Z</time></trkpt><trkpt lat="42.926874" lon="-8.168598"><ele>347.609</ele><time>2025-03-06T06:26:09.772Z</time></trkpt><trkpt lat="42.926878" lon="-8.168664"><ele>347.239</ele><time>2025-03-06T06:26:15.738Z</time></trkpt><trkpt lat="42.926898" lon="-8.168725"><ele>346.997</ele><time>2025-03-06T06:26:24.752Z</time></trkpt><trkpt lat="42.926900" lon="-8.168789"><ele>346.670</ele><time>2025-03-06T06:26:32.763Z</time></trkpt><trkpt lat="42.926913" lon="-8.168851"><ele>346.386</ele><time>2025-03-06T06:26:38.770Z</time></trkpt><trkpt lat="42.926938" lon="-8.168914"><ele>345.921</ele><time>2025-03-06T06:26:45.755Z</time></trkpt><trkpt lat="42.926956" lon="-8.168977"><ele>345.720</ele><time>2025-03-06T06:26:52.765Z</time></trkpt><trkpt lat="42.926970" lon="-8.169043"><ele>345.520</ele><time>2025-03-06T06:26:58.761Z</time></trkpt><trkpt lat="42.926982" lon="-8.169106"><ele>345.270</ele><time>2025-03-06T06:27:05.763Z</time></trkpt><trkpt lat="42.926987" lon="-8.169200"><ele>344.869</ele><time>2025-03-06T06:27:14.745Z</time></trkpt><trkpt lat="42.927019" lon="-8.169261"><ele>344.319</ele><time>2025-03-06T06:27:21.753Z</time></trkpt><trkpt lat="42.927021" lon="-8.169329"><ele>343.809</ele><time>2025-03-06T06:27:28.763Z</time></trkpt><trkpt lat="42.927029" lon="-8.169395"><ele>343.419</ele><time>2025-03-06T06:27:33.758Z</time></trkpt><trkpt lat="42.927034" lon="-8.169457"><ele>342.809</ele><time>2025-03-06T06:27:39.757Z</time></trkpt><trkpt lat="42.927048" lon="-8.169530"><ele>341.873</ele><time>2025-03-06T06:27:45.768Z</time></trkpt><trkpt lat="42.927057" lon="-8.169598"><ele>340.891</ele><time>2025-03-06T06:27:50.762Z</time></trkpt><trkpt lat="42.927082" lon="-8.169664"><ele>339.834</ele><time>2025-03-06T06:27:56.721Z</time></trkpt><trkpt lat="42.927097" lon="-8.169723"><ele>339.010</ele><time>2025-03-06T06:28:01.939Z</time></trkpt><trkpt lat="42.927115" lon="-8.169788"><ele>338.425</ele><time>2025-03-06T06:28:06.749Z</time></trkpt><trkpt lat="42.927124" lon="-8.169848"><ele>337.914</ele><time>2025-03-06T06:28:12.752Z</time></trkpt><trkpt lat="42.927122" lon="-8.169912"><ele>337.444</ele><time>2025-03-06T06:28:26.758Z</time></trkpt><trkpt lat="42.927124" lon="-8.169978"><ele>336.884</ele><time>2025-03-06T06:28:33.754Z</time></trkpt><trkpt lat="42.927114" lon="-8.170043"><ele>336.583</ele><time>2025-03-06T06:28:38.754Z</time></trkpt><trkpt lat="42.927095" lon="-8.170103"><ele>336.336</ele><time>2025-03-06T06:28:43.766Z</time></trkpt><trkpt lat="42.927081" lon="-8.170193"><ele>336.217</ele><time>2025-03-06T06:28:53.749Z</time></trkpt><trkpt lat="42.927084" lon="-8.170262"><ele>336.018</ele><time>2025-03-06T06:28:58.756Z</time></trkpt><trkpt lat="42.927064" lon="-8.170320"><ele>336.209</ele><time>2025-03-06T06:29:04.765Z</time></trkpt><trkpt lat="42.927042" lon="-8.170376"><ele>336.435</ele><time>2025-03-06T06:29:11.769Z</time></trkpt><trkpt lat="42.927027" lon="-8.170440"><ele>336.643</ele><time>2025-03-06T06:29:18.755Z</time></trkpt><trkpt lat="42.927013" lon="-8.170500"><ele>336.846</ele><time>2025-03-06T06:29:22.762Z</time></trkpt><trkpt lat="42.926994" lon="-8.170569"><ele>337.232</ele><time>2025-03-06T06:29:28.759Z</time></trkpt><trkpt lat="42.926974" lon="-8.170635"><ele>337.987</ele><time>2025-03-06T06:29:34.753Z</time></trkpt><trkpt lat="42.926966" lon="-8.170703"><ele>338.646</ele><time>2025-03-06T06:29:40.760Z</time></trkpt><trkpt lat="42.926957" lon="-8.170771"><ele>339.466</ele><time>2025-03-06T06:29:48.763Z</time></trkpt><trkpt lat="42.926961" lon="-8.170839"><ele>340.136</ele><time>2025-03-06T06:29:54.783Z</time></trkpt><trkpt lat="42.926971" lon="-8.170922"><ele>341.375</ele><time>2025-03-06T06:30:01.761Z</time></trkpt><trkpt lat="42.926976" lon="-8.170990"><ele>342.353</ele><time>2025-03-06T06:30:06.750Z</time></trkpt><trkpt lat="42.926983" lon="-8.171063"><ele>343.304</ele><time>2025-03-06T06:30:10.765Z</time></trkpt><trkpt lat="42.926986" lon="-8.171125"><ele>344.114</ele><time>2025-03-06T06:30:14.767Z</time></trkpt><trkpt lat="42.926986" lon="-8.171199"><ele>344.509</ele><time>2025-03-06T06:30:20.776Z</time></trkpt><trkpt lat="42.926989" lon="-8.171281"><ele>344.977</ele><time>2025-03-06T06:30:27.711Z</time></trkpt><trkpt lat="42.926991" lon="-8.171354"><ele>345.365</ele><time>2025-03-06T06:30:31.762Z</time></trkpt><trkpt lat="42.927003" lon="-8.171433"><ele>345.868</ele><time>2025-03-06T06:30:36.734Z</time></trkpt><trkpt lat="42.926994" lon="-8.171495"><ele>346.074</ele><time>2025-03-06T06:30:40.780Z</time></trkpt><trkpt lat="42.926990" lon="-8.171561"><ele>346.249</ele><time>2025-03-06T06:30:45.761Z</time></trkpt><trkpt lat="42.926988" lon="-8.171624"><ele>346.558</ele><time>2025-03-06T06:30:49.768Z</time></trkpt><trkpt lat="42.926985" lon="-8.171695"><ele>346.778</ele><time>2025-03-06T06:30:54.974Z</time></trkpt><trkpt lat="42.927002" lon="-8.171783"><ele>347.358</ele><time>2025-03-06T06:31:01.771Z</time></trkpt><trkpt lat="42.927016" lon="-8.171860"><ele>347.997</ele><time>2025-03-06T06:31:08.758Z</time></trkpt><trkpt lat="42.927035" lon="-8.171920"><ele>348.597</ele><time>2025-03-06T06:31:11.760Z</time></trkpt><trkpt lat="42.927054" lon="-8.171977"><ele>349.123</ele><time>2025-03-06T06:31:14.779Z</time></trkpt><trkpt lat="42.927069" lon="-8.172041"><ele>349.725</ele><time>2025-03-06T06:31:18.759Z</time></trkpt><trkpt lat="42.927086" lon="-8.172106"><ele>350.409</ele><time>2025-03-06T06:31:23.764Z</time></trkpt><trkpt lat="42.927127" lon="-8.172171"><ele>351.641</ele><time>2025-03-06T06:31:33.760Z</time></trkpt><trkpt lat="42.927157" lon="-8.172229"><ele>352.669</ele><time>2025-03-06T06:31:39.763Z</time></trkpt><trkpt lat="42.927180" lon="-8.172299"><ele>353.122</ele><time>2025-03-06T06:31:44.760Z</time></trkpt><trkpt lat="42.927190" lon="-8.172362"><ele>353.428</ele><time>2025-03-06T06:31:47.762Z</time></trkpt><trkpt lat="42.927211" lon="-8.172430"><ele>353.853</ele><time>2025-03-06T06:31:51.757Z</time></trkpt><trkpt lat="42.927228" lon="-8.172494"><ele>354.132</ele><time>2025-03-06T06:31:56.766Z</time></trkpt><trkpt lat="42.927245" lon="-8.172552"><ele>354.452</ele><time>2025-03-06T06:32:00.749Z</time></trkpt><trkpt lat="42.927258" lon="-8.172624"><ele>354.542</ele><time>2025-03-06T06:32:06.760Z</time></trkpt><trkpt lat="42.927286" lon="-8.172692"><ele>354.871</ele><time>2025-03-06T06:32:11.754Z</time></trkpt><trkpt lat="42.927311" lon="-8.172761"><ele>355.077</ele><time>2025-03-06T06:32:19.769Z</time></trkpt><trkpt lat="42.927342" lon="-8.172821"><ele>355.361</ele><time>2025-03-06T06:32:24.715Z</time></trkpt><trkpt lat="42.927353" lon="-8.172883"><ele>355.427</ele><time>2025-03-06T06:32:29.721Z</time></trkpt><trkpt lat="42.927368" lon="-8.172952"><ele>355.609</ele><time>2025-03-06T06:32:33.762Z</time></trkpt><trkpt lat="42.927382" lon="-8.173014"><ele>355.729</ele><time>2025-03-06T06:32:39.752Z</time></trkpt><trkpt lat="42.927378" lon="-8.173082"><ele>355.647</ele><time>2025-03-06T06:32:46.767Z</time></trkpt><trkpt lat="42.927387" lon="-8.173150"><ele>355.630</ele><time>2025-03-06T06:32:52.748Z</time></trkpt><trkpt lat="42.927417" lon="-8.173220"><ele>355.786</ele><time>2025-03-06T06:32:57.763Z</time></trkpt><trkpt lat="42.927445" lon="-8.173272"><ele>355.851</ele><time>2025-03-06T06:33:00.711Z</time></trkpt><trkpt lat="42.927467" lon="-8.173331"><ele>355.820</ele><time>2025-03-06T06:33:04.931Z</time></trkpt><trkpt lat="42.927505" lon="-8.173391"><ele>355.880</ele><time>2025-03-06T06:33:08.755Z</time></trkpt><trkpt lat="42.927506" lon="-8.173455"><ele>355.650</ele><time>2025-03-06T06:33:20.751Z</time></trkpt><trkpt lat="42.927469" lon="-8.173499"><ele>355.339</ele><time>2025-03-06T06:33:26.756Z</time></trkpt><trkpt lat="42.927429" lon="-8.173547"><ele>355.174</ele><time>2025-03-06T06:33:32.754Z</time></trkpt><trkpt lat="42.927402" lon="-8.173607"><ele>355.056</ele><time>2025-03-06T06:33:37.760Z</time></trkpt><trkpt lat="42.927372" lon="-8.173668"><ele>355.021</ele><time>2025-03-06T06:33:42.754Z</time></trkpt><trkpt lat="42.927331" lon="-8.173709"><ele>355.109</ele><time>2025-03-06T06:33:47.763Z</time></trkpt><trkpt lat="42.927299" lon="-8.173754"><ele>355.279</ele><time>2025-03-06T06:33:51.756Z</time></trkpt><trkpt lat="42.927261" lon="-8.173797"><ele>355.537</ele><time>2025-03-06T06:33:58.770Z</time></trkpt><trkpt lat="42.927214" lon="-8.173827"><ele>355.740</ele><time>2025-03-06T06:34:06.748Z</time></trkpt><trkpt lat="42.927175" lon="-8.173870"><ele>355.846</ele><time>2025-03-06T06:34:12.766Z</time></trkpt><trkpt lat="42.927130" lon="-8.173904"><ele>355.761</ele><time>2025-03-06T06:34:17.768Z</time></trkpt><trkpt lat="42.927081" lon="-8.173924"><ele>355.690</ele><time>2025-03-06T06:34:22.755Z</time></trkpt><trkpt lat="42.927036" lon="-8.173928"><ele>355.490</ele><time>2025-03-06T06:34:28.765Z</time></trkpt><trkpt lat="42.926985" lon="-8.173947"><ele>355.330</ele><time>2025-03-06T06:34:33.759Z</time></trkpt><trkpt lat="42.926943" lon="-8.173971"><ele>355.319</ele><time>2025-03-06T06:34:37.762Z</time></trkpt><trkpt lat="42.926895" lon="-8.173999"><ele>355.019</ele><time>2025-03-06T06:34:42.773Z</time></trkpt><trkpt lat="42.926848" lon="-8.174010"><ele>354.609</ele><time>2025-03-06T06:34:47.757Z</time></trkpt><trkpt lat="42.926784" lon="-8.174036"><ele>354.119</ele><time>2025-03-06T06:34:58.748Z</time></trkpt><trkpt lat="42.926729" lon="-8.174049"><ele>353.609</ele><time>2025-03-06T06:35:02.758Z</time></trkpt><trkpt lat="42.926671" lon="-8.174065"><ele>353.073</ele><time>2025-03-06T06:35:06.757Z</time></trkpt><trkpt lat="42.926620" lon="-8.174082"><ele>352.921</ele><time>2025-03-06T06:35:11.774Z</time></trkpt><trkpt lat="42.926569" lon="-8.174090"><ele>352.944</ele><time>2025-03-06T06:35:16.767Z</time></trkpt><trkpt lat="42.926513" lon="-8.174112"><ele>352.940</ele><time>2025-03-06T06:35:22.746Z</time></trkpt><trkpt lat="42.926467" lon="-8.174145"><ele>352.985</ele><time>2025-03-06T06:35:26.763Z</time></trkpt><trkpt lat="42.926416" lon="-8.174173"><ele>353.054</ele><time>2025-03-06T06:35:33.761Z</time></trkpt><trkpt lat="42.926371" lon="-8.174208"><ele>352.954</ele><time>2025-03-06T06:35:38.755Z</time></trkpt><trkpt lat="42.926340" lon="-8.174275"><ele>352.854</ele><time>2025-03-06T06:35:43.760Z</time></trkpt><trkpt lat="42.926305" lon="-8.174331"><ele>352.773</ele><time>2025-03-06T06:35:48.765Z</time></trkpt><trkpt lat="42.926290" lon="-8.174404"><ele>352.523</ele><time>2025-03-06T06:35:55.771Z</time></trkpt><trkpt lat="42.926252" lon="-8.174473"><ele>352.483</ele><time>2025-03-06T06:35:59.771Z</time></trkpt><trkpt lat="42.926235" lon="-8.174540"><ele>352.411</ele><time>2025-03-06T06:36:03.783Z</time></trkpt><trkpt lat="42.926211" lon="-8.174607"><ele>352.409</ele><time>2025-03-06T06:36:09.766Z</time></trkpt><trkpt lat="42.926190" lon="-8.174677"><ele>352.594</ele><time>2025-03-06T06:36:15.763Z</time></trkpt><trkpt lat="42.926152" lon="-8.174740"><ele>352.552</ele><time>2025-03-06T06:36:19.760Z</time></trkpt><trkpt lat="42.926136" lon="-8.174804"><ele>352.055</ele><time>2025-03-06T06:36:23.929Z</time></trkpt><trkpt lat="42.926114" lon="-8.174867"><ele>351.481</ele><time>2025-03-06T06:36:27.757Z</time></trkpt><trkpt lat="42.926084" lon="-8.174926"><ele>351.066</ele><time>2025-03-06T06:36:34.769Z</time></trkpt><trkpt lat="42.926063" lon="-8.174981"><ele>350.765</ele><time>2025-03-06T06:36:41.771Z</time></trkpt><trkpt lat="42.926034" lon="-8.175036"><ele>350.645</ele><time>2025-03-06T06:36:46.764Z</time></trkpt><trkpt lat="42.925998" lon="-8.175078"><ele>350.795</ele><time>2025-03-06T06:36:51.902Z</time></trkpt><trkpt lat="42.925975" lon="-8.175133"><ele>350.544</ele><time>2025-03-06T06:36:55.769Z</time></trkpt><trkpt lat="42.925952" lon="-8.175193"><ele>350.377</ele><time>2025-03-06T06:36:59.768Z</time></trkpt><trkpt lat="42.925930" lon="-8.175265"><ele>350.061</ele><time>2025-03-06T06:37:06.731Z</time></trkpt><trkpt lat="42.925897" lon="-8.175329"><ele>350.127</ele><time>2025-03-06T06:37:12.776Z</time></trkpt><trkpt lat="42.925872" lon="-8.175393"><ele>350.109</ele><time>2025-03-06T06:37:17.764Z</time></trkpt><trkpt lat="42.925838" lon="-8.175506"><ele>350.189</ele><time>2025-03-06T06:37:24.781Z</time></trkpt><trkpt lat="42.925816" lon="-8.175578"><ele>350.097</ele><time>2025-03-06T06:37:29.758Z</time></trkpt><trkpt lat="42.925792" lon="-8.175632"><ele>349.780</ele><time>2025-03-06T06:37:32.768Z</time></trkpt><trkpt lat="42.925762" lon="-8.175696"><ele>349.586</ele><time>2025-03-06T06:37:36.729Z</time></trkpt><trkpt lat="42.925732" lon="-8.175752"><ele>349.351</ele><time>2025-03-06T06:37:41.760Z</time></trkpt><trkpt lat="42.925711" lon="-8.175807"><ele>349.120</ele><time>2025-03-06T06:37:45.733Z</time></trkpt><trkpt lat="42.925677" lon="-8.175903"><ele>348.760</ele><time>2025-03-06T06:37:53.760Z</time></trkpt><trkpt lat="42.925652" lon="-8.175957"><ele>348.670</ele><time>2025-03-06T06:37:56.765Z</time></trkpt><trkpt lat="42.925647" lon="-8.176034"><ele>348.129</ele><time>2025-03-06T06:38:00.763Z</time></trkpt><trkpt lat="42.925627" lon="-8.176096"><ele>347.831</ele><time>2025-03-06T06:38:05.767Z</time></trkpt><trkpt lat="42.925592" lon="-8.176134"><ele>347.761</ele><time>2025-03-06T06:38:08.974Z</time></trkpt><trkpt lat="42.925559" lon="-8.176235"><ele>347.107</ele><time>2025-03-06T06:38:17.765Z</time></trkpt><trkpt lat="42.925532" lon="-8.176300"><ele>346.609</ele><time>2025-03-06T06:38:22.766Z</time></trkpt><trkpt lat="42.925520" lon="-8.176371"><ele>346.185</ele><time>2025-03-06T06:38:27.757Z</time></trkpt><trkpt lat="42.925503" lon="-8.176434"><ele>345.693</ele><time>2025-03-06T06:38:32.774Z</time></trkpt><trkpt lat="42.925490" lon="-8.176502"><ele>345.136</ele><time>2025-03-06T06:38:36.734Z</time></trkpt><trkpt lat="42.925472" lon="-8.176571"><ele>344.542</ele><time>2025-03-06T06:38:41.766Z</time></trkpt><trkpt lat="42.925458" lon="-8.176637"><ele>343.937</ele><time>2025-03-06T06:38:47.771Z</time></trkpt><trkpt lat="42.925441" lon="-8.176701"><ele>343.356</ele><time>2025-03-06T06:38:53.792Z</time></trkpt><trkpt lat="42.925439" lon="-8.176774"><ele>342.746</ele><time>2025-03-06T06:38:57.753Z</time></trkpt><trkpt lat="42.925425" lon="-8.176843"><ele>342.276</ele><time>2025-03-06T06:39:03.767Z</time></trkpt><trkpt lat="42.925398" lon="-8.176901"><ele>341.995</ele><time>2025-03-06T06:39:07.743Z</time></trkpt><trkpt lat="42.925381" lon="-8.176958"><ele>341.596</ele><time>2025-03-06T06:39:11.737Z</time></trkpt><trkpt lat="42.925354" lon="-8.177022"><ele>341.031</ele><time>2025-03-06T06:39:16.756Z</time></trkpt><trkpt lat="42.925327" lon="-8.177073"><ele>340.724</ele><time>2025-03-06T06:39:21.758Z</time></trkpt><trkpt lat="42.925315" lon="-8.177140"><ele>340.309</ele><time>2025-03-06T06:39:26.751Z</time></trkpt><trkpt lat="42.925302" lon="-8.177200"><ele>339.971</ele><time>2025-03-06T06:39:30.776Z</time></trkpt><trkpt lat="42.925278" lon="-8.177268"><ele>339.749</ele><time>2025-03-06T06:39:35Z</time></trkpt><trkpt lat="42.925263" lon="-8.177337"><ele>339.252</ele><time>2025-03-06T06:39:38.765Z</time></trkpt><trkpt lat="42.925245" lon="-8.177400"><ele>338.878</ele><time>2025-03-06T06:39:42.759Z</time></trkpt><trkpt lat="42.925229" lon="-8.177492"><ele>338.223</ele><time>2025-03-06T06:39:48.764Z</time></trkpt><trkpt lat="42.925223" lon="-8.177558"><ele>337.892</ele><time>2025-03-06T06:39:52.762Z</time></trkpt><trkpt lat="42.925213" lon="-8.177620"><ele>337.562</ele><time>2025-03-06T06:39:56.942Z</time></trkpt><trkpt lat="42.925207" lon="-8.177688"><ele>337.182</ele><time>2025-03-06T06:40:01.768Z</time></trkpt><trkpt lat="42.925203" lon="-8.177749"><ele>336.711</ele><time>2025-03-06T06:40:05.783Z</time></trkpt><trkpt lat="42.925202" lon="-8.177821"><ele>336.355</ele><time>2025-03-06T06:40:10.764Z</time></trkpt><trkpt lat="42.925208" lon="-8.177899"><ele>335.807</ele><time>2025-03-06T06:40:16.768Z</time></trkpt><trkpt lat="42.925208" lon="-8.177978"><ele>335.417</ele><time>2025-03-06T06:40:21.769Z</time></trkpt><trkpt lat="42.925211" lon="-8.178044"><ele>335.109</ele><time>2025-03-06T06:40:25.755Z</time></trkpt><trkpt lat="42.925220" lon="-8.178117"><ele>334.577</ele><time>2025-03-06T06:40:29.766Z</time></trkpt><trkpt lat="42.925222" lon="-8.178182"><ele>334.085</ele><time>2025-03-06T06:40:34.715Z</time></trkpt><trkpt lat="42.925224" lon="-8.178245"><ele>333.598</ele><time>2025-03-06T06:40:38.770Z</time></trkpt><trkpt lat="42.925229" lon="-8.178317"><ele>333.074</ele><time>2025-03-06T06:40:43.763Z</time></trkpt><trkpt lat="42.925233" lon="-8.178387"><ele>332.599</ele><time>2025-03-06T06:40:48.751Z</time></trkpt><trkpt lat="42.925225" lon="-8.178456"><ele>331.948</ele><time>2025-03-06T06:40:54.759Z</time></trkpt><trkpt lat="42.925223" lon="-8.178522"><ele>331.418</ele><time>2025-03-06T06:40:59.772Z</time></trkpt><trkpt lat="42.925224" lon="-8.178594"><ele>330.958</ele><time>2025-03-06T06:41:04.760Z</time></trkpt><trkpt lat="42.925215" lon="-8.178660"><ele>330.687</ele><time>2025-03-06T06:41:11.788Z</time></trkpt><trkpt lat="42.925218" lon="-8.178735"><ele>330.489</ele><time>2025-03-06T06:41:16.764Z</time></trkpt><trkpt lat="42.925222" lon="-8.178805"><ele>330.206</ele><time>2025-03-06T06:41:20.768Z</time></trkpt><trkpt lat="42.925221" lon="-8.178883"><ele>330.026</ele><time>2025-03-06T06:41:25.764Z</time></trkpt><trkpt lat="42.925209" lon="-8.178949"><ele>329.809</ele><time>2025-03-06T06:41:30.773Z</time></trkpt><trkpt lat="42.925211" lon="-8.179019"><ele>329.660</ele><time>2025-03-06T06:41:35.762Z</time></trkpt><trkpt lat="42.925220" lon="-8.179088"><ele>329.498</ele><time>2025-03-06T06:41:39.762Z</time></trkpt><trkpt lat="42.925229" lon="-8.179159"><ele>329.291</ele><time>2025-03-06T06:41:45.781Z</time></trkpt><trkpt lat="42.925241" lon="-8.179236"><ele>328.977</ele><time>2025-03-06T06:41:50.776Z</time></trkpt><trkpt lat="42.925254" lon="-8.179301"><ele>328.632</ele><time>2025-03-06T06:41:54.751Z</time></trkpt><trkpt lat="42.925260" lon="-8.179379"><ele>328.351</ele><time>2025-03-06T06:41:59.768Z</time></trkpt><trkpt lat="42.925269" lon="-8.179444"><ele>328.021</ele><time>2025-03-06T06:42:03.773Z</time></trkpt><trkpt lat="42.925299" lon="-8.179522"><ele>327.071</ele><time>2025-03-06T06:42:08.765Z</time></trkpt><trkpt lat="42.925318" lon="-8.179597"><ele>326.190</ele><time>2025-03-06T06:42:14.765Z</time></trkpt><trkpt lat="42.925348" lon="-8.179656"><ele>325.258</ele><time>2025-03-06T06:42:19.763Z</time></trkpt><trkpt lat="42.925381" lon="-8.179721"><ele>324.352</ele><time>2025-03-06T06:42:26.774Z</time></trkpt><trkpt lat="42.925410" lon="-8.179782"><ele>323.517</ele><time>2025-03-06T06:42:30.761Z</time></trkpt><trkpt lat="42.925432" lon="-8.179837"><ele>322.909</ele><time>2025-03-06T06:42:33.754Z</time></trkpt><trkpt lat="42.925461" lon="-8.179895"><ele>322.217</ele><time>2025-03-06T06:42:39.755Z</time></trkpt><trkpt lat="42.925486" lon="-8.179963"><ele>321.695</ele><time>2025-03-06T06:42:45.760Z</time></trkpt><trkpt lat="42.925503" lon="-8.180033"><ele>320.848</ele><time>2025-03-06T06:42:51.720Z</time></trkpt><trkpt lat="42.925519" lon="-8.180091"><ele>320.154</ele><time>2025-03-06T06:42:55.763Z</time></trkpt><trkpt lat="42.925526" lon="-8.180154"><ele>319.449</ele><time>2025-03-06T06:43:02.758Z</time></trkpt><trkpt lat="42.925526" lon="-8.180233"><ele>318.588</ele><time>2025-03-06T06:43:10.764Z</time></trkpt><trkpt lat="42.925506" lon="-8.180289"><ele>317.938</ele><time>2025-03-06T06:43:24.758Z</time></trkpt><trkpt lat="42.925459" lon="-8.180317"><ele>317.778</ele><time>2025-03-06T06:43:29.777Z</time></trkpt><trkpt lat="42.925408" lon="-8.180326"><ele>317.637</ele><time>2025-03-06T06:43:34.759Z</time></trkpt><trkpt lat="42.925361" lon="-8.180327"><ele>317.521</ele><time>2025-03-06T06:43:39.759Z</time></trkpt><trkpt lat="42.925287" lon="-8.180356"><ele>317.241</ele><time>2025-03-06T06:43:50.770Z</time></trkpt><trkpt lat="42.925213" lon="-8.180349"><ele>317.005</ele><time>2025-03-06T06:43:57.772Z</time></trkpt><trkpt lat="42.925159" lon="-8.180333"><ele>317.009</ele><time>2025-03-06T06:44:02.970Z</time></trkpt><trkpt lat="42.925114" lon="-8.180322"><ele>316.964</ele><time>2025-03-06T06:44:06.752Z</time></trkpt><trkpt lat="42.925036" lon="-8.180313"><ele>316.762</ele><time>2025-03-06T06:44:13.758Z</time></trkpt><trkpt lat="42.924979" lon="-8.180321"><ele>316.555</ele><time>2025-03-06T06:44:18.771Z</time></trkpt><trkpt lat="42.924924" lon="-8.180342"><ele>316.051</ele><time>2025-03-06T06:44:24.759Z</time></trkpt><trkpt lat="42.924877" lon="-8.180377"><ele>315.596</ele><time>2025-03-06T06:44:28.766Z</time></trkpt><trkpt lat="42.924837" lon="-8.180434"><ele>314.765</ele><time>2025-03-06T06:44:32.760Z</time></trkpt><trkpt lat="42.924797" lon="-8.180470"><ele>314.215</ele><time>2025-03-06T06:44:35.771Z</time></trkpt><trkpt lat="42.924754" lon="-8.180526"><ele>313.435</ele><time>2025-03-06T06:44:39.778Z</time></trkpt><trkpt lat="42.924721" lon="-8.180601"><ele>312.884</ele><time>2025-03-06T06:44:43.753Z</time></trkpt><trkpt lat="42.924701" lon="-8.180661"><ele>312.655</ele><time>2025-03-06T06:44:46.781Z</time></trkpt><trkpt lat="42.924677" lon="-8.180721"><ele>312.407</ele><time>2025-03-06T06:44:49.768Z</time></trkpt><trkpt lat="42.924664" lon="-8.180809"><ele>312.117</ele><time>2025-03-06T06:44:54.758Z</time></trkpt><trkpt lat="42.924647" lon="-8.180883"><ele>311.809</ele><time>2025-03-06T06:44:58.765Z</time></trkpt><trkpt lat="42.924628" lon="-8.180959"><ele>311.597</ele><time>2025-03-06T06:45:03.761Z</time></trkpt><trkpt lat="42.924611" lon="-8.181028"><ele>311.335</ele><time>2025-03-06T06:45:07.760Z</time></trkpt><trkpt lat="42.924616" lon="-8.181122"><ele>311.048</ele><time>2025-03-06T06:45:14.992Z</time></trkpt><trkpt lat="42.924630" lon="-8.181217"><ele>310.794</ele><time>2025-03-06T06:45:19.744Z</time></trkpt><trkpt lat="42.924632" lon="-8.181281"><ele>310.639</ele><time>2025-03-06T06:45:22.753Z</time></trkpt><trkpt lat="42.924623" lon="-8.181375"><ele>310.438</ele><time>2025-03-06T06:45:28.751Z</time></trkpt><trkpt lat="42.924604" lon="-8.181443"><ele>310.688</ele><time>2025-03-06T06:45:33.776Z</time></trkpt><trkpt lat="42.924598" lon="-8.181508"><ele>310.938</ele><time>2025-03-06T06:45:37.758Z</time></trkpt><trkpt lat="42.924591" lon="-8.181571"><ele>311.177</ele><time>2025-03-06T06:45:41.759Z</time></trkpt><trkpt lat="42.924579" lon="-8.181639"><ele>311.461</ele><time>2025-03-06T06:45:45.764Z</time></trkpt><trkpt lat="42.924571" lon="-8.181715"><ele>312.021</ele><time>2025-03-06T06:45:50.759Z</time></trkpt><trkpt lat="42.924553" lon="-8.181794"><ele>312.813</ele><time>2025-03-06T06:45:55.761Z</time></trkpt><trkpt lat="42.924543" lon="-8.181856"><ele>313.409</ele><time>2025-03-06T06:46:00.770Z</time></trkpt><trkpt lat="42.924533" lon="-8.181918"><ele>314.198</ele><time>2025-03-06T06:46:06.735Z</time></trkpt><trkpt lat="42.924517" lon="-8.181989"><ele>314.866</ele><time>2025-03-06T06:46:12.770Z</time></trkpt><trkpt lat="42.924518" lon="-8.182069"><ele>315.539</ele><time>2025-03-06T06:46:17.776Z</time></trkpt><trkpt lat="42.924503" lon="-8.182128"><ele>316.085</ele><time>2025-03-06T06:46:22.754Z</time></trkpt><trkpt lat="42.924489" lon="-8.182196"><ele>316.670</ele><time>2025-03-06T06:46:26.777Z</time></trkpt><trkpt lat="42.924477" lon="-8.182265"><ele>317.299</ele><time>2025-03-06T06:46:30.778Z</time></trkpt><trkpt lat="42.924482" lon="-8.182328"><ele>317.659</ele><time>2025-03-06T06:46:34.762Z</time></trkpt><trkpt lat="42.924479" lon="-8.182399"><ele>318.179</ele><time>2025-03-06T06:46:38.766Z</time></trkpt><trkpt lat="42.924477" lon="-8.182467"><ele>318.698</ele><time>2025-03-06T06:46:44.764Z</time></trkpt><trkpt lat="42.924476" lon="-8.182536"><ele>319.192</ele><time>2025-03-06T06:46:50.772Z</time></trkpt><trkpt lat="42.924476" lon="-8.182604"><ele>319.673</ele><time>2025-03-06T06:46:54.757Z</time></trkpt><trkpt lat="42.924463" lon="-8.182688"><ele>320.320</ele><time>2025-03-06T06:47:02.764Z</time></trkpt><trkpt lat="42.924430" lon="-8.182743"><ele>320.709</ele><time>2025-03-06T06:47:09.778Z</time></trkpt><trkpt lat="42.924397" lon="-8.182794"><ele>321.151</ele><time>2025-03-06T06:47:14.770Z</time></trkpt><trkpt lat="42.924365" lon="-8.182841"><ele>321.569</ele><time>2025-03-06T06:47:19.757Z</time></trkpt><trkpt lat="42.924331" lon="-8.182902"><ele>321.952</ele><time>2025-03-06T06:47:24.765Z</time></trkpt><trkpt lat="42.924299" lon="-8.182962"><ele>322.368</ele><time>2025-03-06T06:47:30.775Z</time></trkpt><trkpt lat="42.924275" lon="-8.183014"><ele>322.783</ele><time>2025-03-06T06:47:35.775Z</time></trkpt><trkpt lat="42.924249" lon="-8.183065"><ele>323.152</ele><time>2025-03-06T06:47:41.773Z</time></trkpt><trkpt lat="42.924254" lon="-8.183129"><ele>323.872</ele><time>2025-03-06T06:47:46.764Z</time></trkpt><trkpt lat="42.924228" lon="-8.183194"><ele>324.522</ele><time>2025-03-06T06:47:52.764Z</time></trkpt><trkpt lat="42.924205" lon="-8.183247"><ele>325.111</ele><time>2025-03-06T06:47:56.760Z</time></trkpt><trkpt lat="42.924186" lon="-8.183309"><ele>325.793</ele><time>2025-03-06T06:48:00.761Z</time></trkpt><trkpt lat="42.924171" lon="-8.183370"><ele>326.765</ele><time>2025-03-06T06:48:06.753Z</time></trkpt><trkpt lat="42.924166" lon="-8.183436"><ele>327.821</ele><time>2025-03-06T06:48:11.773Z</time></trkpt><trkpt lat="42.924167" lon="-8.183502"><ele>329.009</ele><time>2025-03-06T06:48:15.767Z</time></trkpt><trkpt lat="42.924180" lon="-8.183563"><ele>330.121</ele><time>2025-03-06T06:48:19.769Z</time></trkpt><trkpt lat="42.924188" lon="-8.183627"><ele>331.379</ele><time>2025-03-06T06:48:24.755Z</time></trkpt><trkpt lat="42.924194" lon="-8.183703"><ele>332.642</ele><time>2025-03-06T06:48:29.776Z</time></trkpt><trkpt lat="42.924208" lon="-8.183776"><ele>333.958</ele><time>2025-03-06T06:48:34.752Z</time></trkpt><trkpt lat="42.924208" lon="-8.183847"><ele>335.193</ele><time>2025-03-06T06:48:39.760Z</time></trkpt><trkpt lat="42.924210" lon="-8.183919"><ele>336.152</ele><time>2025-03-06T06:48:44.763Z</time></trkpt><trkpt lat="42.924204" lon="-8.184006"><ele>336.722</ele><time>2025-03-06T06:48:52.756Z</time></trkpt><trkpt lat="42.924179" lon="-8.184096"><ele>337.432</ele><time>2025-03-06T06:49:03.760Z</time></trkpt><trkpt lat="42.924167" lon="-8.184176"><ele>338.041</ele><time>2025-03-06T06:49:09.761Z</time></trkpt><trkpt lat="42.924149" lon="-8.184245"><ele>337.778</ele><time>2025-03-06T06:49:15.775Z</time></trkpt><trkpt lat="42.924116" lon="-8.184346"><ele>337.333</ele><time>2025-03-06T06:49:27.762Z</time></trkpt><trkpt lat="42.924084" lon="-8.184396"><ele>337.126</ele><time>2025-03-06T06:49:33.757Z</time></trkpt><trkpt lat="42.924044" lon="-8.184436"><ele>337.009</ele><time>2025-03-06T06:49:40.758Z</time></trkpt><trkpt lat="42.923983" lon="-8.184481"><ele>336.639</ele><time>2025-03-06T06:49:46.764Z</time></trkpt><trkpt lat="42.923947" lon="-8.184521"><ele>336.257</ele><time>2025-03-06T06:49:50.758Z</time></trkpt><trkpt lat="42.923916" lon="-8.184569"><ele>335.750</ele><time>2025-03-06T06:49:54.778Z</time></trkpt><trkpt lat="42.923874" lon="-8.184603"><ele>335.276</ele><time>2025-03-06T06:49:59.763Z</time></trkpt><trkpt lat="42.923830" lon="-8.184640"><ele>334.611</ele><time>2025-03-06T06:50:04.763Z</time></trkpt><trkpt lat="42.923795" lon="-8.184680"><ele>334.130</ele><time>2025-03-06T06:50:08.770Z</time></trkpt><trkpt lat="42.923753" lon="-8.184715"><ele>333.610</ele><time>2025-03-06T06:50:14.764Z</time></trkpt><trkpt lat="42.923704" lon="-8.184729"><ele>333.310</ele><time>2025-03-06T06:50:19.763Z</time></trkpt><trkpt lat="42.923655" lon="-8.184758"><ele>332.969</ele><time>2025-03-06T06:50:24.755Z</time></trkpt><trkpt lat="42.923611" lon="-8.184780"><ele>332.684</ele><time>2025-03-06T06:50:28.766Z</time></trkpt><trkpt lat="42.923567" lon="-8.184803"><ele>332.607</ele><time>2025-03-06T06:50:33.777Z</time></trkpt><trkpt lat="42.923519" lon="-8.184824"><ele>332.617</ele><time>2025-03-06T06:50:38.765Z</time></trkpt><trkpt lat="42.923472" lon="-8.184842"><ele>332.609</ele><time>2025-03-06T06:50:43.771Z</time></trkpt><trkpt lat="42.923422" lon="-8.184851"><ele>332.880</ele><time>2025-03-06T06:50:48.768Z</time></trkpt><trkpt lat="42.923369" lon="-8.184856"><ele>332.968</ele><time>2025-03-06T06:50:52.756Z</time></trkpt><trkpt lat="42.923318" lon="-8.184881"><ele>332.981</ele><time>2025-03-06T06:50:57.762Z</time></trkpt><trkpt lat="42.923267" lon="-8.184895"><ele>333.157</ele><time>2025-03-06T06:51:03.766Z</time></trkpt><trkpt lat="42.923216" lon="-8.184908"><ele>333.412</ele><time>2025-03-06T06:51:09.766Z</time></trkpt><trkpt lat="42.923165" lon="-8.184921"><ele>333.681</ele><time>2025-03-06T06:51:15.777Z</time></trkpt><trkpt lat="42.923109" lon="-8.184943"><ele>333.921</ele><time>2025-03-06T06:51:20.770Z</time></trkpt><trkpt lat="42.923061" lon="-8.184955"><ele>334.181</ele><time>2025-03-06T06:51:25.764Z</time></trkpt><trkpt lat="42.923007" lon="-8.184975"><ele>334.110</ele><time>2025-03-06T06:51:30.778Z</time></trkpt><trkpt lat="42.922957" lon="-8.185004"><ele>334.041</ele><time>2025-03-06T06:51:34.766Z</time></trkpt><trkpt lat="42.922916" lon="-8.185038"><ele>333.981</ele><time>2025-03-06T06:51:38.764Z</time></trkpt><trkpt lat="42.922867" lon="-8.185075"><ele>333.809</ele><time>2025-03-06T06:51:43.997Z</time></trkpt><trkpt lat="42.922821" lon="-8.185096"><ele>333.909</ele><time>2025-03-06T06:51:47.782Z</time></trkpt><trkpt lat="42.922772" lon="-8.185129"><ele>334.036</ele><time>2025-03-06T06:51:52.764Z</time></trkpt><trkpt lat="42.922740" lon="-8.185192"><ele>334.094</ele><time>2025-03-06T06:51:57.754Z</time></trkpt><trkpt lat="42.922699" lon="-8.185241"><ele>334.077</ele><time>2025-03-06T06:52:02.758Z</time></trkpt><trkpt lat="42.922677" lon="-8.185307"><ele>333.983</ele><time>2025-03-06T06:52:07.774Z</time></trkpt><trkpt lat="42.922645" lon="-8.185353"><ele>333.928</ele><time>2025-03-06T06:52:11.767Z</time></trkpt><trkpt lat="42.922631" lon="-8.185412"><ele>333.867</ele><time>2025-03-06T06:52:15.761Z</time></trkpt><trkpt lat="42.922610" lon="-8.185468"><ele>333.797</ele><time>2025-03-06T06:52:19.765Z</time></trkpt><trkpt lat="42.922594" lon="-8.185539"><ele>333.797</ele><time>2025-03-06T06:52:23.774Z</time></trkpt><trkpt lat="42.922593" lon="-8.185609"><ele>333.946</ele><time>2025-03-06T06:52:27.766Z</time></trkpt><trkpt lat="42.922598" lon="-8.185673"><ele>334.111</ele><time>2025-03-06T06:52:31.757Z</time></trkpt><trkpt lat="42.922614" lon="-8.185740"><ele>334.321</ele><time>2025-03-06T06:52:35.760Z</time></trkpt><trkpt lat="42.922621" lon="-8.185807"><ele>334.503</ele><time>2025-03-06T06:52:39.776Z</time></trkpt><trkpt lat="42.922634" lon="-8.185869"><ele>334.809</ele><time>2025-03-06T06:52:43.772Z</time></trkpt><trkpt lat="42.922654" lon="-8.185928"><ele>335.343</ele><time>2025-03-06T06:52:48.981Z</time></trkpt><trkpt lat="42.922671" lon="-8.186004"><ele>335.871</ele><time>2025-03-06T06:52:53.766Z</time></trkpt><trkpt lat="42.922683" lon="-8.186077"><ele>336.414</ele><time>2025-03-06T06:52:58.746Z</time></trkpt><trkpt lat="42.922682" lon="-8.186150"><ele>337.320</ele><time>2025-03-06T06:53:04.765Z</time></trkpt><trkpt lat="42.922678" lon="-8.186215"><ele>338.215</ele><time>2025-03-06T06:53:08.764Z</time></trkpt><trkpt lat="42.922675" lon="-8.186284"><ele>339.264</ele><time>2025-03-06T06:53:13.785Z</time></trkpt><trkpt lat="42.922660" lon="-8.186348"><ele>340.394</ele><time>2025-03-06T06:53:18.917Z</time></trkpt><trkpt lat="42.922648" lon="-8.186415"><ele>341.144</ele><time>2025-03-06T06:53:23.756Z</time></trkpt><trkpt lat="42.922631" lon="-8.186472"><ele>341.543</ele><time>2025-03-06T06:53:27.761Z</time></trkpt><trkpt lat="42.922621" lon="-8.186536"><ele>342.018</ele><time>2025-03-06T06:53:32.750Z</time></trkpt><trkpt lat="42.922614" lon="-8.186603"><ele>342.498</ele><time>2025-03-06T06:53:37.741Z</time></trkpt><trkpt lat="42.922604" lon="-8.186669"><ele>342.917</ele><time>2025-03-06T06:53:42.765Z</time></trkpt><trkpt lat="42.922594" lon="-8.186740"><ele>343.609</ele><time>2025-03-06T06:53:48.769Z</time></trkpt><trkpt lat="42.922581" lon="-8.186805"><ele>344.383</ele><time>2025-03-06T06:53:52.770Z</time></trkpt><trkpt lat="42.922575" lon="-8.186867"><ele>344.851</ele><time>2025-03-06T06:53:56.764Z</time></trkpt><trkpt lat="42.922593" lon="-8.186936"><ele>345.324</ele><time>2025-03-06T06:54:01.769Z</time></trkpt><trkpt lat="42.922613" lon="-8.186996"><ele>345.410</ele><time>2025-03-06T06:54:05.772Z</time></trkpt><trkpt lat="42.922642" lon="-8.187046"><ele>345.575</ele><time>2025-03-06T06:54:10.767Z</time></trkpt><trkpt lat="42.922668" lon="-8.187104"><ele>345.834</ele><time>2025-03-06T06:54:15.763Z</time></trkpt><trkpt lat="42.922693" lon="-8.187172"><ele>346.364</ele><time>2025-03-06T06:54:20.783Z</time></trkpt><trkpt lat="42.922719" lon="-8.187235"><ele>346.914</ele><time>2025-03-06T06:54:26.779Z</time></trkpt><trkpt lat="42.922746" lon="-8.187290"><ele>347.383</ele><time>2025-03-06T06:54:31.759Z</time></trkpt><trkpt lat="42.922766" lon="-8.187363"><ele>348.089</ele><time>2025-03-06T06:54:36.750Z</time></trkpt><trkpt lat="42.922761" lon="-8.187425"><ele>348.406</ele><time>2025-03-06T06:54:45.771Z</time></trkpt><trkpt lat="42.922771" lon="-8.187489"><ele>348.926</ele><time>2025-03-06T06:54:50.776Z</time></trkpt><trkpt lat="42.922784" lon="-8.187557"><ele>349.409</ele><time>2025-03-06T06:54:55.767Z</time></trkpt><trkpt lat="42.922785" lon="-8.187621"><ele>349.930</ele><time>2025-03-06T06:55:00.758Z</time></trkpt><trkpt lat="42.922794" lon="-8.187696"><ele>350.568</ele><time>2025-03-06T06:55:06.751Z</time></trkpt><trkpt lat="42.922804" lon="-8.187759"><ele>351.091</ele><time>2025-03-06T06:55:11.770Z</time></trkpt><trkpt lat="42.922816" lon="-8.187826"><ele>351.827</ele><time>2025-03-06T06:55:17.767Z</time></trkpt><trkpt lat="42.922840" lon="-8.187880"><ele>352.582</ele><time>2025-03-06T06:55:22.764Z</time></trkpt><trkpt lat="42.922880" lon="-8.187910"><ele>353.081</ele><time>2025-03-06T06:55:28.755Z</time></trkpt><trkpt lat="42.922932" lon="-8.187938"><ele>353.521</ele><time>2025-03-06T06:55:35.781Z</time></trkpt><trkpt lat="42.922973" lon="-8.187978"><ele>354.131</ele><time>2025-03-06T06:55:41.762Z</time></trkpt><trkpt lat="42.923011" lon="-8.188015"><ele>354.570</ele><time>2025-03-06T06:55:45.764Z</time></trkpt><trkpt lat="42.923054" lon="-8.188047"><ele>354.937</ele><time>2025-03-06T06:55:50.767Z</time></trkpt><trkpt lat="42.923085" lon="-8.188098"><ele>355.349</ele><time>2025-03-06T06:55:55.766Z</time></trkpt><trkpt lat="42.923095" lon="-8.188163"><ele>355.613</ele><time>2025-03-06T06:56:10.754Z</time></trkpt><trkpt lat="42.923129" lon="-8.188224"><ele>356.009</ele><time>2025-03-06T06:56:15.768Z</time></trkpt><trkpt lat="42.923138" lon="-8.188294"><ele>356.225</ele><time>2025-03-06T06:56:20.759Z</time></trkpt><trkpt lat="42.923121" lon="-8.188353"><ele>356.473</ele><time>2025-03-06T06:56:26.787Z</time></trkpt><trkpt lat="42.923081" lon="-8.188394"><ele>356.556</ele><time>2025-03-06T06:56:32.780Z</time></trkpt><trkpt lat="42.923041" lon="-8.188434"><ele>356.782</ele><time>2025-03-06T06:56:39.773Z</time></trkpt><trkpt lat="42.923014" lon="-8.188486"><ele>357.057</ele><time>2025-03-06T06:56:46.790Z</time></trkpt><trkpt lat="42.923034" lon="-8.188555"><ele>357.586</ele><time>2025-03-06T06:56:51.759Z</time></trkpt><trkpt lat="42.923066" lon="-8.188601"><ele>358.046</ele><time>2025-03-06T06:56:54.768Z</time></trkpt><trkpt lat="42.923102" lon="-8.188644"><ele>358.886</ele><time>2025-03-06T06:56:58.761Z</time></trkpt><trkpt lat="42.923138" lon="-8.188680"><ele>359.545</ele><time>2025-03-06T06:57:02.765Z</time></trkpt><trkpt lat="42.923181" lon="-8.188714"><ele>360.234</ele><time>2025-03-06T06:57:07.771Z</time></trkpt><trkpt lat="42.923230" lon="-8.188724"><ele>360.655</ele><time>2025-03-06T06:57:13.752Z</time></trkpt><trkpt lat="42.923283" lon="-8.188733"><ele>361.010</ele><time>2025-03-06T06:57:20.758Z</time></trkpt><trkpt lat="42.923333" lon="-8.188747"><ele>361.509</ele><time>2025-03-06T06:57:25.748Z</time></trkpt><trkpt lat="42.923374" lon="-8.188774"><ele>361.735</ele><time>2025-03-06T06:57:31.763Z</time></trkpt><trkpt lat="42.923425" lon="-8.188793"><ele>361.933</ele><time>2025-03-06T06:57:37.764Z</time></trkpt><trkpt lat="42.923471" lon="-8.188813"><ele>362.076</ele><time>2025-03-06T06:57:42.764Z</time></trkpt><trkpt lat="42.923522" lon="-8.188831"><ele>362.092</ele><time>2025-03-06T06:57:48.983Z</time></trkpt><trkpt lat="42.923575" lon="-8.188853"><ele>362.087</ele><time>2025-03-06T06:57:53.771Z</time></trkpt><trkpt lat="42.923612" lon="-8.188889"><ele>362.076</ele><time>2025-03-06T06:57:59.775Z</time></trkpt><trkpt lat="42.923672" lon="-8.188914"><ele>362.166</ele><time>2025-03-06T06:58:04.715Z</time></trkpt><trkpt lat="42.923723" lon="-8.188936"><ele>362.226</ele><time>2025-03-06T06:58:09.780Z</time></trkpt><trkpt lat="42.923776" lon="-8.188948"><ele>362.255</ele><time>2025-03-06T06:58:14.760Z</time></trkpt><trkpt lat="42.923819" lon="-8.188967"><ele>362.383</ele><time>2025-03-06T06:58:19.751Z</time></trkpt><trkpt lat="42.923859" lon="-8.188994"><ele>362.425</ele><time>2025-03-06T06:58:30.758Z</time></trkpt><trkpt lat="42.923907" lon="-8.189005"><ele>362.517</ele><time>2025-03-06T06:58:34.760Z</time></trkpt><trkpt lat="42.923959" lon="-8.189028"><ele>362.809</ele><time>2025-03-06T06:58:38.766Z</time></trkpt><trkpt lat="42.924002" lon="-8.189050"><ele>363.090</ele><time>2025-03-06T06:58:42.756Z</time></trkpt><trkpt lat="42.924047" lon="-8.189075"><ele>363.218</ele><time>2025-03-06T06:58:46.765Z</time></trkpt><trkpt lat="42.924091" lon="-8.189099"><ele>363.571</ele><time>2025-03-06T06:58:51.770Z</time></trkpt><trkpt lat="42.924146" lon="-8.189125"><ele>363.887</ele><time>2025-03-06T06:58:56.755Z</time></trkpt><trkpt lat="42.924189" lon="-8.189145"><ele>363.992</ele><time>2025-03-06T06:59:01.757Z</time></trkpt><trkpt lat="42.924236" lon="-8.189157"><ele>364.081</ele><time>2025-03-06T06:59:05.772Z</time></trkpt><trkpt lat="42.924278" lon="-8.189180"><ele>364.121</ele><time>2025-03-06T06:59:10.768Z</time></trkpt><trkpt lat="42.924324" lon="-8.189202"><ele>364.261</ele><time>2025-03-06T06:59:15.772Z</time></trkpt><trkpt lat="42.924368" lon="-8.189217"><ele>364.330</ele><time>2025-03-06T06:59:20.767Z</time></trkpt><trkpt lat="42.924412" lon="-8.189233"><ele>364.594</ele><time>2025-03-06T06:59:26.760Z</time></trkpt><trkpt lat="42.924456" lon="-8.189260"><ele>364.757</ele><time>2025-03-06T06:59:32.766Z</time></trkpt><trkpt lat="42.924504" lon="-8.189285"><ele>364.922</ele><time>2025-03-06T06:59:37.764Z</time></trkpt><trkpt lat="42.924550" lon="-8.189309"><ele>365.009</ele><time>2025-03-06T06:59:42.772Z</time></trkpt><trkpt lat="42.924595" lon="-8.189336"><ele>365.211</ele><time>2025-03-06T06:59:48.760Z</time></trkpt><trkpt lat="42.924638" lon="-8.189357"><ele>365.469</ele><time>2025-03-06T06:59:52.766Z</time></trkpt><trkpt lat="42.924688" lon="-8.189372"><ele>365.522</ele><time>2025-03-06T06:59:57.780Z</time></trkpt><trkpt lat="42.924734" lon="-8.189393"><ele>365.658</ele><time>2025-03-06T07:00:02.776Z</time></trkpt><trkpt lat="42.924778" lon="-8.189418"><ele>365.873</ele><time>2025-03-06T07:00:08.774Z</time></trkpt><trkpt lat="42.924826" lon="-8.189433"><ele>365.912</ele><time>2025-03-06T07:00:12.765Z</time></trkpt><trkpt lat="42.924875" lon="-8.189461"><ele>366.132</ele><time>2025-03-06T07:00:18.777Z</time></trkpt><trkpt lat="42.924930" lon="-8.189484"><ele>366.222</ele><time>2025-03-06T07:00:24.774Z</time></trkpt><trkpt lat="42.924974" lon="-8.189500"><ele>366.261</ele><time>2025-03-06T07:00:29.776Z</time></trkpt><trkpt lat="42.925023" lon="-8.189517"><ele>366.217</ele><time>2025-03-06T07:00:34.768Z</time></trkpt><trkpt lat="42.925064" lon="-8.189544"><ele>366.187</ele><time>2025-03-06T07:00:38.767Z</time></trkpt><trkpt lat="42.925111" lon="-8.189563"><ele>366.015</ele><time>2025-03-06T07:00:44.775Z</time></trkpt><trkpt lat="42.925158" lon="-8.189571"><ele>365.909</ele><time>2025-03-06T07:00:48.765Z</time></trkpt><trkpt lat="42.925202" lon="-8.189583"><ele>365.853</ele><time>2025-03-06T07:00:53.767Z</time></trkpt><trkpt lat="42.925247" lon="-8.189615"><ele>365.761</ele><time>2025-03-06T07:00:58.761Z</time></trkpt><trkpt lat="42.925301" lon="-8.189623"><ele>365.784</ele><time>2025-03-06T07:01:03.788Z</time></trkpt><trkpt lat="42.925345" lon="-8.189639"><ele>365.980</ele><time>2025-03-06T07:01:09.771Z</time></trkpt><trkpt lat="42.925388" lon="-8.189661"><ele>366.145</ele><time>2025-03-06T07:01:16.979Z</time></trkpt><trkpt lat="42.925434" lon="-8.189678"><ele>366.314</ele><time>2025-03-06T07:01:20.750Z</time></trkpt><trkpt lat="42.925476" lon="-8.189713"><ele>366.724</ele><time>2025-03-06T07:01:25.770Z</time></trkpt><trkpt lat="42.925520" lon="-8.189730"><ele>366.974</ele><time>2025-03-06T07:01:29.775Z</time></trkpt><trkpt lat="42.925565" lon="-8.189756"><ele>367.193</ele><time>2025-03-06T07:01:33.764Z</time></trkpt><trkpt lat="42.925611" lon="-8.189780"><ele>367.336</ele><time>2025-03-06T07:01:38.758Z</time></trkpt><trkpt lat="42.925656" lon="-8.189796"><ele>367.417</ele><time>2025-03-06T07:01:42.766Z</time></trkpt><trkpt lat="42.925707" lon="-8.189828"><ele>367.618</ele><time>2025-03-06T07:01:47.971Z</time></trkpt><trkpt lat="42.925753" lon="-8.189853"><ele>367.809</ele><time>2025-03-06T07:01:52.766Z</time></trkpt><trkpt lat="42.925800" lon="-8.189878"><ele>368.155</ele><time>2025-03-06T07:01:57.766Z</time></trkpt><trkpt lat="42.925847" lon="-8.189898"><ele>368.243</ele><time>2025-03-06T07:02:01.770Z</time></trkpt><trkpt lat="42.925889" lon="-8.189921"><ele>368.356</ele><time>2025-03-06T07:02:05.752Z</time></trkpt><trkpt lat="42.925940" lon="-8.189942"><ele>368.362</ele><time>2025-03-06T07:02:10.765Z</time></trkpt><trkpt lat="42.925984" lon="-8.189967"><ele>368.387</ele><time>2025-03-06T07:02:15.758Z</time></trkpt><trkpt lat="42.926027" lon="-8.189989"><ele>368.376</ele><time>2025-03-06T07:02:19.769Z</time></trkpt><trkpt lat="42.926063" lon="-8.190027"><ele>368.496</ele><time>2025-03-06T07:02:24.756Z</time></trkpt><trkpt lat="42.926098" lon="-8.190075"><ele>368.686</ele><time>2025-03-06T07:02:29.764Z</time></trkpt><trkpt lat="42.926134" lon="-8.190118"><ele>368.865</ele><time>2025-03-06T07:02:33.765Z</time></trkpt><trkpt lat="42.926147" lon="-8.190183"><ele>369.227</ele><time>2025-03-06T07:02:38.772Z</time></trkpt><trkpt lat="42.926162" lon="-8.190246"><ele>369.668</ele><time>2025-03-06T07:02:44.765Z</time></trkpt><trkpt lat="42.926163" lon="-8.190322"><ele>370.014</ele><time>2025-03-06T07:02:49.730Z</time></trkpt><trkpt lat="42.926174" lon="-8.190401"><ele>370.209</ele><time>2025-03-06T07:02:53.721Z</time></trkpt><trkpt lat="42.926183" lon="-8.190463"><ele>370.414</ele><time>2025-03-06T07:02:57.745Z</time></trkpt><trkpt lat="42.926184" lon="-8.190525"><ele>370.682</ele><time>2025-03-06T07:03:01.761Z</time></trkpt><trkpt lat="42.926194" lon="-8.190592"><ele>370.855</ele><time>2025-03-06T07:03:06.750Z</time></trkpt><trkpt lat="42.926185" lon="-8.190667"><ele>371.021</ele><time>2025-03-06T07:03:12.735Z</time></trkpt><trkpt lat="42.926170" lon="-8.190730"><ele>371.346</ele><time>2025-03-06T07:03:18.770Z</time></trkpt><trkpt lat="42.926162" lon="-8.190801"><ele>371.535</ele><time>2025-03-06T07:03:24.756Z</time></trkpt><trkpt lat="42.926156" lon="-8.190870"><ele>371.895</ele><time>2025-03-06T07:03:29.775Z</time></trkpt><trkpt lat="42.926153" lon="-8.190947"><ele>372.135</ele><time>2025-03-06T07:03:35.783Z</time></trkpt><trkpt lat="42.926162" lon="-8.191015"><ele>372.334</ele><time>2025-03-06T07:03:39.756Z</time></trkpt><trkpt lat="42.926163" lon="-8.191084"><ele>372.585</ele><time>2025-03-06T07:03:43.766Z</time></trkpt><trkpt lat="42.926158" lon="-8.191159"><ele>373.089</ele><time>2025-03-06T07:03:48.764Z</time></trkpt><trkpt lat="42.926156" lon="-8.191222"><ele>373.517</ele><time>2025-03-06T07:03:53.752Z</time></trkpt><trkpt lat="42.926154" lon="-8.191284"><ele>373.909</ele><time>2025-03-06T07:03:58.769Z</time></trkpt><trkpt lat="42.926153" lon="-8.191351"><ele>374.470</ele><time>2025-03-06T07:04:03.768Z</time></trkpt><trkpt lat="42.926156" lon="-8.191438"><ele>374.918</ele><time>2025-03-06T07:04:08.766Z</time></trkpt><trkpt lat="42.926156" lon="-8.191514"><ele>375.221</ele><time>2025-03-06T07:04:13.721Z</time></trkpt><trkpt lat="42.926157" lon="-8.191604"><ele>375.667</ele><time>2025-03-06T07:04:20.752Z</time></trkpt><trkpt lat="42.926166" lon="-8.191674"><ele>375.842</ele><time>2025-03-06T07:04:24.775Z</time></trkpt><trkpt lat="42.926156" lon="-8.191738"><ele>376.231</ele><time>2025-03-06T07:04:29.960Z</time></trkpt><trkpt lat="42.926154" lon="-8.191803"><ele>376.581</ele><time>2025-03-06T07:04:34.762Z</time></trkpt><trkpt lat="42.926144" lon="-8.191868"><ele>376.841</ele><time>2025-03-06T07:04:39.762Z</time></trkpt><trkpt lat="42.926148" lon="-8.191934"><ele>377.120</ele><time>2025-03-06T07:04:43.764Z</time></trkpt><trkpt lat="42.926154" lon="-8.191996"><ele>377.524</ele><time>2025-03-06T07:04:47.760Z</time></trkpt><trkpt lat="42.926150" lon="-8.192066"><ele>378.004</ele><time>2025-03-06T07:04:52.763Z</time></trkpt><trkpt lat="42.926151" lon="-8.192132"><ele>378.514</ele><time>2025-03-06T07:04:57.763Z</time></trkpt><trkpt lat="42.926146" lon="-8.192203"><ele>379.009</ele><time>2025-03-06T07:05:02.769Z</time></trkpt><trkpt lat="42.926144" lon="-8.192268"><ele>379.454</ele><time>2025-03-06T07:05:06.750Z</time></trkpt><trkpt lat="42.926131" lon="-8.192337"><ele>379.942</ele><time>2025-03-06T07:05:11.760Z</time></trkpt><trkpt lat="42.926136" lon="-8.192398"><ele>380.425</ele><time>2025-03-06T07:05:15.769Z</time></trkpt><trkpt lat="42.926137" lon="-8.192460"><ele>380.881</ele><time>2025-03-06T07:05:20.757Z</time></trkpt><trkpt lat="42.926134" lon="-8.192530"><ele>381.316</ele><time>2025-03-06T07:05:25.761Z</time></trkpt><trkpt lat="42.926137" lon="-8.192599"><ele>381.835</ele><time>2025-03-06T07:05:29.778Z</time></trkpt><trkpt lat="42.926140" lon="-8.192671"><ele>382.325</ele><time>2025-03-06T07:05:34.764Z</time></trkpt><trkpt lat="42.926133" lon="-8.192738"><ele>382.745</ele><time>2025-03-06T07:05:39.762Z</time></trkpt><trkpt lat="42.926131" lon="-8.192805"><ele>383.144</ele><time>2025-03-06T07:05:44.763Z</time></trkpt><trkpt lat="42.926135" lon="-8.192868"><ele>383.329</ele><time>2025-03-06T07:05:48.748Z</time></trkpt><trkpt lat="42.926138" lon="-8.192938"><ele>383.600</ele><time>2025-03-06T07:05:53.765Z</time></trkpt><trkpt lat="42.926153" lon="-8.193005"><ele>383.820</ele><time>2025-03-06T07:05:59.762Z</time></trkpt><trkpt lat="42.926177" lon="-8.193074"><ele>384.009</ele><time>2025-03-06T07:06:04.747Z</time></trkpt><trkpt lat="42.926194" lon="-8.193152"><ele>384.024</ele><time>2025-03-06T07:06:09.745Z</time></trkpt><trkpt lat="42.926206" lon="-8.193216"><ele>384.022</ele><time>2025-03-06T07:06:14.737Z</time></trkpt><trkpt lat="42.926229" lon="-8.193274"><ele>384.075</ele><time>2025-03-06T07:06:19.768Z</time></trkpt><trkpt lat="42.926262" lon="-8.193342"><ele>384.021</ele><time>2025-03-06T07:06:24.773Z</time></trkpt><trkpt lat="42.926285" lon="-8.193401"><ele>384.296</ele><time>2025-03-06T07:06:29.770Z</time></trkpt><trkpt lat="42.926302" lon="-8.193465"><ele>384.375</ele><time>2025-03-06T07:06:34.753Z</time></trkpt><trkpt lat="42.926328" lon="-8.193528"><ele>384.585</ele><time>2025-03-06T07:06:38.775Z</time></trkpt><trkpt lat="42.926340" lon="-8.193596"><ele>384.855</ele><time>2025-03-06T07:06:43.763Z</time></trkpt><trkpt lat="42.926351" lon="-8.193667"><ele>384.934</ele><time>2025-03-06T07:06:48.760Z</time></trkpt><trkpt lat="42.926369" lon="-8.193738"><ele>384.987</ele><time>2025-03-06T07:06:53.758Z</time></trkpt><trkpt lat="42.926385" lon="-8.193796"><ele>385.042</ele><time>2025-03-06T07:06:58.771Z</time></trkpt><trkpt lat="42.926411" lon="-8.193853"><ele>385.026</ele><time>2025-03-06T07:07:02.979Z</time></trkpt><trkpt lat="42.926425" lon="-8.193924"><ele>385.109</ele><time>2025-03-06T07:07:07.773Z</time></trkpt><trkpt lat="42.926446" lon="-8.193989"><ele>385.410</ele><time>2025-03-06T07:07:12.999Z</time></trkpt><trkpt lat="42.926470" lon="-8.194047"><ele>385.638</ele><time>2025-03-06T07:07:16.767Z</time></trkpt><trkpt lat="42.926483" lon="-8.194119"><ele>385.871</ele><time>2025-03-06T07:07:21.775Z</time></trkpt><trkpt lat="42.926500" lon="-8.194185"><ele>386.057</ele><time>2025-03-06T07:07:26.768Z</time></trkpt><trkpt lat="42.926510" lon="-8.194246"><ele>386.032</ele><time>2025-03-06T07:07:31.776Z</time></trkpt><trkpt lat="42.926519" lon="-8.194318"><ele>386.051</ele><time>2025-03-06T07:07:36.732Z</time></trkpt><trkpt lat="42.926528" lon="-8.194384"><ele>386.051</ele><time>2025-03-06T07:07:40.761Z</time></trkpt><trkpt lat="42.926542" lon="-8.194462"><ele>386.161</ele><time>2025-03-06T07:07:45.768Z</time></trkpt><trkpt lat="42.926552" lon="-8.194525"><ele>386.240</ele><time>2025-03-06T07:07:50.760Z</time></trkpt><trkpt lat="42.926555" lon="-8.194603"><ele>386.275</ele><time>2025-03-06T07:07:55.772Z</time></trkpt><trkpt lat="42.926561" lon="-8.194666"><ele>386.228</ele><time>2025-03-06T07:08:00.767Z</time></trkpt><trkpt lat="42.926569" lon="-8.194733"><ele>386.320</ele><time>2025-03-06T07:08:05.774Z</time></trkpt><trkpt lat="42.926585" lon="-8.194818"><ele>386.809</ele><time>2025-03-06T07:08:11.773Z</time></trkpt><trkpt lat="42.926604" lon="-8.194886"><ele>387.189</ele><time>2025-03-06T07:08:16.768Z</time></trkpt><trkpt lat="42.926638" lon="-8.194950"><ele>387.667</ele><time>2025-03-06T07:08:21.773Z</time></trkpt><trkpt lat="42.926661" lon="-8.195013"><ele>388.060</ele><time>2025-03-06T07:08:26.756Z</time></trkpt><trkpt lat="42.926679" lon="-8.195087"><ele>388.466</ele><time>2025-03-06T07:08:33.758Z</time></trkpt><trkpt lat="42.926676" lon="-8.195154"><ele>388.661</ele><time>2025-03-06T07:08:38.746Z</time></trkpt><trkpt lat="42.926668" lon="-8.195218"><ele>388.880</ele><time>2025-03-06T07:08:42.764Z</time></trkpt><trkpt lat="42.926657" lon="-8.195287"><ele>389.040</ele><time>2025-03-06T07:08:47.733Z</time></trkpt><trkpt lat="42.926653" lon="-8.195358"><ele>389.240</ele><time>2025-03-06T07:08:52.767Z</time></trkpt><trkpt lat="42.926643" lon="-8.195423"><ele>389.319</ele><time>2025-03-06T07:08:57.769Z</time></trkpt><trkpt lat="42.926638" lon="-8.195488"><ele>389.585</ele><time>2025-03-06T07:09:02.771Z</time></trkpt><trkpt lat="42.926626" lon="-8.195547"><ele>389.589</ele><time>2025-03-06T07:09:06.775Z</time></trkpt><trkpt lat="42.926608" lon="-8.195607"><ele>389.617</ele><time>2025-03-06T07:09:11.773Z</time></trkpt><trkpt lat="42.926593" lon="-8.195678"><ele>389.609</ele><time>2025-03-06T07:09:16.761Z</time></trkpt><trkpt lat="42.926593" lon="-8.195743"><ele>389.920</ele><time>2025-03-06T07:09:21.752Z</time></trkpt><trkpt lat="42.926587" lon="-8.195811"><ele>390.118</ele><time>2025-03-06T07:09:26.712Z</time></trkpt><trkpt lat="42.926588" lon="-8.195878"><ele>390.411</ele><time>2025-03-06T07:09:31.769Z</time></trkpt><trkpt lat="42.926563" lon="-8.195945"><ele>390.437</ele><time>2025-03-06T07:09:37.727Z</time></trkpt><trkpt lat="42.926527" lon="-8.195997"><ele>390.432</ele><time>2025-03-06T07:09:43.767Z</time></trkpt><trkpt lat="42.926507" lon="-8.196054"><ele>390.591</ele><time>2025-03-06T07:09:47.739Z</time></trkpt><trkpt lat="42.926475" lon="-8.196107"><ele>390.621</ele><time>2025-03-06T07:09:52.766Z</time></trkpt><trkpt lat="42.926432" lon="-8.196153"><ele>390.421</ele><time>2025-03-06T07:09:57.763Z</time></trkpt><trkpt lat="42.926402" lon="-8.196201"><ele>390.430</ele><time>2025-03-06T07:10:01.775Z</time></trkpt><trkpt lat="42.926368" lon="-8.196252"><ele>390.314</ele><time>2025-03-06T07:10:06.758Z</time></trkpt><trkpt lat="42.926347" lon="-8.196306"><ele>390.354</ele><time>2025-03-06T07:10:11.762Z</time></trkpt><trkpt lat="42.926311" lon="-8.196353"><ele>390.209</ele><time>2025-03-06T07:10:17.778Z</time></trkpt><trkpt lat="42.926290" lon="-8.196410"><ele>390.209</ele><time>2025-03-06T07:10:21.757Z</time></trkpt><trkpt lat="42.926269" lon="-8.196473"><ele>390.053</ele><time>2025-03-06T07:10:25.772Z</time></trkpt><trkpt lat="42.926244" lon="-8.196526"><ele>389.711</ele><time>2025-03-06T07:10:30.770Z</time></trkpt><trkpt lat="42.926213" lon="-8.196571"><ele>389.524</ele><time>2025-03-06T07:10:35.763Z</time></trkpt><trkpt lat="42.926191" lon="-8.196640"><ele>389.340</ele><time>2025-03-06T07:10:41.765Z</time></trkpt><trkpt lat="42.926168" lon="-8.196693"><ele>389.245</ele><time>2025-03-06T07:10:45.778Z</time></trkpt><trkpt lat="42.926139" lon="-8.196741"><ele>389.044</ele><time>2025-03-06T07:10:49.786Z</time></trkpt><trkpt lat="42.926119" lon="-8.196796"><ele>389.084</ele><time>2025-03-06T07:10:53.773Z</time></trkpt><trkpt lat="42.926086" lon="-8.196843"><ele>389.044</ele><time>2025-03-06T07:10:57.764Z</time></trkpt><trkpt lat="42.926062" lon="-8.196903"><ele>389.163</ele><time>2025-03-06T07:11:03.756Z</time></trkpt><trkpt lat="42.926047" lon="-8.196971"><ele>389.291</ele><time>2025-03-06T07:11:08.762Z</time></trkpt><trkpt lat="42.926026" lon="-8.197034"><ele>389.281</ele><time>2025-03-06T07:11:14.979Z</time></trkpt><trkpt lat="42.926000" lon="-8.197090"><ele>389.319</ele><time>2025-03-06T07:11:20.764Z</time></trkpt><trkpt lat="42.925983" lon="-8.197159"><ele>389.409</ele><time>2025-03-06T07:11:27.765Z</time></trkpt><trkpt lat="42.925960" lon="-8.197219"><ele>389.621</ele><time>2025-03-06T07:11:35.758Z</time></trkpt><trkpt lat="42.925927" lon="-8.197274"><ele>389.649</ele><time>2025-03-06T07:11:41.759Z</time></trkpt><trkpt lat="42.925898" lon="-8.197336"><ele>389.482</ele><time>2025-03-06T07:11:47.749Z</time></trkpt><trkpt lat="42.925880" lon="-8.197396"><ele>389.168</ele><time>2025-03-06T07:11:52.760Z</time></trkpt><trkpt lat="42.925880" lon="-8.197462"><ele>388.683</ele><time>2025-03-06T07:11:58.769Z</time></trkpt><trkpt lat="42.925855" lon="-8.197521"><ele>388.522</ele><time>2025-03-06T07:12:04.763Z</time></trkpt><trkpt lat="42.925818" lon="-8.197567"><ele>388.332</ele><time>2025-03-06T07:12:08.764Z</time></trkpt><trkpt lat="42.925794" lon="-8.197628"><ele>387.752</ele><time>2025-03-06T07:12:13.756Z</time></trkpt><trkpt lat="42.925782" lon="-8.197692"><ele>387.171</ele><time>2025-03-06T07:12:19.747Z</time></trkpt><trkpt lat="42.925767" lon="-8.197751"><ele>386.596</ele><time>2025-03-06T07:12:24.775Z</time></trkpt><trkpt lat="42.925756" lon="-8.197812"><ele>385.931</ele><time>2025-03-06T07:12:30.770Z</time></trkpt><trkpt lat="42.925781" lon="-8.197883"><ele>385.124</ele><time>2025-03-06T07:12:35.780Z</time></trkpt><trkpt lat="42.925832" lon="-8.197927"><ele>384.409</ele><time>2025-03-06T07:13:02.766Z</time></trkpt><trkpt lat="42.925869" lon="-8.197980"><ele>383.571</ele><time>2025-03-06T07:13:07.769Z</time></trkpt><trkpt lat="42.925901" lon="-8.198037"><ele>382.769</ele><time>2025-03-06T07:13:12.749Z</time></trkpt><trkpt lat="42.925937" lon="-8.198085"><ele>382.062</ele><time>2025-03-06T07:13:17.755Z</time></trkpt><trkpt lat="42.925986" lon="-8.198142"><ele>381.378</ele><time>2025-03-06T07:13:27.768Z</time></trkpt><trkpt lat="42.926023" lon="-8.198182"><ele>380.753</ele><time>2025-03-06T07:13:34.756Z</time></trkpt><trkpt lat="42.926057" lon="-8.198227"><ele>380.242</ele><time>2025-03-06T07:13:41.756Z</time></trkpt><trkpt lat="42.926093" lon="-8.198277"><ele>379.552</ele><time>2025-03-06T07:13:49.759Z</time></trkpt><trkpt lat="42.926125" lon="-8.198323"><ele>378.972</ele><time>2025-03-06T07:13:55.759Z</time></trkpt><trkpt lat="42.926169" lon="-8.198364"><ele>377.911</ele><time>2025-03-06T07:14:02.764Z</time></trkpt><trkpt lat="42.926211" lon="-8.198420"><ele>376.854</ele><time>2025-03-06T07:14:09.778Z</time></trkpt><trkpt lat="42.926251" lon="-8.198481"><ele>375.756</ele><time>2025-03-06T07:14:19.761Z</time></trkpt><trkpt lat="42.926306" lon="-8.198517"><ele>374.411</ele><time>2025-03-06T07:14:25.764Z</time></trkpt><trkpt lat="42.926343" lon="-8.198569"><ele>373.309</ele><time>2025-03-06T07:14:31.760Z</time></trkpt><trkpt lat="42.926365" lon="-8.198624"><ele>372.227</ele><time>2025-03-06T07:14:35.754Z</time></trkpt><trkpt lat="42.926398" lon="-8.198672"><ele>370.845</ele><time>2025-03-06T07:14:40.770Z</time></trkpt><trkpt lat="42.926458" lon="-8.198725"><ele>369.468</ele><time>2025-03-06T07:14:52.764Z</time></trkpt><trkpt lat="42.926492" lon="-8.198766"><ele>368.564</ele><time>2025-03-06T07:14:57.747Z</time></trkpt><trkpt lat="42.926524" lon="-8.198827"><ele>367.469</ele><time>2025-03-06T07:15:03.772Z</time></trkpt><trkpt lat="42.926554" lon="-8.198882"><ele>366.548</ele><time>2025-03-06T07:15:10.766Z</time></trkpt><trkpt lat="42.926617" lon="-8.198952"><ele>365.088</ele><time>2025-03-06T07:15:20.765Z</time></trkpt><trkpt lat="42.926650" lon="-8.198998"><ele>364.158</ele><time>2025-03-06T07:15:25.759Z</time></trkpt><trkpt lat="42.926692" lon="-8.199046"><ele>363.497</ele><time>2025-03-06T07:15:32.758Z</time></trkpt><trkpt lat="42.926730" lon="-8.199082"><ele>363.153</ele><time>2025-03-06T07:15:36.747Z</time></trkpt><trkpt lat="42.926768" lon="-8.199119"><ele>362.804</ele><time>2025-03-06T07:15:42.764Z</time></trkpt><trkpt lat="42.926806" lon="-8.199174"><ele>362.414</ele><time>2025-03-06T07:15:48.768Z</time></trkpt><trkpt lat="42.926826" lon="-8.199231"><ele>361.809</ele><time>2025-03-06T07:15:54.766Z</time></trkpt><trkpt lat="42.926860" lon="-8.199271"><ele>361.627</ele><time>2025-03-06T07:15:58.750Z</time></trkpt><trkpt lat="42.926895" lon="-8.199314"><ele>361.325</ele><time>2025-03-06T07:16:02.765Z</time></trkpt><trkpt lat="42.926927" lon="-8.199358"><ele>361.118</ele><time>2025-03-06T07:16:06.758Z</time></trkpt><trkpt lat="42.926963" lon="-8.199398"><ele>360.944</ele><time>2025-03-06T07:16:11.760Z</time></trkpt><trkpt lat="42.926999" lon="-8.199442"><ele>360.649</ele><time>2025-03-06T07:16:16.762Z</time></trkpt><trkpt lat="42.927033" lon="-8.199488"><ele>360.488</ele><time>2025-03-06T07:16:22.768Z</time></trkpt><trkpt lat="42.927057" lon="-8.199541"><ele>360.088</ele><time>2025-03-06T07:16:29.766Z</time></trkpt><trkpt lat="42.927088" lon="-8.199599"><ele>359.658</ele><time>2025-03-06T07:16:34.756Z</time></trkpt><trkpt lat="42.927125" lon="-8.199648"><ele>359.387</ele><time>2025-03-06T07:16:39.775Z</time></trkpt><trkpt lat="42.927154" lon="-8.199704"><ele>358.824</ele><time>2025-03-06T07:16:47.773Z</time></trkpt><trkpt lat="42.927183" lon="-8.199751"><ele>358.204</ele><time>2025-03-06T07:17:05.744Z</time></trkpt><trkpt lat="42.927189" lon="-8.199824"><ele>357.014</ele><time>2025-03-06T07:17:10.932Z</time></trkpt><trkpt lat="42.927194" lon="-8.199889"><ele>355.909</ele><time>2025-03-06T07:17:15.771Z</time></trkpt><trkpt lat="42.927216" lon="-8.199948"><ele>354.974</ele><time>2025-03-06T07:17:19.757Z</time></trkpt><trkpt lat="42.927220" lon="-8.200010"><ele>353.992</ele><time>2025-03-06T07:17:23.779Z</time></trkpt><trkpt lat="42.927249" lon="-8.200066"><ele>353.775</ele><time>2025-03-06T07:17:28.754Z</time></trkpt><trkpt lat="42.927272" lon="-8.200120"><ele>353.521</ele><time>2025-03-06T07:17:32.756Z</time></trkpt><trkpt lat="42.927306" lon="-8.200173"><ele>353.436</ele><time>2025-03-06T07:17:38.765Z</time></trkpt><trkpt lat="42.927330" lon="-8.200229"><ele>353.175</ele><time>2025-03-06T07:17:45.771Z</time></trkpt><trkpt lat="42.927351" lon="-8.200293"><ele>353.055</ele><time>2025-03-06T07:17:51.949Z</time></trkpt><trkpt lat="42.927372" lon="-8.200362"><ele>353.545</ele><time>2025-03-06T07:17:56.766Z</time></trkpt><trkpt lat="42.927406" lon="-8.200422"><ele>354.034</ele><time>2025-03-06T07:18:01.775Z</time></trkpt><trkpt lat="42.927427" lon="-8.200487"><ele>354.492</ele><time>2025-03-06T07:18:05.761Z</time></trkpt><trkpt lat="42.927449" lon="-8.200552"><ele>354.873</ele><time>2025-03-06T07:18:10.778Z</time></trkpt><trkpt lat="42.927472" lon="-8.200607"><ele>355.320</ele><time>2025-03-06T07:18:15.770Z</time></trkpt><trkpt lat="42.927490" lon="-8.200678"><ele>355.909</ele><time>2025-03-06T07:18:20.767Z</time></trkpt><trkpt lat="42.927520" lon="-8.200732"><ele>356.411</ele><time>2025-03-06T07:18:26.768Z</time></trkpt><trkpt lat="42.927555" lon="-8.200782"><ele>356.989</ele><time>2025-03-06T07:18:31.769Z</time></trkpt><trkpt lat="42.927584" lon="-8.200844"><ele>357.492</ele><time>2025-03-06T07:18:38.751Z</time></trkpt><trkpt lat="42.927626" lon="-8.200893"><ele>358.028</ele><time>2025-03-06T07:18:45.781Z</time></trkpt><trkpt lat="42.927635" lon="-8.200988"><ele>358.953</ele><time>2025-03-06T07:18:55.765Z</time></trkpt><trkpt lat="42.927680" lon="-8.200981"><ele>358.922</ele><time>2025-03-06T07:19:54.764Z</time></trkpt><trkpt lat="42.927717" lon="-8.200944"><ele>358.762</ele><time>2025-03-06T07:26:56.731Z</time></trkpt><trkpt lat="42.927682" lon="-8.201013"><ele>359.262</ele><time>2025-03-06T07:28:45.742Z</time></trkpt><trkpt lat="42.927721" lon="-8.200958"><ele>358.851</ele><time>2025-03-06T07:32:29.750Z</time></trkpt><trkpt lat="42.927713" lon="-8.200894"><ele>358.372</ele><time>2025-03-06T07:32:37.760Z</time></trkpt><trkpt lat="42.927673" lon="-8.200937"><ele>358.513</ele><time>2025-03-06T07:32:53.761Z</time></trkpt><trkpt lat="42.927642" lon="-8.200986"><ele>358.914</ele><time>2025-03-06T07:32:58.771Z</time></trkpt><trkpt lat="42.927608" lon="-8.201036"><ele>359.309</ele><time>2025-03-06T07:33:09.766Z</time></trkpt><trkpt lat="42.927575" lon="-8.201086"><ele>359.829</ele><time>2025-03-06T07:33:15.772Z</time></trkpt><trkpt lat="42.927551" lon="-8.201143"><ele>360.397</ele><time>2025-03-06T07:33:21.767Z</time></trkpt><trkpt lat="42.927551" lon="-8.201217"><ele>361.160</ele><time>2025-03-06T07:33:27.764Z</time></trkpt><trkpt lat="42.927550" lon="-8.201285"><ele>361.986</ele><time>2025-03-06T07:33:31.759Z</time></trkpt><trkpt lat="42.927565" lon="-8.201391"><ele>363.011</ele><time>2025-03-06T07:33:39.718Z</time></trkpt><trkpt lat="42.927591" lon="-8.201459"><ele>363.760</ele><time>2025-03-06T07:33:45.921Z</time></trkpt><trkpt lat="42.927613" lon="-8.201519"><ele>364.290</ele><time>2025-03-06T07:33:49.764Z</time></trkpt><trkpt lat="42.927623" lon="-8.201581"><ele>364.810</ele><time>2025-03-06T07:33:57.933Z</time></trkpt><trkpt lat="42.927637" lon="-8.201640"><ele>365.379</ele><time>2025-03-06T07:34:03.765Z</time></trkpt><trkpt lat="42.927645" lon="-8.201702"><ele>365.875</ele><time>2025-03-06T07:34:09.728Z</time></trkpt><trkpt lat="42.927682" lon="-8.201776"><ele>366.428</ele><time>2025-03-06T07:34:19.912Z</time></trkpt><trkpt lat="42.927700" lon="-8.201846"><ele>367.020</ele><time>2025-03-06T07:34:25.765Z</time></trkpt><trkpt lat="42.927718" lon="-8.201935"><ele>367.909</ele><time>2025-03-06T07:34:32.761Z</time></trkpt><trkpt lat="42.927725" lon="-8.201999"><ele>368.689</ele><time>2025-03-06T07:34:37.769Z</time></trkpt><trkpt lat="42.927732" lon="-8.202073"><ele>369.517</ele><time>2025-03-06T07:34:42.758Z</time></trkpt><trkpt lat="42.927738" lon="-8.202140"><ele>370.250</ele><time>2025-03-06T07:34:47.763Z</time></trkpt><trkpt lat="42.927720" lon="-8.202196"><ele>370.976</ele><time>2025-03-06T07:34:55.764Z</time></trkpt><trkpt lat="42.927732" lon="-8.202260"><ele>371.621</ele><time>2025-03-06T07:35:01.765Z</time></trkpt><trkpt lat="42.927728" lon="-8.202328"><ele>372.360</ele><time>2025-03-06T07:35:08.774Z</time></trkpt><trkpt lat="42.927715" lon="-8.202396"><ele>373.050</ele><time>2025-03-06T07:35:13.772Z</time></trkpt><trkpt lat="42.927697" lon="-8.202456"><ele>373.650</ele><time>2025-03-06T07:35:17.781Z</time></trkpt><trkpt lat="42.927676" lon="-8.202522"><ele>374.119</ele><time>2025-03-06T07:35:23.788Z</time></trkpt><trkpt lat="42.927654" lon="-8.202579"><ele>374.483</ele><time>2025-03-06T07:35:28.778Z</time></trkpt><trkpt lat="42.927635" lon="-8.202641"><ele>374.825</ele><time>2025-03-06T07:35:36.750Z</time></trkpt><trkpt lat="42.927642" lon="-8.202710"><ele>375.117</ele><time>2025-03-06T07:35:43.977Z</time></trkpt><trkpt lat="42.927634" lon="-8.202777"><ele>375.509</ele><time>2025-03-06T07:35:49.771Z</time></trkpt><trkpt lat="42.927637" lon="-8.202860"><ele>376.220</ele><time>2025-03-06T07:35:59.752Z</time></trkpt><trkpt lat="42.927633" lon="-8.202922"><ele>376.858</ele><time>2025-03-06T07:36:02.759Z</time></trkpt><trkpt lat="42.927620" lon="-8.202989"><ele>377.421</ele><time>2025-03-06T07:36:05.720Z</time></trkpt><trkpt lat="42.927619" lon="-8.203055"><ele>378.037</ele><time>2025-03-06T07:36:11.775Z</time></trkpt><trkpt lat="42.927611" lon="-8.203129"><ele>378.682</ele><time>2025-03-06T07:36:17.775Z</time></trkpt><trkpt lat="42.927595" lon="-8.203226"><ele>379.491</ele><time>2025-03-06T07:36:28.771Z</time></trkpt><trkpt lat="42.927572" lon="-8.203291"><ele>379.911</ele><time>2025-03-06T07:36:32.787Z</time></trkpt><trkpt lat="42.927565" lon="-8.203359"><ele>380.371</ele><time>2025-03-06T07:36:37.758Z</time></trkpt><trkpt lat="42.927547" lon="-8.203423"><ele>380.510</ele><time>2025-03-06T07:36:43.787Z</time></trkpt><trkpt lat="42.927521" lon="-8.203481"><ele>380.653</ele><time>2025-03-06T07:36:49.777Z</time></trkpt><trkpt lat="42.927505" lon="-8.203544"><ele>380.804</ele><time>2025-03-06T07:36:54.775Z</time></trkpt><trkpt lat="42.927463" lon="-8.203615"><ele>380.814</ele><time>2025-03-06T07:37:02.770Z</time></trkpt><trkpt lat="42.927468" lon="-8.203684"><ele>381.309</ele><time>2025-03-06T07:37:06.741Z</time></trkpt><trkpt lat="42.927461" lon="-8.203762"><ele>381.897</ele><time>2025-03-06T07:37:10.764Z</time></trkpt><trkpt lat="42.927433" lon="-8.203815"><ele>382.045</ele><time>2025-03-06T07:37:17.766Z</time></trkpt><trkpt lat="42.927416" lon="-8.203882"><ele>382.388</ele><time>2025-03-06T07:37:22.757Z</time></trkpt><trkpt lat="42.927410" lon="-8.203975"><ele>383.354</ele><time>2025-03-06T07:37:30.775Z</time></trkpt><trkpt lat="42.927393" lon="-8.204044"><ele>383.939</ele><time>2025-03-06T07:37:34.776Z</time></trkpt><trkpt lat="42.927382" lon="-8.204104"><ele>384.578</ele><time>2025-03-06T07:37:39.980Z</time></trkpt><trkpt lat="42.927377" lon="-8.204181"><ele>385.248</ele><time>2025-03-06T07:37:45.770Z</time></trkpt><trkpt lat="42.927372" lon="-8.204246"><ele>385.728</ele><time>2025-03-06T07:37:49.769Z</time></trkpt><trkpt lat="42.927372" lon="-8.204310"><ele>386.177</ele><time>2025-03-06T07:37:53.769Z</time></trkpt><trkpt lat="42.927373" lon="-8.204380"><ele>386.617</ele><time>2025-03-06T07:37:57.770Z</time></trkpt><trkpt lat="42.927373" lon="-8.204451"><ele>387.187</ele><time>2025-03-06T07:38:03.777Z</time></trkpt><trkpt lat="42.927374" lon="-8.204515"><ele>387.515</ele><time>2025-03-06T07:38:08.754Z</time></trkpt><trkpt lat="42.927371" lon="-8.204578"><ele>387.809</ele><time>2025-03-06T07:38:13.782Z</time></trkpt><trkpt lat="42.927359" lon="-8.204647"><ele>388.133</ele><time>2025-03-06T07:38:19.768Z</time></trkpt><trkpt lat="42.927351" lon="-8.204710"><ele>388.461</ele><time>2025-03-06T07:38:24.780Z</time></trkpt><trkpt lat="42.927355" lon="-8.204780"><ele>388.884</ele><time>2025-03-06T07:38:29.752Z</time></trkpt><trkpt lat="42.927355" lon="-8.204845"><ele>389.280</ele><time>2025-03-06T07:38:33.763Z</time></trkpt><trkpt lat="42.927362" lon="-8.204918"><ele>389.625</ele><time>2025-03-06T07:38:38.719Z</time></trkpt><trkpt lat="42.927368" lon="-8.204983"><ele>389.944</ele><time>2025-03-06T07:38:42.771Z</time></trkpt><trkpt lat="42.927382" lon="-8.205049"><ele>390.524</ele><time>2025-03-06T07:38:47.780Z</time></trkpt><trkpt lat="42.927379" lon="-8.205112"><ele>391.014</ele><time>2025-03-06T07:38:53.760Z</time></trkpt><trkpt lat="42.927382" lon="-8.205187"><ele>391.743</ele><time>2025-03-06T07:39:00.736Z</time></trkpt><trkpt lat="42.927387" lon="-8.205262"><ele>392.458</ele><time>2025-03-06T07:39:06.737Z</time></trkpt><trkpt lat="42.927379" lon="-8.205337"><ele>392.852</ele><time>2025-03-06T07:39:10.754Z</time></trkpt><trkpt lat="42.927369" lon="-8.205407"><ele>393.017</ele><time>2025-03-06T07:39:16.767Z</time></trkpt><trkpt lat="42.927361" lon="-8.205474"><ele>393.209</ele><time>2025-03-06T07:39:22.772Z</time></trkpt><trkpt lat="42.927355" lon="-8.205539"><ele>393.427</ele><time>2025-03-06T07:39:28.765Z</time></trkpt><trkpt lat="42.927354" lon="-8.205610"><ele>393.565</ele><time>2025-03-06T07:39:33.768Z</time></trkpt><trkpt lat="42.927359" lon="-8.205688"><ele>393.518</ele><time>2025-03-06T07:39:38.762Z</time></trkpt><trkpt lat="42.927340" lon="-8.205752"><ele>393.454</ele><time>2025-03-06T07:39:43.761Z</time></trkpt><trkpt lat="42.927345" lon="-8.205820"><ele>393.469</ele><time>2025-03-06T07:39:47.774Z</time></trkpt><trkpt lat="42.927342" lon="-8.205884"><ele>393.278</ele><time>2025-03-06T07:39:52.729Z</time></trkpt><trkpt lat="42.927348" lon="-8.205961"><ele>393.028</ele><time>2025-03-06T07:39:58.770Z</time></trkpt><trkpt lat="42.927360" lon="-8.206024"><ele>392.838</ele><time>2025-03-06T07:40:02.755Z</time></trkpt><trkpt lat="42.927374" lon="-8.206089"><ele>392.647</ele><time>2025-03-06T07:40:07.762Z</time></trkpt><trkpt lat="42.927385" lon="-8.206158"><ele>392.753</ele><time>2025-03-06T07:40:12.756Z</time></trkpt><trkpt lat="42.927396" lon="-8.206223"><ele>392.904</ele><time>2025-03-06T07:40:17.767Z</time></trkpt><trkpt lat="42.927399" lon="-8.206294"><ele>393.114</ele><time>2025-03-06T07:40:23.770Z</time></trkpt><trkpt lat="42.927415" lon="-8.206358"><ele>393.309</ele><time>2025-03-06T07:40:28.761Z</time></trkpt><trkpt lat="42.927419" lon="-8.206431"><ele>393.447</ele><time>2025-03-06T07:40:34.768Z</time></trkpt><trkpt lat="42.927421" lon="-8.206500"><ele>393.415</ele><time>2025-03-06T07:40:38.756Z</time></trkpt><trkpt lat="42.927440" lon="-8.206562"><ele>393.698</ele><time>2025-03-06T07:40:42.766Z</time></trkpt><trkpt lat="42.927467" lon="-8.206619"><ele>393.884</ele><time>2025-03-06T07:40:46.777Z</time></trkpt><trkpt lat="42.927481" lon="-8.206685"><ele>393.959</ele><time>2025-03-06T07:40:51.761Z</time></trkpt><trkpt lat="42.927500" lon="-8.206748"><ele>394.398</ele><time>2025-03-06T07:40:55.747Z</time></trkpt><trkpt lat="42.927509" lon="-8.206817"><ele>394.568</ele><time>2025-03-06T07:40:59.764Z</time></trkpt><trkpt lat="42.927521" lon="-8.206885"><ele>394.858</ele><time>2025-03-06T07:41:03.766Z</time></trkpt><trkpt lat="42.927538" lon="-8.206959"><ele>395.177</ele><time>2025-03-06T07:41:08.763Z</time></trkpt><trkpt lat="42.927553" lon="-8.207019"><ele>395.316</ele><time>2025-03-06T07:41:13.779Z</time></trkpt><trkpt lat="42.927548" lon="-8.207091"><ele>395.676</ele><time>2025-03-06T07:41:18.765Z</time></trkpt><trkpt lat="42.927547" lon="-8.207164"><ele>395.913</ele><time>2025-03-06T07:41:23.769Z</time></trkpt><trkpt lat="42.927552" lon="-8.207231"><ele>396.309</ele><time>2025-03-06T07:41:27.772Z</time></trkpt><trkpt lat="42.927549" lon="-8.207306"><ele>396.873</ele><time>2025-03-06T07:41:32.767Z</time></trkpt><trkpt lat="42.927559" lon="-8.207369"><ele>397.341</ele><time>2025-03-06T07:41:36.756Z</time></trkpt><trkpt lat="42.927561" lon="-8.207434"><ele>397.774</ele><time>2025-03-06T07:41:40.764Z</time></trkpt><trkpt lat="42.927559" lon="-8.207509"><ele>398.220</ele><time>2025-03-06T07:41:46.765Z</time></trkpt><trkpt lat="42.927569" lon="-8.207578"><ele>398.245</ele><time>2025-03-06T07:41:52.767Z</time></trkpt><trkpt lat="42.927573" lon="-8.207648"><ele>398.144</ele><time>2025-03-06T07:41:57.765Z</time></trkpt><trkpt lat="42.927596" lon="-8.207709"><ele>398.184</ele><time>2025-03-06T07:42:02.762Z</time></trkpt><trkpt lat="42.927551" lon="-8.207776"><ele>398.084</ele><time>2025-03-06T07:42:19.765Z</time></trkpt><trkpt lat="42.927555" lon="-8.207846"><ele>397.753</ele><time>2025-03-06T07:42:23.755Z</time></trkpt><trkpt lat="42.927569" lon="-8.207922"><ele>397.421</ele><time>2025-03-06T07:42:27.763Z</time></trkpt><trkpt lat="42.927583" lon="-8.207989"><ele>397.041</ele><time>2025-03-06T07:42:31.771Z</time></trkpt><trkpt lat="42.927609" lon="-8.208046"><ele>396.705</ele><time>2025-03-06T07:42:35.767Z</time></trkpt><trkpt lat="42.927627" lon="-8.208113"><ele>396.309</ele><time>2025-03-06T07:42:39.769Z</time></trkpt><trkpt lat="42.927647" lon="-8.208172"><ele>396.164</ele><time>2025-03-06T07:42:43.770Z</time></trkpt><trkpt lat="42.927679" lon="-8.208225"><ele>395.912</ele><time>2025-03-06T07:42:47.774Z</time></trkpt><trkpt lat="42.927696" lon="-8.208283"><ele>395.845</ele><time>2025-03-06T07:42:51.777Z</time></trkpt><trkpt lat="42.927718" lon="-8.208341"><ele>395.841</ele><time>2025-03-06T07:42:55.765Z</time></trkpt><trkpt lat="42.927747" lon="-8.208399"><ele>396.396</ele><time>2025-03-06T07:43:00.763Z</time></trkpt><trkpt lat="42.927775" lon="-8.208467"><ele>396.945</ele><time>2025-03-06T07:43:05.769Z</time></trkpt><trkpt lat="42.927798" lon="-8.208529"><ele>397.525</ele><time>2025-03-06T07:43:10.778Z</time></trkpt><trkpt lat="42.927828" lon="-8.208588"><ele>398.025</ele><time>2025-03-06T07:43:15.768Z</time></trkpt><trkpt lat="42.927853" lon="-8.208645"><ele>398.494</ele><time>2025-03-06T07:43:20.756Z</time></trkpt><trkpt lat="42.927896" lon="-8.208708"><ele>398.976</ele><time>2025-03-06T07:43:26.775Z</time></trkpt><trkpt lat="42.927927" lon="-8.208766"><ele>399.490</ele><time>2025-03-06T07:43:31.782Z</time></trkpt><trkpt lat="42.927960" lon="-8.208827"><ele>399.919</ele><time>2025-03-06T07:43:36.913Z</time></trkpt><trkpt lat="42.927983" lon="-8.208881"><ele>400.409</ele><time>2025-03-06T07:43:40.771Z</time></trkpt><trkpt lat="42.928027" lon="-8.208931"><ele>401.189</ele><time>2025-03-06T07:43:45.776Z</time></trkpt><trkpt lat="42.928059" lon="-8.208975"><ele>401.627</ele><time>2025-03-06T07:43:49.763Z</time></trkpt><trkpt lat="42.928084" lon="-8.209039"><ele>402.030</ele><time>2025-03-06T07:43:54.769Z</time></trkpt><trkpt lat="42.928102" lon="-8.209100"><ele>402.416</ele><time>2025-03-06T07:43:58.766Z</time></trkpt><trkpt lat="42.928130" lon="-8.209174"><ele>402.781</ele><time>2025-03-06T07:44:04.896Z</time></trkpt><trkpt lat="42.928158" lon="-8.209222"><ele>402.580</ele><time>2025-03-06T07:44:09.775Z</time></trkpt><trkpt lat="42.928174" lon="-8.209293"><ele>402.390</ele><time>2025-03-06T07:44:15.764Z</time></trkpt><trkpt lat="42.928196" lon="-8.209360"><ele>402.220</ele><time>2025-03-06T07:44:21.757Z</time></trkpt><trkpt lat="42.928216" lon="-8.209425"><ele>402.079</ele><time>2025-03-06T07:44:25.772Z</time></trkpt><trkpt lat="42.928243" lon="-8.209488"><ele>402.017</ele><time>2025-03-06T07:44:31.967Z</time></trkpt><trkpt lat="42.928251" lon="-8.209559"><ele>402.087</ele><time>2025-03-06T07:44:37.777Z</time></trkpt><trkpt lat="42.928263" lon="-8.209630"><ele>402.015</ele><time>2025-03-06T07:44:41.780Z</time></trkpt><trkpt lat="42.928272" lon="-8.209696"><ele>402.009</ele><time>2025-03-06T07:44:46.774Z</time></trkpt><trkpt lat="42.928290" lon="-8.209767"><ele>402.143</ele><time>2025-03-06T07:44:51.767Z</time></trkpt><trkpt lat="42.928307" lon="-8.209838"><ele>402.411</ele><time>2025-03-06T07:44:56.763Z</time></trkpt><trkpt lat="42.928337" lon="-8.209894"><ele>402.644</ele><time>2025-03-06T07:45:01.760Z</time></trkpt><trkpt lat="42.928360" lon="-8.209955"><ele>402.870</ele><time>2025-03-06T07:45:06.753Z</time></trkpt><trkpt lat="42.928389" lon="-8.210014"><ele>402.815</ele><time>2025-03-06T07:45:11.712Z</time></trkpt><trkpt lat="42.928408" lon="-8.210071"><ele>402.834</ele><time>2025-03-06T07:45:15.769Z</time></trkpt><trkpt lat="42.928429" lon="-8.210128"><ele>402.824</ele><time>2025-03-06T07:45:20.768Z</time></trkpt><trkpt lat="42.928439" lon="-8.210188"><ele>402.954</ele><time>2025-03-06T07:45:24.770Z</time></trkpt><trkpt lat="42.928453" lon="-8.210251"><ele>403.023</ele><time>2025-03-06T07:45:29.974Z</time></trkpt><trkpt lat="42.928477" lon="-8.210320"><ele>402.979</ele><time>2025-03-06T07:45:34.768Z</time></trkpt><trkpt lat="42.928504" lon="-8.210394"><ele>402.805</ele><time>2025-03-06T07:45:39.765Z</time></trkpt><trkpt lat="42.928519" lon="-8.210455"><ele>402.825</ele><time>2025-03-06T07:45:43.966Z</time></trkpt><trkpt lat="42.928532" lon="-8.210518"><ele>402.809</ele><time>2025-03-06T07:45:47.776Z</time></trkpt><trkpt lat="42.928551" lon="-8.210586"><ele>402.779</ele><time>2025-03-06T07:45:52.759Z</time></trkpt><trkpt lat="42.928561" lon="-8.210652"><ele>402.577</ele><time>2025-03-06T07:45:56.766Z</time></trkpt><trkpt lat="42.928577" lon="-8.210723"><ele>402.380</ele><time>2025-03-06T07:46:01.755Z</time></trkpt><trkpt lat="42.928592" lon="-8.210787"><ele>402.146</ele><time>2025-03-06T07:46:06.752Z</time></trkpt><trkpt lat="42.928605" lon="-8.210848"><ele>402.091</ele><time>2025-03-06T07:46:10.774Z</time></trkpt><trkpt lat="42.928607" lon="-8.210935"><ele>402.070</ele><time>2025-03-06T07:46:15.766Z</time></trkpt><trkpt lat="42.928599" lon="-8.211004"><ele>401.910</ele><time>2025-03-06T07:46:19.759Z</time></trkpt><trkpt lat="42.928610" lon="-8.211075"><ele>402.080</ele><time>2025-03-06T07:46:25.768Z</time></trkpt><trkpt lat="42.928614" lon="-8.211148"><ele>401.969</ele><time>2025-03-06T07:46:30.767Z</time></trkpt><trkpt lat="42.928616" lon="-8.211212"><ele>401.775</ele><time>2025-03-06T07:46:34.766Z</time></trkpt><trkpt lat="42.928621" lon="-8.211284"><ele>401.428</ele><time>2025-03-06T07:46:38.759Z</time></trkpt><trkpt lat="42.928622" lon="-8.211360"><ele>401.220</ele><time>2025-03-06T07:46:43.775Z</time></trkpt><trkpt lat="42.928629" lon="-8.211435"><ele>401.109</ele><time>2025-03-06T07:46:47.744Z</time></trkpt><trkpt lat="42.928623" lon="-8.211497"><ele>401.139</ele><time>2025-03-06T07:46:52.765Z</time></trkpt><trkpt lat="42.928632" lon="-8.211561"><ele>401.217</ele><time>2025-03-06T07:46:56.748Z</time></trkpt><trkpt lat="42.928628" lon="-8.211631"><ele>401.150</ele><time>2025-03-06T07:47:00.773Z</time></trkpt><trkpt lat="42.928628" lon="-8.211706"><ele>401.026</ele><time>2025-03-06T07:47:05.772Z</time></trkpt><trkpt lat="42.928637" lon="-8.211770"><ele>400.841</ele><time>2025-03-06T07:47:09.783Z</time></trkpt><trkpt lat="42.928652" lon="-8.211829"><ele>400.730</ele><time>2025-03-06T07:47:12.771Z</time></trkpt><trkpt lat="42.928665" lon="-8.211891"><ele>400.660</ele><time>2025-03-06T07:47:16.764Z</time></trkpt><trkpt lat="42.928667" lon="-8.211953"><ele>400.470</ele><time>2025-03-06T07:47:20.759Z</time></trkpt><trkpt lat="42.928681" lon="-8.212027"><ele>400.359</ele><time>2025-03-06T07:47:25.754Z</time></trkpt><trkpt lat="42.928684" lon="-8.212094"><ele>400.191</ele><time>2025-03-06T07:47:29.759Z</time></trkpt><trkpt lat="42.928687" lon="-8.212162"><ele>400.081</ele><time>2025-03-06T07:47:33.782Z</time></trkpt><trkpt lat="42.928698" lon="-8.212232"><ele>399.919</ele><time>2025-03-06T07:47:38.764Z</time></trkpt><trkpt lat="42.928697" lon="-8.212302"><ele>399.709</ele><time>2025-03-06T07:47:43.786Z</time></trkpt><trkpt lat="42.928711" lon="-8.212371"><ele>399.711</ele><time>2025-03-06T07:47:48.809Z</time></trkpt><trkpt lat="42.928731" lon="-8.212427"><ele>399.979</ele><time>2025-03-06T07:47:52.732Z</time></trkpt><trkpt lat="42.928754" lon="-8.212482"><ele>400.192</ele><time>2025-03-06T07:47:57.722Z</time></trkpt><trkpt lat="42.928751" lon="-8.212547"><ele>400.238</ele><time>2025-03-06T07:48:00.938Z</time></trkpt><trkpt lat="42.928796" lon="-8.212590"><ele>401.073</ele><time>2025-03-06T07:48:05.716Z</time></trkpt><trkpt lat="42.928782" lon="-8.212654"><ele>401.022</ele><time>2025-03-06T07:48:09.742Z</time></trkpt><trkpt lat="42.928760" lon="-8.212708"><ele>400.912</ele><time>2025-03-06T07:48:15.740Z</time></trkpt><trkpt lat="42.928715" lon="-8.212740"><ele>400.432</ele><time>2025-03-06T07:48:19.770Z</time></trkpt><trkpt lat="42.928704" lon="-8.212808"><ele>400.261</ele><time>2025-03-06T07:48:23.753Z</time></trkpt><trkpt lat="42.928697" lon="-8.212882"><ele>399.964</ele><time>2025-03-06T07:48:27.769Z</time></trkpt><trkpt lat="42.928677" lon="-8.212944"><ele>399.406</ele><time>2025-03-06T07:48:31.717Z</time></trkpt><trkpt lat="42.928686" lon="-8.213016"><ele>399.216</ele><time>2025-03-06T07:48:36.757Z</time></trkpt><trkpt lat="42.928702" lon="-8.213090"><ele>399.209</ele><time>2025-03-06T07:48:40.744Z</time></trkpt><trkpt lat="42.928689" lon="-8.213166"><ele>398.718</ele><time>2025-03-06T07:48:45.772Z</time></trkpt><trkpt lat="42.928683" lon="-8.213231"><ele>398.496</ele><time>2025-03-06T07:48:49.774Z</time></trkpt><trkpt lat="42.928694" lon="-8.213298"><ele>398.349</ele><time>2025-03-06T07:48:53.741Z</time></trkpt><trkpt lat="42.928713" lon="-8.213354"><ele>398.495</ele><time>2025-03-06T07:48:58.780Z</time></trkpt><trkpt lat="42.928721" lon="-8.213422"><ele>398.550</ele><time>2025-03-06T07:49:02.762Z</time></trkpt><trkpt lat="42.928748" lon="-8.213482"><ele>398.719</ele><time>2025-03-06T07:49:09.752Z</time></trkpt><trkpt lat="42.928748" lon="-8.213544"><ele>398.629</ele><time>2025-03-06T07:49:13.764Z</time></trkpt><trkpt lat="42.928749" lon="-8.213619"><ele>398.539</ele><time>2025-03-06T07:49:18.758Z</time></trkpt><trkpt lat="42.928736" lon="-8.213705"><ele>398.048</ele><time>2025-03-06T07:49:26.768Z</time></trkpt><trkpt lat="42.928714" lon="-8.213762"><ele>397.637</ele><time>2025-03-06T07:49:30.767Z</time></trkpt><trkpt lat="42.928707" lon="-8.213826"><ele>397.349</ele><time>2025-03-06T07:49:33.772Z</time></trkpt><trkpt lat="42.928705" lon="-8.213895"><ele>397.013</ele><time>2025-03-06T07:49:37.773Z</time></trkpt><trkpt lat="42.928690" lon="-8.213959"><ele>397.009</ele><time>2025-03-06T07:49:41.770Z</time></trkpt><trkpt lat="42.928682" lon="-8.214037"><ele>397.055</ele><time>2025-03-06T07:49:46.776Z</time></trkpt><trkpt lat="42.928682" lon="-8.214103"><ele>397.133</ele><time>2025-03-06T07:49:51.757Z</time></trkpt><trkpt lat="42.928664" lon="-8.214164"><ele>397.266</ele><time>2025-03-06T07:49:56.759Z</time></trkpt><trkpt lat="42.928638" lon="-8.214219"><ele>397.192</ele><time>2025-03-06T07:50:01.773Z</time></trkpt><trkpt lat="42.928622" lon="-8.214277"><ele>397.137</ele><time>2025-03-06T07:50:05.754Z</time></trkpt><trkpt lat="42.928603" lon="-8.214334"><ele>397.026</ele><time>2025-03-06T07:50:09.765Z</time></trkpt><trkpt lat="42.928572" lon="-8.214380"><ele>396.816</ele><time>2025-03-06T07:50:13.754Z</time></trkpt><trkpt lat="42.928533" lon="-8.214412"><ele>396.716</ele><time>2025-03-06T07:50:17.773Z</time></trkpt><trkpt lat="42.928523" lon="-8.214475"><ele>396.825</ele><time>2025-03-06T07:50:21.768Z</time></trkpt><trkpt lat="42.928503" lon="-8.214533"><ele>397.198</ele><time>2025-03-06T07:50:25.761Z</time></trkpt><trkpt lat="42.928465" lon="-8.214590"><ele>397.315</ele><time>2025-03-06T07:50:30.775Z</time></trkpt><trkpt lat="42.928442" lon="-8.214646"><ele>397.626</ele><time>2025-03-06T07:50:34.772Z</time></trkpt><trkpt lat="42.928437" lon="-8.214708"><ele>397.909</ele><time>2025-03-06T07:50:51.782Z</time></trkpt><trkpt lat="42.928410" lon="-8.214758"><ele>398.471</ele><time>2025-03-06T07:50:54.772Z</time></trkpt><trkpt lat="42.928377" lon="-8.214811"><ele>399.089</ele><time>2025-03-06T07:50:58.731Z</time></trkpt><trkpt lat="42.928337" lon="-8.214847"><ele>399.352</ele><time>2025-03-06T07:51:02.755Z</time></trkpt><trkpt lat="42.928304" lon="-8.214911"><ele>400.078</ele><time>2025-03-06T07:51:06.751Z</time></trkpt><trkpt lat="42.928271" lon="-8.214972"><ele>400.573</ele><time>2025-03-06T07:51:11.775Z</time></trkpt><trkpt lat="42.928233" lon="-8.215029"><ele>401.072</ele><time>2025-03-06T07:51:16.764Z</time></trkpt><trkpt lat="42.928204" lon="-8.215084"><ele>401.492</ele><time>2025-03-06T07:51:21.767Z</time></trkpt><trkpt lat="42.928172" lon="-8.215130"><ele>401.842</ele><time>2025-03-06T07:51:25.766Z</time></trkpt><trkpt lat="42.928139" lon="-8.215194"><ele>402.471</ele><time>2025-03-06T07:51:29.781Z</time></trkpt><trkpt lat="42.928111" lon="-8.215250"><ele>402.974</ele><time>2025-03-06T07:51:33.759Z</time></trkpt><trkpt lat="42.928087" lon="-8.215302"><ele>403.556</ele><time>2025-03-06T07:51:36.751Z</time></trkpt><trkpt lat="42.928064" lon="-8.215364"><ele>404.321</ele><time>2025-03-06T07:51:40.764Z</time></trkpt><trkpt lat="42.928043" lon="-8.215424"><ele>405.009</ele><time>2025-03-06T07:51:45.765Z</time></trkpt><trkpt lat="42.928011" lon="-8.215473"><ele>405.499</ele><time>2025-03-06T07:51:50.767Z</time></trkpt><trkpt lat="42.927986" lon="-8.215537"><ele>406.057</ele><time>2025-03-06T07:51:54.767Z</time></trkpt><trkpt lat="42.927969" lon="-8.215602"><ele>406.120</ele><time>2025-03-06T07:51:58.760Z</time></trkpt><trkpt lat="42.927942" lon="-8.215659"><ele>405.996</ele><time>2025-03-06T07:52:02.762Z</time></trkpt><trkpt lat="42.927922" lon="-8.215721"><ele>405.841</ele><time>2025-03-06T07:52:07.779Z</time></trkpt><trkpt lat="42.927900" lon="-8.215786"><ele>405.940</ele><time>2025-03-06T07:52:11.778Z</time></trkpt><trkpt lat="42.927877" lon="-8.215842"><ele>406.030</ele><time>2025-03-06T07:52:15.771Z</time></trkpt><trkpt lat="42.927847" lon="-8.215898"><ele>405.930</ele><time>2025-03-06T07:52:20.769Z</time></trkpt><trkpt lat="42.927827" lon="-8.215959"><ele>405.999</ele><time>2025-03-06T07:52:24.763Z</time></trkpt><trkpt lat="42.927809" lon="-8.216026"><ele>405.997</ele><time>2025-03-06T07:52:28.764Z</time></trkpt><trkpt lat="42.927790" lon="-8.216102"><ele>406.023</ele><time>2025-03-06T07:52:32.766Z</time></trkpt><trkpt lat="42.927759" lon="-8.216161"><ele>405.825</ele><time>2025-03-06T07:52:38.772Z</time></trkpt><trkpt lat="42.927739" lon="-8.216225"><ele>405.609</ele><time>2025-03-06T07:52:42.755Z</time></trkpt><trkpt lat="42.927717" lon="-8.216290"><ele>405.531</ele><time>2025-03-06T07:52:46.767Z</time></trkpt><trkpt lat="42.927696" lon="-8.216347"><ele>405.469</ele><time>2025-03-06T07:52:50.766Z</time></trkpt><trkpt lat="42.927669" lon="-8.216400"><ele>405.262</ele><time>2025-03-06T07:52:54.765Z</time></trkpt><trkpt lat="42.927659" lon="-8.216464"><ele>405.138</ele><time>2025-03-06T07:52:59.753Z</time></trkpt><trkpt lat="42.927642" lon="-8.216525"><ele>405.043</ele><time>2025-03-06T07:53:03.738Z</time></trkpt><trkpt lat="42.927627" lon="-8.216585"><ele>405.062</ele><time>2025-03-06T07:53:07.763Z</time></trkpt><trkpt lat="42.927596" lon="-8.216667"><ele>405.052</ele><time>2025-03-06T07:53:12.760Z</time></trkpt><trkpt lat="42.927572" lon="-8.216735"><ele>404.812</ele><time>2025-03-06T07:53:17.763Z</time></trkpt><trkpt lat="42.927552" lon="-8.216805"><ele>404.521</ele><time>2025-03-06T07:53:22.771Z</time></trkpt><trkpt lat="42.927521" lon="-8.216874"><ele>404.382</ele><time>2025-03-06T07:53:27.777Z</time></trkpt><trkpt lat="42.927496" lon="-8.216928"><ele>404.043</ele><time>2025-03-06T07:53:31.775Z</time></trkpt><trkpt lat="42.927477" lon="-8.216990"><ele>403.517</ele><time>2025-03-06T07:53:36.760Z</time></trkpt><trkpt lat="42.927453" lon="-8.217057"><ele>402.909</ele><time>2025-03-06T07:53:40.765Z</time></trkpt><trkpt lat="42.927423" lon="-8.217103"><ele>402.550</ele><time>2025-03-06T07:53:44.758Z</time></trkpt><trkpt lat="42.927405" lon="-8.217160"><ele>402.048</ele><time>2025-03-06T07:53:48.779Z</time></trkpt><trkpt lat="42.927381" lon="-8.217218"><ele>401.641</ele><time>2025-03-06T07:53:53.768Z</time></trkpt><trkpt lat="42.927349" lon="-8.217278"><ele>401.127</ele><time>2025-03-06T07:53:57.772Z</time></trkpt><trkpt lat="42.927328" lon="-8.217337"><ele>400.642</ele><time>2025-03-06T07:54:01.754Z</time></trkpt><trkpt lat="42.927304" lon="-8.217405"><ele>400.011</ele><time>2025-03-06T07:54:05.774Z</time></trkpt><trkpt lat="42.927275" lon="-8.217462"><ele>399.541</ele><time>2025-03-06T07:54:10.771Z</time></trkpt><trkpt lat="42.927244" lon="-8.217529"><ele>399.061</ele><time>2025-03-06T07:54:14.766Z</time></trkpt><trkpt lat="42.927216" lon="-8.217591"><ele>398.690</ele><time>2025-03-06T07:54:19.762Z</time></trkpt><trkpt lat="42.927193" lon="-8.217650"><ele>398.224</ele><time>2025-03-06T07:54:23.772Z</time></trkpt><trkpt lat="42.927166" lon="-8.217704"><ele>397.704</ele><time>2025-03-06T07:54:27.771Z</time></trkpt><trkpt lat="42.927139" lon="-8.217758"><ele>397.214</ele><time>2025-03-06T07:54:31.784Z</time></trkpt><trkpt lat="42.927115" lon="-8.217812"><ele>396.409</ele><time>2025-03-06T07:54:35.764Z</time></trkpt><trkpt lat="42.927082" lon="-8.217875"><ele>395.354</ele><time>2025-03-06T07:54:41.780Z</time></trkpt><trkpt lat="42.927034" lon="-8.217916"><ele>394.362</ele><time>2025-03-06T07:54:46.976Z</time></trkpt><trkpt lat="42.926983" lon="-8.217924"><ele>393.855</ele><time>2025-03-06T07:54:51.768Z</time></trkpt><trkpt lat="42.926933" lon="-8.217951"><ele>393.161</ele><time>2025-03-06T07:54:55.728Z</time></trkpt><trkpt lat="42.926905" lon="-8.218014"><ele>392.356</ele><time>2025-03-06T07:55:01.778Z</time></trkpt><trkpt lat="42.926878" lon="-8.218068"><ele>391.685</ele><time>2025-03-06T07:55:05.764Z</time></trkpt><trkpt lat="42.926856" lon="-8.218139"><ele>390.665</ele><time>2025-03-06T07:55:09.971Z</time></trkpt><trkpt lat="42.926845" lon="-8.218217"><ele>389.585</ele><time>2025-03-06T07:55:13.770Z</time></trkpt><trkpt lat="42.926833" lon="-8.218281"><ele>388.724</ele><time>2025-03-06T07:55:17.759Z</time></trkpt><trkpt lat="42.926820" lon="-8.218349"><ele>387.891</ele><time>2025-03-06T07:55:21.779Z</time></trkpt><trkpt lat="42.926804" lon="-8.218425"><ele>387.081</ele><time>2025-03-06T07:55:27.776Z</time></trkpt><trkpt lat="42.926797" lon="-8.218486"><ele>386.419</ele><time>2025-03-06T07:55:31.776Z</time></trkpt><trkpt lat="42.926789" lon="-8.218552"><ele>385.609</ele><time>2025-03-06T07:55:35.770Z</time></trkpt><trkpt lat="42.926768" lon="-8.218644"><ele>384.981</ele><time>2025-03-06T07:55:41.761Z</time></trkpt><trkpt lat="42.926746" lon="-8.218708"><ele>384.729</ele><time>2025-03-06T07:55:45.766Z</time></trkpt><trkpt lat="42.926725" lon="-8.218767"><ele>384.462</ele><time>2025-03-06T07:55:49.790Z</time></trkpt><trkpt lat="42.926716" lon="-8.218841"><ele>384.228</ele><time>2025-03-06T07:55:53.778Z</time></trkpt><trkpt lat="42.926703" lon="-8.218912"><ele>384.083</ele><time>2025-03-06T07:55:58.765Z</time></trkpt><trkpt lat="42.926686" lon="-8.218975"><ele>384.052</ele><time>2025-03-06T07:56:02.768Z</time></trkpt><trkpt lat="42.926674" lon="-8.219034"><ele>384.082</ele><time>2025-03-06T07:56:05.758Z</time></trkpt><trkpt lat="42.926649" lon="-8.219106"><ele>383.922</ele><time>2025-03-06T07:56:10.774Z</time></trkpt><trkpt lat="42.926631" lon="-8.219176"><ele>383.751</ele><time>2025-03-06T07:56:15.756Z</time></trkpt><trkpt lat="42.926615" lon="-8.219237"><ele>383.798</ele><time>2025-03-06T07:56:19.772Z</time></trkpt><trkpt lat="42.926592" lon="-8.219293"><ele>383.615</ele><time>2025-03-06T07:56:23.783Z</time></trkpt><trkpt lat="42.926568" lon="-8.219360"><ele>383.526</ele><time>2025-03-06T07:56:28.771Z</time></trkpt><trkpt lat="42.926546" lon="-8.219435"><ele>383.609</ele><time>2025-03-06T07:56:33.764Z</time></trkpt><trkpt lat="42.926539" lon="-8.219502"><ele>383.511</ele><time>2025-03-06T07:56:37.762Z</time></trkpt><trkpt lat="42.926517" lon="-8.219573"><ele>383.569</ele><time>2025-03-06T07:56:42.755Z</time></trkpt><trkpt lat="42.926498" lon="-8.219630"><ele>383.492</ele><time>2025-03-06T07:56:46.778Z</time></trkpt><trkpt lat="42.926465" lon="-8.219675"><ele>383.348</ele><time>2025-03-06T07:56:50.775Z</time></trkpt><trkpt lat="42.926445" lon="-8.219741"><ele>383.283</ele><time>2025-03-06T07:56:54.774Z</time></trkpt><trkpt lat="42.926426" lon="-8.219798"><ele>383.262</ele><time>2025-03-06T07:56:58.764Z</time></trkpt><trkpt lat="42.926405" lon="-8.219863"><ele>383.172</ele><time>2025-03-06T07:57:03.754Z</time></trkpt><trkpt lat="42.926397" lon="-8.219935"><ele>383.152</ele><time>2025-03-06T07:57:07.771Z</time></trkpt><trkpt lat="42.926377" lon="-8.220000"><ele>382.941</ele><time>2025-03-06T07:57:11.768Z</time></trkpt><trkpt lat="42.926358" lon="-8.220060"><ele>382.951</ele><time>2025-03-06T07:57:18.760Z</time></trkpt><trkpt lat="42.926335" lon="-8.220128"><ele>382.901</ele><time>2025-03-06T07:57:23.760Z</time></trkpt><trkpt lat="42.926324" lon="-8.220190"><ele>383.011</ele><time>2025-03-06T07:57:27.767Z</time></trkpt><trkpt lat="42.926318" lon="-8.220259"><ele>383.209</ele><time>2025-03-06T07:57:32.786Z</time></trkpt><trkpt lat="42.926308" lon="-8.220333"><ele>383.277</ele><time>2025-03-06T07:57:36.762Z</time></trkpt><trkpt lat="42.926292" lon="-8.220400"><ele>383.165</ele><time>2025-03-06T07:57:40.756Z</time></trkpt><trkpt lat="42.926262" lon="-8.220449"><ele>382.978</ele><time>2025-03-06T07:57:44.755Z</time></trkpt><trkpt lat="42.926247" lon="-8.220516"><ele>382.984</ele><time>2025-03-06T07:57:48.765Z</time></trkpt><trkpt lat="42.926232" lon="-8.220587"><ele>383.089</ele><time>2025-03-06T07:57:52.781Z</time></trkpt><trkpt lat="42.926218" lon="-8.220656"><ele>383.158</ele><time>2025-03-06T07:57:56.770Z</time></trkpt><trkpt lat="42.926203" lon="-8.220723"><ele>383.368</ele><time>2025-03-06T07:58:00.773Z</time></trkpt><trkpt lat="42.926194" lon="-8.220789"><ele>383.498</ele><time>2025-03-06T07:58:04.759Z</time></trkpt><trkpt lat="42.926190" lon="-8.220872"><ele>383.727</ele><time>2025-03-06T07:58:09.769Z</time></trkpt><trkpt lat="42.926184" lon="-8.220933"><ele>383.841</ele><time>2025-03-06T07:58:13.776Z</time></trkpt><trkpt lat="42.926174" lon="-8.221001"><ele>383.981</ele><time>2025-03-06T07:58:18.780Z</time></trkpt><trkpt lat="42.926157" lon="-8.221075"><ele>384.109</ele><time>2025-03-06T07:58:23.764Z</time></trkpt><trkpt lat="42.926131" lon="-8.221142"><ele>384.209</ele><time>2025-03-06T07:58:28.766Z</time></trkpt><trkpt lat="42.926099" lon="-8.221202"><ele>384.256</ele><time>2025-03-06T07:58:33.797Z</time></trkpt><trkpt lat="42.926070" lon="-8.221259"><ele>384.254</ele><time>2025-03-06T07:58:38.787Z</time></trkpt><trkpt lat="42.926054" lon="-8.221323"><ele>384.447</ele><time>2025-03-06T07:58:43.773Z</time></trkpt><trkpt lat="42.926030" lon="-8.221389"><ele>384.453</ele><time>2025-03-06T07:58:48.785Z</time></trkpt><trkpt lat="42.926006" lon="-8.221443"><ele>384.498</ele><time>2025-03-06T07:58:52.768Z</time></trkpt><trkpt lat="42.925986" lon="-8.221512"><ele>384.597</ele><time>2025-03-06T07:58:57.766Z</time></trkpt><trkpt lat="42.925967" lon="-8.221570"><ele>384.647</ele><time>2025-03-06T07:59:01.779Z</time></trkpt><trkpt lat="42.925938" lon="-8.221637"><ele>384.687</ele><time>2025-03-06T07:59:07.773Z</time></trkpt><trkpt lat="42.925915" lon="-8.221704"><ele>384.656</ele><time>2025-03-06T07:59:12.779Z</time></trkpt><trkpt lat="42.925900" lon="-8.221764"><ele>384.582</ele><time>2025-03-06T07:59:16.767Z</time></trkpt><trkpt lat="42.925888" lon="-8.221840"><ele>384.443</ele><time>2025-03-06T07:59:20.767Z</time></trkpt><trkpt lat="42.925874" lon="-8.221903"><ele>384.317</ele><time>2025-03-06T07:59:27.770Z</time></trkpt><trkpt lat="42.925869" lon="-8.221969"><ele>384.309</ele><time>2025-03-06T07:59:32.767Z</time></trkpt><trkpt lat="42.925856" lon="-8.222029"><ele>384.260</ele><time>2025-03-06T07:59:36.752Z</time></trkpt><trkpt lat="42.925850" lon="-8.222094"><ele>384.138</ele><time>2025-03-06T07:59:40.762Z</time></trkpt><trkpt lat="42.925835" lon="-8.222159"><ele>384.061</ele><time>2025-03-06T07:59:45.763Z</time></trkpt><trkpt lat="42.925824" lon="-8.222226"><ele>384.097</ele><time>2025-03-06T07:59:51.767Z</time></trkpt><trkpt lat="42.925834" lon="-8.222300"><ele>384.312</ele><time>2025-03-06T07:59:55.776Z</time></trkpt><trkpt lat="42.925834" lon="-8.222362"><ele>384.511</ele><time>2025-03-06T07:59:58.770Z</time></trkpt><trkpt lat="42.925841" lon="-8.222424"><ele>384.811</ele><time>2025-03-06T08:00:02.764Z</time></trkpt><trkpt lat="42.925847" lon="-8.222494"><ele>385.051</ele><time>2025-03-06T08:00:07.763Z</time></trkpt><trkpt lat="42.925848" lon="-8.222557"><ele>385.380</ele><time>2025-03-06T08:00:11.775Z</time></trkpt><trkpt lat="42.925855" lon="-8.222620"><ele>385.533</ele><time>2025-03-06T08:00:15.772Z</time></trkpt><trkpt lat="42.925861" lon="-8.222682"><ele>385.823</ele><time>2025-03-06T08:00:19.772Z</time></trkpt><trkpt lat="42.925854" lon="-8.222755"><ele>386.015</ele><time>2025-03-06T08:00:24.774Z</time></trkpt><trkpt lat="42.925858" lon="-8.222821"><ele>386.409</ele><time>2025-03-06T08:00:29.716Z</time></trkpt><trkpt lat="42.925849" lon="-8.222887"><ele>386.855</ele><time>2025-03-06T08:00:33.714Z</time></trkpt><trkpt lat="42.925843" lon="-8.222955"><ele>387.333</ele><time>2025-03-06T08:00:38.727Z</time></trkpt><trkpt lat="42.925833" lon="-8.223021"><ele>387.886</ele><time>2025-03-06T08:00:44.761Z</time></trkpt><trkpt lat="42.925818" lon="-8.223082"><ele>388.052</ele><time>2025-03-06T08:00:49.724Z</time></trkpt><trkpt lat="42.925793" lon="-8.223138"><ele>388.287</ele><time>2025-03-06T08:00:54.762Z</time></trkpt><trkpt lat="42.925766" lon="-8.223189"><ele>388.436</ele><time>2025-03-06T08:00:58.755Z</time></trkpt><trkpt lat="42.925737" lon="-8.223245"><ele>388.656</ele><time>2025-03-06T08:01:03.875Z</time></trkpt><trkpt lat="42.925720" lon="-8.223306"><ele>388.986</ele><time>2025-03-06T08:01:07.757Z</time></trkpt><trkpt lat="42.925697" lon="-8.223365"><ele>389.135</ele><time>2025-03-06T08:01:12.777Z</time></trkpt><trkpt lat="42.925664" lon="-8.223435"><ele>389.449</ele><time>2025-03-06T08:01:17.767Z</time></trkpt><trkpt lat="42.925657" lon="-8.223498"><ele>389.602</ele><time>2025-03-06T08:01:21.715Z</time></trkpt><trkpt lat="42.925643" lon="-8.223559"><ele>389.822</ele><time>2025-03-06T08:01:25.767Z</time></trkpt><trkpt lat="42.925624" lon="-8.223620"><ele>390.009</ele><time>2025-03-06T08:01:29.755Z</time></trkpt><trkpt lat="42.925604" lon="-8.223677"><ele>390.086</ele><time>2025-03-06T08:01:33.770Z</time></trkpt><trkpt lat="42.925575" lon="-8.223730"><ele>390.084</ele><time>2025-03-06T08:01:37.775Z</time></trkpt><trkpt lat="42.925558" lon="-8.223789"><ele>390.057</ele><time>2025-03-06T08:01:41.769Z</time></trkpt><trkpt lat="42.925543" lon="-8.223850"><ele>389.973</ele><time>2025-03-06T08:01:45.773Z</time></trkpt><trkpt lat="42.925523" lon="-8.223906"><ele>389.818</ele><time>2025-03-06T08:01:49.773Z</time></trkpt><trkpt lat="42.925501" lon="-8.223972"><ele>389.657</ele><time>2025-03-06T08:01:53.999Z</time></trkpt><trkpt lat="42.925479" lon="-8.224030"><ele>389.427</ele><time>2025-03-06T08:01:58.771Z</time></trkpt><trkpt lat="42.925449" lon="-8.224093"><ele>389.217</ele><time>2025-03-06T08:02:04.761Z</time></trkpt><trkpt lat="42.925419" lon="-8.224157"><ele>389.046</ele><time>2025-03-06T08:02:10.764Z</time></trkpt><trkpt lat="42.925382" lon="-8.224212"><ele>388.645</ele><time>2025-03-06T08:02:15.781Z</time></trkpt><trkpt lat="42.925350" lon="-8.224283"><ele>388.147</ele><time>2025-03-06T08:02:19.780Z</time></trkpt><trkpt lat="42.925329" lon="-8.224354"><ele>387.711</ele><time>2025-03-06T08:02:23.725Z</time></trkpt><trkpt lat="42.925307" lon="-8.224415"><ele>387.309</ele><time>2025-03-06T08:02:27.719Z</time></trkpt><trkpt lat="42.925278" lon="-8.224479"><ele>387.036</ele><time>2025-03-06T08:02:32.737Z</time></trkpt><trkpt lat="42.925246" lon="-8.224525"><ele>387.094</ele><time>2025-03-06T08:02:37.722Z</time></trkpt><trkpt lat="42.925220" lon="-8.224594"><ele>386.937</ele><time>2025-03-06T08:02:41.753Z</time></trkpt><trkpt lat="42.925203" lon="-8.224654"><ele>386.873</ele><time>2025-03-06T08:02:45.725Z</time></trkpt><trkpt lat="42.925167" lon="-8.224700"><ele>386.618</ele><time>2025-03-06T08:02:50.944Z</time></trkpt><trkpt lat="42.925140" lon="-8.224751"><ele>386.557</ele><time>2025-03-06T08:02:54.764Z</time></trkpt><trkpt lat="42.925105" lon="-8.224806"><ele>386.497</ele><time>2025-03-06T08:02:59.753Z</time></trkpt><trkpt lat="42.925088" lon="-8.224863"><ele>386.357</ele><time>2025-03-06T08:03:04.929Z</time></trkpt><trkpt lat="42.925066" lon="-8.224922"><ele>386.236</ele><time>2025-03-06T08:03:08.769Z</time></trkpt><trkpt lat="42.925045" lon="-8.224987"><ele>386.213</ele><time>2025-03-06T08:03:12.763Z</time></trkpt><trkpt lat="42.925020" lon="-8.225054"><ele>386.143</ele><time>2025-03-06T08:03:17.748Z</time></trkpt><trkpt lat="42.924996" lon="-8.225113"><ele>386.007</ele><time>2025-03-06T08:03:23.764Z</time></trkpt><trkpt lat="42.924978" lon="-8.225174"><ele>385.909</ele><time>2025-03-06T08:03:28.759Z</time></trkpt><trkpt lat="42.924956" lon="-8.225234"><ele>385.813</ele><time>2025-03-06T08:03:32.769Z</time></trkpt><trkpt lat="42.924929" lon="-8.225292"><ele>385.841</ele><time>2025-03-06T08:03:36.718Z</time></trkpt><trkpt lat="42.924905" lon="-8.225356"><ele>386.074</ele><time>2025-03-06T08:03:41.783Z</time></trkpt><trkpt lat="42.924881" lon="-8.225418"><ele>386.190</ele><time>2025-03-06T08:03:45.982Z</time></trkpt><trkpt lat="42.924853" lon="-8.225477"><ele>386.195</ele><time>2025-03-06T08:03:50.779Z</time></trkpt><trkpt lat="42.924826" lon="-8.225534"><ele>386.184</ele><time>2025-03-06T08:03:56.760Z</time></trkpt><trkpt lat="42.924807" lon="-8.225595"><ele>385.964</ele><time>2025-03-06T08:04:01.768Z</time></trkpt><trkpt lat="42.924791" lon="-8.225654"><ele>385.714</ele><time>2025-03-06T08:04:04.766Z</time></trkpt><trkpt lat="42.924771" lon="-8.225721"><ele>385.523</ele><time>2025-03-06T08:04:08.764Z</time></trkpt><trkpt lat="42.924750" lon="-8.225789"><ele>385.391</ele><time>2025-03-06T08:04:12.773Z</time></trkpt><trkpt lat="42.924735" lon="-8.225861"><ele>385.181</ele><time>2025-03-06T08:04:18.772Z</time></trkpt><trkpt lat="42.924709" lon="-8.225926"><ele>384.919</ele><time>2025-03-06T08:04:25.784Z</time></trkpt><trkpt lat="42.924668" lon="-8.225979"><ele>384.609</ele><time>2025-03-06T08:04:30.764Z</time></trkpt><trkpt lat="42.924631" lon="-8.226027"><ele>384.391</ele><time>2025-03-06T08:04:34.775Z</time></trkpt><trkpt lat="42.924599" lon="-8.226090"><ele>384.149</ele><time>2025-03-06T08:04:38.768Z</time></trkpt><trkpt lat="42.924563" lon="-8.226151"><ele>383.912</ele><time>2025-03-06T08:04:42.778Z</time></trkpt><trkpt lat="42.924532" lon="-8.226204"><ele>383.998</ele><time>2025-03-06T08:04:47.949Z</time></trkpt><trkpt lat="42.924497" lon="-8.226264"><ele>383.823</ele><time>2025-03-06T08:04:53.777Z</time></trkpt><trkpt lat="42.924472" lon="-8.226316"><ele>383.922</ele><time>2025-03-06T08:04:57.777Z</time></trkpt><trkpt lat="42.924430" lon="-8.226386"><ele>383.962</ele><time>2025-03-06T08:05:02.771Z</time></trkpt><trkpt lat="42.924392" lon="-8.226424"><ele>383.842</ele><time>2025-03-06T08:05:07.766Z</time></trkpt><trkpt lat="42.924345" lon="-8.226464"><ele>383.621</ele><time>2025-03-06T08:05:12.768Z</time></trkpt><trkpt lat="42.924295" lon="-8.226489"><ele>383.574</ele><time>2025-03-06T08:05:17.756Z</time></trkpt><trkpt lat="42.924250" lon="-8.226517"><ele>383.356</ele><time>2025-03-06T08:05:21.774Z</time></trkpt><trkpt lat="42.924213" lon="-8.226564"><ele>383.221</ele><time>2025-03-06T08:05:26.771Z</time></trkpt><trkpt lat="42.924169" lon="-8.226592"><ele>383.009</ele><time>2025-03-06T08:05:31.772Z</time></trkpt><trkpt lat="42.924134" lon="-8.226638"><ele>382.919</ele><time>2025-03-06T08:05:34.781Z</time></trkpt><trkpt lat="42.924098" lon="-8.226692"><ele>382.887</ele><time>2025-03-06T08:05:38.787Z</time></trkpt><trkpt lat="42.924059" lon="-8.226741"><ele>382.790</ele><time>2025-03-06T08:05:44.764Z</time></trkpt><trkpt lat="42.924018" lon="-8.226796"><ele>382.716</ele><time>2025-03-06T08:05:48.775Z</time></trkpt><trkpt lat="42.923982" lon="-8.226842"><ele>382.851</ele><time>2025-03-06T08:05:53.775Z</time></trkpt><trkpt lat="42.923948" lon="-8.226883"><ele>382.820</ele><time>2025-03-06T08:05:57.783Z</time></trkpt><trkpt lat="42.923915" lon="-8.226931"><ele>383.070</ele><time>2025-03-06T08:06:02.762Z</time></trkpt><trkpt lat="42.923883" lon="-8.226979"><ele>382.910</ele><time>2025-03-06T08:06:06.755Z</time></trkpt><trkpt lat="42.923850" lon="-8.227023"><ele>382.779</ele><time>2025-03-06T08:06:10.760Z</time></trkpt><trkpt lat="42.923810" lon="-8.227064"><ele>382.552</ele><time>2025-03-06T08:06:14.776Z</time></trkpt><trkpt lat="42.923793" lon="-8.227123"><ele>382.553</ele><time>2025-03-06T08:06:17.746Z</time></trkpt><trkpt lat="42.923773" lon="-8.227193"><ele>382.408</ele><time>2025-03-06T08:06:22.984Z</time></trkpt><trkpt lat="42.923752" lon="-8.227249"><ele>382.509</ele><time>2025-03-06T08:06:25.757Z</time></trkpt><trkpt lat="42.923721" lon="-8.227317"><ele>382.757</ele><time>2025-03-06T08:06:30.760Z</time></trkpt><trkpt lat="42.923696" lon="-8.227380"><ele>382.955</ele><time>2025-03-06T08:06:34.779Z</time></trkpt><trkpt lat="42.923676" lon="-8.227438"><ele>382.958</ele><time>2025-03-06T08:06:39.790Z</time></trkpt><trkpt lat="42.923642" lon="-8.227482"><ele>383.034</ele><time>2025-03-06T08:06:43.772Z</time></trkpt><trkpt lat="42.923605" lon="-8.227531"><ele>383.199</ele><time>2025-03-06T08:06:48.772Z</time></trkpt><trkpt lat="42.923575" lon="-8.227582"><ele>383.498</ele><time>2025-03-06T08:06:52.787Z</time></trkpt><trkpt lat="42.923549" lon="-8.227634"><ele>383.728</ele><time>2025-03-06T08:06:56.772Z</time></trkpt><trkpt lat="42.923529" lon="-8.227691"><ele>384.088</ele><time>2025-03-06T08:07:01.776Z</time></trkpt><trkpt lat="42.923500" lon="-8.227756"><ele>384.367</ele><time>2025-03-06T08:07:05.773Z</time></trkpt><trkpt lat="42.923470" lon="-8.227818"><ele>384.779</ele><time>2025-03-06T08:07:10.771Z</time></trkpt><trkpt lat="42.923455" lon="-8.227879"><ele>385.105</ele><time>2025-03-06T08:07:14.777Z</time></trkpt><trkpt lat="42.923433" lon="-8.227942"><ele>385.625</ele><time>2025-03-06T08:07:18.775Z</time></trkpt><trkpt lat="42.923417" lon="-8.228010"><ele>386.109</ele><time>2025-03-06T08:07:21.772Z</time></trkpt><trkpt lat="42.923385" lon="-8.228058"><ele>386.689</ele><time>2025-03-06T08:07:31.775Z</time></trkpt><trkpt lat="42.923339" lon="-8.228097"><ele>387.377</ele><time>2025-03-06T08:07:38.755Z</time></trkpt><trkpt lat="42.923314" lon="-8.228149"><ele>387.820</ele><time>2025-03-06T08:07:44.766Z</time></trkpt><trkpt lat="42.923292" lon="-8.228204"><ele>388.446</ele><time>2025-03-06T08:07:50.764Z</time></trkpt><trkpt lat="42.923261" lon="-8.228262"><ele>389.241</ele><time>2025-03-06T08:07:56.984Z</time></trkpt><trkpt lat="42.923215" lon="-8.228306"><ele>390.090</ele><time>2025-03-06T08:08:04.772Z</time></trkpt><trkpt lat="42.923171" lon="-8.228345"><ele>390.820</ele><time>2025-03-06T08:08:09.866Z</time></trkpt><trkpt lat="42.923132" lon="-8.228401"><ele>391.740</ele><time>2025-03-06T08:08:15.769Z</time></trkpt><trkpt lat="42.923092" lon="-8.228444"><ele>392.499</ele><time>2025-03-06T08:08:22.014Z</time></trkpt><trkpt lat="42.923054" lon="-8.228486"><ele>393.119</ele><time>2025-03-06T08:08:27.779Z</time></trkpt><trkpt lat="42.923032" lon="-8.228545"><ele>393.809</ele><time>2025-03-06T08:08:31.774Z</time></trkpt><trkpt lat="42.922990" lon="-8.228589"><ele>394.519</ele><time>2025-03-06T08:08:36.758Z</time></trkpt><trkpt lat="42.922945" lon="-8.228661"><ele>395.709</ele><time>2025-03-06T08:08:44.769Z</time></trkpt><trkpt lat="42.922915" lon="-8.228717"><ele>396.513</ele><time>2025-03-06T08:08:49.762Z</time></trkpt><trkpt lat="42.922885" lon="-8.228775"><ele>397.341</ele><time>2025-03-06T08:08:54.770Z</time></trkpt><trkpt lat="42.922850" lon="-8.228828"><ele>398.034</ele><time>2025-03-06T08:09:01.773Z</time></trkpt><trkpt lat="42.922818" lon="-8.228876"><ele>398.630</ele><time>2025-03-06T08:09:05.777Z</time></trkpt><trkpt lat="42.922784" lon="-8.228947"><ele>399.415</ele><time>2025-03-06T08:09:11.762Z</time></trkpt><trkpt lat="42.922778" lon="-8.229014"><ele>399.944</ele><time>2025-03-06T08:09:16.770Z</time></trkpt><trkpt lat="42.922735" lon="-8.229087"><ele>400.734</ele><time>2025-03-06T08:09:24.773Z</time></trkpt><trkpt lat="42.922682" lon="-8.229163"><ele>401.774</ele><time>2025-03-06T08:09:32.769Z</time></trkpt><trkpt lat="42.922648" lon="-8.229229"><ele>401.893</ele><time>2025-03-06T08:09:38.763Z</time></trkpt><trkpt lat="42.922617" lon="-8.229291"><ele>401.993</ele><time>2025-03-06T08:09:43.772Z</time></trkpt><trkpt lat="42.922605" lon="-8.229361"><ele>401.865</ele><time>2025-03-06T08:09:48.774Z</time></trkpt><trkpt lat="42.922590" lon="-8.229427"><ele>401.721</ele><time>2025-03-06T08:09:52.922Z</time></trkpt><trkpt lat="42.922577" lon="-8.229499"><ele>401.409</ele><time>2025-03-06T08:09:56.768Z</time></trkpt><trkpt lat="42.922566" lon="-8.229567"><ele>401.081</ele><time>2025-03-06T08:10:01.788Z</time></trkpt><trkpt lat="42.922548" lon="-8.229625"><ele>400.629</ele><time>2025-03-06T08:10:05.768Z</time></trkpt><trkpt lat="42.922528" lon="-8.229695"><ele>400.212</ele><time>2025-03-06T08:10:10.775Z</time></trkpt><trkpt lat="42.922514" lon="-8.229763"><ele>399.788</ele><time>2025-03-06T08:10:15.772Z</time></trkpt><trkpt lat="42.922499" lon="-8.229823"><ele>399.343</ele><time>2025-03-06T08:10:20.773Z</time></trkpt><trkpt lat="42.922479" lon="-8.229882"><ele>398.862</ele><time>2025-03-06T08:10:24.785Z</time></trkpt><trkpt lat="42.922457" lon="-8.229944"><ele>398.482</ele><time>2025-03-06T08:10:29.728Z</time></trkpt><trkpt lat="42.922440" lon="-8.230016"><ele>398.062</ele><time>2025-03-06T08:10:34.776Z</time></trkpt><trkpt lat="42.922418" lon="-8.230081"><ele>398.081</ele><time>2025-03-06T08:10:39.728Z</time></trkpt><trkpt lat="42.922395" lon="-8.230148"><ele>398.026</ele><time>2025-03-06T08:10:44.773Z</time></trkpt><trkpt lat="42.922366" lon="-8.230213"><ele>398.047</ele><time>2025-03-06T08:10:49.764Z</time></trkpt><trkpt lat="42.922340" lon="-8.230269"><ele>398.011</ele><time>2025-03-06T08:10:54.769Z</time></trkpt><trkpt lat="42.922313" lon="-8.230335"><ele>398.309</ele><time>2025-03-06T08:10:59.765Z</time></trkpt><trkpt lat="42.922288" lon="-8.230389"><ele>398.524</ele><time>2025-03-06T08:11:03.785Z</time></trkpt><trkpt lat="42.922267" lon="-8.230444"><ele>398.742</ele><time>2025-03-06T08:11:07.762Z</time></trkpt><trkpt lat="42.922252" lon="-8.230503"><ele>398.935</ele><time>2025-03-06T08:11:11.787Z</time></trkpt><trkpt lat="42.922234" lon="-8.230561"><ele>399.061</ele><time>2025-03-06T08:11:15.776Z</time></trkpt><trkpt lat="42.922216" lon="-8.230618"><ele>398.926</ele><time>2025-03-06T08:11:20.773Z</time></trkpt><trkpt lat="42.922193" lon="-8.230685"><ele>398.635</ele><time>2025-03-06T08:11:25.773Z</time></trkpt><trkpt lat="42.922167" lon="-8.230754"><ele>398.365</ele><time>2025-03-06T08:11:30.760Z</time></trkpt><trkpt lat="42.922139" lon="-8.230828"><ele>397.855</ele><time>2025-03-06T08:11:36.753Z</time></trkpt><trkpt lat="42.922126" lon="-8.230892"><ele>397.454</ele><time>2025-03-06T08:11:40.719Z</time></trkpt><trkpt lat="42.922107" lon="-8.230952"><ele>396.918</ele><time>2025-03-06T08:11:46.768Z</time></trkpt><trkpt lat="42.922087" lon="-8.231021"><ele>396.498</ele><time>2025-03-06T08:11:52.773Z</time></trkpt><trkpt lat="42.922059" lon="-8.231080"><ele>395.817</ele><time>2025-03-06T08:11:57.763Z</time></trkpt><trkpt lat="42.922043" lon="-8.231144"><ele>395.209</ele><time>2025-03-06T08:12:01.775Z</time></trkpt><trkpt lat="42.922020" lon="-8.231201"><ele>394.463</ele><time>2025-03-06T08:12:06.775Z</time></trkpt><trkpt lat="42.922003" lon="-8.231263"><ele>393.851</ele><time>2025-03-06T08:12:11.783Z</time></trkpt><trkpt lat="42.921981" lon="-8.231320"><ele>393.054</ele><time>2025-03-06T08:12:15.796Z</time></trkpt><trkpt lat="42.921940" lon="-8.231373"><ele>392.140</ele><time>2025-03-06T08:12:22.772Z</time></trkpt><trkpt lat="42.921906" lon="-8.231420"><ele>391.855</ele><time>2025-03-06T08:12:27.771Z</time></trkpt><trkpt lat="42.921870" lon="-8.231460"><ele>391.584</ele><time>2025-03-06T08:12:31.765Z</time></trkpt><trkpt lat="42.921835" lon="-8.231512"><ele>391.274</ele><time>2025-03-06T08:12:37.774Z</time></trkpt><trkpt lat="42.921798" lon="-8.231561"><ele>390.934</ele><time>2025-03-06T08:12:42.783Z</time></trkpt><trkpt lat="42.921758" lon="-8.231614"><ele>390.593</ele><time>2025-03-06T08:12:47.788Z</time></trkpt><trkpt lat="42.921727" lon="-8.231679"><ele>390.217</ele><time>2025-03-06T08:12:51.774Z</time></trkpt><trkpt lat="42.921710" lon="-8.231750"><ele>390.287</ele><time>2025-03-06T08:12:55.785Z</time></trkpt><trkpt lat="42.921689" lon="-8.231822"><ele>390.115</ele><time>2025-03-06T08:12:59.779Z</time></trkpt><trkpt lat="42.921656" lon="-8.231879"><ele>389.909</ele><time>2025-03-06T08:13:03.774Z</time></trkpt><trkpt lat="42.921626" lon="-8.231931"><ele>389.663</ele><time>2025-03-06T08:13:07.778Z</time></trkpt><trkpt lat="42.921601" lon="-8.231984"><ele>389.371</ele><time>2025-03-06T08:13:13.767Z</time></trkpt><trkpt lat="42.921556" lon="-8.232027"><ele>388.794</ele><time>2025-03-06T08:13:20.934Z</time></trkpt><trkpt lat="42.921517" lon="-8.232083"><ele>388.130</ele><time>2025-03-06T08:13:25.777Z</time></trkpt><trkpt lat="42.921487" lon="-8.232153"><ele>387.685</ele><time>2025-03-06T08:13:30.769Z</time></trkpt><trkpt lat="42.921457" lon="-8.232205"><ele>387.044</ele><time>2025-03-06T08:13:34.768Z</time></trkpt><trkpt lat="42.921431" lon="-8.232272"><ele>386.884</ele><time>2025-03-06T08:13:38.774Z</time></trkpt><trkpt lat="42.921401" lon="-8.232330"><ele>386.574</ele><time>2025-03-06T08:13:42.770Z</time></trkpt><trkpt lat="42.921384" lon="-8.232387"><ele>386.533</ele><time>2025-03-06T08:13:46.771Z</time></trkpt><trkpt lat="42.921351" lon="-8.232467"><ele>386.422</ele><time>2025-03-06T08:13:55.801Z</time></trkpt><trkpt lat="42.921313" lon="-8.232514"><ele>386.062</ele><time>2025-03-06T08:14:00.781Z</time></trkpt><trkpt lat="42.921271" lon="-8.232555"><ele>385.808</ele><time>2025-03-06T08:14:05.769Z</time></trkpt><trkpt lat="42.921243" lon="-8.232621"><ele>386.009</ele><time>2025-03-06T08:14:10.765Z</time></trkpt><trkpt lat="42.921209" lon="-8.232669"><ele>386.094</ele><time>2025-03-06T08:14:14.773Z</time></trkpt><trkpt lat="42.921182" lon="-8.232738"><ele>386.492</ele><time>2025-03-06T08:14:18.781Z</time></trkpt><trkpt lat="42.921167" lon="-8.232796"><ele>386.715</ele><time>2025-03-06T08:14:21.972Z</time></trkpt><trkpt lat="42.921143" lon="-8.232866"><ele>387.021</ele><time>2025-03-06T08:14:25.774Z</time></trkpt><trkpt lat="42.921120" lon="-8.232936"><ele>387.366</ele><time>2025-03-06T08:14:29.759Z</time></trkpt><trkpt lat="42.921088" lon="-8.233007"><ele>387.335</ele><time>2025-03-06T08:14:34.773Z</time></trkpt><trkpt lat="42.921067" lon="-8.233063"><ele>387.415</ele><time>2025-03-06T08:14:39.773Z</time></trkpt><trkpt lat="42.921049" lon="-8.233130"><ele>387.635</ele><time>2025-03-06T08:14:44.953Z</time></trkpt><trkpt lat="42.921022" lon="-8.233196"><ele>387.644</ele><time>2025-03-06T08:14:49.775Z</time></trkpt><trkpt lat="42.920989" lon="-8.233242"><ele>387.397</ele><time>2025-03-06T08:14:55.770Z</time></trkpt><trkpt lat="42.920959" lon="-8.233299"><ele>387.123</ele><time>2025-03-06T08:14:59.770Z</time></trkpt><trkpt lat="42.920938" lon="-8.233371"><ele>387.225</ele><time>2025-03-06T08:15:04.757Z</time></trkpt><trkpt lat="42.920919" lon="-8.233427"><ele>387.209</ele><time>2025-03-06T08:15:08.762Z</time></trkpt><trkpt lat="42.920902" lon="-8.233491"><ele>387.481</ele><time>2025-03-06T08:15:13.776Z</time></trkpt><trkpt lat="42.920881" lon="-8.233564"><ele>387.539</ele><time>2025-03-06T08:15:17.769Z</time></trkpt><trkpt lat="42.920864" lon="-8.233645"><ele>387.782</ele><time>2025-03-06T08:15:22.778Z</time></trkpt><trkpt lat="42.920849" lon="-8.233711"><ele>387.798</ele><time>2025-03-06T08:15:26.768Z</time></trkpt><trkpt lat="42.920843" lon="-8.233777"><ele>387.843</ele><time>2025-03-06T08:15:31.770Z</time></trkpt><trkpt lat="42.920829" lon="-8.233844"><ele>387.762</ele><time>2025-03-06T08:15:35.775Z</time></trkpt><trkpt lat="42.920813" lon="-8.233913"><ele>387.752</ele><time>2025-03-06T08:15:39.788Z</time></trkpt><trkpt lat="42.920789" lon="-8.233966"><ele>387.662</ele><time>2025-03-06T08:15:43.715Z</time></trkpt><trkpt lat="42.920776" lon="-8.234040"><ele>387.961</ele><time>2025-03-06T08:15:48.884Z</time></trkpt><trkpt lat="42.920774" lon="-8.234106"><ele>388.394</ele><time>2025-03-06T08:15:52.758Z</time></trkpt><trkpt lat="42.920783" lon="-8.234169"><ele>388.957</ele><time>2025-03-06T08:15:55.764Z</time></trkpt><trkpt lat="42.920776" lon="-8.234233"><ele>389.022</ele><time>2025-03-06T08:16:00.759Z</time></trkpt><trkpt lat="42.920765" lon="-8.234305"><ele>389.009</ele><time>2025-03-06T08:16:05.775Z</time></trkpt><trkpt lat="42.920764" lon="-8.234378"><ele>389.371</ele><time>2025-03-06T08:16:10.772Z</time></trkpt><trkpt lat="42.920766" lon="-8.234445"><ele>389.539</ele><time>2025-03-06T08:16:16.774Z</time></trkpt><trkpt lat="42.920754" lon="-8.234510"><ele>389.722</ele><time>2025-03-06T08:16:20.776Z</time></trkpt><trkpt lat="42.920746" lon="-8.234576"><ele>389.918</ele><time>2025-03-06T08:16:24.771Z</time></trkpt><trkpt lat="42.920726" lon="-8.234653"><ele>390.063</ele><time>2025-03-06T08:16:30.772Z</time></trkpt><trkpt lat="42.920704" lon="-8.234712"><ele>390.192</ele><time>2025-03-06T08:16:35.772Z</time></trkpt><trkpt lat="42.920690" lon="-8.234777"><ele>390.082</ele><time>2025-03-06T08:16:39.777Z</time></trkpt><trkpt lat="42.920659" lon="-8.234847"><ele>389.822</ele><time>2025-03-06T08:16:44.779Z</time></trkpt><trkpt lat="42.920639" lon="-8.234910"><ele>389.761</ele><time>2025-03-06T08:16:49.774Z</time></trkpt><trkpt lat="42.920610" lon="-8.234966"><ele>389.545</ele><time>2025-03-06T08:16:55.775Z</time></trkpt><trkpt lat="42.920578" lon="-8.235027"><ele>389.447</ele><time>2025-03-06T08:17:00.778Z</time></trkpt><trkpt lat="42.920548" lon="-8.235075"><ele>389.511</ele><time>2025-03-06T08:17:04.763Z</time></trkpt><trkpt lat="42.920519" lon="-8.235131"><ele>389.709</ele><time>2025-03-06T08:17:09.769Z</time></trkpt><trkpt lat="42.920485" lon="-8.235180"><ele>389.816</ele><time>2025-03-06T08:17:14.781Z</time></trkpt><trkpt lat="42.920455" lon="-8.235229"><ele>389.974</ele><time>2025-03-06T08:17:19.775Z</time></trkpt><trkpt lat="42.920408" lon="-8.235308"><ele>389.967</ele><time>2025-03-06T08:17:28.773Z</time></trkpt><trkpt lat="42.920369" lon="-8.235349"><ele>389.713</ele><time>2025-03-06T08:17:33.758Z</time></trkpt><trkpt lat="42.920325" lon="-8.235390"><ele>389.318</ele><time>2025-03-06T08:17:37.774Z</time></trkpt><trkpt lat="42.920298" lon="-8.235439"><ele>389.187</ele><time>2025-03-06T08:17:40.789Z</time></trkpt><trkpt lat="42.920284" lon="-8.235505"><ele>389.097</ele><time>2025-03-06T08:17:43.781Z</time></trkpt><trkpt lat="42.920279" lon="-8.235586"><ele>389.047</ele><time>2025-03-06T08:17:46.781Z</time></trkpt><trkpt lat="42.920269" lon="-8.235648"><ele>389.026</ele><time>2025-03-06T08:17:49.774Z</time></trkpt><trkpt lat="42.920267" lon="-8.235710"><ele>389.017</ele><time>2025-03-06T08:17:52.781Z</time></trkpt><trkpt lat="42.920269" lon="-8.235783"><ele>389.087</ele><time>2025-03-06T08:17:56.761Z</time></trkpt><trkpt lat="42.920263" lon="-8.235847"><ele>388.915</ele><time>2025-03-06T08:17:59.783Z</time></trkpt><trkpt lat="42.920270" lon="-8.235918"><ele>388.709</ele><time>2025-03-06T08:18:03.768Z</time></trkpt><trkpt lat="42.920269" lon="-8.235993"><ele>388.453</ele><time>2025-03-06T08:18:10.761Z</time></trkpt><trkpt lat="42.920277" lon="-8.236058"><ele>388.291</ele><time>2025-03-06T08:18:14.760Z</time></trkpt><trkpt lat="42.920293" lon="-8.236133"><ele>387.934</ele><time>2025-03-06T08:18:19.779Z</time></trkpt><trkpt lat="42.920309" lon="-8.236198"><ele>387.510</ele><time>2025-03-06T08:18:25.776Z</time></trkpt><trkpt lat="42.920314" lon="-8.236262"><ele>387.085</ele><time>2025-03-06T08:18:31.769Z</time></trkpt><trkpt lat="42.920323" lon="-8.236336"><ele>386.454</ele><time>2025-03-06T08:18:39.770Z</time></trkpt><trkpt lat="42.920329" lon="-8.236426"><ele>385.664</ele><time>2025-03-06T08:18:45.776Z</time></trkpt><trkpt lat="42.920331" lon="-8.236490"><ele>384.984</ele><time>2025-03-06T08:18:50.781Z</time></trkpt><trkpt lat="42.920323" lon="-8.236555"><ele>384.213</ele><time>2025-03-06T08:18:56.776Z</time></trkpt><trkpt lat="42.920330" lon="-8.236617"><ele>383.517</ele><time>2025-03-06T08:19:01.776Z</time></trkpt><trkpt lat="42.920326" lon="-8.236697"><ele>382.787</ele><time>2025-03-06T08:19:07.773Z</time></trkpt><trkpt lat="42.920322" lon="-8.236761"><ele>382.015</ele><time>2025-03-06T08:19:13.772Z</time></trkpt><trkpt lat="42.920310" lon="-8.236834"><ele>381.209</ele><time>2025-03-06T08:19:19.787Z</time></trkpt><trkpt lat="42.920286" lon="-8.236893"><ele>380.663</ele><time>2025-03-06T08:19:24.776Z</time></trkpt><trkpt lat="42.920266" lon="-8.236950"><ele>379.941</ele><time>2025-03-06T08:19:29.778Z</time></trkpt><trkpt lat="42.920239" lon="-8.237011"><ele>379.344</ele><time>2025-03-06T08:19:36.773Z</time></trkpt><trkpt lat="42.920210" lon="-8.237059"><ele>378.820</ele><time>2025-03-06T08:19:41.764Z</time></trkpt><trkpt lat="42.920187" lon="-8.237130"><ele>378.075</ele><time>2025-03-06T08:19:46.776Z</time></trkpt><trkpt lat="42.920160" lon="-8.237188"><ele>377.474</ele><time>2025-03-06T08:19:50.768Z</time></trkpt><trkpt lat="42.920113" lon="-8.237219"><ele>377.034</ele><time>2025-03-06T08:19:56.911Z</time></trkpt><trkpt lat="42.920071" lon="-8.237245"><ele>376.824</ele><time>2025-03-06T08:20:00.775Z</time></trkpt><trkpt lat="42.920032" lon="-8.237282"><ele>376.473</ele><time>2025-03-06T08:20:05.766Z</time></trkpt><trkpt lat="42.919981" lon="-8.237298"><ele>376.093</ele><time>2025-03-06T08:20:09.761Z</time></trkpt><trkpt lat="42.919932" lon="-8.237300"><ele>375.565</ele><time>2025-03-06T08:20:13.777Z</time></trkpt><trkpt lat="42.919876" lon="-8.237312"><ele>374.821</ele><time>2025-03-06T08:20:18.777Z</time></trkpt><trkpt lat="42.919832" lon="-8.237349"><ele>374.109</ele><time>2025-03-06T08:20:23.788Z</time></trkpt><trkpt lat="42.919788" lon="-8.237379"><ele>373.471</ele><time>2025-03-06T08:20:28.783Z</time></trkpt><trkpt lat="42.919744" lon="-8.237414"><ele>372.829</ele><time>2025-03-06T08:20:32.770Z</time></trkpt><trkpt lat="42.919726" lon="-8.237481"><ele>372.232</ele><time>2025-03-06T08:20:36.023Z</time></trkpt><trkpt lat="42.919718" lon="-8.237544"><ele>371.648</ele><time>2025-03-06T08:20:38.760Z</time></trkpt><trkpt lat="42.919688" lon="-8.237612"><ele>370.943</ele><time>2025-03-06T08:20:42.753Z</time></trkpt><trkpt lat="42.919669" lon="-8.237677"><ele>370.332</ele><time>2025-03-06T08:20:46.785Z</time></trkpt><trkpt lat="42.919661" lon="-8.237742"><ele>369.892</ele><time>2025-03-06T08:20:50.779Z</time></trkpt><trkpt lat="42.919649" lon="-8.237806"><ele>369.492</ele><time>2025-03-06T08:20:53.780Z</time></trkpt><trkpt lat="42.919627" lon="-8.237870"><ele>369.081</ele><time>2025-03-06T08:20:57.783Z</time></trkpt><trkpt lat="42.919602" lon="-8.237931"><ele>368.634</ele><time>2025-03-06T08:21:02.762Z</time></trkpt><trkpt lat="42.919573" lon="-8.237983"><ele>368.255</ele><time>2025-03-06T08:21:06.753Z</time></trkpt><trkpt lat="42.919556" lon="-8.238055"><ele>367.810</ele><time>2025-03-06T08:21:11.771Z</time></trkpt><trkpt lat="42.919537" lon="-8.238134"><ele>367.509</ele><time>2025-03-06T08:21:17.780Z</time></trkpt><trkpt lat="42.919518" lon="-8.238201"><ele>367.365</ele><time>2025-03-06T08:21:22.778Z</time></trkpt><trkpt lat="42.919497" lon="-8.238257"><ele>367.153</ele><time>2025-03-06T08:21:26.791Z</time></trkpt><trkpt lat="42.919472" lon="-8.238312"><ele>367.066</ele><time>2025-03-06T08:21:30.751Z</time></trkpt><trkpt lat="42.919458" lon="-8.238377"><ele>367.032</ele><time>2025-03-06T08:21:34.766Z</time></trkpt><trkpt lat="42.919413" lon="-8.238418"><ele>367.047</ele><time>2025-03-06T08:21:39.755Z</time></trkpt><trkpt lat="42.919393" lon="-8.238479"><ele>367.196</ele><time>2025-03-06T08:21:43.764Z</time></trkpt><trkpt lat="42.919368" lon="-8.238547"><ele>367.216</ele><time>2025-03-06T08:21:48.784Z</time></trkpt><trkpt lat="42.919339" lon="-8.238607"><ele>367.416</ele><time>2025-03-06T08:21:53.792Z</time></trkpt><trkpt lat="42.919309" lon="-8.238668"><ele>367.675</ele><time>2025-03-06T08:21:57.770Z</time></trkpt><trkpt lat="42.919285" lon="-8.238735"><ele>367.869</ele><time>2025-03-06T08:22:02.784Z</time></trkpt><trkpt lat="42.919263" lon="-8.238800"><ele>368.104</ele><time>2025-03-06T08:22:06.892Z</time></trkpt><trkpt lat="42.919241" lon="-8.238870"><ele>368.424</ele><time>2025-03-06T08:22:11.762Z</time></trkpt><trkpt lat="42.919211" lon="-8.238924"><ele>368.709</ele><time>2025-03-06T08:22:15.781Z</time></trkpt><trkpt lat="42.919197" lon="-8.238989"><ele>368.718</ele><time>2025-03-06T08:22:19.773Z</time></trkpt><trkpt lat="42.919171" lon="-8.239054"><ele>369.066</ele><time>2025-03-06T08:22:24.780Z</time></trkpt><trkpt lat="42.919147" lon="-8.239120"><ele>369.079</ele><time>2025-03-06T08:22:29.782Z</time></trkpt><trkpt lat="42.919117" lon="-8.239188"><ele>368.815</ele><time>2025-03-06T08:22:34.785Z</time></trkpt><trkpt lat="42.919085" lon="-8.239243"><ele>368.560</ele><time>2025-03-06T08:22:39.780Z</time></trkpt><trkpt lat="42.919067" lon="-8.239306"><ele>368.089</ele><time>2025-03-06T08:22:45.994Z</time></trkpt><trkpt lat="42.919046" lon="-8.239364"><ele>367.619</ele><time>2025-03-06T08:22:51.780Z</time></trkpt><trkpt lat="42.919022" lon="-8.239435"><ele>367.119</ele><time>2025-03-06T08:22:58.780Z</time></trkpt><trkpt lat="42.918982" lon="-8.239490"><ele>366.778</ele><time>2025-03-06T08:23:03.779Z</time></trkpt><trkpt lat="42.918942" lon="-8.239554"><ele>366.394</ele><time>2025-03-06T08:23:07.772Z</time></trkpt><trkpt lat="42.918906" lon="-8.239591"><ele>366.057</ele><time>2025-03-06T08:23:10.781Z</time></trkpt><trkpt lat="42.918874" lon="-8.239642"><ele>365.722</ele><time>2025-03-06T08:23:14.774Z</time></trkpt><trkpt lat="42.918845" lon="-8.239693"><ele>365.509</ele><time>2025-03-06T08:23:18.774Z</time></trkpt><trkpt lat="42.918800" lon="-8.239734"><ele>365.521</ele><time>2025-03-06T08:23:31.769Z</time></trkpt><trkpt lat="42.918760" lon="-8.239775"><ele>365.489</ele><time>2025-03-06T08:23:35.786Z</time></trkpt><trkpt lat="42.918730" lon="-8.239824"><ele>365.032</ele><time>2025-03-06T08:23:41.770Z</time></trkpt><trkpt lat="42.918693" lon="-8.239869"><ele>364.828</ele><time>2025-03-06T08:23:46.783Z</time></trkpt><trkpt lat="42.918665" lon="-8.239924"><ele>364.493</ele><time>2025-03-06T08:23:54.781Z</time></trkpt><trkpt lat="42.918626" lon="-8.239961"><ele>364.382</ele><time>2025-03-06T08:23:58.790Z</time></trkpt><trkpt lat="42.918592" lon="-8.240005"><ele>364.082</ele><time>2025-03-06T08:24:02.775Z</time></trkpt><trkpt lat="42.918541" lon="-8.240048"><ele>363.752</ele><time>2025-03-06T08:24:07.774Z</time></trkpt><trkpt lat="42.918503" lon="-8.240086"><ele>363.431</ele><time>2025-03-06T08:24:10.784Z</time></trkpt><trkpt lat="42.918465" lon="-8.240128"><ele>363.081</ele><time>2025-03-06T08:24:14.766Z</time></trkpt><trkpt lat="42.918429" lon="-8.240172"><ele>362.661</ele><time>2025-03-06T08:24:18.787Z</time></trkpt><trkpt lat="42.918433" lon="-8.240234"><ele>361.617</ele><time>2025-03-06T08:24:24.719Z</time></trkpt><trkpt lat="42.918461" lon="-8.240287"><ele>360.509</ele><time>2025-03-06T08:24:37.742Z</time></trkpt><trkpt lat="42.918468" lon="-8.240352"><ele>359.320</ele><time>2025-03-06T08:24:41.778Z</time></trkpt><trkpt lat="42.918482" lon="-8.240416"><ele>358.278</ele><time>2025-03-06T08:24:50.750Z</time></trkpt><trkpt lat="42.918488" lon="-8.240493"><ele>356.941</ele><time>2025-03-06T08:24:57.769Z</time></trkpt><trkpt lat="42.918502" lon="-8.240581"><ele>355.557</ele><time>2025-03-06T08:25:06.765Z</time></trkpt><trkpt lat="42.918528" lon="-8.240505"><ele>356.452</ele><time>2025-03-06T09:00:55.042Z</time></trkpt><trkpt lat="42.918429" lon="-8.240592"><ele>355.811</ele><time>2025-03-06T09:00:56.737Z</time></trkpt><trkpt lat="42.918480" lon="-8.240594"><ele>355.591</ele><time>2025-03-06T09:02:51.773Z</time></trkpt><trkpt lat="42.918581" lon="-8.240502"><ele>356.031</ele><time>2025-03-06T09:13:27.747Z</time></trkpt><trkpt lat="42.918454" lon="-8.240607"><ele>355.570</ele><time>2025-03-06T09:13:29.772Z</time></trkpt><trkpt lat="42.918478" lon="-8.240487"><ele>357.136</ele><time>2025-03-06T09:13:32.729Z</time></trkpt><trkpt lat="42.918465" lon="-8.240556"><ele>356.017</ele><time>2025-03-06T09:14:07.766Z</time></trkpt><trkpt lat="42.918457" lon="-8.240629"><ele>355.218</ele><time>2025-03-06T09:14:30.737Z</time></trkpt><trkpt lat="42.918505" lon="-8.240681"><ele>354.209</ele><time>2025-03-06T09:14:38.757Z</time></trkpt><trkpt lat="42.918499" lon="-8.240606"><ele>355.245</ele><time>2025-03-06T09:15:05.729Z</time></trkpt><trkpt lat="42.918530" lon="-8.240553"><ele>355.683</ele><time>2025-03-06T09:16:19.770Z</time></trkpt><trkpt lat="42.918531" lon="-8.240476"><ele>356.856</ele><time>2025-03-06T09:16:27.775Z</time></trkpt><trkpt lat="42.918515" lon="-8.240408"><ele>358.062</ele><time>2025-03-06T09:16:40.788Z</time></trkpt><trkpt lat="42.918496" lon="-8.240345"><ele>359.277</ele><time>2025-03-06T09:16:46.780Z</time></trkpt><trkpt lat="42.918463" lon="-8.240298"><ele>360.326</ele><time>2025-03-06T09:16:51.780Z</time></trkpt><trkpt lat="42.918406" lon="-8.240308"><ele>360.766</ele><time>2025-03-06T09:16:55.787Z</time></trkpt><trkpt lat="42.918374" lon="-8.240361"><ele>360.146</ele><time>2025-03-06T09:16:59.768Z</time></trkpt><trkpt lat="42.918337" lon="-8.240318"><ele>361.275</ele><time>2025-03-06T09:17:11.792Z</time></trkpt><trkpt lat="42.918292" lon="-8.240332"><ele>361.141</ele><time>2025-03-06T09:17:16.772Z</time></trkpt><trkpt lat="42.918246" lon="-8.240370"><ele>360.481</ele><time>2025-03-06T09:17:20.774Z</time></trkpt><trkpt lat="42.918204" lon="-8.240403"><ele>360.009</ele><time>2025-03-06T09:17:25.779Z</time></trkpt><trkpt lat="42.918159" lon="-8.240433"><ele>359.609</ele><time>2025-03-06T09:17:30.778Z</time></trkpt><trkpt lat="42.918107" lon="-8.240484"><ele>358.986</ele><time>2025-03-06T09:17:36.775Z</time></trkpt><trkpt lat="42.918091" lon="-8.240554"><ele>357.924</ele><time>2025-03-06T09:17:41.786Z</time></trkpt><trkpt lat="42.918070" lon="-8.240621"><ele>357.017</ele><time>2025-03-06T09:17:46.771Z</time></trkpt><trkpt lat="42.918039" lon="-8.240675"><ele>356.253</ele><time>2025-03-06T09:17:52.778Z</time></trkpt><trkpt lat="42.918029" lon="-8.240743"><ele>355.368</ele><time>2025-03-06T09:17:57.783Z</time></trkpt><trkpt lat="42.918013" lon="-8.240815"><ele>354.427</ele><time>2025-03-06T09:18:02.785Z</time></trkpt><trkpt lat="42.918006" lon="-8.240878"><ele>353.717</ele><time>2025-03-06T09:18:07.787Z</time></trkpt><trkpt lat="42.917991" lon="-8.240950"><ele>353.077</ele><time>2025-03-06T09:18:13.785Z</time></trkpt><trkpt lat="42.917963" lon="-8.241010"><ele>352.416</ele><time>2025-03-06T09:18:21.755Z</time></trkpt><trkpt lat="42.917933" lon="-8.241073"><ele>351.977</ele><time>2025-03-06T09:18:26.779Z</time></trkpt><trkpt lat="42.917906" lon="-8.241133"><ele>351.461</ele><time>2025-03-06T09:18:30.778Z</time></trkpt><trkpt lat="42.917888" lon="-8.241197"><ele>351.027</ele><time>2025-03-06T09:18:34.776Z</time></trkpt><trkpt lat="42.917863" lon="-8.241254"><ele>350.709</ele><time>2025-03-06T09:18:41.770Z</time></trkpt><trkpt lat="42.917819" lon="-8.241306"><ele>350.479</ele><time>2025-03-06T09:18:47.782Z</time></trkpt><trkpt lat="42.917783" lon="-8.241356"><ele>350.247</ele><time>2025-03-06T09:18:51.780Z</time></trkpt><trkpt lat="42.917758" lon="-8.241414"><ele>350.050</ele><time>2025-03-06T09:18:55.787Z</time></trkpt><trkpt lat="42.917728" lon="-8.241482"><ele>350.026</ele><time>2025-03-06T09:19:00.775Z</time></trkpt><trkpt lat="42.917701" lon="-8.241538"><ele>349.931</ele><time>2025-03-06T09:19:04.784Z</time></trkpt><trkpt lat="42.917717" lon="-8.241608"><ele>349.520</ele><time>2025-03-06T09:19:10.779Z</time></trkpt><trkpt lat="42.917718" lon="-8.241676"><ele>349.260</ele><time>2025-03-06T09:19:14.783Z</time></trkpt><trkpt lat="42.917718" lon="-8.241746"><ele>348.930</ele><time>2025-03-06T09:19:18.783Z</time></trkpt><trkpt lat="42.917733" lon="-8.241806"><ele>348.649</ele><time>2025-03-06T09:19:22.776Z</time></trkpt><trkpt lat="42.917757" lon="-8.241860"><ele>348.366</ele><time>2025-03-06T09:19:28.002Z</time></trkpt><trkpt lat="42.917791" lon="-8.241927"><ele>348.029</ele><time>2025-03-06T09:19:32.779Z</time></trkpt><trkpt lat="42.917822" lon="-8.241984"><ele>347.721</ele><time>2025-03-06T09:19:36.775Z</time></trkpt><trkpt lat="42.917855" lon="-8.242032"><ele>347.509</ele><time>2025-03-06T09:19:40.764Z</time></trkpt><trkpt lat="42.917878" lon="-8.242091"><ele>347.398</ele><time>2025-03-06T09:19:44.773Z</time></trkpt><trkpt lat="42.917881" lon="-8.242159"><ele>347.156</ele><time>2025-03-06T09:19:50.791Z</time></trkpt><trkpt lat="42.917884" lon="-8.242227"><ele>347.079</ele><time>2025-03-06T09:19:55.766Z</time></trkpt><trkpt lat="42.917900" lon="-8.242286"><ele>346.855</ele><time>2025-03-06T09:20:01.786Z</time></trkpt><trkpt lat="42.917898" lon="-8.242354"><ele>346.580</ele><time>2025-03-06T09:20:07.783Z</time></trkpt><trkpt lat="42.917920" lon="-8.242418"><ele>346.369</ele><time>2025-03-06T09:20:12.763Z</time></trkpt><trkpt lat="42.917943" lon="-8.242483"><ele>346.189</ele><time>2025-03-06T09:20:17.784Z</time></trkpt><trkpt lat="42.917971" lon="-8.242542"><ele>345.749</ele><time>2025-03-06T09:20:21.778Z</time></trkpt><trkpt lat="42.918002" lon="-8.242601"><ele>345.338</ele><time>2025-03-06T09:20:26.774Z</time></trkpt><trkpt lat="42.918017" lon="-8.242662"><ele>344.992</ele><time>2025-03-06T09:20:30.784Z</time></trkpt><trkpt lat="42.918028" lon="-8.242733"><ele>344.473</ele><time>2025-03-06T09:20:35.787Z</time></trkpt><trkpt lat="42.918054" lon="-8.242790"><ele>343.920</ele><time>2025-03-06T09:20:39.784Z</time></trkpt><trkpt lat="42.918070" lon="-8.242850"><ele>343.409</ele><time>2025-03-06T09:20:44.780Z</time></trkpt><trkpt lat="42.918080" lon="-8.242916"><ele>343.031</ele><time>2025-03-06T09:20:49.963Z</time></trkpt><trkpt lat="42.918114" lon="-8.242979"><ele>342.599</ele><time>2025-03-06T09:20:53.774Z</time></trkpt><trkpt lat="42.918151" lon="-8.243024"><ele>342.272</ele><time>2025-03-06T09:20:59.787Z</time></trkpt><trkpt lat="42.918187" lon="-8.243075"><ele>341.978</ele><time>2025-03-06T09:21:03.779Z</time></trkpt><trkpt lat="42.918206" lon="-8.243139"><ele>341.583</ele><time>2025-03-06T09:21:07.777Z</time></trkpt><trkpt lat="42.918222" lon="-8.243209"><ele>341.142</ele><time>2025-03-06T09:21:12.785Z</time></trkpt><trkpt lat="42.918207" lon="-8.243268"><ele>340.812</ele><time>2025-03-06T09:21:17.781Z</time></trkpt><trkpt lat="42.918172" lon="-8.243323"><ele>340.622</ele><time>2025-03-06T09:21:22.785Z</time></trkpt><trkpt lat="42.918131" lon="-8.243376"><ele>340.531</ele><time>2025-03-06T09:21:29.793Z</time></trkpt><trkpt lat="42.918087" lon="-8.243393"><ele>340.554</ele><time>2025-03-06T09:21:34.766Z</time></trkpt><trkpt lat="42.918029" lon="-8.243409"><ele>340.556</ele><time>2025-03-06T09:21:40.787Z</time></trkpt><trkpt lat="42.917976" lon="-8.243419"><ele>340.411</ele><time>2025-03-06T09:21:43.781Z</time></trkpt><trkpt lat="42.917935" lon="-8.243469"><ele>340.009</ele><time>2025-03-06T09:21:47.782Z</time></trkpt><trkpt lat="42.917933" lon="-8.243532"><ele>339.637</ele><time>2025-03-06T09:21:52.775Z</time></trkpt><trkpt lat="42.917954" lon="-8.243598"><ele>339.195</ele><time>2025-03-06T09:22:00.796Z</time></trkpt><trkpt lat="42.917972" lon="-8.243659"><ele>338.848</ele><time>2025-03-06T09:22:04.770Z</time></trkpt><trkpt lat="42.917973" lon="-8.243731"><ele>338.624</ele><time>2025-03-06T09:22:08.779Z</time></trkpt><trkpt lat="42.917990" lon="-8.243794"><ele>338.369</ele><time>2025-03-06T09:22:13.782Z</time></trkpt><trkpt lat="42.917991" lon="-8.243864"><ele>338.158</ele><time>2025-03-06T09:22:17.782Z</time></trkpt><trkpt lat="42.917982" lon="-8.243924"><ele>337.888</ele><time>2025-03-06T09:22:21.764Z</time></trkpt><trkpt lat="42.917962" lon="-8.244009"><ele>337.418</ele><time>2025-03-06T09:22:25.779Z</time></trkpt><trkpt lat="42.917955" lon="-8.244084"><ele>337.027</ele><time>2025-03-06T09:22:30.782Z</time></trkpt><trkpt lat="42.917953" lon="-8.244148"><ele>336.747</ele><time>2025-03-06T09:22:34.775Z</time></trkpt><trkpt lat="42.917943" lon="-8.244209"><ele>336.629</ele><time>2025-03-06T09:22:38.778Z</time></trkpt><trkpt lat="42.917923" lon="-8.244288"><ele>336.521</ele><time>2025-03-06T09:22:42.783Z</time></trkpt><trkpt lat="42.917909" lon="-8.244350"><ele>336.509</ele><time>2025-03-06T09:22:45.785Z</time></trkpt><trkpt lat="42.917859" lon="-8.244381"><ele>336.316</ele><time>2025-03-06T09:22:51.751Z</time></trkpt><trkpt lat="42.917835" lon="-8.244443"><ele>336.224</ele><time>2025-03-06T09:22:55.730Z</time></trkpt><trkpt lat="42.917820" lon="-8.244501"><ele>336.357</ele><time>2025-03-06T09:22:58.732Z</time></trkpt><trkpt lat="42.917805" lon="-8.244572"><ele>336.543</ele><time>2025-03-06T09:23:02.776Z</time></trkpt><trkpt lat="42.917793" lon="-8.244638"><ele>336.748</ele><time>2025-03-06T09:23:06.786Z</time></trkpt><trkpt lat="42.917783" lon="-8.244714"><ele>337.067</ele><time>2025-03-06T09:23:10.785Z</time></trkpt><trkpt lat="42.917787" lon="-8.244793"><ele>337.527</ele><time>2025-03-06T09:23:14.778Z</time></trkpt><trkpt lat="42.917777" lon="-8.244869"><ele>338.127</ele><time>2025-03-06T09:23:19.782Z</time></trkpt><trkpt lat="42.917785" lon="-8.244932"><ele>338.546</ele><time>2025-03-06T09:23:22.781Z</time></trkpt><trkpt lat="42.917793" lon="-8.245010"><ele>339.043</ele><time>2025-03-06T09:23:26.975Z</time></trkpt><trkpt lat="42.917793" lon="-8.245074"><ele>339.364</ele><time>2025-03-06T09:23:30.776Z</time></trkpt><trkpt lat="42.917780" lon="-8.245136"><ele>339.510</ele><time>2025-03-06T09:23:34.775Z</time></trkpt><trkpt lat="42.917780" lon="-8.245199"><ele>339.709</ele><time>2025-03-06T09:23:38.789Z</time></trkpt><trkpt lat="42.917770" lon="-8.245268"><ele>340.066</ele><time>2025-03-06T09:23:42.776Z</time></trkpt><trkpt lat="42.917764" lon="-8.245333"><ele>340.054</ele><time>2025-03-06T09:23:46.787Z</time></trkpt><trkpt lat="42.917756" lon="-8.245411"><ele>340.077</ele><time>2025-03-06T09:23:50.774Z</time></trkpt><trkpt lat="42.917741" lon="-8.245477"><ele>340.183</ele><time>2025-03-06T09:23:54.786Z</time></trkpt><trkpt lat="42.917736" lon="-8.245545"><ele>340.118</ele><time>2025-03-06T09:23:58.776Z</time></trkpt><trkpt lat="42.917740" lon="-8.245621"><ele>340.427</ele><time>2025-03-06T09:24:02.768Z</time></trkpt><trkpt lat="42.917743" lon="-8.245690"><ele>340.617</ele><time>2025-03-06T09:24:06.763Z</time></trkpt><trkpt lat="42.917744" lon="-8.245769"><ele>340.927</ele><time>2025-03-06T09:24:10.777Z</time></trkpt><trkpt lat="42.917759" lon="-8.245842"><ele>341.186</ele><time>2025-03-06T09:24:14.790Z</time></trkpt><trkpt lat="42.917781" lon="-8.245911"><ele>341.385</ele><time>2025-03-06T09:24:18.780Z</time></trkpt><trkpt lat="42.917800" lon="-8.245983"><ele>341.589</ele><time>2025-03-06T09:24:22.776Z</time></trkpt><trkpt lat="42.917823" lon="-8.246052"><ele>341.817</ele><time>2025-03-06T09:24:26.775Z</time></trkpt><trkpt lat="42.917843" lon="-8.246108"><ele>342.009</ele><time>2025-03-06T09:24:29.794Z</time></trkpt><trkpt lat="42.917867" lon="-8.246162"><ele>342.260</ele><time>2025-03-06T09:24:33.784Z</time></trkpt><trkpt lat="42.917888" lon="-8.246227"><ele>342.488</ele><time>2025-03-06T09:24:37.763Z</time></trkpt><trkpt lat="42.917916" lon="-8.246281"><ele>342.611</ele><time>2025-03-06T09:24:41.787Z</time></trkpt><trkpt lat="42.917936" lon="-8.246339"><ele>342.837</ele><time>2025-03-06T09:24:45.793Z</time></trkpt><trkpt lat="42.917950" lon="-8.246400"><ele>343.092</ele><time>2025-03-06T09:24:49.790Z</time></trkpt><trkpt lat="42.917967" lon="-8.246463"><ele>343.041</ele><time>2025-03-06T09:24:53.786Z</time></trkpt><trkpt lat="42.917982" lon="-8.246551"><ele>343.041</ele><time>2025-03-06T09:24:59.780Z</time></trkpt><trkpt lat="42.917989" lon="-8.246618"><ele>343.031</ele><time>2025-03-06T09:25:03.768Z</time></trkpt><trkpt lat="42.918002" lon="-8.246679"><ele>343.070</ele><time>2025-03-06T09:25:07.766Z</time></trkpt><trkpt lat="42.918003" lon="-8.246741"><ele>343.124</ele><time>2025-03-06T09:25:11.780Z</time></trkpt><trkpt lat="42.918024" lon="-8.246800"><ele>343.104</ele><time>2025-03-06T09:25:15.793Z</time></trkpt><trkpt lat="42.918031" lon="-8.246871"><ele>343.114</ele><time>2025-03-06T09:25:19.775Z</time></trkpt><trkpt lat="42.918038" lon="-8.246937"><ele>343.109</ele><time>2025-03-06T09:25:23.783Z</time></trkpt><trkpt lat="42.918042" lon="-8.246999"><ele>343.234</ele><time>2025-03-06T09:25:27.783Z</time></trkpt><trkpt lat="42.918047" lon="-8.247068"><ele>343.572</ele><time>2025-03-06T09:25:32.798Z</time></trkpt><trkpt lat="42.918046" lon="-8.247138"><ele>343.755</ele><time>2025-03-06T09:25:37.786Z</time></trkpt><trkpt lat="42.918048" lon="-8.247202"><ele>344.051</ele><time>2025-03-06T09:25:42.777Z</time></trkpt><trkpt lat="42.918049" lon="-8.247277"><ele>344.236</ele><time>2025-03-06T09:25:47.798Z</time></trkpt><trkpt lat="42.918062" lon="-8.247356"><ele>344.515</ele><time>2025-03-06T09:25:51.780Z</time></trkpt><trkpt lat="42.918080" lon="-8.247420"><ele>344.775</ele><time>2025-03-06T09:25:55.786Z</time></trkpt><trkpt lat="42.918098" lon="-8.247488"><ele>345.075</ele><time>2025-03-06T09:25:59.779Z</time></trkpt><trkpt lat="42.918106" lon="-8.247551"><ele>345.364</ele><time>2025-03-06T09:26:03.799Z</time></trkpt><trkpt lat="42.918109" lon="-8.247622"><ele>345.821</ele><time>2025-03-06T09:26:07.788Z</time></trkpt><trkpt lat="42.918122" lon="-8.247684"><ele>346.241</ele><time>2025-03-06T09:26:12.768Z</time></trkpt><trkpt lat="42.918143" lon="-8.247750"><ele>346.505</ele><time>2025-03-06T09:26:17.790Z</time></trkpt><trkpt lat="42.918156" lon="-8.247828"><ele>346.809</ele><time>2025-03-06T09:26:22.769Z</time></trkpt><trkpt lat="42.918169" lon="-8.247896"><ele>347.014</ele><time>2025-03-06T09:26:27.788Z</time></trkpt><trkpt lat="42.918187" lon="-8.247972"><ele>347.282</ele><time>2025-03-06T09:26:32.773Z</time></trkpt><trkpt lat="42.918205" lon="-8.248041"><ele>347.415</ele><time>2025-03-06T09:26:37.784Z</time></trkpt><trkpt lat="42.918213" lon="-8.248103"><ele>347.711</ele><time>2025-03-06T09:26:41.785Z</time></trkpt><trkpt lat="42.918226" lon="-8.248177"><ele>348.066</ele><time>2025-03-06T09:26:46.786Z</time></trkpt><trkpt lat="42.918237" lon="-8.248238"><ele>348.285</ele><time>2025-03-06T09:26:50.786Z</time></trkpt><trkpt lat="42.918252" lon="-8.248306"><ele>348.525</ele><time>2025-03-06T09:26:54.778Z</time></trkpt><trkpt lat="42.918270" lon="-8.248371"><ele>348.775</ele><time>2025-03-06T09:26:58.786Z</time></trkpt><trkpt lat="42.918288" lon="-8.248451"><ele>349.154</ele><time>2025-03-06T09:27:03.786Z</time></trkpt><trkpt lat="42.918309" lon="-8.248507"><ele>349.418</ele><time>2025-03-06T09:27:07.795Z</time></trkpt><trkpt lat="42.918321" lon="-8.248575"><ele>349.898</ele><time>2025-03-06T09:27:12.787Z</time></trkpt><trkpt lat="42.918339" lon="-8.248644"><ele>350.017</ele><time>2025-03-06T09:27:18.791Z</time></trkpt><trkpt lat="42.918353" lon="-8.248712"><ele>349.909</ele><time>2025-03-06T09:27:22.779Z</time></trkpt><trkpt lat="42.918364" lon="-8.248775"><ele>349.973</ele><time>2025-03-06T09:27:26.793Z</time></trkpt><trkpt lat="42.918380" lon="-8.248835"><ele>349.951</ele><time>2025-03-06T09:27:30.781Z</time></trkpt><trkpt lat="42.918393" lon="-8.248895"><ele>350.044</ele><time>2025-03-06T09:27:34.803Z</time></trkpt><trkpt lat="42.918406" lon="-8.248959"><ele>350.390</ele><time>2025-03-06T09:27:39.776Z</time></trkpt><trkpt lat="42.918417" lon="-8.249026"><ele>350.525</ele><time>2025-03-06T09:27:43.798Z</time></trkpt><trkpt lat="42.918430" lon="-8.249097"><ele>350.784</ele><time>2025-03-06T09:27:48.787Z</time></trkpt><trkpt lat="42.918442" lon="-8.249166"><ele>351.024</ele><time>2025-03-06T09:27:52.791Z</time></trkpt><trkpt lat="42.918455" lon="-8.249226"><ele>351.324</ele><time>2025-03-06T09:27:56.780Z</time></trkpt><trkpt lat="42.918474" lon="-8.249288"><ele>351.743</ele><time>2025-03-06T09:28:00.780Z</time></trkpt><trkpt lat="42.918482" lon="-8.249359"><ele>352.065</ele><time>2025-03-06T09:28:05.798Z</time></trkpt><trkpt lat="42.918481" lon="-8.249433"><ele>352.468</ele><time>2025-03-06T09:28:10.790Z</time></trkpt><trkpt lat="42.918490" lon="-8.249497"><ele>352.914</ele><time>2025-03-06T09:28:14.776Z</time></trkpt><trkpt lat="42.918499" lon="-8.249558"><ele>353.409</ele><time>2025-03-06T09:28:18.788Z</time></trkpt><trkpt lat="42.918506" lon="-8.249632"><ele>354.068</ele><time>2025-03-06T09:28:24.776Z</time></trkpt><trkpt lat="42.918520" lon="-8.249695"><ele>354.466</ele><time>2025-03-06T09:28:28.783Z</time></trkpt><trkpt lat="42.918528" lon="-8.249774"><ele>354.929</ele><time>2025-03-06T09:28:33.039Z</time></trkpt><trkpt lat="42.918534" lon="-8.249842"><ele>355.365</ele><time>2025-03-06T09:28:36.756Z</time></trkpt><trkpt lat="42.918550" lon="-8.249911"><ele>355.710</ele><time>2025-03-06T09:28:41.783Z</time></trkpt><trkpt lat="42.918562" lon="-8.249976"><ele>356.019</ele><time>2025-03-06T09:28:45.780Z</time></trkpt><trkpt lat="42.918574" lon="-8.250046"><ele>356.029</ele><time>2025-03-06T09:28:50.778Z</time></trkpt><trkpt lat="42.918583" lon="-8.250112"><ele>355.789</ele><time>2025-03-06T09:28:54.795Z</time></trkpt><trkpt lat="42.918607" lon="-8.250196"><ele>355.318</ele><time>2025-03-06T09:28:59.783Z</time></trkpt><trkpt lat="42.918620" lon="-8.250257"><ele>355.134</ele><time>2025-03-06T09:29:03.779Z</time></trkpt><trkpt lat="42.918634" lon="-8.250323"><ele>355.255</ele><time>2025-03-06T09:29:07.789Z</time></trkpt><trkpt lat="42.918645" lon="-8.250391"><ele>355.510</ele><time>2025-03-06T09:29:11.774Z</time></trkpt><trkpt lat="42.918653" lon="-8.250460"><ele>355.709</ele><time>2025-03-06T09:29:16.788Z</time></trkpt><trkpt lat="42.918671" lon="-8.250521"><ele>355.925</ele><time>2025-03-06T09:29:21.786Z</time></trkpt><trkpt lat="42.918672" lon="-8.250592"><ele>356.523</ele><time>2025-03-06T09:29:25.779Z</time></trkpt><trkpt lat="42.918684" lon="-8.250661"><ele>357.546</ele><time>2025-03-06T09:29:29.778Z</time></trkpt><trkpt lat="42.918707" lon="-8.250723"><ele>358.412</ele><time>2025-03-06T09:29:34.779Z</time></trkpt><trkpt lat="42.918717" lon="-8.250792"><ele>359.497</ele><time>2025-03-06T09:29:39.027Z</time></trkpt><trkpt lat="42.918740" lon="-8.250846"><ele>360.256</ele><time>2025-03-06T09:29:42.779Z</time></trkpt><trkpt lat="42.918751" lon="-8.250909"><ele>361.226</ele><time>2025-03-06T09:29:46.779Z</time></trkpt><trkpt lat="42.918772" lon="-8.250976"><ele>362.326</ele><time>2025-03-06T09:29:50.786Z</time></trkpt><trkpt lat="42.918800" lon="-8.251033"><ele>363.195</ele><time>2025-03-06T09:29:55.794Z</time></trkpt><trkpt lat="42.918816" lon="-8.251099"><ele>364.166</ele><time>2025-03-06T09:30:00.788Z</time></trkpt><trkpt lat="42.918839" lon="-8.251157"><ele>364.529</ele><time>2025-03-06T09:30:06.788Z</time></trkpt><trkpt lat="42.918858" lon="-8.251213"><ele>364.821</ele><time>2025-03-06T09:30:10.795Z</time></trkpt><trkpt lat="42.918878" lon="-8.251273"><ele>365.209</ele><time>2025-03-06T09:30:15.803Z</time></trkpt><trkpt lat="42.918897" lon="-8.251329"><ele>365.528</ele><time>2025-03-06T09:30:20.797Z</time></trkpt><trkpt lat="42.918923" lon="-8.251384"><ele>365.836</ele><time>2025-03-06T09:30:25.786Z</time></trkpt><trkpt lat="42.918943" lon="-8.251446"><ele>366.159</ele><time>2025-03-06T09:30:31.791Z</time></trkpt><trkpt lat="42.918972" lon="-8.251509"><ele>366.355</ele><time>2025-03-06T09:30:36.786Z</time></trkpt><trkpt lat="42.918999" lon="-8.251565"><ele>366.550</ele><time>2025-03-06T09:30:40.780Z</time></trkpt><trkpt lat="42.919024" lon="-8.251619"><ele>366.729</ele><time>2025-03-06T09:30:45.788Z</time></trkpt><trkpt lat="42.919050" lon="-8.251675"><ele>367.029</ele><time>2025-03-06T09:30:50.783Z</time></trkpt><trkpt lat="42.919073" lon="-8.251730"><ele>367.279</ele><time>2025-03-06T09:30:55.771Z</time></trkpt><trkpt lat="42.919096" lon="-8.251801"><ele>367.428</ele><time>2025-03-06T09:31:00.794Z</time></trkpt><trkpt lat="42.919134" lon="-8.251856"><ele>367.622</ele><time>2025-03-06T09:31:04.786Z</time></trkpt><trkpt lat="42.919169" lon="-8.251902"><ele>367.862</ele><time>2025-03-06T09:31:07.790Z</time></trkpt><trkpt lat="42.919208" lon="-8.251960"><ele>368.108</ele><time>2025-03-06T09:31:11.786Z</time></trkpt><trkpt lat="42.919238" lon="-8.252018"><ele>368.309</ele><time>2025-03-06T09:31:18.051Z</time></trkpt><trkpt lat="42.919273" lon="-8.252082"><ele>368.544</ele><time>2025-03-06T09:31:21.782Z</time></trkpt><trkpt lat="42.919295" lon="-8.252140"><ele>368.722</ele><time>2025-03-06T09:31:26.789Z</time></trkpt><trkpt lat="42.919315" lon="-8.252212"><ele>369.035</ele><time>2025-03-06T09:31:31.777Z</time></trkpt><trkpt lat="42.919333" lon="-8.252277"><ele>369.211</ele><time>2025-03-06T09:31:36.765Z</time></trkpt><trkpt lat="42.919349" lon="-8.252351"><ele>369.516</ele><time>2025-03-06T09:31:42.905Z</time></trkpt><trkpt lat="42.919380" lon="-8.252399"><ele>369.675</ele><time>2025-03-06T09:31:46.780Z</time></trkpt><trkpt lat="42.919424" lon="-8.252453"><ele>369.815</ele><time>2025-03-06T09:31:52.792Z</time></trkpt><trkpt lat="42.919453" lon="-8.252502"><ele>370.055</ele><time>2025-03-06T09:31:56.782Z</time></trkpt><trkpt lat="42.919482" lon="-8.252549"><ele>370.444</ele><time>2025-03-06T09:32:01.787Z</time></trkpt><trkpt lat="42.919510" lon="-8.252605"><ele>370.991</ele><time>2025-03-06T09:32:05.784Z</time></trkpt><trkpt lat="42.919529" lon="-8.252664"><ele>371.581</ele><time>2025-03-06T09:32:10.790Z</time></trkpt><trkpt lat="42.919557" lon="-8.252714"><ele>372.219</ele><time>2025-03-06T09:32:16.786Z</time></trkpt><trkpt lat="42.919591" lon="-8.252767"><ele>372.909</ele><time>2025-03-06T09:32:21.020Z</time></trkpt><trkpt lat="42.919636" lon="-8.252822"><ele>373.771</ele><time>2025-03-06T09:32:25.791Z</time></trkpt><trkpt lat="42.919681" lon="-8.252863"><ele>374.479</ele><time>2025-03-06T09:32:29.783Z</time></trkpt><trkpt lat="42.919724" lon="-8.252898"><ele>374.932</ele><time>2025-03-06T09:32:33.787Z</time></trkpt><trkpt lat="42.919762" lon="-8.252933"><ele>375.288</ele><time>2025-03-06T09:32:37.782Z</time></trkpt><trkpt lat="42.919803" lon="-8.252960"><ele>375.523</ele><time>2025-03-06T09:32:41.775Z</time></trkpt><trkpt lat="42.919852" lon="-8.252983"><ele>375.872</ele><time>2025-03-06T09:32:46.789Z</time></trkpt><trkpt lat="42.919900" lon="-8.253006"><ele>376.212</ele><time>2025-03-06T09:32:51.781Z</time></trkpt><trkpt lat="42.919944" lon="-8.253030"><ele>376.542</ele><time>2025-03-06T09:32:56.773Z</time></trkpt><trkpt lat="42.919980" lon="-8.253080"><ele>377.111</ele><time>2025-03-06T09:33:02.739Z</time></trkpt><trkpt lat="42.920021" lon="-8.253110"><ele>377.315</ele><time>2025-03-06T09:33:06.775Z</time></trkpt><trkpt lat="42.920062" lon="-8.253139"><ele>377.465</ele><time>2025-03-06T09:33:10.794Z</time></trkpt><trkpt lat="42.920107" lon="-8.253177"><ele>377.711</ele><time>2025-03-06T09:33:15.794Z</time></trkpt><trkpt lat="42.920149" lon="-8.253205"><ele>377.809</ele><time>2025-03-06T09:33:18.797Z</time></trkpt><trkpt lat="42.920189" lon="-8.253237"><ele>378.133</ele><time>2025-03-06T09:33:22.780Z</time></trkpt><trkpt lat="42.920240" lon="-8.253264"><ele>378.331</ele><time>2025-03-06T09:33:27.782Z</time></trkpt><trkpt lat="42.920288" lon="-8.253287"><ele>378.514</ele><time>2025-03-06T09:33:32.783Z</time></trkpt><trkpt lat="42.920342" lon="-8.253301"><ele>378.670</ele><time>2025-03-06T09:33:36.773Z</time></trkpt><trkpt lat="42.920385" lon="-8.253322"><ele>378.935</ele><time>2025-03-06T09:33:39.783Z</time></trkpt><trkpt lat="42.920431" lon="-8.253364"><ele>379.254</ele><time>2025-03-06T09:33:43.782Z</time></trkpt><trkpt lat="42.920467" lon="-8.253409"><ele>379.414</ele><time>2025-03-06T09:33:47.774Z</time></trkpt><trkpt lat="42.920507" lon="-8.253442"><ele>379.514</ele><time>2025-03-06T09:33:51.785Z</time></trkpt><trkpt lat="42.920549" lon="-8.253470"><ele>379.573</ele><time>2025-03-06T09:33:56.809Z</time></trkpt><trkpt lat="42.920590" lon="-8.253500"><ele>379.318</ele><time>2025-03-06T09:34:01.793Z</time></trkpt><trkpt lat="42.920627" lon="-8.253536"><ele>379.198</ele><time>2025-03-06T09:34:05.795Z</time></trkpt><trkpt lat="42.920672" lon="-8.253581"><ele>379.017</ele><time>2025-03-06T09:34:10.797Z</time></trkpt><trkpt lat="42.920703" lon="-8.253628"><ele>379.009</ele><time>2025-03-06T09:34:14.809Z</time></trkpt><trkpt lat="42.920730" lon="-8.253680"><ele>379.073</ele><time>2025-03-06T09:34:19.796Z</time></trkpt><trkpt lat="42.920774" lon="-8.253716"><ele>378.831</ele><time>2025-03-06T09:34:24.793Z</time></trkpt><trkpt lat="42.920815" lon="-8.253752"><ele>378.694</ele><time>2025-03-06T09:34:28.776Z</time></trkpt><trkpt lat="42.920854" lon="-8.253786"><ele>378.560</ele><time>2025-03-06T09:34:32.788Z</time></trkpt><trkpt lat="42.920898" lon="-8.253821"><ele>378.245</ele><time>2025-03-06T09:34:36.782Z</time></trkpt><trkpt lat="42.920937" lon="-8.253857"><ele>378.194</ele><time>2025-03-06T09:34:40.724Z</time></trkpt><trkpt lat="42.920982" lon="-8.253911"><ele>378.174</ele><time>2025-03-06T09:34:46.779Z</time></trkpt><trkpt lat="42.921025" lon="-8.253965"><ele>378.264</ele><time>2025-03-06T09:34:51.775Z</time></trkpt><trkpt lat="42.921064" lon="-8.254018"><ele>378.363</ele><time>2025-03-06T09:34:56.782Z</time></trkpt><trkpt lat="42.921097" lon="-8.254073"><ele>378.414</ele><time>2025-03-06T09:35:01.784Z</time></trkpt><trkpt lat="42.921117" lon="-8.254131"><ele>378.754</ele><time>2025-03-06T09:35:05.773Z</time></trkpt><trkpt lat="42.921139" lon="-8.254191"><ele>378.809</ele><time>2025-03-06T09:35:09.962Z</time></trkpt><trkpt lat="42.921167" lon="-8.254247"><ele>378.709</ele><time>2025-03-06T09:35:13.759Z</time></trkpt><trkpt lat="42.921183" lon="-8.254312"><ele>378.953</ele><time>2025-03-06T09:35:17.764Z</time></trkpt><trkpt lat="42.921205" lon="-8.254379"><ele>379.051</ele><time>2025-03-06T09:35:21.763Z</time></trkpt><trkpt lat="42.921226" lon="-8.254455"><ele>379.234</ele><time>2025-03-06T09:35:26.780Z</time></trkpt><trkpt lat="42.921246" lon="-8.254521"><ele>379.430</ele><time>2025-03-06T09:35:30.761Z</time></trkpt><trkpt lat="42.921270" lon="-8.254583"><ele>379.655</ele><time>2025-03-06T09:35:35.781Z</time></trkpt><trkpt lat="42.921294" lon="-8.254649"><ele>379.924</ele><time>2025-03-06T09:35:40.740Z</time></trkpt><trkpt lat="42.921308" lon="-8.254708"><ele>380.254</ele><time>2025-03-06T09:35:45.781Z</time></trkpt><trkpt lat="42.921331" lon="-8.254763"><ele>380.514</ele><time>2025-03-06T09:35:49.779Z</time></trkpt><trkpt lat="42.921368" lon="-8.254814"><ele>380.763</ele><time>2025-03-06T09:35:53.791Z</time></trkpt><trkpt lat="42.921396" lon="-8.254865"><ele>381.073</ele><time>2025-03-06T09:35:57.761Z</time></trkpt><trkpt lat="42.921428" lon="-8.254920"><ele>381.385</ele><time>2025-03-06T09:36:02.774Z</time></trkpt><trkpt lat="42.921451" lon="-8.254982"><ele>381.613</ele><time>2025-03-06T09:36:07.785Z</time></trkpt><trkpt lat="42.921474" lon="-8.255043"><ele>382.009</ele><time>2025-03-06T09:36:12.781Z</time></trkpt><trkpt lat="42.921483" lon="-8.255106"><ele>382.339</ele><time>2025-03-06T09:36:17.786Z</time></trkpt><trkpt lat="42.921502" lon="-8.255168"><ele>382.647</ele><time>2025-03-06T09:36:21.783Z</time></trkpt><trkpt lat="42.921527" lon="-8.255225"><ele>382.750</ele><time>2025-03-06T09:36:25.780Z</time></trkpt><trkpt lat="42.921548" lon="-8.255288"><ele>382.836</ele><time>2025-03-06T09:36:30.795Z</time></trkpt><trkpt lat="42.921573" lon="-8.255349"><ele>382.661</ele><time>2025-03-06T09:36:35.771Z</time></trkpt><trkpt lat="42.921601" lon="-8.255403"><ele>382.480</ele><time>2025-03-06T09:36:39.776Z</time></trkpt><trkpt lat="42.921616" lon="-8.255463"><ele>382.280</ele><time>2025-03-06T09:36:43.743Z</time></trkpt><trkpt lat="42.921639" lon="-8.255519"><ele>382.130</ele><time>2025-03-06T09:36:48.788Z</time></trkpt><trkpt lat="42.921670" lon="-8.255577"><ele>381.889</ele><time>2025-03-06T09:36:55.035Z</time></trkpt><trkpt lat="42.921683" lon="-8.255638"><ele>381.384</ele><time>2025-03-06T09:37:00.786Z</time></trkpt><trkpt lat="42.921703" lon="-8.255701"><ele>380.807</ele><time>2025-03-06T09:37:07.972Z</time></trkpt><trkpt lat="42.921723" lon="-8.255768"><ele>380.417</ele><time>2025-03-06T09:37:11.788Z</time></trkpt><trkpt lat="42.921749" lon="-8.255843"><ele>379.909</ele><time>2025-03-06T09:37:15.780Z</time></trkpt><trkpt lat="42.921774" lon="-8.255899"><ele>379.550</ele><time>2025-03-06T09:37:21.001Z</time></trkpt><trkpt lat="42.921811" lon="-8.255952"><ele>379.198</ele><time>2025-03-06T09:37:26.782Z</time></trkpt><trkpt lat="42.921840" lon="-8.256013"><ele>378.731</ele><time>2025-03-06T09:37:30.779Z</time></trkpt><trkpt lat="42.921864" lon="-8.256073"><ele>378.317</ele><time>2025-03-06T09:37:35.786Z</time></trkpt><trkpt lat="42.921887" lon="-8.256134"><ele>377.942</ele><time>2025-03-06T09:37:39.771Z</time></trkpt><trkpt lat="42.921916" lon="-8.256181"><ele>377.721</ele><time>2025-03-06T09:37:44.785Z</time></trkpt><trkpt lat="42.921945" lon="-8.256243"><ele>377.591</ele><time>2025-03-06T09:37:49.775Z</time></trkpt><trkpt lat="42.921967" lon="-8.256307"><ele>377.491</ele><time>2025-03-06T09:37:53.779Z</time></trkpt><trkpt lat="42.921991" lon="-8.256362"><ele>377.360</ele><time>2025-03-06T09:37:57.774Z</time></trkpt><trkpt lat="42.922019" lon="-8.256422"><ele>377.161</ele><time>2025-03-06T09:38:02.777Z</time></trkpt><trkpt lat="42.922043" lon="-8.256491"><ele>377.021</ele><time>2025-03-06T09:38:07.775Z</time></trkpt><trkpt lat="42.922066" lon="-8.256559"><ele>376.813</ele><time>2025-03-06T09:38:11.779Z</time></trkpt><trkpt lat="42.922099" lon="-8.256622"><ele>376.709</ele><time>2025-03-06T09:38:16.015Z</time></trkpt><trkpt lat="42.922129" lon="-8.256678"><ele>376.778</ele><time>2025-03-06T09:38:19.799Z</time></trkpt><trkpt lat="42.922159" lon="-8.256731"><ele>376.746</ele><time>2025-03-06T09:38:23.799Z</time></trkpt><trkpt lat="42.922181" lon="-8.256785"><ele>376.869</ele><time>2025-03-06T09:38:26.777Z</time></trkpt><trkpt lat="42.922192" lon="-8.256848"><ele>376.845</ele><time>2025-03-06T09:38:30.779Z</time></trkpt><trkpt lat="42.922220" lon="-8.256906"><ele>377.050</ele><time>2025-03-06T09:38:34.794Z</time></trkpt><trkpt lat="42.922236" lon="-8.256971"><ele>377.089</ele><time>2025-03-06T09:38:38.790Z</time></trkpt><trkpt lat="42.922258" lon="-8.257034"><ele>376.859</ele><time>2025-03-06T09:38:42.765Z</time></trkpt><trkpt lat="42.922269" lon="-8.257105"><ele>376.729</ele><time>2025-03-06T09:38:46.772Z</time></trkpt><trkpt lat="42.922288" lon="-8.257169"><ele>376.648</ele><time>2025-03-06T09:38:49.773Z</time></trkpt><trkpt lat="42.922317" lon="-8.257220"><ele>376.717</ele><time>2025-03-06T09:38:53.776Z</time></trkpt><trkpt lat="42.922333" lon="-8.257280"><ele>376.887</ele><time>2025-03-06T09:38:59.019Z</time></trkpt><trkpt lat="42.922343" lon="-8.257348"><ele>376.915</ele><time>2025-03-06T09:39:03.791Z</time></trkpt><trkpt lat="42.922347" lon="-8.257418"><ele>376.909</ele><time>2025-03-06T09:39:07.773Z</time></trkpt><trkpt lat="42.922352" lon="-8.257492"><ele>376.923</ele><time>2025-03-06T09:39:11.787Z</time></trkpt><trkpt lat="42.922360" lon="-8.257569"><ele>377.191</ele><time>2025-03-06T09:39:16.797Z</time></trkpt><trkpt lat="42.922374" lon="-8.257639"><ele>377.474</ele><time>2025-03-06T09:39:21.780Z</time></trkpt><trkpt lat="42.922376" lon="-8.257705"><ele>377.580</ele><time>2025-03-06T09:39:25.785Z</time></trkpt><trkpt lat="42.922384" lon="-8.257778"><ele>377.725</ele><time>2025-03-06T09:39:29.784Z</time></trkpt><trkpt lat="42.922390" lon="-8.257844"><ele>378.054</ele><time>2025-03-06T09:39:33.791Z</time></trkpt><trkpt lat="42.922398" lon="-8.257908"><ele>378.264</ele><time>2025-03-06T09:39:38.771Z</time></trkpt><trkpt lat="42.922412" lon="-8.257976"><ele>378.594</ele><time>2025-03-06T09:39:43.780Z</time></trkpt><trkpt lat="42.922414" lon="-8.258051"><ele>378.833</ele><time>2025-03-06T09:39:48.775Z</time></trkpt><trkpt lat="42.922423" lon="-8.258115"><ele>378.952</ele><time>2025-03-06T09:39:52.771Z</time></trkpt><trkpt lat="42.922421" lon="-8.258188"><ele>378.953</ele><time>2025-03-06T09:39:57.777Z</time></trkpt><trkpt lat="42.922428" lon="-8.258251"><ele>379.008</ele><time>2025-03-06T09:40:01.789Z</time></trkpt><trkpt lat="42.922431" lon="-8.258322"><ele>379.009</ele><time>2025-03-06T09:40:05.786Z</time></trkpt><trkpt lat="42.922430" lon="-8.258394"><ele>379.057</ele><time>2025-03-06T09:40:09.792Z</time></trkpt><trkpt lat="42.922429" lon="-8.258456"><ele>379.155</ele><time>2025-03-06T09:40:13.781Z</time></trkpt><trkpt lat="42.922417" lon="-8.258517"><ele>379.048</ele><time>2025-03-06T09:40:17.788Z</time></trkpt><trkpt lat="42.922416" lon="-8.258615"><ele>379.174</ele><time>2025-03-06T09:40:23.776Z</time></trkpt><trkpt lat="42.922417" lon="-8.258677"><ele>379.229</ele><time>2025-03-06T09:40:27.775Z</time></trkpt><trkpt lat="42.922405" lon="-8.258742"><ele>379.178</ele><time>2025-03-06T09:40:32.793Z</time></trkpt><trkpt lat="42.922362" lon="-8.258768"><ele>378.838</ele><time>2025-03-06T09:40:42.785Z</time></trkpt><trkpt lat="42.922309" lon="-8.258786"><ele>378.428</ele><time>2025-03-06T09:40:45.772Z</time></trkpt><trkpt lat="42.922285" lon="-8.258857"><ele>378.417</ele><time>2025-03-06T09:40:49.776Z</time></trkpt><trkpt lat="42.922284" lon="-8.258920"><ele>378.594</ele><time>2025-03-06T09:40:53.772Z</time></trkpt><trkpt lat="42.922286" lon="-8.258993"><ele>378.757</ele><time>2025-03-06T09:40:57.786Z</time></trkpt><trkpt lat="42.922279" lon="-8.259068"><ele>378.822</ele><time>2025-03-06T09:41:03.791Z</time></trkpt><trkpt lat="42.922281" lon="-8.259136"><ele>378.909</ele><time>2025-03-06T09:41:07.783Z</time></trkpt><trkpt lat="42.922279" lon="-8.259199"><ele>379.091</ele><time>2025-03-06T09:41:11.794Z</time></trkpt><trkpt lat="42.922269" lon="-8.259262"><ele>379.029</ele><time>2025-03-06T09:41:15.776Z</time></trkpt><trkpt lat="42.922256" lon="-8.259329"><ele>379.012</ele><time>2025-03-06T09:41:19.784Z</time></trkpt><trkpt lat="42.922254" lon="-8.259393"><ele>379.088</ele><time>2025-03-06T09:41:24.781Z</time></trkpt><trkpt lat="42.922241" lon="-8.259457"><ele>379.083</ele><time>2025-03-06T09:41:28.785Z</time></trkpt><trkpt lat="42.922243" lon="-8.259521"><ele>379.082</ele><time>2025-03-06T09:41:33.792Z</time></trkpt><trkpt lat="42.922231" lon="-8.259587"><ele>379.042</ele><time>2025-03-06T09:41:38.773Z</time></trkpt><trkpt lat="42.922210" lon="-8.259652"><ele>378.932</ele><time>2025-03-06T09:41:45.786Z</time></trkpt><trkpt lat="42.922198" lon="-8.259730"><ele>378.811</ele><time>2025-03-06T09:41:50.786Z</time></trkpt><trkpt lat="42.922200" lon="-8.259807"><ele>378.552</ele><time>2025-03-06T09:41:54.781Z</time></trkpt><trkpt lat="42.922206" lon="-8.259886"><ele>378.353</ele><time>2025-03-06T09:41:57.796Z</time></trkpt><trkpt lat="42.922215" lon="-8.259957"><ele>378.108</ele><time>2025-03-06T09:42:00.785Z</time></trkpt><trkpt lat="42.922226" lon="-8.260027"><ele>377.809</ele><time>2025-03-06T09:42:03.791Z</time></trkpt><trkpt lat="42.922237" lon="-8.260088"><ele>377.417</ele><time>2025-03-06T09:42:06.787Z</time></trkpt><trkpt lat="42.922240" lon="-8.260157"><ele>376.915</ele><time>2025-03-06T09:42:10.785Z</time></trkpt><trkpt lat="42.922249" lon="-8.260227"><ele>376.468</ele><time>2025-03-06T09:42:15.776Z</time></trkpt><trkpt lat="42.922263" lon="-8.260295"><ele>376.014</ele><time>2025-03-06T09:42:19.784Z</time></trkpt><trkpt lat="42.922270" lon="-8.260369"><ele>375.529</ele><time>2025-03-06T09:42:24.780Z</time></trkpt><trkpt lat="42.922267" lon="-8.260447"><ele>374.958</ele><time>2025-03-06T09:42:29.740Z</time></trkpt><trkpt lat="42.922269" lon="-8.260512"><ele>374.538</ele><time>2025-03-06T09:42:33.790Z</time></trkpt><trkpt lat="42.922285" lon="-8.260576"><ele>374.298</ele><time>2025-03-06T09:42:37.772Z</time></trkpt><trkpt lat="42.922291" lon="-8.260667"><ele>373.957</ele><time>2025-03-06T09:42:43.784Z</time></trkpt><trkpt lat="42.922313" lon="-8.260732"><ele>373.938</ele><time>2025-03-06T09:42:46.781Z</time></trkpt><trkpt lat="42.922322" lon="-8.260794"><ele>373.870</ele><time>2025-03-06T09:42:49.888Z</time></trkpt><trkpt lat="42.922326" lon="-8.260864"><ele>373.717</ele><time>2025-03-06T09:42:53.798Z</time></trkpt><trkpt lat="42.922325" lon="-8.260933"><ele>373.509</ele><time>2025-03-06T09:42:57.778Z</time></trkpt><trkpt lat="42.922336" lon="-8.260999"><ele>373.575</ele><time>2025-03-06T09:43:02.777Z</time></trkpt><trkpt lat="42.922354" lon="-8.261074"><ele>373.533</ele><time>2025-03-06T09:43:07.778Z</time></trkpt><trkpt lat="42.922365" lon="-8.261134"><ele>373.376</ele><time>2025-03-06T09:43:10.776Z</time></trkpt><trkpt lat="42.922386" lon="-8.261197"><ele>373.032</ele><time>2025-03-06T09:43:14.786Z</time></trkpt><trkpt lat="42.922397" lon="-8.261277"><ele>372.567</ele><time>2025-03-06T09:43:18.791Z</time></trkpt><trkpt lat="42.922404" lon="-8.261340"><ele>372.016</ele><time>2025-03-06T09:43:21.789Z</time></trkpt><trkpt lat="42.922417" lon="-8.261412"><ele>371.756</ele><time>2025-03-06T09:43:25.765Z</time></trkpt><trkpt lat="42.922418" lon="-8.261486"><ele>371.526</ele><time>2025-03-06T09:43:30.731Z</time></trkpt><trkpt lat="42.922426" lon="-8.261547"><ele>371.445</ele><time>2025-03-06T09:43:35.780Z</time></trkpt><trkpt lat="42.922442" lon="-8.261613"><ele>371.459</ele><time>2025-03-06T09:43:38.780Z</time></trkpt><trkpt lat="42.922455" lon="-8.261676"><ele>371.303</ele><time>2025-03-06T09:43:41.781Z</time></trkpt><trkpt lat="42.922475" lon="-8.261732"><ele>371.223</ele><time>2025-03-06T09:43:44.791Z</time></trkpt><trkpt lat="42.922507" lon="-8.261796"><ele>371.109</ele><time>2025-03-06T09:43:49.006Z</time></trkpt><trkpt lat="42.922542" lon="-8.261858"><ele>370.737</ele><time>2025-03-06T09:43:52.783Z</time></trkpt><trkpt lat="42.922579" lon="-8.261906"><ele>370.365</ele><time>2025-03-06T09:43:56.781Z</time></trkpt><trkpt lat="42.922626" lon="-8.261953"><ele>369.958</ele><time>2025-03-06T09:44:02.003Z</time></trkpt><trkpt lat="42.922669" lon="-8.262005"><ele>369.364</ele><time>2025-03-06T09:44:05.785Z</time></trkpt><trkpt lat="42.922701" lon="-8.262063"><ele>368.679</ele><time>2025-03-06T09:44:13.037Z</time></trkpt><trkpt lat="42.922704" lon="-8.262130"><ele>367.898</ele><time>2025-03-06T09:44:18.785Z</time></trkpt><trkpt lat="42.922721" lon="-8.262198"><ele>367.168</ele><time>2025-03-06T09:44:25.807Z</time></trkpt><trkpt lat="42.922738" lon="-8.262261"><ele>366.468</ele><time>2025-03-06T09:44:29.772Z</time></trkpt><trkpt lat="42.922760" lon="-8.262326"><ele>365.817</ele><time>2025-03-06T09:44:33.784Z</time></trkpt><trkpt lat="42.922788" lon="-8.262387"><ele>365.333</ele><time>2025-03-06T09:44:37.773Z</time></trkpt><trkpt lat="42.922803" lon="-8.262452"><ele>364.723</ele><time>2025-03-06T09:44:42.741Z</time></trkpt><trkpt lat="42.922825" lon="-8.262508"><ele>364.315</ele><time>2025-03-06T09:44:48.779Z</time></trkpt><trkpt lat="42.922843" lon="-8.262575"><ele>363.909</ele><time>2025-03-06T09:44:55.787Z</time></trkpt><trkpt lat="42.922855" lon="-8.262649"><ele>363.555</ele><time>2025-03-06T09:45:00.779Z</time></trkpt><trkpt lat="42.922878" lon="-8.262714"><ele>363.293</ele><time>2025-03-06T09:45:05.796Z</time></trkpt><trkpt lat="42.922888" lon="-8.262774"><ele>362.816</ele><time>2025-03-06T09:45:09.785Z</time></trkpt><trkpt lat="42.922914" lon="-8.262827"><ele>363.012</ele><time>2025-03-06T09:45:13.782Z</time></trkpt><trkpt lat="42.922943" lon="-8.262890"><ele>363.227</ele><time>2025-03-06T09:45:18.790Z</time></trkpt><trkpt lat="42.922957" lon="-8.262955"><ele>363.396</ele><time>2025-03-06T09:45:22.786Z</time></trkpt><trkpt lat="42.922969" lon="-8.263022"><ele>363.486</ele><time>2025-03-06T09:45:26.768Z</time></trkpt><trkpt lat="42.922988" lon="-8.263093"><ele>363.476</ele><time>2025-03-06T09:45:31.785Z</time></trkpt><trkpt lat="42.923008" lon="-8.263153"><ele>363.345</ele><time>2025-03-06T09:45:35.790Z</time></trkpt><trkpt lat="42.923030" lon="-8.263215"><ele>363.213</ele><time>2025-03-06T09:45:39.785Z</time></trkpt><trkpt lat="42.923043" lon="-8.263289"><ele>363.143</ele><time>2025-03-06T09:45:43.775Z</time></trkpt><trkpt lat="42.923068" lon="-8.263355"><ele>363.007</ele><time>2025-03-06T09:45:48.780Z</time></trkpt><trkpt lat="42.923093" lon="-8.263431"><ele>363.009</ele><time>2025-03-06T09:45:53.780Z</time></trkpt><trkpt lat="42.923112" lon="-8.263493"><ele>362.943</ele><time>2025-03-06T09:45:58.783Z</time></trkpt><trkpt lat="42.923135" lon="-8.263554"><ele>363.011</ele><time>2025-03-06T09:46:03.787Z</time></trkpt><trkpt lat="42.923152" lon="-8.263626"><ele>363.174</ele><time>2025-03-06T09:46:08.785Z</time></trkpt><trkpt lat="42.923171" lon="-8.263694"><ele>363.410</ele><time>2025-03-06T09:46:13.788Z</time></trkpt><trkpt lat="42.923193" lon="-8.263757"><ele>363.795</ele><time>2025-03-06T09:46:18.779Z</time></trkpt><trkpt lat="42.923209" lon="-8.263819"><ele>364.124</ele><time>2025-03-06T09:46:22.777Z</time></trkpt><trkpt lat="42.923236" lon="-8.263887"><ele>364.634</ele><time>2025-03-06T09:46:28.784Z</time></trkpt><trkpt lat="42.923262" lon="-8.263958"><ele>364.564</ele><time>2025-03-06T09:46:33.786Z</time></trkpt><trkpt lat="42.923273" lon="-8.264019"><ele>364.243</ele><time>2025-03-06T09:46:37.783Z</time></trkpt><trkpt lat="42.923284" lon="-8.264081"><ele>363.989</ele><time>2025-03-06T09:46:41.776Z</time></trkpt><trkpt lat="42.923295" lon="-8.264146"><ele>363.606</ele><time>2025-03-06T09:46:46.784Z</time></trkpt><trkpt lat="42.923312" lon="-8.264213"><ele>363.526</ele><time>2025-03-06T09:46:51.789Z</time></trkpt><trkpt lat="42.923321" lon="-8.264285"><ele>363.409</ele><time>2025-03-06T09:46:56.795Z</time></trkpt><trkpt lat="42.923343" lon="-8.264359"><ele>363.430</ele><time>2025-03-06T09:47:02.014Z</time></trkpt><trkpt lat="42.923368" lon="-8.264431"><ele>363.478</ele><time>2025-03-06T09:47:07.785Z</time></trkpt><trkpt lat="42.923397" lon="-8.264504"><ele>363.941</ele><time>2025-03-06T09:47:12.786Z</time></trkpt><trkpt lat="42.923413" lon="-8.264563"><ele>364.337</ele><time>2025-03-06T09:47:16.788Z</time></trkpt><trkpt lat="42.923437" lon="-8.264628"><ele>364.852</ele><time>2025-03-06T09:47:21.784Z</time></trkpt><trkpt lat="42.923450" lon="-8.264703"><ele>365.291</ele><time>2025-03-06T09:47:26.787Z</time></trkpt><trkpt lat="42.923472" lon="-8.264764"><ele>365.621</ele><time>2025-03-06T09:47:31.791Z</time></trkpt><trkpt lat="42.923487" lon="-8.264831"><ele>366.161</ele><time>2025-03-06T09:47:36.792Z</time></trkpt><trkpt lat="42.923505" lon="-8.264901"><ele>366.570</ele><time>2025-03-06T09:47:41.784Z</time></trkpt><trkpt lat="42.923527" lon="-8.264966"><ele>367.047</ele><time>2025-03-06T09:47:46.968Z</time></trkpt><trkpt lat="42.923548" lon="-8.265028"><ele>367.429</ele><time>2025-03-06T09:47:51.790Z</time></trkpt><trkpt lat="42.923573" lon="-8.265089"><ele>367.921</ele><time>2025-03-06T09:47:57.034Z</time></trkpt><trkpt lat="42.923596" lon="-8.265152"><ele>368.409</ele><time>2025-03-06T09:48:01.782Z</time></trkpt><trkpt lat="42.923602" lon="-8.265216"><ele>368.766</ele><time>2025-03-06T09:48:06.792Z</time></trkpt><trkpt lat="42.923602" lon="-8.265289"><ele>368.884</ele><time>2025-03-06T09:48:12.795Z</time></trkpt><trkpt lat="42.923592" lon="-8.265360"><ele>368.597</ele><time>2025-03-06T09:48:18.791Z</time></trkpt><trkpt lat="42.923573" lon="-8.265431"><ele>368.193</ele><time>2025-03-06T09:48:23.810Z</time></trkpt><trkpt lat="42.923570" lon="-8.265496"><ele>367.968</ele><time>2025-03-06T09:48:27.795Z</time></trkpt><trkpt lat="42.923567" lon="-8.265568"><ele>367.777</ele><time>2025-03-06T09:48:32.788Z</time></trkpt><trkpt lat="42.923571" lon="-8.265637"><ele>367.737</ele><time>2025-03-06T09:48:37.775Z</time></trkpt><trkpt lat="42.923555" lon="-8.265703"><ele>367.567</ele><time>2025-03-06T09:48:43.787Z</time></trkpt><trkpt lat="42.923538" lon="-8.265765"><ele>367.326</ele><time>2025-03-06T09:48:48.792Z</time></trkpt><trkpt lat="42.923507" lon="-8.265826"><ele>366.995</ele><time>2025-03-06T09:48:58.785Z</time></trkpt><trkpt lat="42.923485" lon="-8.265882"><ele>366.549</ele><time>2025-03-06T09:49:05.735Z</time></trkpt><trkpt lat="42.923467" lon="-8.265947"><ele>366.223</ele><time>2025-03-06T09:49:10.788Z</time></trkpt><trkpt lat="42.923446" lon="-8.266006"><ele>366.009</ele><time>2025-03-06T09:49:16.770Z</time></trkpt><trkpt lat="42.923431" lon="-8.266067"><ele>365.821</ele><time>2025-03-06T09:49:22.780Z</time></trkpt><trkpt lat="42.923412" lon="-8.266140"><ele>365.619</ele><time>2025-03-06T09:49:30.778Z</time></trkpt><trkpt lat="42.923400" lon="-8.266210"><ele>365.552</ele><time>2025-03-06T09:49:35.789Z</time></trkpt><trkpt lat="42.923385" lon="-8.266278"><ele>365.478</ele><time>2025-03-06T09:49:43.772Z</time></trkpt><trkpt lat="42.923379" lon="-8.266391"><ele>365.353</ele><time>2025-03-06T09:49:53.784Z</time></trkpt><trkpt lat="42.923379" lon="-8.266495"><ele>365.492</ele><time>2025-03-06T09:49:59.777Z</time></trkpt><trkpt lat="42.923381" lon="-8.266574"><ele>365.562</ele><time>2025-03-06T09:50:03.783Z</time></trkpt><trkpt lat="42.923386" lon="-8.266645"><ele>365.642</ele><time>2025-03-06T09:50:06.794Z</time></trkpt><trkpt lat="42.923388" lon="-8.266726"><ele>365.471</ele><time>2025-03-06T09:50:10.781Z</time></trkpt><trkpt lat="42.923396" lon="-8.266811"><ele>365.328</ele><time>2025-03-06T09:50:14.783Z</time></trkpt><trkpt lat="42.923395" lon="-8.266904"><ele>365.089</ele><time>2025-03-06T09:50:18.784Z</time></trkpt><trkpt lat="42.923410" lon="-8.266980"><ele>365.117</ele><time>2025-03-06T09:50:22.795Z</time></trkpt><trkpt lat="42.923439" lon="-8.267040"><ele>365.509</ele><time>2025-03-06T09:50:26.788Z</time></trkpt><trkpt lat="42.923472" lon="-8.267102"><ele>366.024</ele><time>2025-03-06T09:50:31.790Z</time></trkpt><trkpt lat="42.923503" lon="-8.267151"><ele>366.442</ele><time>2025-03-06T09:50:35.795Z</time></trkpt><trkpt lat="42.923528" lon="-8.267230"><ele>366.885</ele><time>2025-03-06T09:50:40.778Z</time></trkpt><trkpt lat="42.923549" lon="-8.267289"><ele>367.391</ele><time>2025-03-06T09:50:44.786Z</time></trkpt><trkpt lat="42.923571" lon="-8.267345"><ele>367.836</ele><time>2025-03-06T09:50:48.778Z</time></trkpt><trkpt lat="42.923589" lon="-8.267415"><ele>368.355</ele><time>2025-03-06T09:50:53.777Z</time></trkpt><trkpt lat="42.923621" lon="-8.267477"><ele>369.015</ele><time>2025-03-06T09:50:58.794Z</time></trkpt><trkpt lat="42.923649" lon="-8.267539"><ele>369.225</ele><time>2025-03-06T09:51:02.778Z</time></trkpt><trkpt lat="42.923679" lon="-8.267586"><ele>369.384</ele><time>2025-03-06T09:51:06.791Z</time></trkpt><trkpt lat="42.923702" lon="-8.267646"><ele>369.538</ele><time>2025-03-06T09:51:11.786Z</time></trkpt><trkpt lat="42.923732" lon="-8.267698"><ele>369.770</ele><time>2025-03-06T09:51:16.788Z</time></trkpt><trkpt lat="42.923765" lon="-8.267747"><ele>370.017</ele><time>2025-03-06T09:51:20.785Z</time></trkpt><trkpt lat="42.923797" lon="-8.267796"><ele>370.309</ele><time>2025-03-06T09:51:24.783Z</time></trkpt><trkpt lat="42.923824" lon="-8.267849"><ele>370.325</ele><time>2025-03-06T09:51:28.799Z</time></trkpt><trkpt lat="42.923858" lon="-8.267894"><ele>370.483</ele><time>2025-03-06T09:51:33.788Z</time></trkpt><trkpt lat="42.923898" lon="-8.267937"><ele>370.536</ele><time>2025-03-06T09:51:38.788Z</time></trkpt><trkpt lat="42.923935" lon="-8.267992"><ele>370.732</ele><time>2025-03-06T09:51:44.018Z</time></trkpt><trkpt lat="42.923969" lon="-8.268046"><ele>370.987</ele><time>2025-03-06T09:51:48.778Z</time></trkpt><trkpt lat="42.924013" lon="-8.268090"><ele>371.236</ele><time>2025-03-06T09:51:53.802Z</time></trkpt><trkpt lat="42.924044" lon="-8.268141"><ele>371.476</ele><time>2025-03-06T09:51:58.780Z</time></trkpt><trkpt lat="42.924076" lon="-8.268198"><ele>371.596</ele><time>2025-03-06T09:52:03.802Z</time></trkpt><trkpt lat="42.924108" lon="-8.268241"><ele>371.775</ele><time>2025-03-06T09:52:07.790Z</time></trkpt><trkpt lat="42.924149" lon="-8.268283"><ele>372.072</ele><time>2025-03-06T09:52:11.786Z</time></trkpt><trkpt lat="42.924191" lon="-8.268331"><ele>372.413</ele><time>2025-03-06T09:52:16.784Z</time></trkpt><trkpt lat="42.924225" lon="-8.268372"><ele>372.714</ele><time>2025-03-06T09:52:20.777Z</time></trkpt><trkpt lat="42.924268" lon="-8.268405"><ele>373.209</ele><time>2025-03-06T09:52:24.791Z</time></trkpt><trkpt lat="42.924311" lon="-8.268437"><ele>373.719</ele><time>2025-03-06T09:52:29.793Z</time></trkpt><trkpt lat="42.924348" lon="-8.268474"><ele>374.177</ele><time>2025-03-06T09:52:34.797Z</time></trkpt><trkpt lat="42.924382" lon="-8.268518"><ele>374.450</ele><time>2025-03-06T09:52:38.789Z</time></trkpt><trkpt lat="42.924427" lon="-8.268538"><ele>375.086</ele><time>2025-03-06T09:52:42.780Z</time></trkpt><trkpt lat="42.924473" lon="-8.268566"><ele>375.771</ele><time>2025-03-06T09:52:47.786Z</time></trkpt><trkpt lat="42.924524" lon="-8.268589"><ele>376.550</ele><time>2025-03-06T09:52:52.782Z</time></trkpt><trkpt lat="42.924564" lon="-8.268633"><ele>377.120</ele><time>2025-03-06T09:52:58.782Z</time></trkpt><trkpt lat="42.924610" lon="-8.268653"><ele>377.910</ele><time>2025-03-06T09:53:03.785Z</time></trkpt><trkpt lat="42.924663" lon="-8.268691"><ele>378.999</ele><time>2025-03-06T09:53:10.779Z</time></trkpt><trkpt lat="42.924700" lon="-8.268739"><ele>379.634</ele><time>2025-03-06T09:53:17.784Z</time></trkpt><trkpt lat="42.924729" lon="-8.268795"><ele>380.155</ele><time>2025-03-06T09:53:25.777Z</time></trkpt><trkpt lat="42.924764" lon="-8.268838"><ele>380.810</ele><time>2025-03-06T09:53:30.794Z</time></trkpt><trkpt lat="42.924794" lon="-8.268885"><ele>381.309</ele><time>2025-03-06T09:53:35.778Z</time></trkpt><trkpt lat="42.924821" lon="-8.268936"><ele>381.445</ele><time>2025-03-06T09:53:40.792Z</time></trkpt><trkpt lat="42.924859" lon="-8.269023"><ele>381.513</ele><time>2025-03-06T09:53:50.777Z</time></trkpt><trkpt lat="42.924874" lon="-8.269083"><ele>381.396</ele><time>2025-03-06T09:53:55.793Z</time></trkpt><trkpt lat="42.924883" lon="-8.269145"><ele>381.152</ele><time>2025-03-06T09:54:00.791Z</time></trkpt><trkpt lat="42.924898" lon="-8.269204"><ele>380.867</ele><time>2025-03-06T09:54:05.787Z</time></trkpt><trkpt lat="42.924912" lon="-8.269263"><ele>380.416</ele><time>2025-03-06T09:54:09.774Z</time></trkpt><trkpt lat="42.924924" lon="-8.269322"><ele>380.026</ele><time>2025-03-06T09:54:13.784Z</time></trkpt><trkpt lat="42.924944" lon="-8.269383"><ele>379.786</ele><time>2025-03-06T09:54:18.773Z</time></trkpt><trkpt lat="42.924963" lon="-8.269450"><ele>379.335</ele><time>2025-03-06T09:54:23.787Z</time></trkpt><trkpt lat="42.924981" lon="-8.269521"><ele>378.846</ele><time>2025-03-06T09:54:30.780Z</time></trkpt><trkpt lat="42.924989" lon="-8.269593"><ele>378.288</ele><time>2025-03-06T09:54:35.775Z</time></trkpt><trkpt lat="42.924995" lon="-8.269669"><ele>377.516</ele><time>2025-03-06T09:54:39.788Z</time></trkpt><trkpt lat="42.924989" lon="-8.269735"><ele>376.709</ele><time>2025-03-06T09:54:44.778Z</time></trkpt><trkpt lat="42.925001" lon="-8.269800"><ele>376.226</ele><time>2025-03-06T09:54:48.946Z</time></trkpt><trkpt lat="42.925004" lon="-8.269865"><ele>375.554</ele><time>2025-03-06T09:54:53.778Z</time></trkpt><trkpt lat="42.925010" lon="-8.269936"><ele>374.877</ele><time>2025-03-06T09:54:59.796Z</time></trkpt><trkpt lat="42.925018" lon="-8.270002"><ele>374.263</ele><time>2025-03-06T09:55:03.792Z</time></trkpt><trkpt lat="42.925018" lon="-8.270073"><ele>373.758</ele><time>2025-03-06T09:55:07.787Z</time></trkpt><trkpt lat="42.925021" lon="-8.270142"><ele>373.287</ele><time>2025-03-06T09:55:12.779Z</time></trkpt><trkpt lat="42.925028" lon="-8.270218"><ele>372.847</ele><time>2025-03-06T09:55:17.786Z</time></trkpt><trkpt lat="42.925052" lon="-8.270288"><ele>372.727</ele><time>2025-03-06T09:55:24.780Z</time></trkpt><trkpt lat="42.925074" lon="-8.270342"><ele>372.836</ele><time>2025-03-06T09:55:28.787Z</time></trkpt><trkpt lat="42.925083" lon="-8.270409"><ele>372.615</ele><time>2025-03-06T09:55:33.794Z</time></trkpt><trkpt lat="42.925099" lon="-8.270467"><ele>372.565</ele><time>2025-03-06T09:55:39.787Z</time></trkpt><trkpt lat="42.925113" lon="-8.270532"><ele>372.311</ele><time>2025-03-06T09:55:44.780Z</time></trkpt><trkpt lat="42.925137" lon="-8.270597"><ele>372.309</ele><time>2025-03-06T09:55:50.790Z</time></trkpt><trkpt lat="42.925148" lon="-8.270662"><ele>372.083</ele><time>2025-03-06T09:55:54.777Z</time></trkpt><trkpt lat="42.925173" lon="-8.270728"><ele>372.031</ele><time>2025-03-06T09:55:59.798Z</time></trkpt><trkpt lat="42.925193" lon="-8.270792"><ele>372.054</ele><time>2025-03-06T09:56:04.780Z</time></trkpt><trkpt lat="42.925206" lon="-8.270864"><ele>372.080</ele><time>2025-03-06T09:56:09.786Z</time></trkpt><trkpt lat="42.925228" lon="-8.270923"><ele>372.385</ele><time>2025-03-06T09:56:16.790Z</time></trkpt><trkpt lat="42.925231" lon="-8.270993"><ele>372.434</ele><time>2025-03-06T09:56:21.791Z</time></trkpt><trkpt lat="42.925227" lon="-8.271057"><ele>372.444</ele><time>2025-03-06T09:56:26.785Z</time></trkpt><trkpt lat="42.925228" lon="-8.271123"><ele>372.554</ele><time>2025-03-06T09:56:30.777Z</time></trkpt><trkpt lat="42.925241" lon="-8.271195"><ele>372.923</ele><time>2025-03-06T09:56:35.783Z</time></trkpt><trkpt lat="42.925251" lon="-8.271263"><ele>373.312</ele><time>2025-03-06T09:56:42.777Z</time></trkpt><trkpt lat="42.925246" lon="-8.271336"><ele>373.632</ele><time>2025-03-06T09:56:46.786Z</time></trkpt><trkpt lat="42.925244" lon="-8.271402"><ele>373.705</ele><time>2025-03-06T09:56:51.778Z</time></trkpt><trkpt lat="42.925265" lon="-8.271468"><ele>373.609</ele><time>2025-03-06T09:56:55.775Z</time></trkpt><trkpt lat="42.925276" lon="-8.271533"><ele>373.583</ele><time>2025-03-06T09:56:59.786Z</time></trkpt><trkpt lat="42.925296" lon="-8.271600"><ele>373.571</ele><time>2025-03-06T09:57:05.786Z</time></trkpt><trkpt lat="42.925313" lon="-8.271674"><ele>373.544</ele><time>2025-03-06T09:57:10.774Z</time></trkpt><trkpt lat="42.925324" lon="-8.271741"><ele>373.490</ele><time>2025-03-06T09:57:14.788Z</time></trkpt><trkpt lat="42.925345" lon="-8.271805"><ele>373.325</ele><time>2025-03-06T09:57:18.781Z</time></trkpt><trkpt lat="42.925361" lon="-8.271867"><ele>373.394</ele><time>2025-03-06T09:57:22.778Z</time></trkpt><trkpt lat="42.925371" lon="-8.271939"><ele>373.064</ele><time>2025-03-06T09:57:27.778Z</time></trkpt><trkpt lat="42.925374" lon="-8.272002"><ele>372.824</ele><time>2025-03-06T09:57:32.778Z</time></trkpt><trkpt lat="42.925386" lon="-8.272070"><ele>372.783</ele><time>2025-03-06T09:57:38.783Z</time></trkpt><trkpt lat="42.925387" lon="-8.272150"><ele>372.461</ele><time>2025-03-06T09:57:43.787Z</time></trkpt><trkpt lat="42.925392" lon="-8.272213"><ele>372.321</ele><time>2025-03-06T09:57:48.784Z</time></trkpt><trkpt lat="42.925397" lon="-8.272282"><ele>372.413</ele><time>2025-03-06T09:57:52.764Z</time></trkpt><trkpt lat="42.925413" lon="-8.272350"><ele>372.709</ele><time>2025-03-06T09:57:57.782Z</time></trkpt><trkpt lat="42.925431" lon="-8.272423"><ele>373.058</ele><time>2025-03-06T09:58:02.802Z</time></trkpt><trkpt lat="42.925446" lon="-8.272481"><ele>373.236</ele><time>2025-03-06T09:58:07.799Z</time></trkpt><trkpt lat="42.925458" lon="-8.272553"><ele>373.439</ele><time>2025-03-06T09:58:12.776Z</time></trkpt><trkpt lat="42.925472" lon="-8.272615"><ele>373.785</ele><time>2025-03-06T09:58:17.778Z</time></trkpt><trkpt lat="42.925491" lon="-8.272682"><ele>374.070</ele><time>2025-03-06T09:58:22.781Z</time></trkpt><trkpt lat="42.925507" lon="-8.272742"><ele>374.469</ele><time>2025-03-06T09:58:27.780Z</time></trkpt><trkpt lat="42.925536" lon="-8.272797"><ele>374.729</ele><time>2025-03-06T09:58:32.772Z</time></trkpt><trkpt lat="42.925570" lon="-8.272849"><ele>374.819</ele><time>2025-03-06T09:58:38.773Z</time></trkpt><trkpt lat="42.925593" lon="-8.272919"><ele>374.758</ele><time>2025-03-06T09:58:44.785Z</time></trkpt><trkpt lat="42.925602" lon="-8.272997"><ele>374.512</ele><time>2025-03-06T09:58:49.793Z</time></trkpt><trkpt lat="42.925613" lon="-8.273058"><ele>374.432</ele><time>2025-03-06T09:58:54.795Z</time></trkpt><trkpt lat="42.925629" lon="-8.273123"><ele>374.105</ele><time>2025-03-06T09:58:59.784Z</time></trkpt><trkpt lat="42.925643" lon="-8.273183"><ele>373.909</ele><time>2025-03-06T09:59:06.008Z</time></trkpt><trkpt lat="42.925657" lon="-8.273250"><ele>373.693</ele><time>2025-03-06T09:59:11.787Z</time></trkpt><trkpt lat="42.925669" lon="-8.273323"><ele>373.331</ele><time>2025-03-06T09:59:17.792Z</time></trkpt><trkpt lat="42.925676" lon="-8.273400"><ele>372.884</ele><time>2025-03-06T09:59:22.788Z</time></trkpt><trkpt lat="42.925684" lon="-8.273467"><ele>372.460</ele><time>2025-03-06T09:59:26.796Z</time></trkpt><trkpt lat="42.925701" lon="-8.273524"><ele>372.215</ele><time>2025-03-06T09:59:31.794Z</time></trkpt><trkpt lat="42.925718" lon="-8.273584"><ele>372.084</ele><time>2025-03-06T09:59:36.795Z</time></trkpt><trkpt lat="42.925728" lon="-8.273651"><ele>371.654</ele><time>2025-03-06T09:59:42.760Z</time></trkpt><trkpt lat="42.925740" lon="-8.273718"><ele>371.294</ele><time>2025-03-06T09:59:47.784Z</time></trkpt><trkpt lat="42.925750" lon="-8.273779"><ele>370.973</ele><time>2025-03-06T09:59:52.797Z</time></trkpt><trkpt lat="42.925775" lon="-8.273831"><ele>370.835</ele><time>2025-03-06T09:59:57.803Z</time></trkpt><trkpt lat="42.925801" lon="-8.273883"><ele>370.786</ele><time>2025-03-06T10:00:03.785Z</time></trkpt><trkpt lat="42.925828" lon="-8.273936"><ele>370.614</ele><time>2025-03-06T10:00:08.786Z</time></trkpt><trkpt lat="42.925850" lon="-8.273991"><ele>370.509</ele><time>2025-03-06T10:00:12.783Z</time></trkpt><trkpt lat="42.925870" lon="-8.274050"><ele>370.375</ele><time>2025-03-06T10:00:17.781Z</time></trkpt><trkpt lat="42.925900" lon="-8.274098"><ele>370.433</ele><time>2025-03-06T10:00:22.789Z</time></trkpt><trkpt lat="42.925927" lon="-8.274149"><ele>370.546</ele><time>2025-03-06T10:00:27.776Z</time></trkpt><trkpt lat="42.925951" lon="-8.274212"><ele>370.672</ele><time>2025-03-06T10:00:32.784Z</time></trkpt><trkpt lat="42.925993" lon="-8.274257"><ele>370.917</ele><time>2025-03-06T10:00:37.799Z</time></trkpt><trkpt lat="42.926029" lon="-8.274302"><ele>371.116</ele><time>2025-03-06T10:00:42.776Z</time></trkpt><trkpt lat="42.926069" lon="-8.274343"><ele>371.336</ele><time>2025-03-06T10:00:49.010Z</time></trkpt><trkpt lat="42.926102" lon="-8.274387"><ele>371.316</ele><time>2025-03-06T10:00:55.785Z</time></trkpt><trkpt lat="42.926135" lon="-8.274435"><ele>371.295</ele><time>2025-03-06T10:01:03.782Z</time></trkpt><trkpt lat="42.926145" lon="-8.274502"><ele>370.835</ele><time>2025-03-06T10:01:11.776Z</time></trkpt><trkpt lat="42.926166" lon="-8.274565"><ele>370.586</ele><time>2025-03-06T10:01:17.782Z</time></trkpt><trkpt lat="42.926185" lon="-8.274623"><ele>370.214</ele><time>2025-03-06T10:01:22.788Z</time></trkpt><trkpt lat="42.926216" lon="-8.274674"><ele>370.109</ele><time>2025-03-06T10:01:29.782Z</time></trkpt><trkpt lat="42.926233" lon="-8.274732"><ele>369.945</ele><time>2025-03-06T10:01:35.778Z</time></trkpt><trkpt lat="42.926252" lon="-8.274792"><ele>369.983</ele><time>2025-03-06T10:01:45.789Z</time></trkpt><trkpt lat="42.926268" lon="-8.274851"><ele>369.926</ele><time>2025-03-06T10:01:52.772Z</time></trkpt><trkpt lat="42.926283" lon="-8.274913"><ele>369.872</ele><time>2025-03-06T10:01:57.783Z</time></trkpt><trkpt lat="42.926287" lon="-8.274975"><ele>369.727</ele><time>2025-03-06T10:02:02.772Z</time></trkpt><trkpt lat="42.926297" lon="-8.275038"><ele>369.526</ele><time>2025-03-06T10:02:08.790Z</time></trkpt><trkpt lat="42.926317" lon="-8.275097"><ele>369.416</ele><time>2025-03-06T10:02:12.796Z</time></trkpt><trkpt lat="42.926328" lon="-8.275162"><ele>369.226</ele><time>2025-03-06T10:02:17.783Z</time></trkpt><trkpt lat="42.926345" lon="-8.275228"><ele>369.045</ele><time>2025-03-06T10:02:22.783Z</time></trkpt><trkpt lat="42.926374" lon="-8.275282"><ele>368.997</ele><time>2025-03-06T10:02:29.788Z</time></trkpt><trkpt lat="42.926375" lon="-8.275357"><ele>369.023</ele><time>2025-03-06T10:02:35.783Z</time></trkpt><trkpt lat="42.926386" lon="-8.275417"><ele>369.025</ele><time>2025-03-06T10:02:42.017Z</time></trkpt><trkpt lat="42.926407" lon="-8.275473"><ele>369.109</ele><time>2025-03-06T10:02:50.787Z</time></trkpt><trkpt lat="42.926422" lon="-8.275536"><ele>369.151</ele><time>2025-03-06T10:02:55.794Z</time></trkpt><trkpt lat="42.926426" lon="-8.275598"><ele>369.029</ele><time>2025-03-06T10:03:01.779Z</time></trkpt><trkpt lat="42.926430" lon="-8.275666"><ele>368.812</ele><time>2025-03-06T10:03:06.786Z</time></trkpt><trkpt lat="42.926421" lon="-8.275729"><ele>368.668</ele><time>2025-03-06T10:03:10.789Z</time></trkpt><trkpt lat="42.926421" lon="-8.275797"><ele>368.313</ele><time>2025-03-06T10:03:19.783Z</time></trkpt><trkpt lat="42.926434" lon="-8.275871"><ele>368.482</ele><time>2025-03-06T10:03:24.798Z</time></trkpt><trkpt lat="42.926447" lon="-8.275950"><ele>368.622</ele><time>2025-03-06T10:03:29.787Z</time></trkpt><trkpt lat="42.926449" lon="-8.276014"><ele>368.742</ele><time>2025-03-06T10:03:34.786Z</time></trkpt><trkpt lat="42.926459" lon="-8.276077"><ele>368.911</ele><time>2025-03-06T10:03:39.786Z</time></trkpt><trkpt lat="42.926468" lon="-8.276148"><ele>369.093</ele><time>2025-03-06T10:03:46.799Z</time></trkpt><trkpt lat="42.926478" lon="-8.276212"><ele>368.965</ele><time>2025-03-06T10:03:51.781Z</time></trkpt><trkpt lat="42.926475" lon="-8.276281"><ele>368.621</ele><time>2025-03-06T10:03:57.793Z</time></trkpt><trkpt lat="42.926489" lon="-8.276360"><ele>368.509</ele><time>2025-03-06T10:04:03.799Z</time></trkpt><trkpt lat="42.926486" lon="-8.276427"><ele>368.221</ele><time>2025-03-06T10:04:07.791Z</time></trkpt><trkpt lat="42.926486" lon="-8.276496"><ele>367.789</ele><time>2025-03-06T10:04:13.049Z</time></trkpt><trkpt lat="42.926483" lon="-8.276561"><ele>367.382</ele><time>2025-03-06T10:04:17.802Z</time></trkpt><trkpt lat="42.926488" lon="-8.276629"><ele>366.938</ele><time>2025-03-06T10:04:22.787Z</time></trkpt><trkpt lat="42.926490" lon="-8.276699"><ele>366.473</ele><time>2025-03-06T10:04:27.785Z</time></trkpt><trkpt lat="42.926493" lon="-8.276761"><ele>365.782</ele><time>2025-03-06T10:04:33.803Z</time></trkpt><trkpt lat="42.926490" lon="-8.276832"><ele>364.912</ele><time>2025-03-06T10:04:39.743Z</time></trkpt><trkpt lat="42.926474" lon="-8.276900"><ele>364.142</ele><time>2025-03-06T10:04:44.770Z</time></trkpt><trkpt lat="42.926461" lon="-8.276960"><ele>363.491</ele><time>2025-03-06T10:04:49.799Z</time></trkpt><trkpt lat="42.926444" lon="-8.277019"><ele>363.186</ele><time>2025-03-06T10:04:55.788Z</time></trkpt><trkpt lat="42.926423" lon="-8.277075"><ele>362.760</ele><time>2025-03-06T10:05:00.782Z</time></trkpt><trkpt lat="42.926413" lon="-8.277135"><ele>362.426</ele><time>2025-03-06T10:05:05.794Z</time></trkpt><trkpt lat="42.926400" lon="-8.277198"><ele>362.109</ele><time>2025-03-06T10:05:10.778Z</time></trkpt><trkpt lat="42.926377" lon="-8.277260"><ele>362.240</ele><time>2025-03-06T10:05:15.730Z</time></trkpt><trkpt lat="42.926358" lon="-8.277334"><ele>362.518</ele><time>2025-03-06T10:05:20.774Z</time></trkpt><trkpt lat="42.926347" lon="-8.277397"><ele>362.711</ele><time>2025-03-06T10:05:24.936Z</time></trkpt><trkpt lat="42.926344" lon="-8.277462"><ele>362.957</ele><time>2025-03-06T10:05:28.794Z</time></trkpt><trkpt lat="42.926324" lon="-8.277526"><ele>363.052</ele><time>2025-03-06T10:05:33.794Z</time></trkpt><trkpt lat="42.926288" lon="-8.277579"><ele>362.921</ele><time>2025-03-06T10:05:39.788Z</time></trkpt><trkpt lat="42.926248" lon="-8.277627"><ele>362.821</ele><time>2025-03-06T10:05:47.977Z</time></trkpt><trkpt lat="42.926231" lon="-8.277697"><ele>362.651</ele><time>2025-03-06T10:05:53.796Z</time></trkpt><trkpt lat="42.926233" lon="-8.277775"><ele>362.450</ele><time>2025-03-06T10:05:58.958Z</time></trkpt><trkpt lat="42.926253" lon="-8.277851"><ele>362.468</ele><time>2025-03-06T10:06:02.795Z</time></trkpt><trkpt lat="42.926268" lon="-8.277920"><ele>362.342</ele><time>2025-03-06T10:06:07.786Z</time></trkpt><trkpt lat="42.926270" lon="-8.277983"><ele>362.126</ele><time>2025-03-06T10:06:15.782Z</time></trkpt><trkpt lat="42.926275" lon="-8.278056"><ele>362.009</ele><time>2025-03-06T10:06:20.788Z</time></trkpt><trkpt lat="42.926281" lon="-8.278117"><ele>361.988</ele><time>2025-03-06T10:06:24.786Z</time></trkpt><trkpt lat="42.926298" lon="-8.278178"><ele>361.966</ele><time>2025-03-06T10:06:28.786Z</time></trkpt><trkpt lat="42.926309" lon="-8.278242"><ele>361.869</ele><time>2025-03-06T10:06:33.731Z</time></trkpt><trkpt lat="42.926312" lon="-8.278308"><ele>361.795</ele><time>2025-03-06T10:06:39.796Z</time></trkpt><trkpt lat="42.926320" lon="-8.278378"><ele>361.670</ele><time>2025-03-06T10:06:45.794Z</time></trkpt><trkpt lat="42.926324" lon="-8.278452"><ele>361.489</ele><time>2025-03-06T10:06:51.774Z</time></trkpt><trkpt lat="42.926323" lon="-8.278514"><ele>361.379</ele><time>2025-03-06T10:06:56.780Z</time></trkpt><trkpt lat="42.926331" lon="-8.278584"><ele>361.149</ele><time>2025-03-06T10:07:01.775Z</time></trkpt><trkpt lat="42.926349" lon="-8.278644"><ele>361.088</ele><time>2025-03-06T10:07:06.791Z</time></trkpt><trkpt lat="42.926352" lon="-8.278712"><ele>361.077</ele><time>2025-03-06T10:07:11.789Z</time></trkpt><trkpt lat="42.926363" lon="-8.278782"><ele>361.061</ele><time>2025-03-06T10:07:18.026Z</time></trkpt><trkpt lat="42.926366" lon="-8.278844"><ele>361.027</ele><time>2025-03-06T10:07:22.803Z</time></trkpt><trkpt lat="42.926383" lon="-8.278912"><ele>361.009</ele><time>2025-03-06T10:07:27.775Z</time></trkpt><trkpt lat="42.926384" lon="-8.278979"><ele>361.049</ele><time>2025-03-06T10:07:34.785Z</time></trkpt><trkpt lat="42.926375" lon="-8.279041"><ele>361.067</ele><time>2025-03-06T10:07:39.782Z</time></trkpt><trkpt lat="42.926384" lon="-8.279113"><ele>361.010</ele><time>2025-03-06T10:07:44.782Z</time></trkpt><trkpt lat="42.926388" lon="-8.279187"><ele>360.926</ele><time>2025-03-06T10:07:50.794Z</time></trkpt><trkpt lat="42.926402" lon="-8.279260"><ele>360.621</ele><time>2025-03-06T10:07:55.778Z</time></trkpt><trkpt lat="42.926414" lon="-8.279328"><ele>360.440</ele><time>2025-03-06T10:08:01.796Z</time></trkpt><trkpt lat="42.926412" lon="-8.279424"><ele>360.170</ele><time>2025-03-06T10:08:07.785Z</time></trkpt><trkpt lat="42.926413" lon="-8.279494"><ele>360.020</ele><time>2025-03-06T10:08:12.782Z</time></trkpt><trkpt lat="42.926427" lon="-8.279571"><ele>360.079</ele><time>2025-03-06T10:08:17.774Z</time></trkpt><trkpt lat="42.926422" lon="-8.279636"><ele>360.033</ele><time>2025-03-06T10:08:22.791Z</time></trkpt><trkpt lat="42.926429" lon="-8.279706"><ele>360.023</ele><time>2025-03-06T10:08:28.778Z</time></trkpt><trkpt lat="42.926423" lon="-8.279771"><ele>360.015</ele><time>2025-03-06T10:08:33.773Z</time></trkpt><trkpt lat="42.926432" lon="-8.279845"><ele>360.109</ele><time>2025-03-06T10:08:38.788Z</time></trkpt><trkpt lat="42.926428" lon="-8.279912"><ele>360.165</ele><time>2025-03-06T10:08:43.777Z</time></trkpt><trkpt lat="42.926426" lon="-8.279982"><ele>360.183</ele><time>2025-03-06T10:08:48.791Z</time></trkpt><trkpt lat="42.926428" lon="-8.280050"><ele>360.316</ele><time>2025-03-06T10:08:53.791Z</time></trkpt><trkpt lat="42.926421" lon="-8.280116"><ele>360.572</ele><time>2025-03-06T10:08:57.791Z</time></trkpt><trkpt lat="42.926422" lon="-8.280189"><ele>360.867</ele><time>2025-03-06T10:09:02.796Z</time></trkpt><trkpt lat="42.926425" lon="-8.280263"><ele>361.156</ele><time>2025-03-06T10:09:08.783Z</time></trkpt><trkpt lat="42.926423" lon="-8.280325"><ele>361.346</ele><time>2025-03-06T10:09:13.791Z</time></trkpt><trkpt lat="42.926426" lon="-8.280388"><ele>361.586</ele><time>2025-03-06T10:09:17.794Z</time></trkpt><trkpt lat="42.926428" lon="-8.280454"><ele>361.815</ele><time>2025-03-06T10:09:23.789Z</time></trkpt><trkpt lat="42.926417" lon="-8.280516"><ele>362.021</ele><time>2025-03-06T10:09:28.784Z</time></trkpt><trkpt lat="42.926407" lon="-8.280582"><ele>362.241</ele><time>2025-03-06T10:09:34.791Z</time></trkpt><trkpt lat="42.926380" lon="-8.280643"><ele>362.305</ele><time>2025-03-06T10:09:39.785Z</time></trkpt><trkpt lat="42.926367" lon="-8.280716"><ele>362.509</ele><time>2025-03-06T10:09:44.753Z</time></trkpt><trkpt lat="42.926364" lon="-8.280781"><ele>362.624</ele><time>2025-03-06T10:09:50.778Z</time></trkpt><trkpt lat="42.926348" lon="-8.280841"><ele>362.742</ele><time>2025-03-06T10:09:54.760Z</time></trkpt><trkpt lat="42.926329" lon="-8.280900"><ele>362.415</ele><time>2025-03-06T10:09:59.754Z</time></trkpt><trkpt lat="42.926317" lon="-8.280964"><ele>362.121</ele><time>2025-03-06T10:10:03.798Z</time></trkpt><trkpt lat="42.926299" lon="-8.281020"><ele>361.946</ele><time>2025-03-06T10:10:08.786Z</time></trkpt><trkpt lat="42.926296" lon="-8.281084"><ele>361.725</ele><time>2025-03-06T10:10:12.775Z</time></trkpt><trkpt lat="42.926271" lon="-8.281149"><ele>361.455</ele><time>2025-03-06T10:10:18.772Z</time></trkpt><trkpt lat="42.926252" lon="-8.281204"><ele>361.255</ele><time>2025-03-06T10:10:22.794Z</time></trkpt><trkpt lat="42.926229" lon="-8.281270"><ele>360.954</ele><time>2025-03-06T10:10:27.804Z</time></trkpt><trkpt lat="42.926219" lon="-8.281343"><ele>360.674</ele><time>2025-03-06T10:10:32.783Z</time></trkpt><trkpt lat="42.926200" lon="-8.281400"><ele>360.356</ele><time>2025-03-06T10:10:37.797Z</time></trkpt><trkpt lat="42.926179" lon="-8.281468"><ele>360.521</ele><time>2025-03-06T10:10:44.756Z</time></trkpt><trkpt lat="42.926159" lon="-8.281529"><ele>360.609</ele><time>2025-03-06T10:10:48.776Z</time></trkpt><trkpt lat="42.926133" lon="-8.281608"><ele>360.839</ele><time>2025-03-06T10:10:54.771Z</time></trkpt><trkpt lat="42.926113" lon="-8.281664"><ele>361.087</ele><time>2025-03-06T10:10:58.786Z</time></trkpt><trkpt lat="42.926091" lon="-8.281727"><ele>361.540</ele><time>2025-03-06T10:11:04.768Z</time></trkpt><trkpt lat="42.926068" lon="-8.281783"><ele>362.016</ele><time>2025-03-06T10:11:09.789Z</time></trkpt><trkpt lat="42.926046" lon="-8.281839"><ele>362.591</ele><time>2025-03-06T10:11:14.777Z</time></trkpt><trkpt lat="42.926027" lon="-8.281900"><ele>363.050</ele><time>2025-03-06T10:11:19.797Z</time></trkpt><trkpt lat="42.925998" lon="-8.281954"><ele>363.570</ele><time>2025-03-06T10:11:24.795Z</time></trkpt><trkpt lat="42.925973" lon="-8.282017"><ele>364.080</ele><time>2025-03-06T10:11:30.795Z</time></trkpt><trkpt lat="42.925952" lon="-8.282085"><ele>364.699</ele><time>2025-03-06T10:11:35.793Z</time></trkpt><trkpt lat="42.925927" lon="-8.282145"><ele>365.127</ele><time>2025-03-06T10:11:40.789Z</time></trkpt><trkpt lat="42.925895" lon="-8.282201"><ele>365.668</ele><time>2025-03-06T10:11:45.778Z</time></trkpt><trkpt lat="42.925856" lon="-8.282278"><ele>366.114</ele><time>2025-03-06T10:11:52.785Z</time></trkpt><trkpt lat="42.925832" lon="-8.282335"><ele>366.409</ele><time>2025-03-06T10:11:57.782Z</time></trkpt><trkpt lat="42.925797" lon="-8.282383"><ele>366.654</ele><time>2025-03-06T10:12:03.785Z</time></trkpt><trkpt lat="42.925767" lon="-8.282439"><ele>366.842</ele><time>2025-03-06T10:12:07.777Z</time></trkpt><trkpt lat="42.925729" lon="-8.282492"><ele>367.095</ele><time>2025-03-06T10:12:13.782Z</time></trkpt><trkpt lat="42.925697" lon="-8.282559"><ele>367.311</ele><time>2025-03-06T10:12:18.781Z</time></trkpt><trkpt lat="42.925673" lon="-8.282627"><ele>367.796</ele><time>2025-03-06T10:12:23.814Z</time></trkpt><trkpt lat="42.925662" lon="-8.282692"><ele>368.165</ele><time>2025-03-06T10:12:28.783Z</time></trkpt><trkpt lat="42.925648" lon="-8.282755"><ele>368.525</ele><time>2025-03-06T10:12:32.786Z</time></trkpt><trkpt lat="42.925634" lon="-8.282815"><ele>369.095</ele><time>2025-03-06T10:12:36.788Z</time></trkpt><trkpt lat="42.925618" lon="-8.282878"><ele>369.694</ele><time>2025-03-06T10:12:41.791Z</time></trkpt><trkpt lat="42.925600" lon="-8.282941"><ele>370.126</ele><time>2025-03-06T10:12:47.789Z</time></trkpt><trkpt lat="42.925592" lon="-8.283004"><ele>370.647</ele><time>2025-03-06T10:12:51.777Z</time></trkpt><trkpt lat="42.925581" lon="-8.283065"><ele>371.111</ele><time>2025-03-06T10:12:55.785Z</time></trkpt><trkpt lat="42.925566" lon="-8.283140"><ele>371.609</ele><time>2025-03-06T10:13:00.782Z</time></trkpt><trkpt lat="42.925556" lon="-8.283209"><ele>372.124</ele><time>2025-03-06T10:13:05.785Z</time></trkpt><trkpt lat="42.925537" lon="-8.283268"><ele>372.592</ele><time>2025-03-06T10:13:10.987Z</time></trkpt><trkpt lat="42.925526" lon="-8.283337"><ele>372.945</ele><time>2025-03-06T10:13:15.785Z</time></trkpt><trkpt lat="42.925504" lon="-8.283401"><ele>373.071</ele><time>2025-03-06T10:13:21.785Z</time></trkpt><trkpt lat="42.925482" lon="-8.283469"><ele>373.186</ele><time>2025-03-06T10:13:26.782Z</time></trkpt><trkpt lat="42.925472" lon="-8.283535"><ele>373.225</ele><time>2025-03-06T10:13:31.785Z</time></trkpt><trkpt lat="42.925449" lon="-8.283601"><ele>373.235</ele><time>2025-03-06T10:13:37.791Z</time></trkpt><trkpt lat="42.925431" lon="-8.283669"><ele>373.515</ele><time>2025-03-06T10:13:42.786Z</time></trkpt><trkpt lat="42.925406" lon="-8.283733"><ele>373.864</ele><time>2025-03-06T10:13:48.795Z</time></trkpt><trkpt lat="42.925405" lon="-8.283798"><ele>374.341</ele><time>2025-03-06T10:13:54.014Z</time></trkpt><trkpt lat="42.925403" lon="-8.283859"><ele>374.781</ele><time>2025-03-06T10:13:57.793Z</time></trkpt><trkpt lat="42.925415" lon="-8.283927"><ele>375.309</ele><time>2025-03-06T10:14:02.766Z</time></trkpt><trkpt lat="42.925420" lon="-8.283993"><ele>376.009</ele><time>2025-03-06T10:14:07.788Z</time></trkpt><trkpt lat="42.925443" lon="-8.284063"><ele>376.886</ele><time>2025-03-06T10:14:12.775Z</time></trkpt><trkpt lat="42.925452" lon="-8.284125"><ele>377.574</ele><time>2025-03-06T10:14:17.785Z</time></trkpt><trkpt lat="42.925460" lon="-8.284189"><ele>378.167</ele><time>2025-03-06T10:14:22.778Z</time></trkpt><trkpt lat="42.925483" lon="-8.284255"><ele>378.913</ele><time>2025-03-06T10:14:28.788Z</time></trkpt><trkpt lat="42.925485" lon="-8.284322"><ele>379.428</ele><time>2025-03-06T10:14:33.783Z</time></trkpt><trkpt lat="42.925494" lon="-8.284386"><ele>379.937</ele><time>2025-03-06T10:14:37.782Z</time></trkpt><trkpt lat="42.925498" lon="-8.284454"><ele>380.447</ele><time>2025-03-06T10:14:42.777Z</time></trkpt><trkpt lat="42.925500" lon="-8.284526"><ele>381.017</ele><time>2025-03-06T10:14:48.784Z</time></trkpt><trkpt lat="42.925484" lon="-8.284591"><ele>381.336</ele><time>2025-03-06T10:14:56.727Z</time></trkpt><trkpt lat="42.925468" lon="-8.284662"><ele>381.676</ele><time>2025-03-06T10:15:01.769Z</time></trkpt><trkpt lat="42.925459" lon="-8.284723"><ele>382.090</ele><time>2025-03-06T10:15:06.983Z</time></trkpt><trkpt lat="42.925454" lon="-8.284795"><ele>382.419</ele><time>2025-03-06T10:15:12.793Z</time></trkpt><trkpt lat="42.925454" lon="-8.284857"><ele>382.909</ele><time>2025-03-06T10:15:17.791Z</time></trkpt><trkpt lat="42.925437" lon="-8.284923"><ele>383.229</ele><time>2025-03-06T10:15:23.780Z</time></trkpt><trkpt lat="42.925425" lon="-8.284986"><ele>383.597</ele><time>2025-03-06T10:15:29.785Z</time></trkpt><trkpt lat="42.925402" lon="-8.285061"><ele>384.250</ele><time>2025-03-06T10:15:41.792Z</time></trkpt><trkpt lat="42.925408" lon="-8.285152"><ele>385.676</ele><time>2025-03-06T10:15:48.001Z</time></trkpt><trkpt lat="42.925382" lon="-8.285202"><ele>386.081</ele><time>2025-03-06T10:15:52.779Z</time></trkpt><trkpt lat="42.925356" lon="-8.285263"><ele>386.630</ele><time>2025-03-06T10:15:56.793Z</time></trkpt><trkpt lat="42.925335" lon="-8.285330"><ele>387.580</ele><time>2025-03-06T10:16:02.780Z</time></trkpt><trkpt lat="42.925311" lon="-8.285391"><ele>388.320</ele><time>2025-03-06T10:16:07.784Z</time></trkpt><trkpt lat="42.925294" lon="-8.285473"><ele>389.639</ele><time>2025-03-06T10:16:13.745Z</time></trkpt><trkpt lat="42.925296" lon="-8.285539"><ele>390.828</ele><time>2025-03-06T10:16:17.739Z</time></trkpt><trkpt lat="42.925294" lon="-8.285604"><ele>391.589</ele><time>2025-03-06T10:16:21.734Z</time></trkpt><trkpt lat="42.925280" lon="-8.285687"><ele>392.017</ele><time>2025-03-06T10:16:29.727Z</time></trkpt><trkpt lat="42.925263" lon="-8.285745"><ele>392.209</ele><time>2025-03-06T10:17:02.749Z</time></trkpt><trkpt lat="42.925251" lon="-8.285813"><ele>392.664</ele><time>2025-03-06T10:17:06.740Z</time></trkpt><trkpt lat="42.925239" lon="-8.285873"><ele>392.552</ele><time>2025-03-06T10:17:36.791Z</time></trkpt><trkpt lat="42.925223" lon="-8.285939"><ele>392.335</ele><time>2025-03-06T10:17:42.730Z</time></trkpt><trkpt lat="42.925213" lon="-8.286012"><ele>392.041</ele><time>2025-03-06T10:17:47.750Z</time></trkpt><trkpt lat="42.925202" lon="-8.286075"><ele>391.776</ele><time>2025-03-06T10:17:52.752Z</time></trkpt><trkpt lat="42.925189" lon="-8.286134"><ele>391.365</ele><time>2025-03-06T10:17:56.769Z</time></trkpt><trkpt lat="42.925178" lon="-8.286211"><ele>391.075</ele><time>2025-03-06T10:18:02.741Z</time></trkpt><trkpt lat="42.925175" lon="-8.286276"><ele>390.815</ele><time>2025-03-06T10:18:09.753Z</time></trkpt><trkpt lat="42.925164" lon="-8.286345"><ele>390.584</ele><time>2025-03-06T10:18:14.781Z</time></trkpt><trkpt lat="42.925173" lon="-8.286419"><ele>390.441</ele><time>2025-03-06T10:18:19.779Z</time></trkpt><trkpt lat="42.925177" lon="-8.286492"><ele>390.281</ele><time>2025-03-06T10:18:24.789Z</time></trkpt><trkpt lat="42.925170" lon="-8.286559"><ele>389.809</ele><time>2025-03-06T10:18:29.782Z</time></trkpt><trkpt lat="42.925156" lon="-8.286631"><ele>389.409</ele><time>2025-03-06T10:18:38.781Z</time></trkpt><trkpt lat="42.925160" lon="-8.286701"><ele>389.036</ele><time>2025-03-06T10:18:43.796Z</time></trkpt><trkpt lat="42.925160" lon="-8.286778"><ele>388.394</ele><time>2025-03-06T10:18:48.794Z</time></trkpt><trkpt lat="42.925161" lon="-8.286845"><ele>387.767</ele><time>2025-03-06T10:18:52.785Z</time></trkpt><trkpt lat="42.925157" lon="-8.286917"><ele>386.983</ele><time>2025-03-06T10:18:57.786Z</time></trkpt><trkpt lat="42.925152" lon="-8.286980"><ele>386.448</ele><time>2025-03-06T10:19:01.781Z</time></trkpt><trkpt lat="42.925133" lon="-8.287056"><ele>385.827</ele><time>2025-03-06T10:19:08.779Z</time></trkpt><trkpt lat="42.925121" lon="-8.287120"><ele>385.447</ele><time>2025-03-06T10:19:16.779Z</time></trkpt><trkpt lat="42.925118" lon="-8.287202"><ele>385.057</ele><time>2025-03-06T10:19:24.800Z</time></trkpt><trkpt lat="42.925112" lon="-8.287281"><ele>384.736</ele><time>2025-03-06T10:19:32.775Z</time></trkpt><trkpt lat="42.925108" lon="-8.287351"><ele>384.637</ele><time>2025-03-06T10:19:37.786Z</time></trkpt><trkpt lat="42.925095" lon="-8.287428"><ele>384.449</ele><time>2025-03-06T10:19:42.773Z</time></trkpt><trkpt lat="42.925108" lon="-8.287490"><ele>384.413</ele><time>2025-03-06T10:19:47.789Z</time></trkpt><trkpt lat="42.925084" lon="-8.287556"><ele>384.309</ele><time>2025-03-06T10:25:02.993Z</time></trkpt><trkpt lat="42.925053" lon="-8.287614"><ele>384.295</ele><time>2025-03-06T10:25:10.025Z</time></trkpt><trkpt lat="42.925034" lon="-8.287676"><ele>384.113</ele><time>2025-03-06T10:25:16.780Z</time></trkpt><trkpt lat="42.925022" lon="-8.287747"><ele>384.146</ele><time>2025-03-06T10:25:21.789Z</time></trkpt><trkpt lat="42.925007" lon="-8.287830"><ele>384.042</ele><time>2025-03-06T10:25:29.788Z</time></trkpt><trkpt lat="42.924986" lon="-8.287909"><ele>383.917</ele><time>2025-03-06T10:25:35.802Z</time></trkpt><trkpt lat="42.924978" lon="-8.287971"><ele>383.926</ele><time>2025-03-06T10:25:38.775Z</time></trkpt><trkpt lat="42.924964" lon="-8.288032"><ele>383.896</ele><time>2025-03-06T10:25:42.789Z</time></trkpt><trkpt lat="42.924957" lon="-8.288099"><ele>383.846</ele><time>2025-03-06T10:25:47.790Z</time></trkpt><trkpt lat="42.924925" lon="-8.288179"><ele>383.935</ele><time>2025-03-06T10:25:55.784Z</time></trkpt><trkpt lat="42.924885" lon="-8.288224"><ele>383.876</ele><time>2025-03-06T10:25:59.785Z</time></trkpt><trkpt lat="42.924856" lon="-8.288287"><ele>383.890</ele><time>2025-03-06T10:26:04.789Z</time></trkpt><trkpt lat="42.924843" lon="-8.288347"><ele>383.919</ele><time>2025-03-06T10:26:08.784Z</time></trkpt><trkpt lat="42.924825" lon="-8.288405"><ele>384.109</ele><time>2025-03-06T10:26:14.782Z</time></trkpt><trkpt lat="42.924811" lon="-8.288464"><ele>384.319</ele><time>2025-03-06T10:26:19.793Z</time></trkpt><trkpt lat="42.924786" lon="-8.288523"><ele>384.517</ele><time>2025-03-06T10:26:26.787Z</time></trkpt><trkpt lat="42.924747" lon="-8.288570"><ele>384.730</ele><time>2025-03-06T10:26:32.729Z</time></trkpt><trkpt lat="42.924710" lon="-8.288614"><ele>385.096</ele><time>2025-03-06T10:26:37.810Z</time></trkpt><trkpt lat="42.924682" lon="-8.288666"><ele>385.161</ele><time>2025-03-06T10:26:42.795Z</time></trkpt><trkpt lat="42.924650" lon="-8.288721"><ele>385.230</ele><time>2025-03-06T10:26:47.792Z</time></trkpt><trkpt lat="42.924626" lon="-8.288781"><ele>385.580</ele><time>2025-03-06T10:26:51.785Z</time></trkpt><trkpt lat="42.924602" lon="-8.288840"><ele>385.740</ele><time>2025-03-06T10:26:55.792Z</time></trkpt><trkpt lat="42.924562" lon="-8.288878"><ele>385.959</ele><time>2025-03-06T10:26:59.803Z</time></trkpt><trkpt lat="42.924538" lon="-8.288935"><ele>386.115</ele><time>2025-03-06T10:27:03.792Z</time></trkpt><trkpt lat="42.924518" lon="-8.289014"><ele>386.165</ele><time>2025-03-06T10:27:08.788Z</time></trkpt><trkpt lat="42.924504" lon="-8.289073"><ele>386.111</ele><time>2025-03-06T10:27:12.786Z</time></trkpt><trkpt lat="42.924492" lon="-8.289144"><ele>386.209</ele><time>2025-03-06T10:27:18.792Z</time></trkpt><trkpt lat="42.924474" lon="-8.289210"><ele>386.183</ele><time>2025-03-06T10:27:23.785Z</time></trkpt><trkpt lat="42.924465" lon="-8.289273"><ele>386.121</ele><time>2025-03-06T10:27:27.788Z</time></trkpt><trkpt lat="42.924460" lon="-8.289336"><ele>386.164</ele><time>2025-03-06T10:27:31.792Z</time></trkpt><trkpt lat="42.924446" lon="-8.289400"><ele>386.020</ele><time>2025-03-06T10:27:35.788Z</time></trkpt><trkpt lat="42.924423" lon="-8.289455"><ele>385.935</ele><time>2025-03-06T10:27:40.794Z</time></trkpt><trkpt lat="42.924408" lon="-8.289530"><ele>385.814</ele><time>2025-03-06T10:27:45.770Z</time></trkpt><trkpt lat="42.924392" lon="-8.289588"><ele>385.834</ele><time>2025-03-06T10:27:49.802Z</time></trkpt><trkpt lat="42.924368" lon="-8.289649"><ele>385.924</ele><time>2025-03-06T10:27:54.794Z</time></trkpt><trkpt lat="42.924347" lon="-8.289722"><ele>386.063</ele><time>2025-03-06T10:27:59.800Z</time></trkpt><trkpt lat="42.924335" lon="-8.289792"><ele>386.341</ele><time>2025-03-06T10:28:03.790Z</time></trkpt><trkpt lat="42.924312" lon="-8.289865"><ele>386.581</ele><time>2025-03-06T10:28:08.783Z</time></trkpt><trkpt lat="42.924290" lon="-8.289931"><ele>386.809</ele><time>2025-03-06T10:28:14.793Z</time></trkpt><trkpt lat="42.924268" lon="-8.289995"><ele>387.009</ele><time>2025-03-06T10:28:19.800Z</time></trkpt><trkpt lat="42.924241" lon="-8.290056"><ele>387.496</ele><time>2025-03-06T10:28:24.784Z</time></trkpt><trkpt lat="42.924222" lon="-8.290116"><ele>387.864</ele><time>2025-03-06T10:28:29.803Z</time></trkpt><trkpt lat="42.924201" lon="-8.290180"><ele>388.327</ele><time>2025-03-06T10:28:35.774Z</time></trkpt><trkpt lat="42.924177" lon="-8.290238"><ele>388.753</ele><time>2025-03-06T10:28:41.784Z</time></trkpt><trkpt lat="42.924127" lon="-8.290259"><ele>388.788</ele><time>2025-03-06T10:28:48.793Z</time></trkpt><trkpt lat="42.924079" lon="-8.290288"><ele>388.837</ele><time>2025-03-06T10:28:55.024Z</time></trkpt><trkpt lat="42.924036" lon="-8.290319"><ele>388.887</ele><time>2025-03-06T10:28:58.789Z</time></trkpt><trkpt lat="42.924006" lon="-8.290378"><ele>389.197</ele><time>2025-03-06T10:29:02.804Z</time></trkpt><trkpt lat="42.923971" lon="-8.290417"><ele>389.316</ele><time>2025-03-06T10:29:07.776Z</time></trkpt><trkpt lat="42.923925" lon="-8.290461"><ele>389.469</ele><time>2025-03-06T10:29:12.792Z</time></trkpt><trkpt lat="42.923883" lon="-8.290517"><ele>389.704</ele><time>2025-03-06T10:29:17.786Z</time></trkpt><trkpt lat="42.923849" lon="-8.290562"><ele>389.624</ele><time>2025-03-06T10:29:21.786Z</time></trkpt><trkpt lat="42.923812" lon="-8.290624"><ele>389.209</ele><time>2025-03-06T10:29:25.792Z</time></trkpt><trkpt lat="42.923776" lon="-8.290672"><ele>388.848</ele><time>2025-03-06T10:29:29.792Z</time></trkpt><trkpt lat="42.923742" lon="-8.290719"><ele>388.486</ele><time>2025-03-06T10:29:34.746Z</time></trkpt><trkpt lat="42.923710" lon="-8.290778"><ele>388.149</ele><time>2025-03-06T10:29:39.782Z</time></trkpt><trkpt lat="42.923669" lon="-8.290818"><ele>387.625</ele><time>2025-03-06T10:29:46.783Z</time></trkpt><trkpt lat="42.923633" lon="-8.290865"><ele>387.760</ele><time>2025-03-06T10:29:50.954Z</time></trkpt><trkpt lat="42.923588" lon="-8.290889"><ele>387.759</ele><time>2025-03-06T10:29:55.809Z</time></trkpt><trkpt lat="42.923545" lon="-8.290938"><ele>388.329</ele><time>2025-03-06T10:30:02.786Z</time></trkpt><trkpt lat="42.923517" lon="-8.291007"><ele>389.249</ele><time>2025-03-06T10:30:07.801Z</time></trkpt><trkpt lat="42.923492" lon="-8.291074"><ele>390.058</ele><time>2025-03-06T10:30:12.807Z</time></trkpt><trkpt lat="42.923462" lon="-8.291131"><ele>391.057</ele><time>2025-03-06T10:30:15.795Z</time></trkpt><trkpt lat="42.923437" lon="-8.291186"><ele>392.400</ele><time>2025-03-06T10:30:18.794Z</time></trkpt><trkpt lat="42.923395" lon="-8.291240"><ele>393.820</ele><time>2025-03-06T10:30:22.792Z</time></trkpt><trkpt lat="42.923357" lon="-8.291305"><ele>395.609</ele><time>2025-03-06T10:30:26.771Z</time></trkpt><trkpt lat="42.923336" lon="-8.291360"><ele>397.227</ele><time>2025-03-06T10:30:29.794Z</time></trkpt><trkpt lat="42.923315" lon="-8.291426"><ele>398.335</ele><time>2025-03-06T10:30:34.798Z</time></trkpt><trkpt lat="42.923281" lon="-8.291484"><ele>398.878</ele><time>2025-03-06T10:30:38.805Z</time></trkpt><trkpt lat="42.923250" lon="-8.291532"><ele>399.254</ele><time>2025-03-06T10:30:41.789Z</time></trkpt><trkpt lat="42.923226" lon="-8.291597"><ele>399.889</ele><time>2025-03-06T10:30:47.792Z</time></trkpt><trkpt lat="42.923207" lon="-8.291667"><ele>400.678</ele><time>2025-03-06T10:30:52.784Z</time></trkpt><trkpt lat="42.923196" lon="-8.291730"><ele>401.168</ele><time>2025-03-06T10:30:56.775Z</time></trkpt><trkpt lat="42.923178" lon="-8.291799"><ele>401.558</ele><time>2025-03-06T10:31:01.782Z</time></trkpt><trkpt lat="42.923158" lon="-8.291863"><ele>401.847</ele><time>2025-03-06T10:31:06.791Z</time></trkpt><trkpt lat="42.923141" lon="-8.291933"><ele>402.129</ele><time>2025-03-06T10:31:11.797Z</time></trkpt><trkpt lat="42.923133" lon="-8.292003"><ele>402.200</ele><time>2025-03-06T10:31:15.793Z</time></trkpt><trkpt lat="42.923116" lon="-8.292060"><ele>402.020</ele><time>2025-03-06T10:31:19.798Z</time></trkpt><trkpt lat="42.923082" lon="-8.292123"><ele>401.409</ele><time>2025-03-06T10:31:24.786Z</time></trkpt><trkpt lat="42.923056" lon="-8.292191"><ele>401.084</ele><time>2025-03-06T10:31:30.961Z</time></trkpt><trkpt lat="42.923035" lon="-8.292264"><ele>400.892</ele><time>2025-03-06T10:31:36.792Z</time></trkpt><trkpt lat="42.923014" lon="-8.292331"><ele>400.645</ele><time>2025-03-06T10:31:40.804Z</time></trkpt><trkpt lat="42.922990" lon="-8.292395"><ele>400.431</ele><time>2025-03-06T10:31:44.787Z</time></trkpt><trkpt lat="42.922977" lon="-8.292470"><ele>400.486</ele><time>2025-03-06T10:31:49.777Z</time></trkpt><trkpt lat="42.922960" lon="-8.292541"><ele>400.465</ele><time>2025-03-06T10:31:54.790Z</time></trkpt><trkpt lat="42.922940" lon="-8.292603"><ele>400.415</ele><time>2025-03-06T10:31:59.793Z</time></trkpt><trkpt lat="42.922920" lon="-8.292659"><ele>400.365</ele><time>2025-03-06T10:32:03.789Z</time></trkpt><trkpt lat="42.922888" lon="-8.292710"><ele>400.184</ele><time>2025-03-06T10:32:06.790Z</time></trkpt><trkpt lat="42.922857" lon="-8.292763"><ele>399.897</ele><time>2025-03-06T10:32:10.791Z</time></trkpt><trkpt lat="42.922824" lon="-8.292825"><ele>399.623</ele><time>2025-03-06T10:32:15.789Z</time></trkpt><trkpt lat="42.922793" lon="-8.292872"><ele>399.525</ele><time>2025-03-06T10:32:19.786Z</time></trkpt><trkpt lat="42.922754" lon="-8.292917"><ele>399.509</ele><time>2025-03-06T10:32:23.785Z</time></trkpt><trkpt lat="42.922716" lon="-8.292955"><ele>399.611</ele><time>2025-03-06T10:32:26.794Z</time></trkpt><trkpt lat="42.922696" lon="-8.293010"><ele>399.849</ele><time>2025-03-06T10:32:29.782Z</time></trkpt><trkpt lat="42.922671" lon="-8.293075"><ele>400.172</ele><time>2025-03-06T10:32:33.791Z</time></trkpt><trkpt lat="42.922649" lon="-8.293133"><ele>400.358</ele><time>2025-03-06T10:32:38.789Z</time></trkpt><trkpt lat="42.922635" lon="-8.293200"><ele>400.573</ele><time>2025-03-06T10:32:42.799Z</time></trkpt><trkpt lat="42.922611" lon="-8.293269"><ele>400.862</ele><time>2025-03-06T10:32:47.778Z</time></trkpt><trkpt lat="42.922593" lon="-8.293331"><ele>401.012</ele><time>2025-03-06T10:32:52.785Z</time></trkpt><trkpt lat="42.922569" lon="-8.293393"><ele>401.212</ele><time>2025-03-06T10:32:57.793Z</time></trkpt><trkpt lat="42.922558" lon="-8.293458"><ele>401.481</ele><time>2025-03-06T10:33:01.784Z</time></trkpt><trkpt lat="42.922542" lon="-8.293523"><ele>401.614</ele><time>2025-03-06T10:33:05.799Z</time></trkpt><trkpt lat="42.922526" lon="-8.293588"><ele>401.854</ele><time>2025-03-06T10:33:11.016Z</time></trkpt><trkpt lat="42.922505" lon="-8.293645"><ele>402.009</ele><time>2025-03-06T10:33:15.793Z</time></trkpt><trkpt lat="42.922479" lon="-8.293712"><ele>402.309</ele><time>2025-03-06T10:33:21.791Z</time></trkpt><trkpt lat="42.922450" lon="-8.293765"><ele>402.773</ele><time>2025-03-06T10:33:25.792Z</time></trkpt><trkpt lat="42.922418" lon="-8.293810"><ele>403.281</ele><time>2025-03-06T10:33:30.791Z</time></trkpt><trkpt lat="42.922388" lon="-8.293871"><ele>403.624</ele><time>2025-03-06T10:33:35.798Z</time></trkpt><trkpt lat="42.922359" lon="-8.293920"><ele>404.040</ele><time>2025-03-06T10:33:39.785Z</time></trkpt><trkpt lat="42.922327" lon="-8.293966"><ele>404.425</ele><time>2025-03-06T10:33:43.796Z</time></trkpt><trkpt lat="42.922290" lon="-8.294027"><ele>404.914</ele><time>2025-03-06T10:33:48.770Z</time></trkpt><trkpt lat="42.922269" lon="-8.294098"><ele>405.294</ele><time>2025-03-06T10:33:53.814Z</time></trkpt><trkpt lat="42.922246" lon="-8.294155"><ele>405.684</ele><time>2025-03-06T10:33:56.799Z</time></trkpt><trkpt lat="42.922215" lon="-8.294218"><ele>405.543</ele><time>2025-03-06T10:34:01.804Z</time></trkpt><trkpt lat="42.922185" lon="-8.294278"><ele>405.392</ele><time>2025-03-06T10:34:05.803Z</time></trkpt><trkpt lat="42.922152" lon="-8.294347"><ele>405.173</ele><time>2025-03-06T10:34:09.793Z</time></trkpt><trkpt lat="42.922119" lon="-8.294422"><ele>405.020</ele><time>2025-03-06T10:34:15.809Z</time></trkpt><trkpt lat="42.922104" lon="-8.294492"><ele>404.609</ele><time>2025-03-06T10:34:20.810Z</time></trkpt><trkpt lat="42.922079" lon="-8.294560"><ele>404.311</ele><time>2025-03-06T10:34:25.816Z</time></trkpt><trkpt lat="42.922043" lon="-8.294619"><ele>404.339</ele><time>2025-03-06T10:34:29.799Z</time></trkpt><trkpt lat="42.922014" lon="-8.294679"><ele>404.292</ele><time>2025-03-06T10:34:34.792Z</time></trkpt><trkpt lat="42.921979" lon="-8.294731"><ele>404.328</ele><time>2025-03-06T10:34:39.786Z</time></trkpt><trkpt lat="42.921944" lon="-8.294776"><ele>404.273</ele><time>2025-03-06T10:34:43.818Z</time></trkpt><trkpt lat="42.921913" lon="-8.294834"><ele>403.782</ele><time>2025-03-06T10:34:47.817Z</time></trkpt><trkpt lat="42.921876" lon="-8.294885"><ele>403.492</ele><time>2025-03-06T10:34:52.811Z</time></trkpt><trkpt lat="42.921847" lon="-8.294935"><ele>403.062</ele><time>2025-03-06T10:34:56.803Z</time></trkpt><trkpt lat="42.921815" lon="-8.294991"><ele>402.521</ele><time>2025-03-06T10:35:01.808Z</time></trkpt><trkpt lat="42.921790" lon="-8.295044"><ele>402.118</ele><time>2025-03-06T10:35:06.797Z</time></trkpt><trkpt lat="42.921765" lon="-8.295099"><ele>401.598</ele><time>2025-03-06T10:35:11.768Z</time></trkpt><trkpt lat="42.921734" lon="-8.295144"><ele>401.117</ele><time>2025-03-06T10:35:15.798Z</time></trkpt><trkpt lat="42.921696" lon="-8.295193"><ele>400.409</ele><time>2025-03-06T10:35:19.795Z</time></trkpt><trkpt lat="42.921663" lon="-8.295252"><ele>399.543</ele><time>2025-03-06T10:35:24.789Z</time></trkpt><trkpt lat="42.921637" lon="-8.295318"><ele>398.861</ele><time>2025-03-06T10:35:29.803Z</time></trkpt><trkpt lat="42.921610" lon="-8.295376"><ele>398.364</ele><time>2025-03-06T10:35:33.803Z</time></trkpt><trkpt lat="42.921574" lon="-8.295426"><ele>398.170</ele><time>2025-03-06T10:35:38.790Z</time></trkpt><trkpt lat="42.921544" lon="-8.295494"><ele>397.595</ele><time>2025-03-06T10:35:43.803Z</time></trkpt><trkpt lat="42.921532" lon="-8.295559"><ele>397.054</ele><time>2025-03-06T10:35:47.800Z</time></trkpt><trkpt lat="42.921513" lon="-8.295628"><ele>396.724</ele><time>2025-03-06T10:35:52.803Z</time></trkpt><trkpt lat="42.921488" lon="-8.295689"><ele>396.684</ele><time>2025-03-06T10:35:57.803Z</time></trkpt><trkpt lat="42.921468" lon="-8.295755"><ele>396.533</ele><time>2025-03-06T10:36:01.816Z</time></trkpt><trkpt lat="42.921449" lon="-8.295821"><ele>396.482</ele><time>2025-03-06T10:36:05.804Z</time></trkpt><trkpt lat="42.921425" lon="-8.295879"><ele>396.443</ele><time>2025-03-06T10:36:10.798Z</time></trkpt><trkpt lat="42.921397" lon="-8.295934"><ele>396.617</ele><time>2025-03-06T10:36:14.815Z</time></trkpt><trkpt lat="42.921362" lon="-8.295978"><ele>396.509</ele><time>2025-03-06T10:36:18.797Z</time></trkpt><trkpt lat="42.921324" lon="-8.296031"><ele>396.440</ele><time>2025-03-06T10:36:23.809Z</time></trkpt><trkpt lat="42.921294" lon="-8.296078"><ele>396.278</ele><time>2025-03-06T10:36:27.824Z</time></trkpt><trkpt lat="42.921260" lon="-8.296133"><ele>395.871</ele><time>2025-03-06T10:36:32.784Z</time></trkpt><trkpt lat="42.921230" lon="-8.296189"><ele>395.237</ele><time>2025-03-06T10:36:36.794Z</time></trkpt><trkpt lat="42.921194" lon="-8.296251"><ele>394.532</ele><time>2025-03-06T10:36:41.798Z</time></trkpt><trkpt lat="42.921156" lon="-8.296286"><ele>394.151</ele><time>2025-03-06T10:36:45.801Z</time></trkpt><trkpt lat="42.921113" lon="-8.296323"><ele>393.751</ele><time>2025-03-06T10:36:49.806Z</time></trkpt><trkpt lat="42.921079" lon="-8.296368"><ele>393.271</ele><time>2025-03-06T10:36:54.789Z</time></trkpt><trkpt lat="42.921033" lon="-8.296394"><ele>393.080</ele><time>2025-03-06T10:36:59.795Z</time></trkpt><trkpt lat="42.920999" lon="-8.296435"><ele>392.776</ele><time>2025-03-06T10:37:03.794Z</time></trkpt><trkpt lat="42.920965" lon="-8.296481"><ele>392.390</ele><time>2025-03-06T10:37:08.793Z</time></trkpt><trkpt lat="42.920928" lon="-8.296524"><ele>392.019</ele><time>2025-03-06T10:37:12.809Z</time></trkpt><trkpt lat="42.920890" lon="-8.296561"><ele>391.809</ele><time>2025-03-06T10:37:16.808Z</time></trkpt><trkpt lat="42.920844" lon="-8.296590"><ele>391.659</ele><time>2025-03-06T10:37:21.807Z</time></trkpt><trkpt lat="42.920803" lon="-8.296634"><ele>391.357</ele><time>2025-03-06T10:37:26.796Z</time></trkpt><trkpt lat="42.920759" lon="-8.296689"><ele>391.230</ele><time>2025-03-06T10:37:30.802Z</time></trkpt><trkpt lat="42.920725" lon="-8.296733"><ele>391.216</ele><time>2025-03-06T10:37:34.797Z</time></trkpt><trkpt lat="42.920681" lon="-8.296795"><ele>391.311</ele><time>2025-03-06T10:37:40.802Z</time></trkpt><trkpt lat="42.920654" lon="-8.296855"><ele>391.440</ele><time>2025-03-06T10:37:44.789Z</time></trkpt><trkpt lat="42.920628" lon="-8.296917"><ele>391.540</ele><time>2025-03-06T10:37:48.802Z</time></trkpt><trkpt lat="42.920599" lon="-8.296970"><ele>391.620</ele><time>2025-03-06T10:37:53.772Z</time></trkpt><trkpt lat="42.920566" lon="-8.297020"><ele>391.799</ele><time>2025-03-06T10:37:58.755Z</time></trkpt><trkpt lat="42.920536" lon="-8.297081"><ele>391.774</ele><time>2025-03-06T10:38:04.790Z</time></trkpt><trkpt lat="42.920505" lon="-8.297127"><ele>391.956</ele><time>2025-03-06T10:38:10.804Z</time></trkpt><trkpt lat="42.920468" lon="-8.297184"><ele>392.121</ele><time>2025-03-06T10:38:18.795Z</time></trkpt><trkpt lat="42.920434" lon="-8.297243"><ele>392.009</ele><time>2025-03-06T10:38:24.805Z</time></trkpt><trkpt lat="42.920405" lon="-8.297300"><ele>391.569</ele><time>2025-03-06T10:38:29.800Z</time></trkpt><trkpt lat="42.920385" lon="-8.297362"><ele>390.717</ele><time>2025-03-06T10:38:34.028Z</time></trkpt><trkpt lat="42.920390" lon="-8.297440"><ele>389.570</ele><time>2025-03-06T10:38:38.783Z</time></trkpt><trkpt lat="42.920376" lon="-8.297502"><ele>388.636</ele><time>2025-03-06T10:38:42.746Z</time></trkpt><trkpt lat="42.920361" lon="-8.297563"><ele>387.611</ele><time>2025-03-06T10:38:47.792Z</time></trkpt><trkpt lat="42.920359" lon="-8.297640"><ele>386.290</ele><time>2025-03-06T10:38:54.783Z</time></trkpt><trkpt lat="42.920348" lon="-8.297700"><ele>385.130</ele><time>2025-03-06T10:39:00.736Z</time></trkpt><trkpt lat="42.920326" lon="-8.297759"><ele>384.210</ele><time>2025-03-06T10:39:07.774Z</time></trkpt><trkpt lat="42.920332" lon="-8.297835"><ele>383.229</ele><time>2025-03-06T10:39:14.785Z</time></trkpt><trkpt lat="42.920335" lon="-8.297907"><ele>382.421</ele><time>2025-03-06T10:39:19.787Z</time></trkpt><trkpt lat="42.920332" lon="-8.297973"><ele>381.741</ele><time>2025-03-06T10:39:24.785Z</time></trkpt><trkpt lat="42.920308" lon="-8.298036"><ele>381.105</ele><time>2025-03-06T10:39:28.781Z</time></trkpt><trkpt lat="42.920273" lon="-8.298101"><ele>380.509</ele><time>2025-03-06T10:39:34.756Z</time></trkpt><trkpt lat="42.920245" lon="-8.298158"><ele>380.134</ele><time>2025-03-06T10:39:38.760Z</time></trkpt><trkpt lat="42.920220" lon="-8.298216"><ele>379.662</ele><time>2025-03-06T10:39:43.786Z</time></trkpt><trkpt lat="42.920225" lon="-8.298308"><ele>378.585</ele><time>2025-03-06T10:39:52.972Z</time></trkpt><trkpt lat="42.920242" lon="-8.298388"><ele>377.991</ele><time>2025-03-06T10:39:58.761Z</time></trkpt><trkpt lat="42.920247" lon="-8.298459"><ele>377.696</ele><time>2025-03-06T10:40:05.800Z</time></trkpt><trkpt lat="42.920261" lon="-8.298525"><ele>377.365</ele><time>2025-03-06T10:40:10.780Z</time></trkpt><trkpt lat="42.920270" lon="-8.298591"><ele>377.035</ele><time>2025-03-06T10:40:16.790Z</time></trkpt><trkpt lat="42.920279" lon="-8.298656"><ele>376.835</ele><time>2025-03-06T10:40:20.780Z</time></trkpt><trkpt lat="42.920279" lon="-8.298724"><ele>376.664</ele><time>2025-03-06T10:40:26.784Z</time></trkpt><trkpt lat="42.920271" lon="-8.298785"><ele>376.456</ele><time>2025-03-06T10:40:30.790Z</time></trkpt><trkpt lat="42.920248" lon="-8.298842"><ele>376.159</ele><time>2025-03-06T10:40:34.773Z</time></trkpt><trkpt lat="42.920225" lon="-8.298915"><ele>375.814</ele><time>2025-03-06T10:40:39.782Z</time></trkpt><trkpt lat="42.920198" lon="-8.298978"><ele>375.609</ele><time>2025-03-06T10:40:45.780Z</time></trkpt><trkpt lat="42.920170" lon="-8.299042"><ele>375.427</ele><time>2025-03-06T10:40:50.782Z</time></trkpt><trkpt lat="42.920135" lon="-8.299094"><ele>375.115</ele><time>2025-03-06T10:40:54.789Z</time></trkpt><trkpt lat="42.920097" lon="-8.299128"><ele>374.818</ele><time>2025-03-06T10:40:58.801Z</time></trkpt><trkpt lat="42.920050" lon="-8.299164"><ele>374.494</ele><time>2025-03-06T10:41:03.791Z</time></trkpt><trkpt lat="42.919999" lon="-8.299196"><ele>374.159</ele><time>2025-03-06T10:41:08.780Z</time></trkpt><trkpt lat="42.919956" lon="-8.299218"><ele>374.028</ele><time>2025-03-06T10:41:12.785Z</time></trkpt><trkpt lat="42.919918" lon="-8.299255"><ele>373.988</ele><time>2025-03-06T10:41:17.790Z</time></trkpt><trkpt lat="42.919873" lon="-8.299295"><ele>373.868</ele><time>2025-03-06T10:41:23.784Z</time></trkpt><trkpt lat="42.919828" lon="-8.299348"><ele>373.627</ele><time>2025-03-06T10:41:28.784Z</time></trkpt><trkpt lat="42.919787" lon="-8.299393"><ele>373.428</ele><time>2025-03-06T10:41:33.798Z</time></trkpt><trkpt lat="42.919742" lon="-8.299409"><ele>373.189</ele><time>2025-03-06T10:41:39.969Z</time></trkpt><trkpt lat="42.919700" lon="-8.299450"><ele>373.017</ele><time>2025-03-06T10:41:43.778Z</time></trkpt><trkpt lat="42.919665" lon="-8.299494"><ele>373.109</ele><time>2025-03-06T10:41:47.779Z</time></trkpt><trkpt lat="42.919626" lon="-8.299527"><ele>373.264</ele><time>2025-03-06T10:41:51.767Z</time></trkpt><trkpt lat="42.919582" lon="-8.299551"><ele>373.222</ele><time>2025-03-06T10:41:55.784Z</time></trkpt><trkpt lat="42.919545" lon="-8.299591"><ele>373.215</ele><time>2025-03-06T10:41:59.795Z</time></trkpt><trkpt lat="42.919511" lon="-8.299637"><ele>373.291</ele><time>2025-03-06T10:42:04.018Z</time></trkpt><trkpt lat="42.919469" lon="-8.299688"><ele>373.156</ele><time>2025-03-06T10:42:08.793Z</time></trkpt><trkpt lat="42.919439" lon="-8.299737"><ele>373.115</ele><time>2025-03-06T10:42:12.789Z</time></trkpt><trkpt lat="42.919403" lon="-8.299779"><ele>373.285</ele><time>2025-03-06T10:42:16.795Z</time></trkpt><trkpt lat="42.919367" lon="-8.299839"><ele>373.375</ele><time>2025-03-06T10:42:21.789Z</time></trkpt><trkpt lat="42.919338" lon="-8.299890"><ele>373.414</ele><time>2025-03-06T10:42:25.791Z</time></trkpt><trkpt lat="42.919312" lon="-8.299942"><ele>373.478</ele><time>2025-03-06T10:42:29.790Z</time></trkpt><trkpt lat="42.919288" lon="-8.299997"><ele>373.433</ele><time>2025-03-06T10:42:33.798Z</time></trkpt><trkpt lat="42.919264" lon="-8.300059"><ele>373.626</ele><time>2025-03-06T10:42:37.767Z</time></trkpt><trkpt lat="42.919246" lon="-8.300131"><ele>373.809</ele><time>2025-03-06T10:42:41.791Z</time></trkpt><trkpt lat="42.919227" lon="-8.300196"><ele>373.939</ele><time>2025-03-06T10:42:46.761Z</time></trkpt><trkpt lat="42.919198" lon="-8.300259"><ele>374.087</ele><time>2025-03-06T10:42:51.782Z</time></trkpt><trkpt lat="42.919181" lon="-8.300344"><ele>374.350</ele><time>2025-03-06T10:42:56.792Z</time></trkpt><trkpt lat="42.919179" lon="-8.300423"><ele>374.656</ele><time>2025-03-06T10:43:01.786Z</time></trkpt><trkpt lat="42.919169" lon="-8.300486"><ele>374.821</ele><time>2025-03-06T10:43:05.797Z</time></trkpt><trkpt lat="42.919155" lon="-8.300546"><ele>374.950</ele><time>2025-03-06T10:43:09.772Z</time></trkpt><trkpt lat="42.919142" lon="-8.300615"><ele>375.190</ele><time>2025-03-06T10:43:14.787Z</time></trkpt><trkpt lat="42.919124" lon="-8.300672"><ele>375.350</ele><time>2025-03-06T10:43:19.039Z</time></trkpt><trkpt lat="42.919102" lon="-8.300738"><ele>375.499</ele><time>2025-03-06T10:43:24.781Z</time></trkpt><trkpt lat="42.919062" lon="-8.300776"><ele>375.447</ele><time>2025-03-06T10:43:31.033Z</time></trkpt><trkpt lat="42.919034" lon="-8.300834"><ele>375.529</ele><time>2025-03-06T10:43:35.793Z</time></trkpt><trkpt lat="42.918996" lon="-8.300889"><ele>375.521</ele><time>2025-03-06T10:43:41.785Z</time></trkpt><trkpt lat="42.918971" lon="-8.300941"><ele>375.609</ele><time>2025-03-06T10:43:46.781Z</time></trkpt><trkpt lat="42.918937" lon="-8.300992"><ele>375.686</ele><time>2025-03-06T10:43:51.811Z</time></trkpt><trkpt lat="42.918898" lon="-8.301027"><ele>375.714</ele><time>2025-03-06T10:43:56.791Z</time></trkpt><trkpt lat="42.918861" lon="-8.301085"><ele>375.797</ele><time>2025-03-06T10:44:01.792Z</time></trkpt><trkpt lat="42.918855" lon="-8.301152"><ele>375.983</ele><time>2025-03-06T10:44:06.797Z</time></trkpt><trkpt lat="42.918878" lon="-8.301219"><ele>376.338</ele><time>2025-03-06T10:44:16.786Z</time></trkpt><trkpt lat="42.918915" lon="-8.301280"><ele>376.687</ele><time>2025-03-06T10:44:21.790Z</time></trkpt><trkpt lat="42.918950" lon="-8.301330"><ele>376.817</ele><time>2025-03-06T10:44:24.795Z</time></trkpt><trkpt lat="42.918975" lon="-8.301393"><ele>377.077</ele><time>2025-03-06T10:44:28.787Z</time></trkpt><trkpt lat="42.918987" lon="-8.301452"><ele>377.156</ele><time>2025-03-06T10:44:32.784Z</time></trkpt><trkpt lat="42.918992" lon="-8.301518"><ele>377.244</ele><time>2025-03-06T10:44:37.804Z</time></trkpt><trkpt lat="42.919013" lon="-8.301575"><ele>377.305</ele><time>2025-03-06T10:44:42.790Z</time></trkpt><trkpt lat="42.919029" lon="-8.301643"><ele>377.515</ele><time>2025-03-06T10:44:48.789Z</time></trkpt><trkpt lat="42.919070" lon="-8.301731"><ele>377.709</ele><time>2025-03-06T10:44:57.791Z</time></trkpt><trkpt lat="42.919080" lon="-8.301814"><ele>377.756</ele><time>2025-03-06T10:45:02.789Z</time></trkpt><trkpt lat="42.919091" lon="-8.301920"><ele>377.714</ele><time>2025-03-06T10:45:11.799Z</time></trkpt><trkpt lat="42.919109" lon="-8.301980"><ele>377.897</ele><time>2025-03-06T10:45:15.782Z</time></trkpt><trkpt lat="42.919126" lon="-8.302050"><ele>377.933</ele><time>2025-03-06T10:45:20.784Z</time></trkpt><trkpt lat="42.919125" lon="-8.302126"><ele>377.918</ele><time>2025-03-06T10:45:24.787Z</time></trkpt><trkpt lat="42.919132" lon="-8.302188"><ele>377.987</ele><time>2025-03-06T10:45:27.786Z</time></trkpt><trkpt lat="42.919144" lon="-8.302251"><ele>377.937</ele><time>2025-03-06T10:45:31.787Z</time></trkpt><trkpt lat="42.919161" lon="-8.302321"><ele>378.027</ele><time>2025-03-06T10:45:35.792Z</time></trkpt><trkpt lat="42.919175" lon="-8.302391"><ele>378.156</ele><time>2025-03-06T10:45:40.785Z</time></trkpt><trkpt lat="42.919201" lon="-8.302472"><ele>378.298</ele><time>2025-03-06T10:45:46.787Z</time></trkpt><trkpt lat="42.919203" lon="-8.302539"><ele>378.315</ele><time>2025-03-06T10:45:50.790Z</time></trkpt><trkpt lat="42.919212" lon="-8.302604"><ele>378.326</ele><time>2025-03-06T10:45:55.788Z</time></trkpt><trkpt lat="42.919220" lon="-8.302664"><ele>378.409</ele><time>2025-03-06T10:46:00.800Z</time></trkpt><trkpt lat="42.919242" lon="-8.302719"><ele>378.571</ele><time>2025-03-06T10:46:04.785Z</time></trkpt><trkpt lat="42.919251" lon="-8.302786"><ele>378.619</ele><time>2025-03-06T10:46:09.038Z</time></trkpt><trkpt lat="42.919258" lon="-8.302848"><ele>378.922</ele><time>2025-03-06T10:46:12.936Z</time></trkpt><trkpt lat="42.919273" lon="-8.302910"><ele>379.238</ele><time>2025-03-06T10:46:17.797Z</time></trkpt><trkpt lat="42.919279" lon="-8.302975"><ele>379.513</ele><time>2025-03-06T10:46:21.784Z</time></trkpt><trkpt lat="42.919277" lon="-8.303050"><ele>379.832</ele><time>2025-03-06T10:46:27.791Z</time></trkpt><trkpt lat="42.919282" lon="-8.303123"><ele>379.892</ele><time>2025-03-06T10:46:31.782Z</time></trkpt><trkpt lat="42.919292" lon="-8.303193"><ele>379.942</ele><time>2025-03-06T10:46:36.796Z</time></trkpt><trkpt lat="42.919297" lon="-8.303259"><ele>379.961</ele><time>2025-03-06T10:46:40.782Z</time></trkpt><trkpt lat="42.919291" lon="-8.303339"><ele>379.987</ele><time>2025-03-06T10:46:45.788Z</time></trkpt><trkpt lat="42.919292" lon="-8.303409"><ele>379.942</ele><time>2025-03-06T10:46:50.782Z</time></trkpt><trkpt lat="42.919303" lon="-8.303477"><ele>380.026</ele><time>2025-03-06T10:46:55.777Z</time></trkpt><trkpt lat="42.919311" lon="-8.303540"><ele>380.009</ele><time>2025-03-06T10:46:59.788Z</time></trkpt><trkpt lat="42.919315" lon="-8.303605"><ele>380.010</ele><time>2025-03-06T10:47:04.037Z</time></trkpt><trkpt lat="42.919323" lon="-8.303679"><ele>380.188</ele><time>2025-03-06T10:47:09.770Z</time></trkpt><trkpt lat="42.919323" lon="-8.303744"><ele>380.311</ele><time>2025-03-06T10:47:16.786Z</time></trkpt><trkpt lat="42.919290" lon="-8.303796"><ele>380.387</ele><time>2025-03-06T10:47:25.780Z</time></trkpt><trkpt lat="42.919273" lon="-8.303857"><ele>380.352</ele><time>2025-03-06T10:47:30.789Z</time></trkpt><trkpt lat="42.919265" lon="-8.303934"><ele>380.541</ele><time>2025-03-06T10:47:35.791Z</time></trkpt><trkpt lat="42.919267" lon="-8.304004"><ele>380.881</ele><time>2025-03-06T10:47:40.802Z</time></trkpt><trkpt lat="42.919256" lon="-8.304076"><ele>381.011</ele><time>2025-03-06T10:47:45.783Z</time></trkpt><trkpt lat="42.919246" lon="-8.304148"><ele>381.210</ele><time>2025-03-06T10:47:50.760Z</time></trkpt><trkpt lat="42.919237" lon="-8.304211"><ele>381.326</ele><time>2025-03-06T10:47:54.793Z</time></trkpt><trkpt lat="42.919228" lon="-8.304286"><ele>381.247</ele><time>2025-03-06T10:48:00.739Z</time></trkpt><trkpt lat="42.919210" lon="-8.304344"><ele>381.211</ele><time>2025-03-06T10:48:05.792Z</time></trkpt><trkpt lat="42.919209" lon="-8.304407"><ele>381.209</ele><time>2025-03-06T10:48:09.791Z</time></trkpt><trkpt lat="42.919188" lon="-8.304489"><ele>380.934</ele><time>2025-03-06T10:48:15.786Z</time></trkpt><trkpt lat="42.919156" lon="-8.304547"><ele>380.582</ele><time>2025-03-06T10:48:20.796Z</time></trkpt><trkpt lat="42.919133" lon="-8.304609"><ele>380.115</ele><time>2025-03-06T10:48:25.804Z</time></trkpt><trkpt lat="42.919135" lon="-8.304695"><ele>379.911</ele><time>2025-03-06T10:48:30.794Z</time></trkpt><trkpt lat="42.919131" lon="-8.304763"><ele>379.526</ele><time>2025-03-06T10:48:35.792Z</time></trkpt><trkpt lat="42.919122" lon="-8.304834"><ele>378.985</ele><time>2025-03-06T10:48:40.784Z</time></trkpt><trkpt lat="42.919104" lon="-8.304913"><ele>378.365</ele><time>2025-03-06T10:48:45.792Z</time></trkpt><trkpt lat="42.919092" lon="-8.304973"><ele>377.925</ele><time>2025-03-06T10:48:50.792Z</time></trkpt><trkpt lat="42.919097" lon="-8.305039"><ele>377.524</ele><time>2025-03-06T10:48:53.799Z</time></trkpt><trkpt lat="42.919075" lon="-8.305117"><ele>377.019</ele><time>2025-03-06T10:48:59.796Z</time></trkpt><trkpt lat="42.919021" lon="-8.305146"><ele>376.709</ele><time>2025-03-06T10:49:05.790Z</time></trkpt><trkpt lat="42.918974" lon="-8.305166"><ele>376.519</ele><time>2025-03-06T10:49:10.024Z</time></trkpt><trkpt lat="42.918931" lon="-8.305193"><ele>376.409</ele><time>2025-03-06T10:49:14.781Z</time></trkpt><trkpt lat="42.918896" lon="-8.305235"><ele>376.243</ele><time>2025-03-06T10:49:19.797Z</time></trkpt><trkpt lat="42.918852" lon="-8.305255"><ele>376.141</ele><time>2025-03-06T10:49:24.045Z</time></trkpt><trkpt lat="42.918812" lon="-8.305307"><ele>375.874</ele><time>2025-03-06T10:49:28.780Z</time></trkpt><trkpt lat="42.918818" lon="-8.305378"><ele>375.310</ele><time>2025-03-06T10:49:32.793Z</time></trkpt><trkpt lat="42.918824" lon="-8.305451"><ele>374.895</ele><time>2025-03-06T10:49:37.798Z</time></trkpt><trkpt lat="42.918839" lon="-8.305522"><ele>374.284</ele><time>2025-03-06T10:49:41.794Z</time></trkpt><trkpt lat="42.918863" lon="-8.305595"><ele>373.864</ele><time>2025-03-06T10:49:46.786Z</time></trkpt><trkpt lat="42.918906" lon="-8.305642"><ele>373.794</ele><time>2025-03-06T10:49:51.780Z</time></trkpt><trkpt lat="42.918945" lon="-8.305679"><ele>373.723</ele><time>2025-03-06T10:49:57.783Z</time></trkpt><trkpt lat="42.918984" lon="-8.305735"><ele>373.513</ele><time>2025-03-06T10:50:02.788Z</time></trkpt><trkpt lat="42.919011" lon="-8.305788"><ele>373.243</ele><time>2025-03-06T10:50:17.780Z</time></trkpt><trkpt lat="42.919016" lon="-8.305854"><ele>372.807</ele><time>2025-03-06T10:50:22.757Z</time></trkpt><trkpt lat="42.918997" lon="-8.305916"><ele>372.309</ele><time>2025-03-06T10:50:28.788Z</time></trkpt><trkpt lat="42.918989" lon="-8.305980"><ele>371.883</ele><time>2025-03-06T10:50:33.796Z</time></trkpt><trkpt lat="42.918990" lon="-8.306044"><ele>371.371</ele><time>2025-03-06T10:50:37.792Z</time></trkpt><trkpt lat="42.918989" lon="-8.306107"><ele>370.824</ele><time>2025-03-06T10:50:42.777Z</time></trkpt><trkpt lat="42.918986" lon="-8.306168"><ele>370.450</ele><time>2025-03-06T10:50:47.794Z</time></trkpt><trkpt lat="42.918985" lon="-8.306240"><ele>370.125</ele><time>2025-03-06T10:50:52.787Z</time></trkpt><trkpt lat="42.918994" lon="-8.306309"><ele>369.834</ele><time>2025-03-06T10:50:57.774Z</time></trkpt><trkpt lat="42.918990" lon="-8.306377"><ele>369.454</ele><time>2025-03-06T10:51:02.774Z</time></trkpt><trkpt lat="42.919008" lon="-8.306434"><ele>369.354</ele><time>2025-03-06T10:51:07.787Z</time></trkpt><trkpt lat="42.919016" lon="-8.306496"><ele>369.153</ele><time>2025-03-06T10:51:11.783Z</time></trkpt><trkpt lat="42.919011" lon="-8.306565"><ele>368.827</ele><time>2025-03-06T10:51:17.787Z</time></trkpt><trkpt lat="42.919012" lon="-8.306637"><ele>368.668</ele><time>2025-03-06T10:51:21.809Z</time></trkpt><trkpt lat="42.919018" lon="-8.306707"><ele>368.414</ele><time>2025-03-06T10:51:25.780Z</time></trkpt><trkpt lat="42.919014" lon="-8.306774"><ele>368.209</ele><time>2025-03-06T10:51:30.004Z</time></trkpt><trkpt lat="42.919006" lon="-8.306839"><ele>368.124</ele><time>2025-03-06T10:51:36.770Z</time></trkpt><trkpt lat="42.918987" lon="-8.306909"><ele>367.872</ele><time>2025-03-06T10:51:41.790Z</time></trkpt><trkpt lat="42.918958" lon="-8.306957"><ele>367.555</ele><time>2025-03-06T10:51:45.783Z</time></trkpt><trkpt lat="42.918937" lon="-8.307015"><ele>367.681</ele><time>2025-03-06T10:51:49.788Z</time></trkpt><trkpt lat="42.918919" lon="-8.307087"><ele>367.716</ele><time>2025-03-06T10:51:56.750Z</time></trkpt><trkpt lat="42.918892" lon="-8.307139"><ele>367.785</ele><time>2025-03-06T10:52:01.735Z</time></trkpt><trkpt lat="42.918858" lon="-8.307196"><ele>367.695</ele><time>2025-03-06T10:52:05.785Z</time></trkpt><trkpt lat="42.918830" lon="-8.307257"><ele>367.425</ele><time>2025-03-06T10:52:10.736Z</time></trkpt><trkpt lat="42.918803" lon="-8.307321"><ele>367.224</ele><time>2025-03-06T10:52:15.741Z</time></trkpt><trkpt lat="42.918783" lon="-8.307378"><ele>367.128</ele><time>2025-03-06T10:52:19.752Z</time></trkpt><trkpt lat="42.918761" lon="-8.307441"><ele>367.089</ele><time>2025-03-06T10:52:23.754Z</time></trkpt><trkpt lat="42.918721" lon="-8.307491"><ele>366.817</ele><time>2025-03-06T10:52:28.766Z</time></trkpt><trkpt lat="42.918688" lon="-8.307538"><ele>366.609</ele><time>2025-03-06T10:52:33.752Z</time></trkpt><trkpt lat="42.918644" lon="-8.307582"><ele>366.264</ele><time>2025-03-06T10:52:38.770Z</time></trkpt><trkpt lat="42.918619" lon="-8.307636"><ele>366.132</ele><time>2025-03-06T10:52:42.778Z</time></trkpt><trkpt lat="42.918582" lon="-8.307686"><ele>365.835</ele><time>2025-03-06T10:52:47.819Z</time></trkpt><trkpt lat="42.918555" lon="-8.307751"><ele>365.641</ele><time>2025-03-06T10:52:52.779Z</time></trkpt><trkpt lat="42.918535" lon="-8.307808"><ele>365.576</ele><time>2025-03-06T10:52:56.775Z</time></trkpt><trkpt lat="42.918516" lon="-8.307884"><ele>365.325</ele><time>2025-03-06T10:53:01.789Z</time></trkpt><trkpt lat="42.918504" lon="-8.307952"><ele>365.215</ele><time>2025-03-06T10:53:08.771Z</time></trkpt><trkpt lat="42.918498" lon="-8.308018"><ele>365.225</ele><time>2025-03-06T10:53:14.786Z</time></trkpt><trkpt lat="42.918496" lon="-8.308091"><ele>365.384</ele><time>2025-03-06T10:53:18.786Z</time></trkpt><trkpt lat="42.918485" lon="-8.308157"><ele>365.562</ele><time>2025-03-06T10:53:23.763Z</time></trkpt><trkpt lat="42.918475" lon="-8.308221"><ele>365.683</ele><time>2025-03-06T10:53:27.776Z</time></trkpt><trkpt lat="42.918462" lon="-8.308296"><ele>365.811</ele><time>2025-03-06T10:53:32.780Z</time></trkpt><trkpt lat="42.918455" lon="-8.308361"><ele>365.909</ele><time>2025-03-06T10:53:35.786Z</time></trkpt><trkpt lat="42.918443" lon="-8.308431"><ele>366.048</ele><time>2025-03-06T10:53:40.784Z</time></trkpt><trkpt lat="42.918426" lon="-8.308498"><ele>366.166</ele><time>2025-03-06T10:53:45.786Z</time></trkpt><trkpt lat="42.918441" lon="-8.308560"><ele>366.339</ele><time>2025-03-06T10:53:50.756Z</time></trkpt><trkpt lat="42.918458" lon="-8.308620"><ele>366.495</ele><time>2025-03-06T10:53:55.776Z</time></trkpt><trkpt lat="42.918462" lon="-8.308682"><ele>366.570</ele><time>2025-03-06T10:53:59.789Z</time></trkpt><trkpt lat="42.918479" lon="-8.308747"><ele>366.569</ele><time>2025-03-06T10:54:03.783Z</time></trkpt><trkpt lat="42.918505" lon="-8.308801"><ele>366.659</ele><time>2025-03-06T10:54:08.736Z</time></trkpt><trkpt lat="42.918505" lon="-8.308866"><ele>366.699</ele><time>2025-03-06T10:54:13.780Z</time></trkpt><trkpt lat="42.918485" lon="-8.308928"><ele>366.798</ele><time>2025-03-06T10:54:19.742Z</time></trkpt><trkpt lat="42.918466" lon="-8.308987"><ele>366.883</ele><time>2025-03-06T10:54:24.785Z</time></trkpt><trkpt lat="42.918446" lon="-8.309043"><ele>367.025</ele><time>2025-03-06T10:54:29.761Z</time></trkpt><trkpt lat="42.918420" lon="-8.309101"><ele>367.117</ele><time>2025-03-06T10:54:33.780Z</time></trkpt><trkpt lat="42.918402" lon="-8.309162"><ele>367.209</ele><time>2025-03-06T10:54:38.776Z</time></trkpt><trkpt lat="42.918401" lon="-8.309238"><ele>367.720</ele><time>2025-03-06T10:54:43.779Z</time></trkpt><trkpt lat="42.918407" lon="-8.309302"><ele>368.148</ele><time>2025-03-06T10:54:48.953Z</time></trkpt><trkpt lat="42.918398" lon="-8.309372"><ele>368.571</ele><time>2025-03-06T10:54:53.781Z</time></trkpt><trkpt lat="42.918398" lon="-8.309436"><ele>368.937</ele><time>2025-03-06T10:54:57.781Z</time></trkpt><trkpt lat="42.918402" lon="-8.309509"><ele>369.122</ele><time>2025-03-06T10:55:03.778Z</time></trkpt><trkpt lat="42.918409" lon="-8.309578"><ele>369.161</ele><time>2025-03-06T10:55:08.792Z</time></trkpt><trkpt lat="42.918406" lon="-8.309645"><ele>369.251</ele><time>2025-03-06T10:55:13.766Z</time></trkpt><trkpt lat="42.918405" lon="-8.309716"><ele>369.341</ele><time>2025-03-06T10:55:18.773Z</time></trkpt><trkpt lat="42.918405" lon="-8.309780"><ele>369.560</ele><time>2025-03-06T10:55:23.779Z</time></trkpt><trkpt lat="42.918400" lon="-8.309849"><ele>369.791</ele><time>2025-03-06T10:55:27.765Z</time></trkpt><trkpt lat="42.918401" lon="-8.309926"><ele>370.081</ele><time>2025-03-06T10:55:32.773Z</time></trkpt><trkpt lat="42.918407" lon="-8.309993"><ele>370.219</ele><time>2025-03-06T10:55:37.874Z</time></trkpt><trkpt lat="42.918430" lon="-8.310054"><ele>370.509</ele><time>2025-03-06T10:55:42.778Z</time></trkpt><trkpt lat="42.918415" lon="-8.310124"><ele>370.711</ele><time>2025-03-06T10:55:48.783Z</time></trkpt><trkpt lat="42.918412" lon="-8.310185"><ele>370.949</ele><time>2025-03-06T10:55:52.787Z</time></trkpt><trkpt lat="42.918405" lon="-8.310246"><ele>371.192</ele><time>2025-03-06T10:55:56.786Z</time></trkpt><trkpt lat="42.918402" lon="-8.310312"><ele>371.488</ele><time>2025-03-06T10:56:01.775Z</time></trkpt><trkpt lat="42.918396" lon="-8.310381"><ele>371.613</ele><time>2025-03-06T10:56:06.782Z</time></trkpt><trkpt lat="42.918388" lon="-8.310449"><ele>371.862</ele><time>2025-03-06T10:56:11.788Z</time></trkpt><trkpt lat="42.918380" lon="-8.310510"><ele>372.082</ele><time>2025-03-06T10:56:15.780Z</time></trkpt><trkpt lat="42.918364" lon="-8.310572"><ele>372.222</ele><time>2025-03-06T10:56:19.963Z</time></trkpt><trkpt lat="42.918334" lon="-8.310637"><ele>372.331</ele><time>2025-03-06T10:56:24.781Z</time></trkpt><trkpt lat="42.918297" lon="-8.310682"><ele>372.261</ele><time>2025-03-06T10:56:29.935Z</time></trkpt><trkpt lat="42.918242" lon="-8.310673"><ele>371.821</ele><time>2025-03-06T10:56:34.781Z</time></trkpt><trkpt lat="42.918193" lon="-8.310656"><ele>371.413</ele><time>2025-03-06T10:56:39.783Z</time></trkpt><trkpt lat="42.918139" lon="-8.310640"><ele>370.909</ele><time>2025-03-06T10:56:44.777Z</time></trkpt><trkpt lat="42.918090" lon="-8.310641"><ele>370.618</ele><time>2025-03-06T10:56:49.775Z</time></trkpt><trkpt lat="42.918044" lon="-8.310629"><ele>370.216</ele><time>2025-03-06T10:56:53.800Z</time></trkpt><trkpt lat="42.917994" lon="-8.310627"><ele>369.969</ele><time>2025-03-06T10:56:58.778Z</time></trkpt><trkpt lat="42.917942" lon="-8.310623"><ele>369.625</ele><time>2025-03-06T10:57:02.776Z</time></trkpt><trkpt lat="42.917889" lon="-8.310596"><ele>369.480</ele><time>2025-03-06T10:57:07.773Z</time></trkpt><trkpt lat="42.917842" lon="-8.310581"><ele>369.249</ele><time>2025-03-06T10:57:12.783Z</time></trkpt><trkpt lat="42.917798" lon="-8.310569"><ele>369.099</ele><time>2025-03-06T10:57:16.956Z</time></trkpt><trkpt lat="42.917743" lon="-8.310561"><ele>369.069</ele><time>2025-03-06T10:57:21.797Z</time></trkpt><trkpt lat="42.917697" lon="-8.310545"><ele>369.028</ele><time>2025-03-06T10:57:26.788Z</time></trkpt><trkpt lat="42.917650" lon="-8.310523"><ele>369.112</ele><time>2025-03-06T10:57:31.778Z</time></trkpt><trkpt lat="42.917602" lon="-8.310514"><ele>369.232</ele><time>2025-03-06T10:57:36.781Z</time></trkpt><trkpt lat="42.917554" lon="-8.310512"><ele>369.205</ele><time>2025-03-06T10:57:41.771Z</time></trkpt><trkpt lat="42.917535" lon="-8.310570"><ele>368.909</ele><time>2025-03-06T10:57:46.770Z</time></trkpt><trkpt lat="42.917515" lon="-8.310631"><ele>368.773</ele><time>2025-03-06T10:57:51.755Z</time></trkpt><trkpt lat="42.917522" lon="-8.310694"><ele>368.541</ele><time>2025-03-06T10:57:56.788Z</time></trkpt><trkpt lat="42.917521" lon="-8.310759"><ele>368.384</ele><time>2025-03-06T10:58:01.783Z</time></trkpt><trkpt lat="42.917504" lon="-8.310831"><ele>368.010</ele><time>2025-03-06T10:58:08.767Z</time></trkpt><trkpt lat="42.917483" lon="-8.310904"><ele>368.435</ele><time>2025-03-06T10:58:12.781Z</time></trkpt><trkpt lat="42.917483" lon="-8.310975"><ele>368.674</ele><time>2025-03-06T10:58:16.778Z</time></trkpt><trkpt lat="42.917473" lon="-8.311045"><ele>369.054</ele><time>2025-03-06T10:58:20.766Z</time></trkpt><trkpt lat="42.917471" lon="-8.311115"><ele>369.244</ele><time>2025-03-06T10:58:24.775Z</time></trkpt><trkpt lat="42.917461" lon="-8.311184"><ele>370.033</ele><time>2025-03-06T10:58:28.757Z</time></trkpt><trkpt lat="42.917452" lon="-8.311252"><ele>370.676</ele><time>2025-03-06T10:58:33.768Z</time></trkpt><trkpt lat="42.917436" lon="-8.311311"><ele>371.190</ele><time>2025-03-06T10:58:36.776Z</time></trkpt><trkpt lat="42.917424" lon="-8.311374"><ele>371.619</ele><time>2025-03-06T10:58:42.753Z</time></trkpt><trkpt lat="42.917425" lon="-8.311437"><ele>371.909</ele><time>2025-03-06T10:58:46.740Z</time></trkpt><trkpt lat="42.917411" lon="-8.311508"><ele>372.139</ele><time>2025-03-06T10:58:51.754Z</time></trkpt><trkpt lat="42.917403" lon="-8.311570"><ele>372.337</ele><time>2025-03-06T10:58:56.903Z</time></trkpt><trkpt lat="42.917398" lon="-8.311649"><ele>372.630</ele><time>2025-03-06T10:59:01.752Z</time></trkpt><trkpt lat="42.917393" lon="-8.311718"><ele>373.066</ele><time>2025-03-06T10:59:06.769Z</time></trkpt><trkpt lat="42.917388" lon="-8.311781"><ele>373.461</ele><time>2025-03-06T10:59:10.749Z</time></trkpt><trkpt lat="42.917373" lon="-8.311854"><ele>373.940</ele><time>2025-03-06T10:59:15.760Z</time></trkpt><trkpt lat="42.917374" lon="-8.311930"><ele>374.410</ele><time>2025-03-06T10:59:20.756Z</time></trkpt><trkpt lat="42.917360" lon="-8.312005"><ele>375.280</ele><time>2025-03-06T10:59:25.754Z</time></trkpt><trkpt lat="42.917353" lon="-8.312078"><ele>375.949</ele><time>2025-03-06T10:59:30.764Z</time></trkpt><trkpt lat="42.917348" lon="-8.312141"><ele>376.617</ele><time>2025-03-06T10:59:34.790Z</time></trkpt><trkpt lat="42.917337" lon="-8.312211"><ele>377.387</ele><time>2025-03-06T10:59:39.744Z</time></trkpt><trkpt lat="42.917333" lon="-8.312275"><ele>377.615</ele><time>2025-03-06T10:59:44.755Z</time></trkpt><trkpt lat="42.917328" lon="-8.312343"><ele>377.809</ele><time>2025-03-06T10:59:49.746Z</time></trkpt><trkpt lat="42.917316" lon="-8.312417"><ele>378.073</ele><time>2025-03-06T10:59:54.736Z</time></trkpt><trkpt lat="42.917314" lon="-8.312483"><ele>378.311</ele><time>2025-03-06T11:00:00.967Z</time></trkpt><trkpt lat="42.917298" lon="-8.312548"><ele>378.384</ele><time>2025-03-06T11:00:04.748Z</time></trkpt><trkpt lat="42.917293" lon="-8.312618"><ele>378.350</ele><time>2025-03-06T11:00:08.777Z</time></trkpt><trkpt lat="42.917292" lon="-8.312684"><ele>378.355</ele><time>2025-03-06T11:00:13.756Z</time></trkpt><trkpt lat="42.917289" lon="-8.312750"><ele>378.274</ele><time>2025-03-06T11:00:18.758Z</time></trkpt><trkpt lat="42.917282" lon="-8.312822"><ele>378.284</ele><time>2025-03-06T11:00:22.750Z</time></trkpt><trkpt lat="42.917275" lon="-8.312884"><ele>378.354</ele><time>2025-03-06T11:00:27.796Z</time></trkpt><trkpt lat="42.917264" lon="-8.312959"><ele>378.283</ele><time>2025-03-06T11:00:33.776Z</time></trkpt><trkpt lat="42.917254" lon="-8.313042"><ele>378.244</ele><time>2025-03-06T11:00:38.854Z</time></trkpt><trkpt lat="42.917244" lon="-8.313114"><ele>378.205</ele><time>2025-03-06T11:00:43.779Z</time></trkpt><trkpt lat="42.917234" lon="-8.313185"><ele>378.115</ele><time>2025-03-06T11:00:47.779Z</time></trkpt><trkpt lat="42.917223" lon="-8.313259"><ele>378.009</ele><time>2025-03-06T11:00:52.739Z</time></trkpt><trkpt lat="42.917227" lon="-8.313322"><ele>378.036</ele><time>2025-03-06T11:00:56.742Z</time></trkpt><trkpt lat="42.917223" lon="-8.313394"><ele>377.834</ele><time>2025-03-06T11:01:01.735Z</time></trkpt><trkpt lat="42.917208" lon="-8.313455"><ele>377.577</ele><time>2025-03-06T11:01:06.744Z</time></trkpt><trkpt lat="42.917206" lon="-8.313525"><ele>377.273</ele><time>2025-03-06T11:01:11.772Z</time></trkpt><trkpt lat="42.917201" lon="-8.313594"><ele>377.058</ele><time>2025-03-06T11:01:15.768Z</time></trkpt><trkpt lat="42.917197" lon="-8.313667"><ele>376.997</ele><time>2025-03-06T11:01:19.795Z</time></trkpt><trkpt lat="42.917188" lon="-8.313729"><ele>376.827</ele><time>2025-03-06T11:01:24.793Z</time></trkpt><trkpt lat="42.917173" lon="-8.313792"><ele>376.767</ele><time>2025-03-06T11:01:29.786Z</time></trkpt><trkpt lat="42.917165" lon="-8.313858"><ele>376.696</ele><time>2025-03-06T11:01:34.743Z</time></trkpt><trkpt lat="42.917151" lon="-8.313930"><ele>376.568</ele><time>2025-03-06T11:01:39.759Z</time></trkpt><trkpt lat="42.917155" lon="-8.313995"><ele>376.642</ele><time>2025-03-06T11:01:44.769Z</time></trkpt><trkpt lat="42.917155" lon="-8.314062"><ele>376.726</ele><time>2025-03-06T11:01:48.764Z</time></trkpt><trkpt lat="42.917141" lon="-8.314125"><ele>376.709</ele><time>2025-03-06T11:01:53.778Z</time></trkpt><trkpt lat="42.917135" lon="-8.314197"><ele>376.818</ele><time>2025-03-06T11:01:57.778Z</time></trkpt><trkpt lat="42.917121" lon="-8.314261"><ele>377.066</ele><time>2025-03-06T11:02:01.774Z</time></trkpt><trkpt lat="42.917121" lon="-8.314325"><ele>377.229</ele><time>2025-03-06T11:02:05.767Z</time></trkpt><trkpt lat="42.917120" lon="-8.314389"><ele>377.455</ele><time>2025-03-06T11:02:10.766Z</time></trkpt><trkpt lat="42.917118" lon="-8.314464"><ele>377.710</ele><time>2025-03-06T11:02:15.784Z</time></trkpt><trkpt lat="42.917105" lon="-8.314523"><ele>377.979</ele><time>2025-03-06T11:02:19.798Z</time></trkpt><trkpt lat="42.917094" lon="-8.314598"><ele>378.139</ele><time>2025-03-06T11:02:24.778Z</time></trkpt><trkpt lat="42.917085" lon="-8.314673"><ele>378.369</ele><time>2025-03-06T11:02:28.770Z</time></trkpt><trkpt lat="42.917075" lon="-8.314739"><ele>378.588</ele><time>2025-03-06T11:02:33.771Z</time></trkpt><trkpt lat="42.917069" lon="-8.314810"><ele>378.869</ele><time>2025-03-06T11:02:37.778Z</time></trkpt><trkpt lat="42.917059" lon="-8.314890"><ele>379.004</ele><time>2025-03-06T11:02:42.772Z</time></trkpt><trkpt lat="42.917051" lon="-8.314962"><ele>379.224</ele><time>2025-03-06T11:02:48.782Z</time></trkpt><trkpt lat="42.917034" lon="-8.315045"><ele>379.509</ele><time>2025-03-06T11:02:53.771Z</time></trkpt><trkpt lat="42.917030" lon="-8.315108"><ele>379.888</ele><time>2025-03-06T11:02:56.775Z</time></trkpt><trkpt lat="42.917029" lon="-8.315172"><ele>380.186</ele><time>2025-03-06T11:03:00.764Z</time></trkpt><trkpt lat="42.917029" lon="-8.315235"><ele>380.469</ele><time>2025-03-06T11:03:06.777Z</time></trkpt><trkpt lat="42.917018" lon="-8.315303"><ele>380.645</ele><time>2025-03-06T11:03:10.781Z</time></trkpt><trkpt lat="42.917023" lon="-8.315367"><ele>380.950</ele><time>2025-03-06T11:03:14.758Z</time></trkpt><trkpt lat="42.917013" lon="-8.315430"><ele>381.099</ele><time>2025-03-06T11:03:21.761Z</time></trkpt><trkpt lat="42.916989" lon="-8.315486"><ele>381.149</ele><time>2025-03-06T11:03:26.761Z</time></trkpt><trkpt lat="42.916949" lon="-8.315515"><ele>380.939</ele><time>2025-03-06T11:03:31.743Z</time></trkpt><trkpt lat="42.916904" lon="-8.315550"><ele>381.068</ele><time>2025-03-06T11:03:36.777Z</time></trkpt><trkpt lat="42.916869" lon="-8.315589"><ele>380.946</ele><time>2025-03-06T11:03:41.747Z</time></trkpt><trkpt lat="42.916846" lon="-8.315644"><ele>380.888</ele><time>2025-03-06T11:03:45.787Z</time></trkpt><trkpt lat="42.916821" lon="-8.315696"><ele>380.616</ele><time>2025-03-06T11:03:49.772Z</time></trkpt><trkpt lat="42.916805" lon="-8.315765"><ele>380.209</ele><time>2025-03-06T11:03:55.773Z</time></trkpt><trkpt lat="42.916793" lon="-8.315827"><ele>379.966</ele><time>2025-03-06T11:03:59.896Z</time></trkpt><trkpt lat="42.916778" lon="-8.315897"><ele>379.924</ele><time>2025-03-06T11:04:03.772Z</time></trkpt><trkpt lat="42.916768" lon="-8.315960"><ele>380.097</ele><time>2025-03-06T11:04:08.768Z</time></trkpt><trkpt lat="42.916754" lon="-8.316025"><ele>380.173</ele><time>2025-03-06T11:04:12.779Z</time></trkpt><trkpt lat="42.916739" lon="-8.316084"><ele>380.248</ele><time>2025-03-06T11:04:16.778Z</time></trkpt><trkpt lat="42.916737" lon="-8.316160"><ele>380.367</ele><time>2025-03-06T11:04:22.746Z</time></trkpt><trkpt lat="42.916731" lon="-8.316237"><ele>380.397</ele><time>2025-03-06T11:04:27.786Z</time></trkpt><trkpt lat="42.916717" lon="-8.316305"><ele>380.327</ele><time>2025-03-06T11:04:32.778Z</time></trkpt><trkpt lat="42.916709" lon="-8.316377"><ele>380.386</ele><time>2025-03-06T11:04:37.778Z</time></trkpt><trkpt lat="42.916696" lon="-8.316454"><ele>380.474</ele><time>2025-03-06T11:04:42.775Z</time></trkpt><trkpt lat="42.916681" lon="-8.316529"><ele>380.656</ele><time>2025-03-06T11:04:47.772Z</time></trkpt><trkpt lat="42.916671" lon="-8.316594"><ele>380.821</ele><time>2025-03-06T11:04:52.777Z</time></trkpt><trkpt lat="42.916657" lon="-8.316659"><ele>380.909</ele><time>2025-03-06T11:04:57.778Z</time></trkpt><trkpt lat="42.916652" lon="-8.316721"><ele>381.189</ele><time>2025-03-06T11:05:01.791Z</time></trkpt><trkpt lat="42.916638" lon="-8.316796"><ele>381.457</ele><time>2025-03-06T11:05:06.793Z</time></trkpt><trkpt lat="42.916623" lon="-8.316859"><ele>381.570</ele><time>2025-03-06T11:05:10.758Z</time></trkpt><trkpt lat="42.916611" lon="-8.316928"><ele>381.796</ele><time>2025-03-06T11:05:15.775Z</time></trkpt><trkpt lat="42.916602" lon="-8.316996"><ele>382.011</ele><time>2025-03-06T11:05:20.782Z</time></trkpt><trkpt lat="42.916592" lon="-8.317063"><ele>382.390</ele><time>2025-03-06T11:05:24.767Z</time></trkpt><trkpt lat="42.916586" lon="-8.317132"><ele>382.660</ele><time>2025-03-06T11:05:29.736Z</time></trkpt><trkpt lat="42.916562" lon="-8.317194"><ele>382.940</ele><time>2025-03-06T11:05:34.771Z</time></trkpt><trkpt lat="42.916552" lon="-8.317258"><ele>383.219</ele><time>2025-03-06T11:05:39.734Z</time></trkpt><trkpt lat="42.916535" lon="-8.317318"><ele>383.597</ele><time>2025-03-06T11:05:43.784Z</time></trkpt><trkpt lat="42.916526" lon="-8.317386"><ele>383.923</ele><time>2025-03-06T11:05:47.791Z</time></trkpt><trkpt lat="42.916519" lon="-8.317451"><ele>384.225</ele><time>2025-03-06T11:05:51.765Z</time></trkpt><trkpt lat="42.916504" lon="-8.317514"><ele>384.509</ele><time>2025-03-06T11:05:55.789Z</time></trkpt><trkpt lat="42.916493" lon="-8.317582"><ele>384.781</ele><time>2025-03-06T11:05:59.808Z</time></trkpt><trkpt lat="42.916479" lon="-8.317643"><ele>384.879</ele><time>2025-03-06T11:06:03.788Z</time></trkpt><trkpt lat="42.916471" lon="-8.317708"><ele>385.072</ele><time>2025-03-06T11:06:07.777Z</time></trkpt><trkpt lat="42.916467" lon="-8.317785"><ele>385.318</ele><time>2025-03-06T11:06:12.772Z</time></trkpt><trkpt lat="42.916456" lon="-8.317845"><ele>385.593</ele><time>2025-03-06T11:06:17.804Z</time></trkpt><trkpt lat="42.916444" lon="-8.317922"><ele>385.792</ele><time>2025-03-06T11:06:22.770Z</time></trkpt><trkpt lat="42.916428" lon="-8.317986"><ele>385.952</ele><time>2025-03-06T11:06:27.792Z</time></trkpt><trkpt lat="42.916414" lon="-8.318058"><ele>386.132</ele><time>2025-03-06T11:06:32.784Z</time></trkpt><trkpt lat="42.916398" lon="-8.318124"><ele>386.561</ele><time>2025-03-06T11:06:36.776Z</time></trkpt><trkpt lat="42.916385" lon="-8.318190"><ele>387.077</ele><time>2025-03-06T11:06:41.787Z</time></trkpt><trkpt lat="42.916369" lon="-8.318265"><ele>387.561</ele><time>2025-03-06T11:06:46.775Z</time></trkpt><trkpt lat="42.916344" lon="-8.318334"><ele>387.827</ele><time>2025-03-06T11:06:51.770Z</time></trkpt><trkpt lat="42.916347" lon="-8.318410"><ele>388.409</ele><time>2025-03-06T11:07:04.793Z</time></trkpt><trkpt lat="42.916326" lon="-8.318469"><ele>388.849</ele><time>2025-03-06T11:07:10.794Z</time></trkpt><trkpt lat="42.916298" lon="-8.318546"><ele>389.297</ele><time>2025-03-06T11:07:15.792Z</time></trkpt><trkpt lat="42.916283" lon="-8.318618"><ele>389.760</ele><time>2025-03-06T11:07:19.786Z</time></trkpt><trkpt lat="42.916254" lon="-8.318666"><ele>389.936</ele><time>2025-03-06T11:07:24.740Z</time></trkpt><trkpt lat="42.916224" lon="-8.318723"><ele>390.261</ele><time>2025-03-06T11:07:29.779Z</time></trkpt><trkpt lat="42.916207" lon="-8.318789"><ele>390.640</ele><time>2025-03-06T11:07:33.804Z</time></trkpt><trkpt lat="42.916184" lon="-8.318843"><ele>390.920</ele><time>2025-03-06T11:07:36.786Z</time></trkpt><trkpt lat="42.916156" lon="-8.318904"><ele>391.380</ele><time>2025-03-06T11:07:40.788Z</time></trkpt><trkpt lat="42.916119" lon="-8.318971"><ele>391.639</ele><time>2025-03-06T11:07:45.785Z</time></trkpt><trkpt lat="42.916095" lon="-8.319035"><ele>392.159</ele><time>2025-03-06T11:07:50.794Z</time></trkpt><trkpt lat="42.916069" lon="-8.319103"><ele>392.503</ele><time>2025-03-06T11:07:55.792Z</time></trkpt><trkpt lat="42.916041" lon="-8.319153"><ele>392.923</ele><time>2025-03-06T11:07:59.791Z</time></trkpt><trkpt lat="42.916017" lon="-8.319210"><ele>393.409</ele><time>2025-03-06T11:08:03.792Z</time></trkpt><trkpt lat="42.916002" lon="-8.319268"><ele>393.977</ele><time>2025-03-06T11:08:08.784Z</time></trkpt><trkpt lat="42.915979" lon="-8.319332"><ele>394.545</ele><time>2025-03-06T11:08:12.785Z</time></trkpt><trkpt lat="42.915938" lon="-8.319388"><ele>395.148</ele><time>2025-03-06T11:08:17.799Z</time></trkpt><trkpt lat="42.915916" lon="-8.319445"><ele>395.764</ele><time>2025-03-06T11:08:23.782Z</time></trkpt><trkpt lat="42.915917" lon="-8.319514"><ele>396.149</ele><time>2025-03-06T11:08:31.778Z</time></trkpt><trkpt lat="42.915896" lon="-8.319573"><ele>396.698</ele><time>2025-03-06T11:08:36.797Z</time></trkpt><trkpt lat="42.915863" lon="-8.319633"><ele>397.218</ele><time>2025-03-06T11:08:40.788Z</time></trkpt><trkpt lat="42.915834" lon="-8.319691"><ele>397.868</ele><time>2025-03-06T11:08:44.784Z</time></trkpt><trkpt lat="42.915809" lon="-8.319752"><ele>398.377</ele><time>2025-03-06T11:08:48.784Z</time></trkpt><trkpt lat="42.915792" lon="-8.319829"><ele>399.486</ele><time>2025-03-06T11:08:53.789Z</time></trkpt><trkpt lat="42.915763" lon="-8.319897"><ele>400.360</ele><time>2025-03-06T11:08:58.778Z</time></trkpt><trkpt lat="42.915743" lon="-8.319958"><ele>401.126</ele><time>2025-03-06T11:09:03.796Z</time></trkpt><trkpt lat="42.915718" lon="-8.320018"><ele>401.809</ele><time>2025-03-06T11:09:07.798Z</time></trkpt><trkpt lat="42.915689" lon="-8.320092"><ele>402.690</ele><time>2025-03-06T11:09:12.785Z</time></trkpt><trkpt lat="42.915672" lon="-8.320157"><ele>403.418</ele><time>2025-03-06T11:09:18.771Z</time></trkpt><trkpt lat="42.915659" lon="-8.320216"><ele>404.081</ele><time>2025-03-06T11:09:22.764Z</time></trkpt><trkpt lat="42.915632" lon="-8.320277"><ele>404.517</ele><time>2025-03-06T11:09:26.786Z</time></trkpt><trkpt lat="42.915609" lon="-8.320348"><ele>404.822</ele><time>2025-03-06T11:09:30.763Z</time></trkpt><trkpt lat="42.915595" lon="-8.320423"><ele>405.381</ele><time>2025-03-06T11:09:35.788Z</time></trkpt><trkpt lat="42.915574" lon="-8.320495"><ele>405.651</ele><time>2025-03-06T11:09:40.786Z</time></trkpt><trkpt lat="42.915562" lon="-8.320559"><ele>406.061</ele><time>2025-03-06T11:09:45.736Z</time></trkpt><trkpt lat="42.915536" lon="-8.320627"><ele>405.840</ele><time>2025-03-06T11:09:49.746Z</time></trkpt><trkpt lat="42.915523" lon="-8.320701"><ele>405.669</ele><time>2025-03-06T11:09:54.795Z</time></trkpt><trkpt lat="42.915509" lon="-8.320777"><ele>405.504</ele><time>2025-03-06T11:09:59.792Z</time></trkpt><trkpt lat="42.915484" lon="-8.320842"><ele>405.224</ele><time>2025-03-06T11:10:04.812Z</time></trkpt><trkpt lat="42.915464" lon="-8.320906"><ele>404.809</ele><time>2025-03-06T11:10:09.785Z</time></trkpt><trkpt lat="42.915443" lon="-8.320970"><ele>404.398</ele><time>2025-03-06T11:10:13.785Z</time></trkpt><trkpt lat="42.915438" lon="-8.321031"><ele>404.086</ele><time>2025-03-06T11:10:17.780Z</time></trkpt><trkpt lat="42.915428" lon="-8.321093"><ele>403.719</ele><time>2025-03-06T11:10:21.791Z</time></trkpt><trkpt lat="42.915422" lon="-8.321163"><ele>403.495</ele><time>2025-03-06T11:10:26.790Z</time></trkpt><trkpt lat="42.915409" lon="-8.321232"><ele>403.070</ele><time>2025-03-06T11:10:31.796Z</time></trkpt><trkpt lat="42.915404" lon="-8.321305"><ele>402.749</ele><time>2025-03-06T11:10:36.799Z</time></trkpt><trkpt lat="42.915394" lon="-8.321372"><ele>402.399</ele><time>2025-03-06T11:10:42.790Z</time></trkpt><trkpt lat="42.915386" lon="-8.321447"><ele>402.129</ele><time>2025-03-06T11:10:48.785Z</time></trkpt><trkpt lat="42.915388" lon="-8.321510"><ele>402.038</ele><time>2025-03-06T11:11:25.794Z</time></trkpt><trkpt lat="42.915363" lon="-8.321570"><ele>401.753</ele><time>2025-03-06T11:11:32.031Z</time></trkpt><trkpt lat="42.915342" lon="-8.321639"><ele>401.504</ele><time>2025-03-06T11:11:37.794Z</time></trkpt><trkpt lat="42.915338" lon="-8.321713"><ele>401.414</ele><time>2025-03-06T11:11:42.772Z</time></trkpt><trkpt lat="42.915332" lon="-8.321776"><ele>401.409</ele><time>2025-03-06T11:11:46.787Z</time></trkpt><trkpt lat="42.915329" lon="-8.321849"><ele>401.447</ele><time>2025-03-06T11:11:51.793Z</time></trkpt><trkpt lat="42.915316" lon="-8.321924"><ele>401.365</ele><time>2025-03-06T11:11:56.799Z</time></trkpt><trkpt lat="42.915316" lon="-8.321993"><ele>401.378</ele><time>2025-03-06T11:12:01.792Z</time></trkpt><trkpt lat="42.915306" lon="-8.322062"><ele>401.274</ele><time>2025-03-06T11:12:05.800Z</time></trkpt><trkpt lat="42.915310" lon="-8.322130"><ele>401.289</ele><time>2025-03-06T11:12:09.803Z</time></trkpt><trkpt lat="42.915319" lon="-8.322207"><ele>401.318</ele><time>2025-03-06T11:12:13.796Z</time></trkpt><trkpt lat="42.915312" lon="-8.322273"><ele>401.478</ele><time>2025-03-06T11:12:17.809Z</time></trkpt><trkpt lat="42.915299" lon="-8.322345"><ele>401.628</ele><time>2025-03-06T11:12:22.787Z</time></trkpt><trkpt lat="42.915309" lon="-8.322422"><ele>401.927</ele><time>2025-03-06T11:12:26.792Z</time></trkpt><trkpt lat="42.915321" lon="-8.322504"><ele>402.296</ele><time>2025-03-06T11:12:31.778Z</time></trkpt><trkpt lat="42.915314" lon="-8.322574"><ele>402.631</ele><time>2025-03-06T11:12:37.806Z</time></trkpt><trkpt lat="42.915290" lon="-8.322629"><ele>403.024</ele><time>2025-03-06T11:12:42.775Z</time></trkpt><trkpt lat="42.915272" lon="-8.322708"><ele>403.509</ele><time>2025-03-06T11:12:47.810Z</time></trkpt><trkpt lat="42.915272" lon="-8.322786"><ele>404.081</ele><time>2025-03-06T11:12:51.791Z</time></trkpt><trkpt lat="42.915270" lon="-8.322857"><ele>404.599</ele><time>2025-03-06T11:12:54.782Z</time></trkpt><trkpt lat="42.915272" lon="-8.322933"><ele>405.112</ele><time>2025-03-06T11:12:58.742Z</time></trkpt><trkpt lat="42.915277" lon="-8.322998"><ele>405.638</ele><time>2025-03-06T11:13:03.792Z</time></trkpt><trkpt lat="42.915287" lon="-8.323064"><ele>406.143</ele><time>2025-03-06T11:13:08.796Z</time></trkpt><trkpt lat="42.915308" lon="-8.323124"><ele>406.572</ele><time>2025-03-06T11:13:12.783Z</time></trkpt><trkpt lat="42.915312" lon="-8.323188"><ele>406.992</ele><time>2025-03-06T11:13:16.800Z</time></trkpt><trkpt lat="42.915325" lon="-8.323248"><ele>407.332</ele><time>2025-03-06T11:13:25.001Z</time></trkpt><trkpt lat="42.915298" lon="-8.323188"><ele>406.931</ele><time>2025-03-06T11:31:05.773Z</time></trkpt><trkpt lat="42.915269" lon="-8.323109"><ele>406.412</ele><time>2025-03-06T11:31:16.782Z</time></trkpt><trkpt lat="42.915203" lon="-8.323088"><ele>406.032</ele><time>2025-03-06T11:31:21.772Z</time></trkpt><trkpt lat="42.915244" lon="-8.323049"><ele>405.805</ele><time>2025-03-06T11:31:30.767Z</time></trkpt><trkpt lat="42.915294" lon="-8.323007"><ele>405.709</ele><time>2025-03-06T11:31:32.763Z</time></trkpt><trkpt lat="42.915339" lon="-8.323000"><ele>405.673</ele><time>2025-03-06T11:34:23.778Z</time></trkpt><trkpt lat="42.915314" lon="-8.323058"><ele>406.071</ele><time>2025-03-06T11:34:27.772Z</time></trkpt><trkpt lat="42.915270" lon="-8.323087"><ele>406.224</ele><time>2025-03-06T11:34:33.776Z</time></trkpt><trkpt lat="42.915301" lon="-8.323137"><ele>406.640</ele><time>2025-03-06T11:41:10.764Z</time></trkpt><trkpt lat="42.915308" lon="-8.323218"><ele>407.165</ele><time>2025-03-06T11:41:13.766Z</time></trkpt><trkpt lat="42.915257" lon="-8.323233"><ele>407.284</ele><time>2025-03-06T11:41:20.776Z</time></trkpt><trkpt lat="42.915280" lon="-8.323171"><ele>406.844</ele><time>2025-03-06T11:41:43.789Z</time></trkpt><trkpt lat="42.915257" lon="-8.323115"><ele>406.434</ele><time>2025-03-06T11:41:54.781Z</time></trkpt><trkpt lat="42.915258" lon="-8.323180"><ele>406.893</ele><time>2025-03-06T11:42:05.787Z</time></trkpt><trkpt lat="42.915273" lon="-8.323240"><ele>407.348</ele><time>2025-03-06T11:42:13.793Z</time></trkpt><trkpt lat="42.915290" lon="-8.323302"><ele>407.761</ele><time>2025-03-06T11:42:16.783Z</time></trkpt><trkpt lat="42.915301" lon="-8.323374"><ele>407.917</ele><time>2025-03-06T11:42:20.806Z</time></trkpt><trkpt lat="42.915321" lon="-8.323434"><ele>407.909</ele><time>2025-03-06T11:42:24.796Z</time></trkpt><trkpt lat="42.915327" lon="-8.323497"><ele>407.976</ele><time>2025-03-06T11:42:28.794Z</time></trkpt><trkpt lat="42.915350" lon="-8.323574"><ele>408.024</ele><time>2025-03-06T11:42:32.784Z</time></trkpt><trkpt lat="42.915387" lon="-8.323627"><ele>408.087</ele><time>2025-03-06T11:42:36.774Z</time></trkpt><trkpt lat="42.915440" lon="-8.323643"><ele>408.013</ele><time>2025-03-06T11:42:41.792Z</time></trkpt><trkpt lat="42.915489" lon="-8.323656"><ele>408.028</ele><time>2025-03-06T11:42:45.792Z</time></trkpt><trkpt lat="42.915541" lon="-8.323659"><ele>408.017</ele><time>2025-03-06T11:42:51.797Z</time></trkpt><trkpt lat="42.915587" lon="-8.323663"><ele>407.947</ele><time>2025-03-06T11:42:55.962Z</time></trkpt><trkpt lat="42.915635" lon="-8.323675"><ele>407.817</ele><time>2025-03-06T11:43:00.796Z</time></trkpt><trkpt lat="42.915685" lon="-8.323681"><ele>407.846</ele><time>2025-03-06T11:43:05.795Z</time></trkpt><trkpt lat="42.915726" lon="-8.323653"><ele>407.639</ele><time>2025-03-06T11:43:09.787Z</time></trkpt><trkpt lat="42.915779" lon="-8.323623"><ele>407.301</ele><time>2025-03-06T11:43:14.005Z</time></trkpt><trkpt lat="42.915829" lon="-8.323590"><ele>406.921</ele><time>2025-03-06T11:43:17.787Z</time></trkpt><trkpt lat="42.915880" lon="-8.323553"><ele>407.109</ele><time>2025-03-06T11:43:22.793Z</time></trkpt><trkpt lat="42.915939" lon="-8.323510"><ele>407.485</ele><time>2025-03-06T11:43:28.793Z</time></trkpt><trkpt lat="42.915990" lon="-8.323478"><ele>407.613</ele><time>2025-03-06T11:43:33.789Z</time></trkpt><trkpt lat="42.916035" lon="-8.323456"><ele>407.976</ele><time>2025-03-06T11:43:38.806Z</time></trkpt><trkpt lat="42.916088" lon="-8.323453"><ele>408.332</ele><time>2025-03-06T11:43:44.800Z</time></trkpt><trkpt lat="42.916132" lon="-8.323477"><ele>408.917</ele><time>2025-03-06T11:43:49.797Z</time></trkpt><trkpt lat="42.916186" lon="-8.323487"><ele>410.096</ele><time>2025-03-06T11:43:54.805Z</time></trkpt><trkpt lat="42.916233" lon="-8.323479"><ele>410.936</ele><time>2025-03-06T11:43:58.801Z</time></trkpt><trkpt lat="42.916283" lon="-8.323487"><ele>411.966</ele><time>2025-03-06T11:44:02.789Z</time></trkpt><trkpt lat="42.916331" lon="-8.323492"><ele>412.955</ele><time>2025-03-06T11:44:06.809Z</time></trkpt><trkpt lat="42.916382" lon="-8.323483"><ele>413.987</ele><time>2025-03-06T11:44:10.795Z</time></trkpt><trkpt lat="42.916432" lon="-8.323487"><ele>415.242</ele><time>2025-03-06T11:44:14.793Z</time></trkpt><trkpt lat="42.916482" lon="-8.323486"><ele>416.626</ele><time>2025-03-06T11:44:20.784Z</time></trkpt><trkpt lat="42.916525" lon="-8.323508"><ele>417.909</ele><time>2025-03-06T11:44:27.795Z</time></trkpt><trkpt lat="42.916536" lon="-8.323576"><ele>418.680</ele><time>2025-03-06T11:44:36.790Z</time></trkpt><trkpt lat="42.916524" lon="-8.323640"><ele>418.518</ele><time>2025-03-06T11:44:41.797Z</time></trkpt><trkpt lat="42.916516" lon="-8.323705"><ele>418.591</ele><time>2025-03-06T11:44:45.774Z</time></trkpt><trkpt lat="42.916503" lon="-8.323775"><ele>418.457</ele><time>2025-03-06T11:44:50.784Z</time></trkpt><trkpt lat="42.916485" lon="-8.323847"><ele>418.282</ele><time>2025-03-06T11:44:55.787Z</time></trkpt><trkpt lat="42.916477" lon="-8.323908"><ele>418.261</ele><time>2025-03-06T11:44:59.789Z</time></trkpt><trkpt lat="42.916463" lon="-8.323968"><ele>417.991</ele><time>2025-03-06T11:45:03.790Z</time></trkpt><trkpt lat="42.916452" lon="-8.324036"><ele>417.751</ele><time>2025-03-06T11:45:08.778Z</time></trkpt><trkpt lat="42.916439" lon="-8.324108"><ele>417.490</ele><time>2025-03-06T11:45:13.794Z</time></trkpt><trkpt lat="42.916432" lon="-8.324169"><ele>417.254</ele><time>2025-03-06T11:45:17.770Z</time></trkpt><trkpt lat="42.916414" lon="-8.324232"><ele>416.756</ele><time>2025-03-06T11:45:22.795Z</time></trkpt><trkpt lat="42.916406" lon="-8.324294"><ele>416.511</ele><time>2025-03-06T11:45:27.803Z</time></trkpt><trkpt lat="42.916401" lon="-8.324360"><ele>416.309</ele><time>2025-03-06T11:45:31.787Z</time></trkpt><trkpt lat="42.916392" lon="-8.324432"><ele>416.177</ele><time>2025-03-06T11:45:35.789Z</time></trkpt><trkpt lat="42.916383" lon="-8.324495"><ele>416.385</ele><time>2025-03-06T11:45:39.802Z</time></trkpt><trkpt lat="42.916372" lon="-8.324569"><ele>416.628</ele><time>2025-03-06T11:45:45.028Z</time></trkpt><trkpt lat="42.916355" lon="-8.324643"><ele>416.714</ele><time>2025-03-06T11:45:49.797Z</time></trkpt><trkpt lat="42.916345" lon="-8.324713"><ele>417.099</ele><time>2025-03-06T11:45:53.791Z</time></trkpt><trkpt lat="42.916356" lon="-8.324790"><ele>418.048</ele><time>2025-03-06T11:45:57.804Z</time></trkpt><trkpt lat="42.916369" lon="-8.324865"><ele>419.198</ele><time>2025-03-06T11:46:01.790Z</time></trkpt><trkpt lat="42.916369" lon="-8.324944"><ele>419.958</ele><time>2025-03-06T11:46:06.795Z</time></trkpt><trkpt lat="42.916371" lon="-8.325008"><ele>420.547</ele><time>2025-03-06T11:46:10.794Z</time></trkpt><trkpt lat="42.916360" lon="-8.325086"><ele>420.268</ele><time>2025-03-06T11:46:15.801Z</time></trkpt><trkpt lat="42.916351" lon="-8.325150"><ele>419.942</ele><time>2025-03-06T11:46:19.792Z</time></trkpt><trkpt lat="42.916338" lon="-8.325219"><ele>419.426</ele><time>2025-03-06T11:46:23.796Z</time></trkpt><trkpt lat="42.916340" lon="-8.325285"><ele>419.309</ele><time>2025-03-06T11:46:27.802Z</time></trkpt><trkpt lat="42.916346" lon="-8.325352"><ele>418.978</ele><time>2025-03-06T11:46:31.805Z</time></trkpt><trkpt lat="42.916330" lon="-8.325415"><ele>417.866</ele><time>2025-03-06T11:46:35.805Z</time></trkpt><trkpt lat="42.916323" lon="-8.325483"><ele>417.049</ele><time>2025-03-06T11:46:39.800Z</time></trkpt><trkpt lat="42.916335" lon="-8.325562"><ele>416.685</ele><time>2025-03-06T11:46:43.801Z</time></trkpt><trkpt lat="42.916349" lon="-8.325625"><ele>416.860</ele><time>2025-03-06T11:46:47.795Z</time></trkpt><trkpt lat="42.916357" lon="-8.325697"><ele>416.779</ele><time>2025-03-06T11:46:54.031Z</time></trkpt><trkpt lat="42.916364" lon="-8.325759"><ele>416.779</ele><time>2025-03-06T11:46:57.789Z</time></trkpt><trkpt lat="42.916373" lon="-8.325828"><ele>416.739</ele><time>2025-03-06T11:47:02.788Z</time></trkpt><trkpt lat="42.916391" lon="-8.325889"><ele>417.238</ele><time>2025-03-06T11:47:06.803Z</time></trkpt><trkpt lat="42.916400" lon="-8.325967"><ele>417.791</ele><time>2025-03-06T11:47:10.791Z</time></trkpt><trkpt lat="42.916399" lon="-8.326031"><ele>417.981</ele><time>2025-03-06T11:47:14.794Z</time></trkpt><trkpt lat="42.916404" lon="-8.326095"><ele>418.219</ele><time>2025-03-06T11:47:19.785Z</time></trkpt><trkpt lat="42.916412" lon="-8.326166"><ele>417.709</ele><time>2025-03-06T11:47:25.798Z</time></trkpt><trkpt lat="42.916419" lon="-8.326232"><ele>417.141</ele><time>2025-03-06T11:47:29.806Z</time></trkpt><trkpt lat="42.916423" lon="-8.326302"><ele>416.379</ele><time>2025-03-06T11:47:34.045Z</time></trkpt><trkpt lat="42.916433" lon="-8.326378"><ele>415.682</ele><time>2025-03-06T11:47:38.782Z</time></trkpt><trkpt lat="42.916439" lon="-8.326443"><ele>414.438</ele><time>2025-03-06T11:47:43.817Z</time></trkpt><trkpt lat="42.916448" lon="-8.326510"><ele>413.293</ele><time>2025-03-06T11:47:48.801Z</time></trkpt><trkpt lat="42.916455" lon="-8.326573"><ele>412.152</ele><time>2025-03-06T11:47:53.800Z</time></trkpt><trkpt lat="42.916456" lon="-8.326640"><ele>410.782</ele><time>2025-03-06T11:47:58.779Z</time></trkpt><trkpt lat="42.916466" lon="-8.326716"><ele>409.892</ele><time>2025-03-06T11:48:04.800Z</time></trkpt><trkpt lat="42.916470" lon="-8.326785"><ele>408.941</ele><time>2025-03-06T11:48:10.805Z</time></trkpt><trkpt lat="42.916489" lon="-8.326844"><ele>408.486</ele><time>2025-03-06T11:48:14.801Z</time></trkpt><trkpt lat="42.916506" lon="-8.326905"><ele>407.860</ele><time>2025-03-06T11:48:18.798Z</time></trkpt><trkpt lat="42.916536" lon="-8.326960"><ele>407.426</ele><time>2025-03-06T11:48:22.797Z</time></trkpt><trkpt lat="42.916527" lon="-8.327040"><ele>406.509</ele><time>2025-03-06T11:48:27.796Z</time></trkpt><trkpt lat="42.916518" lon="-8.327105"><ele>405.710</ele><time>2025-03-06T11:48:30.783Z</time></trkpt><trkpt lat="42.916536" lon="-8.327163"><ele>405.258</ele><time>2025-03-06T11:48:33.801Z</time></trkpt><trkpt lat="42.916557" lon="-8.327230"><ele>404.751</ele><time>2025-03-06T11:48:37.798Z</time></trkpt><trkpt lat="42.916564" lon="-8.327293"><ele>403.727</ele><time>2025-03-06T11:48:41.800Z</time></trkpt><trkpt lat="42.916580" lon="-8.327354"><ele>402.822</ele><time>2025-03-06T11:48:45.784Z</time></trkpt><trkpt lat="42.916590" lon="-8.327417"><ele>401.991</ele><time>2025-03-06T11:48:51.040Z</time></trkpt><trkpt lat="42.916602" lon="-8.327485"><ele>400.811</ele><time>2025-03-06T11:48:55.780Z</time></trkpt><trkpt lat="42.916601" lon="-8.327558"><ele>399.661</ele><time>2025-03-06T11:49:00.796Z</time></trkpt><trkpt lat="42.916602" lon="-8.327621"><ele>398.690</ele><time>2025-03-06T11:49:05.044Z</time></trkpt><trkpt lat="42.916633" lon="-8.327680"><ele>398.099</ele><time>2025-03-06T11:49:08.780Z</time></trkpt><trkpt lat="42.916659" lon="-8.327739"><ele>397.507</ele><time>2025-03-06T11:49:12.806Z</time></trkpt><trkpt lat="42.916672" lon="-8.327811"><ele>396.327</ele><time>2025-03-06T11:49:16.797Z</time></trkpt><trkpt lat="42.916701" lon="-8.327872"><ele>395.309</ele><time>2025-03-06T11:49:20.782Z</time></trkpt><trkpt lat="42.916728" lon="-8.327927"><ele>394.591</ele><time>2025-03-06T11:49:23.795Z</time></trkpt><trkpt lat="42.916764" lon="-8.327980"><ele>394.059</ele><time>2025-03-06T11:49:27.788Z</time></trkpt><trkpt lat="42.916803" lon="-8.328029"><ele>393.842</ele><time>2025-03-06T11:49:31.807Z</time></trkpt><trkpt lat="42.916841" lon="-8.328067"><ele>394.088</ele><time>2025-03-06T11:49:36.795Z</time></trkpt><trkpt lat="42.916870" lon="-8.328115"><ele>393.873</ele><time>2025-03-06T11:49:43.037Z</time></trkpt><trkpt lat="42.916882" lon="-8.328177"><ele>393.162</ele><time>2025-03-06T11:49:48.801Z</time></trkpt><trkpt lat="42.916916" lon="-8.328241"><ele>392.842</ele><time>2025-03-06T11:49:58.795Z</time></trkpt><trkpt lat="42.916940" lon="-8.328299"><ele>392.442</ele><time>2025-03-06T11:50:02.784Z</time></trkpt><trkpt lat="42.916961" lon="-8.328358"><ele>391.821</ele><time>2025-03-06T11:50:07.796Z</time></trkpt><trkpt lat="42.916975" lon="-8.328425"><ele>390.843</ele><time>2025-03-06T11:50:13.782Z</time></trkpt><trkpt lat="42.916976" lon="-8.328491"><ele>389.664</ele><time>2025-03-06T11:50:18.803Z</time></trkpt><trkpt lat="42.916976" lon="-8.328570"><ele>388.210</ele><time>2025-03-06T11:50:25.783Z</time></trkpt><trkpt lat="42.917004" lon="-8.328632"><ele>387.609</ele><time>2025-03-06T11:50:30.804Z</time></trkpt><trkpt lat="42.917024" lon="-8.328689"><ele>387.266</ele><time>2025-03-06T11:50:34.785Z</time></trkpt><trkpt lat="42.917045" lon="-8.328767"><ele>386.634</ele><time>2025-03-06T11:50:38.792Z</time></trkpt><trkpt lat="42.917067" lon="-8.328827"><ele>386.127</ele><time>2025-03-06T11:50:42.781Z</time></trkpt><trkpt lat="42.917083" lon="-8.328900"><ele>385.373</ele><time>2025-03-06T11:50:47.787Z</time></trkpt><trkpt lat="42.917099" lon="-8.328959"><ele>384.678</ele><time>2025-03-06T11:50:53.771Z</time></trkpt><trkpt lat="42.917105" lon="-8.329022"><ele>383.747</ele><time>2025-03-06T11:50:57.796Z</time></trkpt><trkpt lat="42.917136" lon="-8.329079"><ele>383.197</ele><time>2025-03-06T11:51:03.808Z</time></trkpt><trkpt lat="42.917156" lon="-8.329139"><ele>382.267</ele><time>2025-03-06T11:51:08.788Z</time></trkpt><trkpt lat="42.917157" lon="-8.329210"><ele>381.316</ele><time>2025-03-06T11:51:13.782Z</time></trkpt><trkpt lat="42.917166" lon="-8.329278"><ele>380.784</ele><time>2025-03-06T11:51:18.783Z</time></trkpt><trkpt lat="42.917187" lon="-8.329333"><ele>380.207</ele><time>2025-03-06T11:51:22.793Z</time></trkpt><trkpt lat="42.917224" lon="-8.329392"><ele>379.617</ele><time>2025-03-06T11:51:26.785Z</time></trkpt><trkpt lat="42.917237" lon="-8.329457"><ele>379.109</ele><time>2025-03-06T11:51:31.789Z</time></trkpt><trkpt lat="42.917241" lon="-8.329524"><ele>378.720</ele><time>2025-03-06T11:51:35.790Z</time></trkpt><trkpt lat="42.917249" lon="-8.329598"><ele>378.228</ele><time>2025-03-06T11:51:41.791Z</time></trkpt><trkpt lat="42.917265" lon="-8.329663"><ele>377.841</ele><time>2025-03-06T11:51:46.793Z</time></trkpt><trkpt lat="42.917283" lon="-8.329751"><ele>377.297</ele><time>2025-03-06T11:51:52.780Z</time></trkpt><trkpt lat="42.917295" lon="-8.329826"><ele>376.662</ele><time>2025-03-06T11:51:58.783Z</time></trkpt><trkpt lat="42.917320" lon="-8.329880"><ele>376.241</ele><time>2025-03-06T11:52:03.757Z</time></trkpt><trkpt lat="42.917343" lon="-8.329949"><ele>375.521</ele><time>2025-03-06T11:52:08.792Z</time></trkpt><trkpt lat="42.917359" lon="-8.330012"><ele>375.061</ele><time>2025-03-06T11:52:12.794Z</time></trkpt><trkpt lat="42.917368" lon="-8.330079"><ele>374.740</ele><time>2025-03-06T11:52:16.791Z</time></trkpt><trkpt lat="42.917387" lon="-8.330141"><ele>374.556</ele><time>2025-03-06T11:52:21.791Z</time></trkpt><trkpt lat="42.917401" lon="-8.330203"><ele>374.359</ele><time>2025-03-06T11:52:27.787Z</time></trkpt><trkpt lat="42.917421" lon="-8.330265"><ele>374.014</ele><time>2025-03-06T11:52:32.781Z</time></trkpt><trkpt lat="42.917444" lon="-8.330351"><ele>373.309</ele><time>2025-03-06T11:52:40.790Z</time></trkpt><trkpt lat="42.917464" lon="-8.330410"><ele>372.767</ele><time>2025-03-06T11:52:47.784Z</time></trkpt><trkpt lat="42.917431" lon="-8.330460"><ele>372.465</ele><time>2025-03-06T11:53:08.781Z</time></trkpt><trkpt lat="42.917350" lon="-8.330513"><ele>372.468</ele><time>2025-03-06T11:53:16.787Z</time></trkpt><trkpt lat="42.917287" lon="-8.330532"><ele>372.784</ele><time>2025-03-06T11:53:22.780Z</time></trkpt><trkpt lat="42.917238" lon="-8.330554"><ele>372.969</ele><time>2025-03-06T11:53:29.009Z</time></trkpt><trkpt lat="42.917193" lon="-8.330574"><ele>373.528</ele><time>2025-03-06T11:53:32.784Z</time></trkpt><trkpt lat="42.917143" lon="-8.330611"><ele>374.288</ele><time>2025-03-06T11:53:38.790Z</time></trkpt><trkpt lat="42.917098" lon="-8.330647"><ele>374.938</ele><time>2025-03-06T11:53:43.792Z</time></trkpt><trkpt lat="42.917040" lon="-8.330729"><ele>375.787</ele><time>2025-03-06T11:53:51.783Z</time></trkpt><trkpt lat="42.916993" lon="-8.330762"><ele>376.493</ele><time>2025-03-06T11:53:55.784Z</time></trkpt><trkpt lat="42.916946" lon="-8.330767"><ele>377.265</ele><time>2025-03-06T11:54:01.781Z</time></trkpt><trkpt lat="42.916886" lon="-8.330771"><ele>377.921</ele><time>2025-03-06T11:54:06.779Z</time></trkpt><trkpt lat="42.916834" lon="-8.330798"><ele>378.409</ele><time>2025-03-06T11:54:11.788Z</time></trkpt><trkpt lat="42.916812" lon="-8.330870"><ele>378.411</ele><time>2025-03-06T11:54:15.800Z</time></trkpt><trkpt lat="42.916786" lon="-8.330926"><ele>378.549</ele><time>2025-03-06T11:54:19.803Z</time></trkpt><trkpt lat="42.916763" lon="-8.330989"><ele>378.612</ele><time>2025-03-06T11:54:26.792Z</time></trkpt><trkpt lat="42.916778" lon="-8.331062"><ele>378.358</ele><time>2025-03-06T11:54:30.797Z</time></trkpt><trkpt lat="42.916782" lon="-8.331139"><ele>378.143</ele><time>2025-03-06T11:54:34.793Z</time></trkpt><trkpt lat="42.916791" lon="-8.331208"><ele>377.892</ele><time>2025-03-06T11:54:38.795Z</time></trkpt><trkpt lat="42.916795" lon="-8.331290"><ele>377.452</ele><time>2025-03-06T11:54:43.800Z</time></trkpt><trkpt lat="42.916803" lon="-8.331360"><ele>377.192</ele><time>2025-03-06T11:54:48.787Z</time></trkpt><trkpt lat="42.916810" lon="-8.331423"><ele>376.761</ele><time>2025-03-06T11:54:52.791Z</time></trkpt><trkpt lat="42.916813" lon="-8.331492"><ele>376.028</ele><time>2025-03-06T11:54:56.787Z</time></trkpt><trkpt lat="42.916827" lon="-8.331560"><ele>375.489</ele><time>2025-03-06T11:55:00.751Z</time></trkpt><trkpt lat="42.916841" lon="-8.331631"><ele>374.717</ele><time>2025-03-06T11:55:04.778Z</time></trkpt><trkpt lat="42.916857" lon="-8.331697"><ele>374.009</ele><time>2025-03-06T11:55:09.784Z</time></trkpt><trkpt lat="42.916869" lon="-8.331762"><ele>373.284</ele><time>2025-03-06T11:55:13.788Z</time></trkpt><trkpt lat="42.916892" lon="-8.331825"><ele>372.532</ele><time>2025-03-06T11:55:17.789Z</time></trkpt><trkpt lat="42.916917" lon="-8.331888"><ele>371.765</ele><time>2025-03-06T11:55:22.819Z</time></trkpt><trkpt lat="42.916946" lon="-8.331954"><ele>370.921</ele><time>2025-03-06T11:55:27.783Z</time></trkpt><trkpt lat="42.916975" lon="-8.332007"><ele>370.276</ele><time>2025-03-06T11:55:31.791Z</time></trkpt><trkpt lat="42.917007" lon="-8.332055"><ele>369.655</ele><time>2025-03-06T11:55:35.788Z</time></trkpt><trkpt lat="42.917045" lon="-8.332105"><ele>369.045</ele><time>2025-03-06T11:55:40.796Z</time></trkpt><trkpt lat="42.917079" lon="-8.332161"><ele>368.485</ele><time>2025-03-06T11:55:45.797Z</time></trkpt><trkpt lat="42.917100" lon="-8.332225"><ele>367.944</ele><time>2025-03-06T11:55:49.810Z</time></trkpt><trkpt lat="42.917128" lon="-8.332287"><ele>367.488</ele><time>2025-03-06T11:55:54.793Z</time></trkpt><trkpt lat="42.917159" lon="-8.332349"><ele>367.024</ele><time>2025-03-06T11:55:59.794Z</time></trkpt><trkpt lat="42.917190" lon="-8.332398"><ele>366.626</ele><time>2025-03-06T11:56:03.786Z</time></trkpt><trkpt lat="42.917218" lon="-8.332456"><ele>366.209</ele><time>2025-03-06T11:56:08.795Z</time></trkpt><trkpt lat="42.917253" lon="-8.332515"><ele>365.830</ele><time>2025-03-06T11:56:13.788Z</time></trkpt><trkpt lat="42.917281" lon="-8.332569"><ele>365.588</ele><time>2025-03-06T11:56:17.796Z</time></trkpt><trkpt lat="42.917312" lon="-8.332615"><ele>365.321</ele><time>2025-03-06T11:56:21.796Z</time></trkpt><trkpt lat="42.917347" lon="-8.332664"><ele>365.087</ele><time>2025-03-06T11:56:25.794Z</time></trkpt><trkpt lat="42.917391" lon="-8.332730"><ele>364.642</ele><time>2025-03-06T11:56:31.785Z</time></trkpt><trkpt lat="42.917420" lon="-8.332790"><ele>364.311</ele><time>2025-03-06T11:56:36.787Z</time></trkpt><trkpt lat="42.917448" lon="-8.332839"><ele>364.161</ele><time>2025-03-06T11:56:41.795Z</time></trkpt><trkpt lat="42.917476" lon="-8.332887"><ele>364.091</ele><time>2025-03-06T11:56:46.798Z</time></trkpt><trkpt lat="42.917511" lon="-8.332942"><ele>364.120</ele><time>2025-03-06T11:56:51.792Z</time></trkpt><trkpt lat="42.917546" lon="-8.332997"><ele>364.652</ele><time>2025-03-06T11:56:56.790Z</time></trkpt><trkpt lat="42.917575" lon="-8.333052"><ele>365.153</ele><time>2025-03-06T11:57:01.793Z</time></trkpt><trkpt lat="42.917623" lon="-8.333118"><ele>365.508</ele><time>2025-03-06T11:57:06.801Z</time></trkpt><trkpt lat="42.917655" lon="-8.333169"><ele>365.809</ele><time>2025-03-06T11:57:11.804Z</time></trkpt><trkpt lat="42.917699" lon="-8.333195"><ele>366.447</ele><time>2025-03-06T11:57:15.791Z</time></trkpt><trkpt lat="42.917743" lon="-8.333213"><ele>366.995</ele><time>2025-03-06T11:57:19.785Z</time></trkpt><trkpt lat="42.917778" lon="-8.333273"><ele>367.258</ele><time>2025-03-06T11:57:25.797Z</time></trkpt><trkpt lat="42.917790" lon="-8.333334"><ele>367.284</ele><time>2025-03-06T11:57:30.802Z</time></trkpt><trkpt lat="42.917792" lon="-8.333403"><ele>367.069</ele><time>2025-03-06T11:57:35.800Z</time></trkpt><trkpt lat="42.917805" lon="-8.333473"><ele>367.188</ele><time>2025-03-06T11:57:39.773Z</time></trkpt><trkpt lat="42.917825" lon="-8.333529"><ele>367.438</ele><time>2025-03-06T11:57:43.781Z</time></trkpt><trkpt lat="42.917852" lon="-8.333592"><ele>367.918</ele><time>2025-03-06T11:57:48.018Z</time></trkpt><trkpt lat="42.917881" lon="-8.333657"><ele>368.247</ele><time>2025-03-06T11:57:52.795Z</time></trkpt><trkpt lat="42.917890" lon="-8.333719"><ele>367.936</ele><time>2025-03-06T11:57:57.797Z</time></trkpt><trkpt lat="42.917920" lon="-8.333798"><ele>367.917</ele><time>2025-03-06T11:58:03.883Z</time></trkpt><trkpt lat="42.917956" lon="-8.333850"><ele>368.218</ele><time>2025-03-06T11:58:08.792Z</time></trkpt><trkpt lat="42.917984" lon="-8.333902"><ele>368.309</ele><time>2025-03-06T11:58:13.793Z</time></trkpt><trkpt lat="42.918006" lon="-8.333971"><ele>367.825</ele><time>2025-03-06T11:58:18.804Z</time></trkpt><trkpt lat="42.918041" lon="-8.334034"><ele>367.623</ele><time>2025-03-06T11:58:23.799Z</time></trkpt><trkpt lat="42.918068" lon="-8.334089"><ele>367.386</ele><time>2025-03-06T11:58:28.799Z</time></trkpt><trkpt lat="42.918086" lon="-8.334153"><ele>366.652</ele><time>2025-03-06T11:58:33.796Z</time></trkpt><trkpt lat="42.918097" lon="-8.334218"><ele>365.777</ele><time>2025-03-06T11:58:38.794Z</time></trkpt><trkpt lat="42.918118" lon="-8.334280"><ele>365.056</ele><time>2025-03-06T11:58:43.790Z</time></trkpt><trkpt lat="42.918129" lon="-8.334361"><ele>363.956</ele><time>2025-03-06T11:58:48.802Z</time></trkpt><trkpt lat="42.918139" lon="-8.334425"><ele>363.116</ele><time>2025-03-06T11:58:52.794Z</time></trkpt><trkpt lat="42.918143" lon="-8.334491"><ele>362.355</ele><time>2025-03-06T11:58:57.748Z</time></trkpt><trkpt lat="42.918149" lon="-8.334554"><ele>361.747</ele><time>2025-03-06T11:59:02.742Z</time></trkpt><trkpt lat="42.918157" lon="-8.334620"><ele>361.129</ele><time>2025-03-06T11:59:07.752Z</time></trkpt><trkpt lat="42.918144" lon="-8.334691"><ele>360.021</ele><time>2025-03-06T11:59:13.816Z</time></trkpt><trkpt lat="42.918155" lon="-8.334764"><ele>359.509</ele><time>2025-03-06T11:59:18.792Z</time></trkpt><trkpt lat="42.918163" lon="-8.334826"><ele>359.366</ele><time>2025-03-06T11:59:22.789Z</time></trkpt><trkpt lat="42.918171" lon="-8.334887"><ele>359.054</ele><time>2025-03-06T11:59:26.789Z</time></trkpt><trkpt lat="42.918188" lon="-8.334958"><ele>358.777</ele><time>2025-03-06T11:59:31.800Z</time></trkpt><trkpt lat="42.918197" lon="-8.335020"><ele>358.513</ele><time>2025-03-06T11:59:35.801Z</time></trkpt><trkpt lat="42.918210" lon="-8.335091"><ele>358.458</ele><time>2025-03-06T11:59:40.801Z</time></trkpt><trkpt lat="42.918209" lon="-8.335166"><ele>358.367</ele><time>2025-03-06T11:59:45.805Z</time></trkpt><trkpt lat="42.918220" lon="-8.335230"><ele>358.137</ele><time>2025-03-06T11:59:50.791Z</time></trkpt><trkpt lat="42.918230" lon="-8.335307"><ele>357.967</ele><time>2025-03-06T11:59:55.801Z</time></trkpt><trkpt lat="42.918247" lon="-8.335381"><ele>357.666</ele><time>2025-03-06T12:00:00.788Z</time></trkpt><trkpt lat="42.918258" lon="-8.335449"><ele>357.329</ele><time>2025-03-06T12:00:05.783Z</time></trkpt><trkpt lat="42.918273" lon="-8.335515"><ele>356.800</ele><time>2025-03-06T12:00:09.792Z</time></trkpt><trkpt lat="42.918275" lon="-8.335578"><ele>356.620</ele><time>2025-03-06T12:00:14.801Z</time></trkpt><trkpt lat="42.918263" lon="-8.335647"><ele>356.809</ele><time>2025-03-06T12:00:20.794Z</time></trkpt><trkpt lat="42.918268" lon="-8.335721"><ele>356.794</ele><time>2025-03-06T12:00:25.768Z</time></trkpt><trkpt lat="42.918267" lon="-8.335793"><ele>356.772</ele><time>2025-03-06T12:00:29.811Z</time></trkpt><trkpt lat="42.918272" lon="-8.335868"><ele>356.725</ele><time>2025-03-06T12:00:34.794Z</time></trkpt><trkpt lat="42.918294" lon="-8.335932"><ele>356.541</ele><time>2025-03-06T12:00:39.793Z</time></trkpt><trkpt lat="42.918302" lon="-8.336007"><ele>356.516</ele><time>2025-03-06T12:00:44.791Z</time></trkpt><trkpt lat="42.918306" lon="-8.336080"><ele>356.565</ele><time>2025-03-06T12:00:48.792Z</time></trkpt><trkpt lat="42.918321" lon="-8.336152"><ele>356.115</ele><time>2025-03-06T12:00:53.799Z</time></trkpt><trkpt lat="42.918325" lon="-8.336229"><ele>355.745</ele><time>2025-03-06T12:00:59.797Z</time></trkpt><trkpt lat="42.918341" lon="-8.336299"><ele>355.254</ele><time>2025-03-06T12:01:04.800Z</time></trkpt><trkpt lat="42.918356" lon="-8.336368"><ele>354.773</ele><time>2025-03-06T12:01:08.791Z</time></trkpt><trkpt lat="42.918364" lon="-8.336437"><ele>354.485</ele><time>2025-03-06T12:01:13.791Z</time></trkpt><trkpt lat="42.918367" lon="-8.336515"><ele>354.113</ele><time>2025-03-06T12:01:18.799Z</time></trkpt><trkpt lat="42.918369" lon="-8.336585"><ele>353.809</ele><time>2025-03-06T12:01:23.806Z</time></trkpt><trkpt lat="42.918372" lon="-8.336659"><ele>353.539</ele><time>2025-03-06T12:01:28.791Z</time></trkpt><trkpt lat="42.918376" lon="-8.336732"><ele>353.287</ele><time>2025-03-06T12:01:33.799Z</time></trkpt><trkpt lat="42.918378" lon="-8.336802"><ele>352.940</ele><time>2025-03-06T12:01:38.802Z</time></trkpt><trkpt lat="42.918381" lon="-8.336872"><ele>352.736</ele><time>2025-03-06T12:01:42.799Z</time></trkpt><trkpt lat="42.918390" lon="-8.336943"><ele>352.421</ele><time>2025-03-06T12:01:47.805Z</time></trkpt><trkpt lat="42.918393" lon="-8.337012"><ele>351.710</ele><time>2025-03-06T12:01:52.799Z</time></trkpt><trkpt lat="42.918386" lon="-8.337078"><ele>351.210</ele><time>2025-03-06T12:01:58.792Z</time></trkpt><trkpt lat="42.918390" lon="-8.337145"><ele>350.560</ele><time>2025-03-06T12:02:03.801Z</time></trkpt><trkpt lat="42.918403" lon="-8.337207"><ele>349.989</ele><time>2025-03-06T12:02:07.799Z</time></trkpt><trkpt lat="42.918413" lon="-8.337270"><ele>349.676</ele><time>2025-03-06T12:02:11.816Z</time></trkpt><trkpt lat="42.918425" lon="-8.337329"><ele>349.490</ele><time>2025-03-06T12:02:15.801Z</time></trkpt><trkpt lat="42.918436" lon="-8.337394"><ele>349.219</ele><time>2025-03-06T12:02:20.812Z</time></trkpt><trkpt lat="42.918446" lon="-8.337464"><ele>349.109</ele><time>2025-03-06T12:02:25.796Z</time></trkpt><trkpt lat="42.918465" lon="-8.337532"><ele>348.879</ele><time>2025-03-06T12:02:30.804Z</time></trkpt><trkpt lat="42.918477" lon="-8.337605"><ele>348.477</ele><time>2025-03-06T12:02:34.752Z</time></trkpt><trkpt lat="42.918471" lon="-8.337668"><ele>348.190</ele><time>2025-03-06T12:02:39.756Z</time></trkpt><trkpt lat="42.918475" lon="-8.337734"><ele>347.736</ele><time>2025-03-06T12:02:45.764Z</time></trkpt><trkpt lat="42.918479" lon="-8.337797"><ele>347.581</ele><time>2025-03-06T12:02:49.764Z</time></trkpt><trkpt lat="42.918468" lon="-8.337873"><ele>347.170</ele><time>2025-03-06T12:02:53.772Z</time></trkpt><trkpt lat="42.918473" lon="-8.337942"><ele>346.980</ele><time>2025-03-06T12:02:59.765Z</time></trkpt><trkpt lat="42.918481" lon="-8.338008"><ele>346.710</ele><time>2025-03-06T12:03:04.763Z</time></trkpt><trkpt lat="42.918479" lon="-8.338079"><ele>346.489</ele><time>2025-03-06T12:03:09.738Z</time></trkpt><trkpt lat="42.918475" lon="-8.338145"><ele>346.081</ele><time>2025-03-06T12:03:15.749Z</time></trkpt><trkpt lat="42.918481" lon="-8.338218"><ele>345.661</ele><time>2025-03-06T12:03:18.787Z</time></trkpt><trkpt lat="42.918479" lon="-8.338287"><ele>345.317</ele><time>2025-03-06T12:03:23.744Z</time></trkpt><trkpt lat="42.918479" lon="-8.338360"><ele>344.809</ele><time>2025-03-06T12:03:27.782Z</time></trkpt><trkpt lat="42.918495" lon="-8.338424"><ele>344.370</ele><time>2025-03-06T12:03:33.807Z</time></trkpt><trkpt lat="42.918494" lon="-8.338487"><ele>343.928</ele><time>2025-03-06T12:03:37.748Z</time></trkpt><trkpt lat="42.918470" lon="-8.338549"><ele>343.481</ele><time>2025-03-06T12:03:42.766Z</time></trkpt><trkpt lat="42.918456" lon="-8.338616"><ele>343.067</ele><time>2025-03-06T12:03:47.762Z</time></trkpt><trkpt lat="42.918443" lon="-8.338681"><ele>342.982</ele><time>2025-03-06T12:03:51.767Z</time></trkpt><trkpt lat="42.918419" lon="-8.338741"><ele>342.951</ele><time>2025-03-06T12:03:57.756Z</time></trkpt><trkpt lat="42.918402" lon="-8.338800"><ele>342.891</ele><time>2025-03-06T12:04:00.771Z</time></trkpt><trkpt lat="42.918396" lon="-8.338863"><ele>342.861</ele><time>2025-03-06T12:04:07.767Z</time></trkpt><trkpt lat="42.918380" lon="-8.338926"><ele>343.140</ele><time>2025-03-06T12:04:12.760Z</time></trkpt><trkpt lat="42.918368" lon="-8.339002"><ele>343.624</ele><time>2025-03-06T12:04:16.759Z</time></trkpt><trkpt lat="42.918364" lon="-8.339072"><ele>344.104</ele><time>2025-03-06T12:04:21.741Z</time></trkpt><trkpt lat="42.918340" lon="-8.339137"><ele>344.714</ele><time>2025-03-06T12:04:26.764Z</time></trkpt><trkpt lat="42.918325" lon="-8.339204"><ele>345.509</ele><time>2025-03-06T12:04:30.756Z</time></trkpt><trkpt lat="42.918288" lon="-8.339257"><ele>346.374</ele><time>2025-03-06T12:04:35.741Z</time></trkpt><trkpt lat="42.918261" lon="-8.339322"><ele>347.272</ele><time>2025-03-06T12:04:40.774Z</time></trkpt><trkpt lat="42.918239" lon="-8.339392"><ele>348.175</ele><time>2025-03-06T12:04:45.789Z</time></trkpt><trkpt lat="42.918251" lon="-8.339463"><ele>348.711</ele><time>2025-03-06T12:04:48.749Z</time></trkpt><trkpt lat="42.918244" lon="-8.339533"><ele>349.426</ele><time>2025-03-06T12:04:51.753Z</time></trkpt><trkpt lat="42.918229" lon="-8.339598"><ele>350.145</ele><time>2025-03-06T12:04:55.742Z</time></trkpt><trkpt lat="42.918202" lon="-8.339666"><ele>350.985</ele><time>2025-03-06T12:05:01.741Z</time></trkpt><trkpt lat="42.918188" lon="-8.339725"><ele>351.685</ele><time>2025-03-06T12:05:06.752Z</time></trkpt><trkpt lat="42.918172" lon="-8.339785"><ele>352.224</ele><time>2025-03-06T12:05:10.745Z</time></trkpt><trkpt lat="42.918149" lon="-8.339852"><ele>352.995</ele><time>2025-03-06T12:05:13.757Z</time></trkpt><trkpt lat="42.918127" lon="-8.339914"><ele>353.649</ele><time>2025-03-06T12:05:16.748Z</time></trkpt><trkpt lat="42.918117" lon="-8.339976"><ele>354.223</ele><time>2025-03-06T12:05:22.751Z</time></trkpt><trkpt lat="42.918073" lon="-8.340012"><ele>354.809</ele><time>2025-03-06T12:05:28.736Z</time></trkpt><trkpt lat="42.918045" lon="-8.340061"><ele>355.021</ele><time>2025-03-06T12:05:33.752Z</time></trkpt><trkpt lat="42.918018" lon="-8.340119"><ele>354.949</ele><time>2025-03-06T12:05:39.779Z</time></trkpt><trkpt lat="42.918001" lon="-8.340181"><ele>354.972</ele><time>2025-03-06T12:05:43.800Z</time></trkpt><trkpt lat="42.917975" lon="-8.340246"><ele>355.018</ele><time>2025-03-06T12:05:48.787Z</time></trkpt><trkpt lat="42.917944" lon="-8.340312"><ele>355.033</ele><time>2025-03-06T12:05:52.752Z</time></trkpt><trkpt lat="42.917912" lon="-8.340367"><ele>355.012</ele><time>2025-03-06T12:05:57.792Z</time></trkpt><trkpt lat="42.917894" lon="-8.340424"><ele>355.092</ele><time>2025-03-06T12:06:01.784Z</time></trkpt><trkpt lat="42.917872" lon="-8.340495"><ele>355.082</ele><time>2025-03-06T12:06:05.749Z</time></trkpt><trkpt lat="42.917846" lon="-8.340552"><ele>355.071</ele><time>2025-03-06T12:06:10.763Z</time></trkpt><trkpt lat="42.917829" lon="-8.340625"><ele>354.818</ele><time>2025-03-06T12:06:15.767Z</time></trkpt><trkpt lat="42.917816" lon="-8.340702"><ele>354.598</ele><time>2025-03-06T12:06:19.753Z</time></trkpt><trkpt lat="42.917804" lon="-8.340764"><ele>354.317</ele><time>2025-03-06T12:06:23.763Z</time></trkpt><trkpt lat="42.917771" lon="-8.340820"><ele>354.009</ele><time>2025-03-06T12:06:28.772Z</time></trkpt><trkpt lat="42.917737" lon="-8.340907"><ele>353.153</ele><time>2025-03-06T12:06:35.768Z</time></trkpt><trkpt lat="42.917707" lon="-8.340961"><ele>352.411</ele><time>2025-03-06T12:06:39.761Z</time></trkpt><trkpt lat="42.917689" lon="-8.341018"><ele>351.914</ele><time>2025-03-06T12:06:43.790Z</time></trkpt><trkpt lat="42.917663" lon="-8.341082"><ele>351.350</ele><time>2025-03-06T12:06:47.754Z</time></trkpt><trkpt lat="42.917644" lon="-8.341143"><ele>351.095</ele><time>2025-03-06T12:06:52.770Z</time></trkpt><trkpt lat="42.917636" lon="-8.341216"><ele>351.054</ele><time>2025-03-06T12:06:56.775Z</time></trkpt><trkpt lat="42.917610" lon="-8.341276"><ele>350.834</ele><time>2025-03-06T12:07:01.759Z</time></trkpt><trkpt lat="42.917573" lon="-8.341330"><ele>350.514</ele><time>2025-03-06T12:07:06.767Z</time></trkpt><trkpt lat="42.917543" lon="-8.341398"><ele>350.393</ele><time>2025-03-06T12:07:10.767Z</time></trkpt><trkpt lat="42.917528" lon="-8.341466"><ele>350.277</ele><time>2025-03-06T12:07:15.765Z</time></trkpt><trkpt lat="42.917508" lon="-8.341532"><ele>350.061</ele><time>2025-03-06T12:07:19.765Z</time></trkpt><trkpt lat="42.917476" lon="-8.341602"><ele>349.827</ele><time>2025-03-06T12:07:23.755Z</time></trkpt><trkpt lat="42.917450" lon="-8.341656"><ele>349.609</ele><time>2025-03-06T12:07:26.772Z</time></trkpt><trkpt lat="42.917422" lon="-8.341724"><ele>349.599</ele><time>2025-03-06T12:07:30.760Z</time></trkpt><trkpt lat="42.917402" lon="-8.341786"><ele>349.467</ele><time>2025-03-06T12:07:35.752Z</time></trkpt><trkpt lat="42.917383" lon="-8.341845"><ele>349.470</ele><time>2025-03-06T12:07:39.767Z</time></trkpt><trkpt lat="42.917375" lon="-8.341917"><ele>349.576</ele><time>2025-03-06T12:07:43.765Z</time></trkpt><trkpt lat="42.917362" lon="-8.341980"><ele>349.231</ele><time>2025-03-06T12:07:47.765Z</time></trkpt><trkpt lat="42.917348" lon="-8.342048"><ele>348.790</ele><time>2025-03-06T12:07:51.755Z</time></trkpt><trkpt lat="42.917333" lon="-8.342115"><ele>348.210</ele><time>2025-03-06T12:07:56.770Z</time></trkpt><trkpt lat="42.917323" lon="-8.342178"><ele>347.760</ele><time>2025-03-06T12:08:00.782Z</time></trkpt><trkpt lat="42.917310" lon="-8.342253"><ele>347.029</ele><time>2025-03-06T12:08:06.778Z</time></trkpt><trkpt lat="42.917277" lon="-8.342309"><ele>346.458</ele><time>2025-03-06T12:08:10.755Z</time></trkpt><trkpt lat="42.917250" lon="-8.342367"><ele>345.952</ele><time>2025-03-06T12:08:14.778Z</time></trkpt><trkpt lat="42.917217" lon="-8.342433"><ele>345.417</ele><time>2025-03-06T12:08:19.752Z</time></trkpt><trkpt lat="42.917179" lon="-8.342482"><ele>344.509</ele><time>2025-03-06T12:08:24.776Z</time></trkpt><trkpt lat="42.917144" lon="-8.342539"><ele>343.457</ele><time>2025-03-06T12:08:29.775Z</time></trkpt><trkpt lat="42.917128" lon="-8.342608"><ele>342.565</ele><time>2025-03-06T12:08:33.754Z</time></trkpt><trkpt lat="42.917102" lon="-8.342669"><ele>341.618</ele><time>2025-03-06T12:08:38.763Z</time></trkpt><trkpt lat="42.917088" lon="-8.342745"><ele>340.884</ele><time>2025-03-06T12:08:42.768Z</time></trkpt><trkpt lat="42.917078" lon="-8.342808"><ele>340.119</ele><time>2025-03-06T12:08:46.811Z</time></trkpt><trkpt lat="42.917058" lon="-8.342876"><ele>339.328</ele><time>2025-03-06T12:08:50.796Z</time></trkpt><trkpt lat="42.917044" lon="-8.342936"><ele>338.618</ele><time>2025-03-06T12:08:54.760Z</time></trkpt><trkpt lat="42.917019" lon="-8.342990"><ele>338.188</ele><time>2025-03-06T12:08:58.747Z</time></trkpt><trkpt lat="42.916980" lon="-8.343050"><ele>337.887</ele><time>2025-03-06T12:09:03.750Z</time></trkpt><trkpt lat="42.916937" lon="-8.343087"><ele>337.626</ele><time>2025-03-06T12:09:07.776Z</time></trkpt><trkpt lat="42.916890" lon="-8.343110"><ele>337.347</ele><time>2025-03-06T12:09:13.752Z</time></trkpt><trkpt lat="42.916846" lon="-8.343131"><ele>337.111</ele><time>2025-03-06T12:09:20.774Z</time></trkpt><trkpt lat="42.916796" lon="-8.343153"><ele>337.009</ele><time>2025-03-06T12:09:27.775Z</time></trkpt><trkpt lat="42.916748" lon="-8.343159"><ele>337.014</ele><time>2025-03-06T12:09:34.763Z</time></trkpt><trkpt lat="42.916707" lon="-8.343131"><ele>337.442</ele><time>2025-03-06T12:09:39.746Z</time></trkpt><trkpt lat="42.916653" lon="-8.343113"><ele>337.665</ele><time>2025-03-06T12:09:44.747Z</time></trkpt><trkpt lat="42.916607" lon="-8.343129"><ele>337.561</ele><time>2025-03-06T12:09:47.759Z</time></trkpt><trkpt lat="42.916555" lon="-8.343157"><ele>337.176</ele><time>2025-03-06T12:09:51.809Z</time></trkpt><trkpt lat="42.916521" lon="-8.343216"><ele>336.255</ele><time>2025-03-06T12:09:55.761Z</time></trkpt><trkpt lat="42.916510" lon="-8.343286"><ele>335.095</ele><time>2025-03-06T12:09:59.748Z</time></trkpt><trkpt lat="42.916494" lon="-8.343357"><ele>333.835</ele><time>2025-03-06T12:10:03.769Z</time></trkpt><trkpt lat="42.916491" lon="-8.343433"><ele>332.774</ele><time>2025-03-06T12:10:07.768Z</time></trkpt><trkpt lat="42.916493" lon="-8.343495"><ele>331.861</ele><time>2025-03-06T12:10:10.780Z</time></trkpt><trkpt lat="42.916495" lon="-8.343569"><ele>330.821</ele><time>2025-03-06T12:10:15.764Z</time></trkpt><trkpt lat="42.916510" lon="-8.343629"><ele>330.013</ele><time>2025-03-06T12:10:20.766Z</time></trkpt><trkpt lat="42.916525" lon="-8.343698"><ele>328.909</ele><time>2025-03-06T12:10:25.799Z</time></trkpt><trkpt lat="42.916526" lon="-8.343761"><ele>327.868</ele><time>2025-03-06T12:10:30.788Z</time></trkpt><trkpt lat="42.916518" lon="-8.343826"><ele>326.546</ele><time>2025-03-06T12:10:35.792Z</time></trkpt><trkpt lat="42.916516" lon="-8.343894"><ele>325.349</ele><time>2025-03-06T12:10:42.802Z</time></trkpt><trkpt lat="42.916538" lon="-8.343965"><ele>324.535</ele><time>2025-03-06T12:10:45.770Z</time></trkpt><trkpt lat="42.916548" lon="-8.344026"><ele>323.620</ele><time>2025-03-06T12:10:48.764Z</time></trkpt><trkpt lat="42.916503" lon="-8.344017"><ele>323.619</ele><time>2025-03-06T12:10:54.798Z</time></trkpt><trkpt lat="42.916435" lon="-8.344003"><ele>323.429</ele><time>2025-03-06T12:10:56.756Z</time></trkpt><trkpt lat="42.916390" lon="-8.344028"><ele>323.059</ele><time>2025-03-06T12:10:59.781Z</time></trkpt><trkpt lat="42.916357" lon="-8.344080"><ele>322.958</ele><time>2025-03-06T12:11:04.764Z</time></trkpt><trkpt lat="42.916318" lon="-8.344121"><ele>323.131</ele><time>2025-03-06T12:11:08.779Z</time></trkpt><trkpt lat="42.916288" lon="-8.344168"><ele>323.161</ele><time>2025-03-06T12:11:13.794Z</time></trkpt><trkpt lat="42.916269" lon="-8.344225"><ele>322.907</ele><time>2025-03-06T12:11:18.781Z</time></trkpt><trkpt lat="42.916277" lon="-8.344286"><ele>322.409</ele><time>2025-03-06T12:11:22.800Z</time></trkpt><trkpt lat="42.916276" lon="-8.344366"><ele>321.975</ele><time>2025-03-06T12:11:28.782Z</time></trkpt><trkpt lat="42.916267" lon="-8.344437"><ele>321.793</ele><time>2025-03-06T12:11:34.779Z</time></trkpt><trkpt lat="42.916258" lon="-8.344501"><ele>321.546</ele><time>2025-03-06T12:11:39.778Z</time></trkpt><trkpt lat="42.916243" lon="-8.344562"><ele>321.582</ele><time>2025-03-06T12:11:45.788Z</time></trkpt><trkpt lat="42.916227" lon="-8.344622"><ele>321.537</ele><time>2025-03-06T12:11:52.771Z</time></trkpt><trkpt lat="42.916208" lon="-8.344681"><ele>321.516</ele><time>2025-03-06T12:11:57.777Z</time></trkpt><trkpt lat="42.916202" lon="-8.344750"><ele>320.956</ele><time>2025-03-06T12:12:03.775Z</time></trkpt><trkpt lat="42.916190" lon="-8.344816"><ele>319.846</ele><time>2025-03-06T12:12:09.790Z</time></trkpt><trkpt lat="42.916186" lon="-8.344886"><ele>318.615</ele><time>2025-03-06T12:12:16.787Z</time></trkpt><trkpt lat="42.916160" lon="-8.344954"><ele>317.694</ele><time>2025-03-06T12:12:25.806Z</time></trkpt><trkpt lat="42.916137" lon="-8.345035"><ele>316.257</ele><time>2025-03-06T12:12:38.774Z</time></trkpt><trkpt lat="42.916111" lon="-8.345115"><ele>314.922</ele><time>2025-03-06T12:12:47.759Z</time></trkpt><trkpt lat="42.916090" lon="-8.345169"><ele>314.009</ele><time>2025-03-06T12:12:53.787Z</time></trkpt><trkpt lat="42.916063" lon="-8.345229"><ele>312.951</ele><time>2025-03-06T12:13:13.794Z</time></trkpt><trkpt lat="42.916039" lon="-8.345287"><ele>311.999</ele><time>2025-03-06T12:13:25.780Z</time></trkpt><trkpt lat="42.916014" lon="-8.345343"><ele>311.162</ele><time>2025-03-06T12:13:29.792Z</time></trkpt><trkpt lat="42.915970" lon="-8.345383"><ele>310.578</ele><time>2025-03-06T12:13:34.801Z</time></trkpt><trkpt lat="42.915930" lon="-8.345422"><ele>309.853</ele><time>2025-03-06T12:13:39.787Z</time></trkpt><trkpt lat="42.915900" lon="-8.345471"><ele>308.982</ele><time>2025-03-06T12:13:44.804Z</time></trkpt><trkpt lat="42.915871" lon="-8.345529"><ele>307.782</ele><time>2025-03-06T12:13:48.784Z</time></trkpt><trkpt lat="42.915834" lon="-8.345588"><ele>307.192</ele><time>2025-03-06T12:13:54Z</time></trkpt><trkpt lat="42.915804" lon="-8.345650"><ele>307.271</ele><time>2025-03-06T12:13:58.776Z</time></trkpt><trkpt lat="42.915771" lon="-8.345693"><ele>307.267</ele><time>2025-03-06T12:14:02.781Z</time></trkpt><trkpt lat="42.915737" lon="-8.345736"><ele>307.181</ele><time>2025-03-06T12:14:06.793Z</time></trkpt><trkpt lat="42.915706" lon="-8.345781"><ele>307.019</ele><time>2025-03-06T12:14:10.786Z</time></trkpt><trkpt lat="42.915678" lon="-8.345843"><ele>306.909</ele><time>2025-03-06T12:14:15.787Z</time></trkpt><trkpt lat="42.915663" lon="-8.345915"><ele>307.278</ele><time>2025-03-06T12:14:19.940Z</time></trkpt><trkpt lat="42.915656" lon="-8.345986"><ele>307.676</ele><time>2025-03-06T12:14:23.757Z</time></trkpt><trkpt lat="42.915636" lon="-8.346044"><ele>307.969</ele><time>2025-03-06T12:14:27.788Z</time></trkpt><trkpt lat="42.915622" lon="-8.346102"><ele>308.225</ele><time>2025-03-06T12:14:31.775Z</time></trkpt><trkpt lat="42.915602" lon="-8.346173"><ele>309.230</ele><time>2025-03-06T12:14:36.768Z</time></trkpt><trkpt lat="42.915565" lon="-8.346219"><ele>309.959</ele><time>2025-03-06T12:14:41.779Z</time></trkpt><trkpt lat="42.915529" lon="-8.346267"><ele>310.789</ele><time>2025-03-06T12:14:45.756Z</time></trkpt><trkpt lat="42.915490" lon="-8.346308"><ele>311.329</ele><time>2025-03-06T12:14:49.755Z</time></trkpt><trkpt lat="42.915454" lon="-8.346359"><ele>312.148</ele><time>2025-03-06T12:14:54.778Z</time></trkpt><trkpt lat="42.915408" lon="-8.346405"><ele>312.671</ele><time>2025-03-06T12:15:00.789Z</time></trkpt><trkpt lat="42.915378" lon="-8.346455"><ele>313.041</ele><time>2025-03-06T12:15:04.790Z</time></trkpt><trkpt lat="42.915352" lon="-8.346519"><ele>313.515</ele><time>2025-03-06T12:15:08.788Z</time></trkpt><trkpt lat="42.915311" lon="-8.346568"><ele>314.009</ele><time>2025-03-06T12:15:12.789Z</time></trkpt><trkpt lat="42.915287" lon="-8.346625"><ele>314.669</ele><time>2025-03-06T12:15:16.795Z</time></trkpt><trkpt lat="42.915253" lon="-8.346680"><ele>314.627</ele><time>2025-03-06T12:15:21.792Z</time></trkpt><trkpt lat="42.915222" lon="-8.346730"><ele>314.320</ele><time>2025-03-06T12:15:25.782Z</time></trkpt><trkpt lat="42.915194" lon="-8.346780"><ele>314.376</ele><time>2025-03-06T12:15:29.777Z</time></trkpt><trkpt lat="42.915169" lon="-8.346835"><ele>314.331</ele><time>2025-03-06T12:15:33.789Z</time></trkpt><trkpt lat="42.915130" lon="-8.346888"><ele>314.280</ele><time>2025-03-06T12:15:38.797Z</time></trkpt><trkpt lat="42.915106" lon="-8.346948"><ele>314.610</ele><time>2025-03-06T12:15:43.907Z</time></trkpt><trkpt lat="42.915082" lon="-8.347006"><ele>315.280</ele><time>2025-03-06T12:15:47.795Z</time></trkpt><trkpt lat="42.915042" lon="-8.347048"><ele>315.679</ele><time>2025-03-06T12:15:52.796Z</time></trkpt><trkpt lat="42.915003" lon="-8.347083"><ele>316.015</ele><time>2025-03-06T12:15:57.797Z</time></trkpt><trkpt lat="42.914970" lon="-8.347134"><ele>316.365</ele><time>2025-03-06T12:16:03.797Z</time></trkpt><trkpt lat="42.914938" lon="-8.347182"><ele>316.411</ele><time>2025-03-06T12:16:08.748Z</time></trkpt><trkpt lat="42.914906" lon="-8.347237"><ele>316.309</ele><time>2025-03-06T12:16:12.775Z</time></trkpt><trkpt lat="42.914863" lon="-8.347285"><ele>315.323</ele><time>2025-03-06T12:16:16.780Z</time></trkpt><trkpt lat="42.914839" lon="-8.347343"><ele>314.991</ele><time>2025-03-06T12:16:20.791Z</time></trkpt><trkpt lat="42.914800" lon="-8.347387"><ele>314.424</ele><time>2025-03-06T12:16:25.779Z</time></trkpt><trkpt lat="42.914765" lon="-8.347432"><ele>314.090</ele><time>2025-03-06T12:16:29.784Z</time></trkpt><trkpt lat="42.914727" lon="-8.347474"><ele>313.875</ele><time>2025-03-06T12:16:33.792Z</time></trkpt><trkpt lat="42.914689" lon="-8.347525"><ele>312.494</ele><time>2025-03-06T12:16:37.789Z</time></trkpt><trkpt lat="42.914657" lon="-8.347590"><ele>311.034</ele><time>2025-03-06T12:16:42.801Z</time></trkpt><trkpt lat="42.914631" lon="-8.347647"><ele>310.024</ele><time>2025-03-06T12:16:46.793Z</time></trkpt><trkpt lat="42.914606" lon="-8.347704"><ele>309.463</ele><time>2025-03-06T12:16:51.798Z</time></trkpt><trkpt lat="42.914585" lon="-8.347768"><ele>309.094</ele><time>2025-03-06T12:16:55.796Z</time></trkpt><trkpt lat="42.914577" lon="-8.347832"><ele>308.657</ele><time>2025-03-06T12:16:59.778Z</time></trkpt><trkpt lat="42.914569" lon="-8.347895"><ele>308.122</ele><time>2025-03-06T12:17:03.790Z</time></trkpt><trkpt lat="42.914553" lon="-8.347970"><ele>307.409</ele><time>2025-03-06T12:17:07.929Z</time></trkpt><trkpt lat="42.914538" lon="-8.348029"><ele>306.831</ele><time>2025-03-06T12:17:11.748Z</time></trkpt><trkpt lat="42.914522" lon="-8.348087"><ele>306.139</ele><time>2025-03-06T12:17:15.753Z</time></trkpt><trkpt lat="42.914506" lon="-8.348156"><ele>305.132</ele><time>2025-03-06T12:17:19.758Z</time></trkpt><trkpt lat="42.914487" lon="-8.348232"><ele>304.028</ele><time>2025-03-06T12:17:23.750Z</time></trkpt><trkpt lat="42.914462" lon="-8.348287"><ele>302.953</ele><time>2025-03-06T12:17:28.779Z</time></trkpt><trkpt lat="42.914442" lon="-8.348355"><ele>301.832</ele><time>2025-03-06T12:17:33.763Z</time></trkpt><trkpt lat="42.914418" lon="-8.348415"><ele>300.842</ele><time>2025-03-06T12:17:37.763Z</time></trkpt><trkpt lat="42.914397" lon="-8.348482"><ele>299.852</ele><time>2025-03-06T12:17:41.759Z</time></trkpt><trkpt lat="42.914384" lon="-8.348545"><ele>299.151</ele><time>2025-03-06T12:17:45.764Z</time></trkpt><trkpt lat="42.914369" lon="-8.348623"><ele>298.491</ele><time>2025-03-06T12:17:50.758Z</time></trkpt><trkpt lat="42.914362" lon="-8.348691"><ele>298.381</ele><time>2025-03-06T12:17:54.787Z</time></trkpt><trkpt lat="42.914348" lon="-8.348763"><ele>298.119</ele><time>2025-03-06T12:17:59.856Z</time></trkpt><trkpt lat="42.914350" lon="-8.348826"><ele>298.209</ele><time>2025-03-06T12:18:03.772Z</time></trkpt><trkpt lat="42.914325" lon="-8.348893"><ele>297.831</ele><time>2025-03-06T12:18:08.780Z</time></trkpt><trkpt lat="42.914321" lon="-8.348965"><ele>297.259</ele><time>2025-03-06T12:18:13.779Z</time></trkpt><trkpt lat="42.914333" lon="-8.349034"><ele>296.872</ele><time>2025-03-06T12:18:18.788Z</time></trkpt><trkpt lat="42.914369" lon="-8.349099"><ele>296.818</ele><time>2025-03-06T12:18:23.761Z</time></trkpt><trkpt lat="42.914402" lon="-8.349146"><ele>296.723</ele><time>2025-03-06T12:18:27.789Z</time></trkpt><trkpt lat="42.914442" lon="-8.349204"><ele>296.332</ele><time>2025-03-06T12:18:32.793Z</time></trkpt><trkpt lat="42.914481" lon="-8.349241"><ele>295.832</ele><time>2025-03-06T12:18:40.760Z</time></trkpt><trkpt lat="42.914516" lon="-8.349299"><ele>294.822</ele><time>2025-03-06T12:18:47.802Z</time></trkpt><trkpt lat="42.914553" lon="-8.349343"><ele>294.061</ele><time>2025-03-06T12:18:56.800Z</time></trkpt><trkpt lat="42.914590" lon="-8.349392"><ele>293.046</ele><time>2025-03-06T12:19:02.794Z</time></trkpt><trkpt lat="42.914632" lon="-8.349427"><ele>292.488</ele><time>2025-03-06T12:19:08.793Z</time></trkpt><trkpt lat="42.914666" lon="-8.349472"><ele>291.516</ele><time>2025-03-06T12:19:13.792Z</time></trkpt><trkpt lat="42.914703" lon="-8.349522"><ele>290.609</ele><time>2025-03-06T12:19:20.792Z</time></trkpt><trkpt lat="42.914708" lon="-8.349599"><ele>289.256</ele><time>2025-03-06T12:19:29.789Z</time></trkpt><trkpt lat="42.914690" lon="-8.349664"><ele>288.054</ele><time>2025-03-06T12:19:33.796Z</time></trkpt><trkpt lat="42.914685" lon="-8.349729"><ele>286.777</ele><time>2025-03-06T12:19:38.793Z</time></trkpt><trkpt lat="42.914693" lon="-8.349800"><ele>285.353</ele><time>2025-03-06T12:19:43.961Z</time></trkpt><trkpt lat="42.914680" lon="-8.349865"><ele>283.948</ele><time>2025-03-06T12:19:48.791Z</time></trkpt><trkpt lat="42.914659" lon="-8.349922"><ele>282.857</ele><time>2025-03-06T12:19:53.796Z</time></trkpt><trkpt lat="42.914639" lon="-8.349983"><ele>281.687</ele><time>2025-03-06T12:19:59.792Z</time></trkpt><trkpt lat="42.914608" lon="-8.350037"><ele>281.157</ele><time>2025-03-06T12:20:03.798Z</time></trkpt><trkpt lat="42.914570" lon="-8.350076"><ele>280.916</ele><time>2025-03-06T12:20:07.755Z</time></trkpt><trkpt lat="42.914539" lon="-8.350131"><ele>280.457</ele><time>2025-03-06T12:20:12.853Z</time></trkpt><trkpt lat="42.914524" lon="-8.350205"><ele>279.700</ele><time>2025-03-06T12:20:16.787Z</time></trkpt><trkpt lat="42.914508" lon="-8.350273"><ele>279.020</ele><time>2025-03-06T12:20:22.765Z</time></trkpt><trkpt lat="42.914484" lon="-8.350333"><ele>278.909</ele><time>2025-03-06T12:20:26.772Z</time></trkpt><trkpt lat="42.914472" lon="-8.350394"><ele>278.937</ele><time>2025-03-06T12:20:30.781Z</time></trkpt><trkpt lat="42.914459" lon="-8.350466"><ele>278.975</ele><time>2025-03-06T12:20:34.791Z</time></trkpt><trkpt lat="42.914448" lon="-8.350544"><ele>279.078</ele><time>2025-03-06T12:20:38.797Z</time></trkpt><trkpt lat="42.914438" lon="-8.350619"><ele>278.724</ele><time>2025-03-06T12:20:43.800Z</time></trkpt><trkpt lat="42.914418" lon="-8.350687"><ele>278.449</ele><time>2025-03-06T12:20:48.787Z</time></trkpt><trkpt lat="42.914398" lon="-8.350743"><ele>278.058</ele><time>2025-03-06T12:20:52.789Z</time></trkpt><trkpt lat="42.914384" lon="-8.350813"><ele>277.778</ele><time>2025-03-06T12:20:56.752Z</time></trkpt><trkpt lat="42.914370" lon="-8.350873"><ele>277.428</ele><time>2025-03-06T12:21:00.784Z</time></trkpt><trkpt lat="42.914354" lon="-8.350932"><ele>277.177</ele><time>2025-03-06T12:21:04.776Z</time></trkpt><trkpt lat="42.914344" lon="-8.350997"><ele>276.968</ele><time>2025-03-06T12:21:08.766Z</time></trkpt><trkpt lat="42.914324" lon="-8.351063"><ele>276.742</ele><time>2025-03-06T12:21:13.755Z</time></trkpt><trkpt lat="42.914291" lon="-8.351107"><ele>276.526</ele><time>2025-03-06T12:21:17.776Z</time></trkpt><trkpt lat="42.914263" lon="-8.351157"><ele>276.209</ele><time>2025-03-06T12:21:21.750Z</time></trkpt><trkpt lat="42.914247" lon="-8.351227"><ele>276.088</ele><time>2025-03-06T12:21:26.779Z</time></trkpt><trkpt lat="42.914236" lon="-8.351298"><ele>275.716</ele><time>2025-03-06T12:21:30.774Z</time></trkpt><trkpt lat="42.914215" lon="-8.351355"><ele>275.419</ele><time>2025-03-06T12:21:34.770Z</time></trkpt><trkpt lat="42.914193" lon="-8.351413"><ele>275.265</ele><time>2025-03-06T12:21:38.774Z</time></trkpt><trkpt lat="42.914179" lon="-8.351478"><ele>275.130</ele><time>2025-03-06T12:21:42.773Z</time></trkpt><trkpt lat="42.914151" lon="-8.351533"><ele>275.019</ele><time>2025-03-06T12:21:46.765Z</time></trkpt><trkpt lat="42.914127" lon="-8.351586"><ele>275.099</ele><time>2025-03-06T12:21:50.763Z</time></trkpt><trkpt lat="42.914101" lon="-8.351646"><ele>275.019</ele><time>2025-03-06T12:21:55.776Z</time></trkpt><trkpt lat="42.914073" lon="-8.351701"><ele>275.088</ele><time>2025-03-06T12:22:00.771Z</time></trkpt><trkpt lat="42.914045" lon="-8.351767"><ele>275.074</ele><time>2025-03-06T12:22:05.784Z</time></trkpt><trkpt lat="42.914013" lon="-8.351816"><ele>275.056</ele><time>2025-03-06T12:22:09.781Z</time></trkpt><trkpt lat="42.913987" lon="-8.351872"><ele>275.021</ele><time>2025-03-06T12:22:14.809Z</time></trkpt><trkpt lat="42.913964" lon="-8.351934"><ele>275.009</ele><time>2025-03-06T12:22:19.753Z</time></trkpt><trkpt lat="42.913947" lon="-8.351995"><ele>274.949</ele><time>2025-03-06T12:22:23.750Z</time></trkpt><trkpt lat="42.913928" lon="-8.352061"><ele>274.617</ele><time>2025-03-06T12:22:27.793Z</time></trkpt><trkpt lat="42.913923" lon="-8.352132"><ele>274.440</ele><time>2025-03-06T12:22:31.789Z</time></trkpt><trkpt lat="42.913905" lon="-8.352196"><ele>274.176</ele><time>2025-03-06T12:22:36.812Z</time></trkpt><trkpt lat="42.913888" lon="-8.352258"><ele>273.741</ele><time>2025-03-06T12:22:40.768Z</time></trkpt><trkpt lat="42.913866" lon="-8.352313"><ele>273.450</ele><time>2025-03-06T12:22:44.800Z</time></trkpt><trkpt lat="42.913840" lon="-8.352380"><ele>273.020</ele><time>2025-03-06T12:22:49.800Z</time></trkpt><trkpt lat="42.913816" lon="-8.352443"><ele>272.630</ele><time>2025-03-06T12:22:54.778Z</time></trkpt><trkpt lat="42.913790" lon="-8.352496"><ele>272.439</ele><time>2025-03-06T12:22:58.763Z</time></trkpt><trkpt lat="42.913765" lon="-8.352560"><ele>272.342</ele><time>2025-03-06T12:23:02.774Z</time></trkpt><trkpt lat="42.913726" lon="-8.352612"><ele>272.122</ele><time>2025-03-06T12:23:07.793Z</time></trkpt><trkpt lat="42.913693" lon="-8.352654"><ele>271.914</ele><time>2025-03-06T12:23:12.798Z</time></trkpt><trkpt lat="42.913672" lon="-8.352710"><ele>271.609</ele><time>2025-03-06T12:23:16.971Z</time></trkpt><trkpt lat="42.913641" lon="-8.352770"><ele>271.216</ele><time>2025-03-06T12:23:21.806Z</time></trkpt><trkpt lat="42.913611" lon="-8.352833"><ele>271.094</ele><time>2025-03-06T12:23:26.786Z</time></trkpt><trkpt lat="42.913588" lon="-8.352898"><ele>271.047</ele><time>2025-03-06T12:23:30.777Z</time></trkpt><trkpt lat="42.913554" lon="-8.352940"><ele>270.973</ele><time>2025-03-06T12:23:34.800Z</time></trkpt><trkpt lat="42.913516" lon="-8.352988"><ele>270.788</ele><time>2025-03-06T12:23:39.774Z</time></trkpt><trkpt lat="42.913474" lon="-8.353023"><ele>270.657</ele><time>2025-03-06T12:23:43.809Z</time></trkpt><trkpt lat="42.913440" lon="-8.353065"><ele>270.487</ele><time>2025-03-06T12:23:48.754Z</time></trkpt><trkpt lat="42.913409" lon="-8.353112"><ele>270.357</ele><time>2025-03-06T12:23:51.777Z</time></trkpt><trkpt lat="42.913364" lon="-8.353152"><ele>270.156</ele><time>2025-03-06T12:23:56.782Z</time></trkpt><trkpt lat="42.913323" lon="-8.353190"><ele>270.072</ele><time>2025-03-06T12:24:00.770Z</time></trkpt><trkpt lat="42.913286" lon="-8.353239"><ele>270.013</ele><time>2025-03-06T12:24:05.788Z</time></trkpt><trkpt lat="42.913248" lon="-8.353281"><ele>270.014</ele><time>2025-03-06T12:24:09.976Z</time></trkpt><trkpt lat="42.913208" lon="-8.353328"><ele>270.009</ele><time>2025-03-06T12:24:14.789Z</time></trkpt><trkpt lat="42.913184" lon="-8.353382"><ele>270.029</ele><time>2025-03-06T12:24:18.781Z</time></trkpt><trkpt lat="42.913154" lon="-8.353434"><ele>270.067</ele><time>2025-03-06T12:24:22.784Z</time></trkpt><trkpt lat="42.913102" lon="-8.353492"><ele>270.090</ele><time>2025-03-06T12:24:28.775Z</time></trkpt><trkpt lat="42.913061" lon="-8.353533"><ele>270.016</ele><time>2025-03-06T12:24:32.754Z</time></trkpt><trkpt lat="42.913018" lon="-8.353563"><ele>270.221</ele><time>2025-03-06T12:24:36.774Z</time></trkpt><trkpt lat="42.912966" lon="-8.353597"><ele>270.630</ele><time>2025-03-06T12:24:40.765Z</time></trkpt><trkpt lat="42.912931" lon="-8.353641"><ele>270.940</ele><time>2025-03-06T12:24:44.770Z</time></trkpt><trkpt lat="42.912887" lon="-8.353690"><ele>271.230</ele><time>2025-03-06T12:24:49.758Z</time></trkpt><trkpt lat="42.912863" lon="-8.353745"><ele>271.469</ele><time>2025-03-06T12:24:54.768Z</time></trkpt><trkpt lat="42.912839" lon="-8.353812"><ele>271.688</ele><time>2025-03-06T12:24:59.785Z</time></trkpt><trkpt lat="42.912821" lon="-8.353875"><ele>271.724</ele><time>2025-03-06T12:25:03.791Z</time></trkpt><trkpt lat="42.912813" lon="-8.353945"><ele>271.326</ele><time>2025-03-06T12:25:07.756Z</time></trkpt><trkpt lat="42.912784" lon="-8.354009"><ele>271.109</ele><time>2025-03-06T12:25:12.759Z</time></trkpt><trkpt lat="42.912771" lon="-8.354076"><ele>270.730</ele><time>2025-03-06T12:25:16.785Z</time></trkpt><trkpt lat="42.912762" lon="-8.354140"><ele>270.258</ele><time>2025-03-06T12:25:20.867Z</time></trkpt><trkpt lat="42.912748" lon="-8.354211"><ele>269.581</ele><time>2025-03-06T12:25:25.775Z</time></trkpt><trkpt lat="42.912727" lon="-8.354283"><ele>268.847</ele><time>2025-03-06T12:25:31.770Z</time></trkpt><trkpt lat="42.912711" lon="-8.354349"><ele>268.242</ele><time>2025-03-06T12:25:35.792Z</time></trkpt><trkpt lat="42.912700" lon="-8.354426"><ele>267.591</ele><time>2025-03-06T12:25:39.775Z</time></trkpt><trkpt lat="42.912690" lon="-8.354489"><ele>267.031</ele><time>2025-03-06T12:25:43.782Z</time></trkpt><trkpt lat="42.912672" lon="-8.354550"><ele>266.661</ele><time>2025-03-06T12:25:48.776Z</time></trkpt><trkpt lat="42.912658" lon="-8.354611"><ele>266.250</ele><time>2025-03-06T12:25:52.796Z</time></trkpt><trkpt lat="42.912645" lon="-8.354671"><ele>265.892</ele><time>2025-03-06T12:25:56.791Z</time></trkpt><trkpt lat="42.912637" lon="-8.354732"><ele>265.573</ele><time>2025-03-06T12:25:59.771Z</time></trkpt><trkpt lat="42.912619" lon="-8.354804"><ele>265.320</ele><time>2025-03-06T12:26:05.803Z</time></trkpt><trkpt lat="42.912596" lon="-8.354875"><ele>265.109</ele><time>2025-03-06T12:26:10.807Z</time></trkpt><trkpt lat="42.912578" lon="-8.354933"><ele>265.071</ele><time>2025-03-06T12:26:14.769Z</time></trkpt><trkpt lat="42.912552" lon="-8.354996"><ele>264.819</ele><time>2025-03-06T12:26:19.771Z</time></trkpt><trkpt lat="42.912537" lon="-8.355058"><ele>264.632</ele><time>2025-03-06T12:26:23.751Z</time></trkpt><trkpt lat="42.912532" lon="-8.355125"><ele>264.478</ele><time>2025-03-06T12:26:27.800Z</time></trkpt><trkpt lat="42.912513" lon="-8.355185"><ele>264.323</ele><time>2025-03-06T12:26:31.802Z</time></trkpt><trkpt lat="42.912487" lon="-8.355245"><ele>264.152</ele><time>2025-03-06T12:26:36.780Z</time></trkpt><trkpt lat="42.912478" lon="-8.355319"><ele>263.682</ele><time>2025-03-06T12:26:43.896Z</time></trkpt><trkpt lat="42.912467" lon="-8.355393"><ele>263.112</ele><time>2025-03-06T12:26:48.774Z</time></trkpt><trkpt lat="42.912455" lon="-8.355465"><ele>262.521</ele><time>2025-03-06T12:26:52.763Z</time></trkpt><trkpt lat="42.912458" lon="-8.355540"><ele>262.082</ele><time>2025-03-06T12:26:56.791Z</time></trkpt><trkpt lat="42.912464" lon="-8.355608"><ele>261.543</ele><time>2025-03-06T12:27:01.775Z</time></trkpt><trkpt lat="42.912468" lon="-8.355670"><ele>261.117</ele><time>2025-03-06T12:27:04.796Z</time></trkpt><trkpt lat="42.912466" lon="-8.355748"><ele>260.509</ele><time>2025-03-06T12:27:09.787Z</time></trkpt><trkpt lat="42.912473" lon="-8.355822"><ele>260.050</ele><time>2025-03-06T12:27:13.796Z</time></trkpt><trkpt lat="42.912473" lon="-8.355896"><ele>259.788</ele><time>2025-03-06T12:27:18.758Z</time></trkpt><trkpt lat="42.912471" lon="-8.355967"><ele>259.471</ele><time>2025-03-06T12:27:23.764Z</time></trkpt><trkpt lat="42.912465" lon="-8.356032"><ele>259.177</ele><time>2025-03-06T12:27:28.786Z</time></trkpt><trkpt lat="42.912463" lon="-8.356102"><ele>258.872</ele><time>2025-03-06T12:27:33.774Z</time></trkpt><trkpt lat="42.912460" lon="-8.356174"><ele>258.561</ele><time>2025-03-06T12:27:37.778Z</time></trkpt><trkpt lat="42.912461" lon="-8.356239"><ele>258.331</ele><time>2025-03-06T12:27:43.802Z</time></trkpt><trkpt lat="42.912443" lon="-8.356311"><ele>258.051</ele><time>2025-03-06T12:27:48.790Z</time></trkpt><trkpt lat="42.912427" lon="-8.356401"><ele>257.760</ele><time>2025-03-06T12:27:53.780Z</time></trkpt><trkpt lat="42.912409" lon="-8.356459"><ele>257.785</ele><time>2025-03-06T12:27:58.769Z</time></trkpt><trkpt lat="42.912389" lon="-8.356526"><ele>257.689</ele><time>2025-03-06T12:28:05.776Z</time></trkpt><trkpt lat="42.912369" lon="-8.356590"><ele>257.517</ele><time>2025-03-06T12:28:11.766Z</time></trkpt><trkpt lat="42.912388" lon="-8.356654"><ele>257.609</ele><time>2025-03-06T12:28:16.762Z</time></trkpt><trkpt lat="42.912385" lon="-8.356717"><ele>257.640</ele><time>2025-03-06T12:28:23.743Z</time></trkpt><trkpt lat="42.912362" lon="-8.356779"><ele>257.568</ele><time>2025-03-06T12:28:29.788Z</time></trkpt><trkpt lat="42.912335" lon="-8.356832"><ele>257.461</ele><time>2025-03-06T12:28:33.777Z</time></trkpt><trkpt lat="42.912311" lon="-8.356909"><ele>257.317</ele><time>2025-03-06T12:28:39.778Z</time></trkpt><trkpt lat="42.912284" lon="-8.356967"><ele>257.322</ele><time>2025-03-06T12:28:43.784Z</time></trkpt><trkpt lat="42.912259" lon="-8.357033"><ele>257.721</ele><time>2025-03-06T12:28:47.773Z</time></trkpt><trkpt lat="42.912235" lon="-8.357100"><ele>258.191</ele><time>2025-03-06T12:28:51.798Z</time></trkpt><trkpt lat="42.912215" lon="-8.357162"><ele>258.631</ele><time>2025-03-06T12:28:55.780Z</time></trkpt><trkpt lat="42.912205" lon="-8.357226"><ele>259.080</ele><time>2025-03-06T12:29:00.767Z</time></trkpt><trkpt lat="42.912191" lon="-8.357285"><ele>259.183</ele><time>2025-03-06T12:29:05.754Z</time></trkpt><trkpt lat="42.912194" lon="-8.357368"><ele>259.125</ele><time>2025-03-06T12:29:09.749Z</time></trkpt><trkpt lat="42.912184" lon="-8.357436"><ele>259.217</ele><time>2025-03-06T12:29:13.754Z</time></trkpt><trkpt lat="42.912164" lon="-8.357506"><ele>259.409</ele><time>2025-03-06T12:29:19.800Z</time></trkpt><trkpt lat="42.912128" lon="-8.357556"><ele>259.950</ele><time>2025-03-06T12:29:24.800Z</time></trkpt><trkpt lat="42.912098" lon="-8.357608"><ele>260.358</ele><time>2025-03-06T12:29:30.756Z</time></trkpt><trkpt lat="42.912062" lon="-8.357646"><ele>260.711</ele><time>2025-03-06T12:29:39.817Z</time></trkpt><trkpt lat="42.912011" lon="-8.357672"><ele>261.137</ele><time>2025-03-06T12:30:05.770Z</time></trkpt><trkpt lat="42.911967" lon="-8.357688"><ele>261.522</ele><time>2025-03-06T12:30:31.778Z</time></trkpt><trkpt lat="42.911922" lon="-8.357690"><ele>262.181</ele><time>2025-03-06T12:30:50.768Z</time></trkpt><trkpt lat="42.911873" lon="-8.357729"><ele>263.271</ele><time>2025-03-06T12:30:55.762Z</time></trkpt><trkpt lat="42.911825" lon="-8.357749"><ele>264.381</ele><time>2025-03-06T12:31:00.778Z</time></trkpt><trkpt lat="42.911774" lon="-8.357753"><ele>265.460</ele><time>2025-03-06T12:31:05.755Z</time></trkpt><trkpt lat="42.911728" lon="-8.357770"><ele>266.643</ele><time>2025-03-06T12:31:10.753Z</time></trkpt><trkpt lat="42.911677" lon="-8.357773"><ele>267.764</ele><time>2025-03-06T12:31:14.747Z</time></trkpt><trkpt lat="42.911628" lon="-8.357790"><ele>268.110</ele><time>2025-03-06T12:31:18.771Z</time></trkpt><trkpt lat="42.911580" lon="-8.357818"><ele>268.309</ele><time>2025-03-06T12:31:23.769Z</time></trkpt><trkpt lat="42.911535" lon="-8.357837"><ele>268.546</ele><time>2025-03-06T12:31:28.767Z</time></trkpt><trkpt lat="42.911487" lon="-8.357852"><ele>268.714</ele><time>2025-03-06T12:31:33.776Z</time></trkpt><trkpt lat="42.911438" lon="-8.357871"><ele>268.997</ele><time>2025-03-06T12:31:38.782Z</time></trkpt><trkpt lat="42.911382" lon="-8.357887"><ele>269.143</ele><time>2025-03-06T12:31:43.752Z</time></trkpt><trkpt lat="42.911325" lon="-8.357898"><ele>268.888</ele><time>2025-03-06T12:31:47.795Z</time></trkpt><trkpt lat="42.911280" lon="-8.357896"><ele>268.547</ele><time>2025-03-06T12:31:51.786Z</time></trkpt><trkpt lat="42.911234" lon="-8.357893"><ele>268.167</ele><time>2025-03-06T12:31:55.797Z</time></trkpt><trkpt lat="42.911184" lon="-8.357894"><ele>267.897</ele><time>2025-03-06T12:31:59.800Z</time></trkpt><trkpt lat="42.911132" lon="-8.357899"><ele>267.586</ele><time>2025-03-06T12:32:03.798Z</time></trkpt><trkpt lat="42.911087" lon="-8.357899"><ele>267.049</ele><time>2025-03-06T12:32:07.808Z</time></trkpt><trkpt lat="42.911039" lon="-8.357911"><ele>266.502</ele><time>2025-03-06T12:32:11.913Z</time></trkpt><trkpt lat="42.910995" lon="-8.357923"><ele>266.122</ele><time>2025-03-06T12:32:14.803Z</time></trkpt><trkpt lat="42.910943" lon="-8.357943"><ele>265.609</ele><time>2025-03-06T12:32:18.809Z</time></trkpt><trkpt lat="42.910899" lon="-8.357959"><ele>265.266</ele><time>2025-03-06T12:32:22.784Z</time></trkpt><trkpt lat="42.910849" lon="-8.357985"><ele>264.774</ele><time>2025-03-06T12:32:27.815Z</time></trkpt><trkpt lat="42.910804" lon="-8.358006"><ele>264.227</ele><time>2025-03-06T12:32:31.786Z</time></trkpt><trkpt lat="42.910758" lon="-8.358025"><ele>263.763</ele><time>2025-03-06T12:32:35.756Z</time></trkpt><trkpt lat="42.910695" lon="-8.358058"><ele>263.088</ele><time>2025-03-06T12:32:40.802Z</time></trkpt><trkpt lat="42.910643" lon="-8.358082"><ele>262.717</ele><time>2025-03-06T12:32:45.782Z</time></trkpt><trkpt lat="42.910600" lon="-8.358100"><ele>262.437</ele><time>2025-03-06T12:32:49.803Z</time></trkpt><trkpt lat="42.910558" lon="-8.358122"><ele>262.287</ele><time>2025-03-06T12:32:53.813Z</time></trkpt><trkpt lat="42.910508" lon="-8.358142"><ele>262.356</ele><time>2025-03-06T12:32:58.798Z</time></trkpt><trkpt lat="42.910465" lon="-8.358165"><ele>262.569</ele><time>2025-03-06T12:33:02.790Z</time></trkpt><trkpt lat="42.910420" lon="-8.358180"><ele>262.504</ele><time>2025-03-06T12:33:06.777Z</time></trkpt><trkpt lat="42.910368" lon="-8.358209"><ele>262.724</ele><time>2025-03-06T12:33:11.806Z</time></trkpt><trkpt lat="42.910318" lon="-8.358233"><ele>262.809</ele><time>2025-03-06T12:33:15.756Z</time></trkpt><trkpt lat="42.910275" lon="-8.358262"><ele>263.048</ele><time>2025-03-06T12:33:19.761Z</time></trkpt><trkpt lat="42.910226" lon="-8.358279"><ele>262.816</ele><time>2025-03-06T12:33:23.764Z</time></trkpt><trkpt lat="42.910181" lon="-8.358283"><ele>262.619</ele><time>2025-03-06T12:33:27.786Z</time></trkpt><trkpt lat="42.910128" lon="-8.358287"><ele>262.365</ele><time>2025-03-06T12:33:32.783Z</time></trkpt><trkpt lat="42.910082" lon="-8.358272"><ele>261.780</ele><time>2025-03-06T12:33:36.787Z</time></trkpt><trkpt lat="42.910032" lon="-8.358257"><ele>261.139</ele><time>2025-03-06T12:33:40.805Z</time></trkpt><trkpt lat="42.909977" lon="-8.358277"><ele>261.299</ele><time>2025-03-06T12:33:44.766Z</time></trkpt><trkpt lat="42.909932" lon="-8.358314"><ele>261.729</ele><time>2025-03-06T12:33:48.783Z</time></trkpt><trkpt lat="42.909899" lon="-8.358364"><ele>262.378</ele><time>2025-03-06T12:33:53.810Z</time></trkpt><trkpt lat="42.909855" lon="-8.358389"><ele>262.553</ele><time>2025-03-06T12:33:57.806Z</time></trkpt><trkpt lat="42.909802" lon="-8.358397"><ele>262.504</ele><time>2025-03-06T12:34:02.798Z</time></trkpt><trkpt lat="42.909749" lon="-8.358403"><ele>262.514</ele><time>2025-03-06T12:34:07.816Z</time></trkpt><trkpt lat="42.909703" lon="-8.358399"><ele>262.609</ele><time>2025-03-06T12:34:13.035Z</time></trkpt><trkpt lat="42.909657" lon="-8.358404"><ele>263.027</ele><time>2025-03-06T12:34:16.801Z</time></trkpt><trkpt lat="42.909606" lon="-8.358413"><ele>263.535</ele><time>2025-03-06T12:34:20.798Z</time></trkpt><trkpt lat="42.909553" lon="-8.358427"><ele>264.198</ele><time>2025-03-06T12:34:24.776Z</time></trkpt><trkpt lat="42.909503" lon="-8.358441"><ele>264.734</ele><time>2025-03-06T12:34:28.794Z</time></trkpt><trkpt lat="42.909447" lon="-8.358465"><ele>265.469</ele><time>2025-03-06T12:34:33.788Z</time></trkpt><trkpt lat="42.909396" lon="-8.358484"><ele>265.978</ele><time>2025-03-06T12:34:38.801Z</time></trkpt><trkpt lat="42.909345" lon="-8.358518"><ele>266.648</ele><time>2025-03-06T12:34:42.787Z</time></trkpt><trkpt lat="42.909302" lon="-8.358545"><ele>267.278</ele><time>2025-03-06T12:34:46.785Z</time></trkpt><trkpt lat="42.909250" lon="-8.358547"><ele>267.577</ele><time>2025-03-06T12:34:50.815Z</time></trkpt><trkpt lat="42.909198" lon="-8.358569"><ele>268.256</ele><time>2025-03-06T12:34:55.974Z</time></trkpt><trkpt lat="42.909152" lon="-8.358582"><ele>268.659</ele><time>2025-03-06T12:35:06.793Z</time></trkpt><trkpt lat="42.909111" lon="-8.358545"><ele>268.114</ele><time>2025-03-06T12:35:11.770Z</time></trkpt><trkpt lat="42.909067" lon="-8.358510"><ele>267.709</ele><time>2025-03-06T12:35:16.772Z</time></trkpt><trkpt lat="42.909051" lon="-8.358440"><ele>266.847</ele><time>2025-03-06T12:36:13.801Z</time></trkpt><trkpt lat="42.909006" lon="-8.358457"><ele>267.145</ele><time>2025-03-06T12:36:42.807Z</time></trkpt><trkpt lat="42.909027" lon="-8.358512"><ele>267.858</ele><time>2025-03-06T12:36:46.791Z</time></trkpt><trkpt lat="42.909034" lon="-8.358587"><ele>268.714</ele><time>2025-03-06T12:36:52.796Z</time></trkpt><trkpt lat="42.909067" lon="-8.358640"><ele>269.289</ele><time>2025-03-06T12:36:56.803Z</time></trkpt><trkpt lat="42.909102" lon="-8.358681"><ele>269.648</ele><time>2025-03-06T12:36:59.801Z</time></trkpt><trkpt lat="42.909155" lon="-8.358705"><ele>269.798</ele><time>2025-03-06T12:37:04.799Z</time></trkpt><trkpt lat="42.909190" lon="-8.358749"><ele>269.998</ele><time>2025-03-06T12:37:09.813Z</time></trkpt><trkpt lat="42.909165" lon="-8.358803"><ele>270.457</ele><time>2025-03-06T12:37:16.796Z</time></trkpt><trkpt lat="42.909175" lon="-8.358867"><ele>270.837</ele><time>2025-03-06T12:39:21.789Z</time></trkpt><trkpt lat="42.909168" lon="-8.358805"><ele>270.449</ele><time>2025-03-06T12:39:27.778Z</time></trkpt><trkpt lat="42.909169" lon="-8.358871"><ele>270.913</ele><time>2025-03-06T12:40:11.748Z</time></trkpt><trkpt lat="42.909207" lon="-8.358927"><ele>271.309</ele><time>2025-03-06T12:43:50.771Z</time></trkpt><trkpt lat="42.909237" lon="-8.358984"><ele>271.815</ele><time>2025-03-06T12:44:12.764Z</time></trkpt><trkpt lat="42.909178" lon="-8.358996"><ele>272.163</ele><time>2025-03-06T12:44:23.792Z</time></trkpt><trkpt lat="42.909150" lon="-8.358921"><ele>271.426</ele><time>2025-03-06T12:44:39.778Z</time></trkpt><trkpt lat="42.909196" lon="-8.358914"><ele>271.272</ele><time>2025-03-06T12:44:48.780Z</time></trkpt><trkpt lat="42.909221" lon="-8.358970"><ele>271.757</ele><time>2025-03-06T12:44:51.772Z</time></trkpt><trkpt lat="42.909160" lon="-8.358980"><ele>272.026</ele><time>2025-03-06T12:45:02.785Z</time></trkpt><trkpt lat="42.909213" lon="-8.358966"><ele>271.716</ele><time>2025-03-06T12:45:11.871Z</time></trkpt><trkpt lat="42.909325" lon="-8.358853"><ele>270.186</ele><time>2025-03-06T12:45:13.775Z</time></trkpt><trkpt lat="42.909328" lon="-8.358786"><ele>269.545</ele><time>2025-03-06T12:45:14.794Z</time></trkpt><trkpt lat="42.909279" lon="-8.358745"><ele>269.416</ele><time>2025-03-06T12:45:17.766Z</time></trkpt><trkpt lat="42.909226" lon="-8.358725"><ele>269.576</ele><time>2025-03-06T12:45:19.791Z</time></trkpt><trkpt lat="42.909264" lon="-8.358631"><ele>268.513</ele><time>2025-03-06T12:45:22.786Z</time></trkpt><trkpt lat="42.909272" lon="-8.358555"><ele>267.509</ele><time>2025-03-06T12:45:24.765Z</time></trkpt><trkpt lat="42.909270" lon="-8.358461"><ele>266.323</ele><time>2025-03-06T12:45:26.907Z</time></trkpt><trkpt lat="42.909260" lon="-8.358397"><ele>265.551</ele><time>2025-03-06T12:45:28.800Z</time></trkpt><trkpt lat="42.909304" lon="-8.358451"><ele>266.064</ele><time>2025-03-06T12:46:59.779Z</time></trkpt><trkpt lat="42.909295" lon="-8.358543"><ele>267.270</ele><time>2025-03-06T12:47:03.848Z</time></trkpt><trkpt lat="42.909248" lon="-8.358551"><ele>267.635</ele><time>2025-03-06T12:47:10.796Z</time></trkpt><trkpt lat="42.909207" lon="-8.358597"><ele>268.574</ele><time>2025-03-06T12:47:13.777Z</time></trkpt><trkpt lat="42.909180" lon="-8.358660"><ele>269.374</ele><time>2025-03-06T12:47:17.804Z</time></trkpt><trkpt lat="42.909208" lon="-8.358804"><ele>270.274</ele><time>2025-03-06T12:47:23.757Z</time></trkpt><trkpt lat="42.909234" lon="-8.358869"><ele>270.643</ele><time>2025-03-06T12:47:27.779Z</time></trkpt><trkpt lat="42.909187" lon="-8.358843"><ele>270.674</ele><time>2025-03-06T12:47:35.791Z</time></trkpt><trkpt lat="42.909214" lon="-8.358897"><ele>270.956</ele><time>2025-03-06T12:47:50.780Z</time></trkpt><trkpt lat="42.909162" lon="-8.358857"><ele>270.821</ele><time>2025-03-06T12:47:56.792Z</time></trkpt><trkpt lat="42.909118" lon="-8.358821"><ele>270.609</ele><time>2025-03-06T12:47:58.750Z</time></trkpt><trkpt lat="42.909084" lon="-8.358746"><ele>270.169</ele><time>2025-03-06T12:48:00.932Z</time></trkpt><trkpt lat="42.909092" lon="-8.358685"><ele>269.627</ele><time>2025-03-06T12:48:03.794Z</time></trkpt><trkpt lat="42.909032" lon="-8.358556"><ele>268.320</ele><time>2025-03-06T12:48:06.783Z</time></trkpt><trkpt lat="42.909025" lon="-8.358483"><ele>267.496</ele><time>2025-03-06T12:48:08.777Z</time></trkpt><trkpt lat="42.909075" lon="-8.358492"><ele>267.421</ele><time>2025-03-06T12:48:12.794Z</time></trkpt><trkpt lat="42.909122" lon="-8.358576"><ele>268.530</ele><time>2025-03-06T12:48:14.780Z</time></trkpt><trkpt lat="42.909193" lon="-8.358601"><ele>268.730</ele><time>2025-03-06T12:48:16.885Z</time></trkpt><trkpt lat="42.909245" lon="-8.358666"><ele>268.930</ele><time>2025-03-06T12:48:18.765Z</time></trkpt><trkpt lat="42.909263" lon="-8.358727"><ele>269.329</ele><time>2025-03-06T12:48:20.771Z</time></trkpt><trkpt lat="42.909241" lon="-8.358817"><ele>270.119</ele><time>2025-03-06T12:48:23.766Z</time></trkpt><trkpt lat="42.909216" lon="-8.358873"><ele>270.709</ele><time>2025-03-06T12:48:25.764Z</time></trkpt><trkpt lat="42.909182" lon="-8.358828"><ele>270.519</ele><time>2025-03-06T12:51:31.785Z</time></trkpt><trkpt lat="42.909173" lon="-8.358755"><ele>270.009</ele><time>2025-03-06T12:52:36.779Z</time></trkpt></trkseg></trk></gpx>