<?xml version="1.0" encoding="UTF-8"?><gpx creator="Wikiloc - https://www.wikiloc.com" version="1.1" xmlns="http://www.topografix.com/GPX/1/1" xmlns:xsi="http://www.w3.org/2001/XMLSchema-instance" xsi:schemaLocation="http://www.topografix.com/GPX/1/1 http://www.topografix.com/GPX/1/1/gpx.xsd"><metadata><name>Wikiloc - Camino de Santiago Francés. Etapa 30. Portomarín-Palas del Rey</name><author><name>Francisco Javier Garcés Aso</name><link href="https://www.wikiloc.com/wikiloc/user.do?id=4156978"><text>Francisco Javier Garcés Aso on Wikiloc</text></link></author><link href="https://www.wikiloc.com/hiking-trails/camino-de-santiago-frances-etapa-30-portomarin-palas-del-rey-180974989"><text>Camino de Santiago Francés. Etapa 30. Portomarín-Palas del Rey on Wikiloc</text></link><time>2024-08-14T11:16:02.286Z</time></metadata><trk><name>Camino de Santiago Francés. Etapa 30. Portomarín-Palas del R...</name><cmt></cmt><desc></desc><trkseg><trkpt lat="42.806673" lon="-7.616672"><ele>380.482</ele><time>2024-08-14T05:39:10.241Z</time></trkpt><trkpt lat="42.806626" lon="-7.616735"><ele>380.443</ele><time>2024-08-14T05:39:16.241Z</time></trkpt><trkpt lat="42.806531" lon="-7.616877"><ele>380.417</ele><time>2024-08-14T05:39:18.241Z</time></trkpt><trkpt lat="42.806519" lon="-7.616937"><ele>380.409</ele><time>2024-08-14T05:39:40.266Z</time></trkpt><trkpt lat="42.806489" lon="-7.617004"><ele>380.239</ele><time>2024-08-14T05:39:44.266Z</time></trkpt><trkpt lat="42.806432" lon="-7.617056"><ele>380.086</ele><time>2024-08-14T05:39:48.266Z</time></trkpt><trkpt lat="42.806420" lon="-7.617131"><ele>378.728</ele><time>2024-08-14T05:39:53.266Z</time></trkpt><trkpt lat="42.806392" lon="-7.617181"><ele>379.187</ele><time>2024-08-14T05:39:56.266Z</time></trkpt><trkpt lat="42.806369" lon="-7.617239"><ele>379.895</ele><time>2024-08-14T05:40:00.266Z</time></trkpt><trkpt lat="42.806366" lon="-7.617341"><ele>380.092</ele><time>2024-08-14T05:40:06.266Z</time></trkpt><trkpt lat="42.806389" lon="-7.617404"><ele>380.917</ele><time>2024-08-14T05:40:09.266Z</time></trkpt><trkpt lat="42.806377" lon="-7.617471"><ele>381.216</ele><time>2024-08-14T05:40:12.266Z</time></trkpt><trkpt lat="42.806335" lon="-7.617513"><ele>381.437</ele><time>2024-08-14T05:40:15.266Z</time></trkpt><trkpt lat="42.806278" lon="-7.617741"><ele>382.942</ele><time>2024-08-14T05:40:36.266Z</time></trkpt><trkpt lat="42.806246" lon="-7.617793"><ele>382.422</ele><time>2024-08-14T05:40:40.266Z</time></trkpt><trkpt lat="42.806213" lon="-7.617853"><ele>380.914</ele><time>2024-08-14T05:40:45.266Z</time></trkpt><trkpt lat="42.806201" lon="-7.617928"><ele>379.809</ele><time>2024-08-14T05:40:49.266Z</time></trkpt><trkpt lat="42.806214" lon="-7.618003"><ele>379.835</ele><time>2024-08-14T05:40:53.266Z</time></trkpt><trkpt lat="42.806224" lon="-7.618081"><ele>379.722</ele><time>2024-08-14T05:40:57.266Z</time></trkpt><trkpt lat="42.806241" lon="-7.618156"><ele>381.744</ele><time>2024-08-14T05:41:01.266Z</time></trkpt><trkpt lat="42.806249" lon="-7.618229"><ele>382.613</ele><time>2024-08-14T05:41:06.266Z</time></trkpt><trkpt lat="42.806251" lon="-7.618297"><ele>382.811</ele><time>2024-08-14T05:41:09.266Z</time></trkpt><trkpt lat="42.806266" lon="-7.618367"><ele>383.588</ele><time>2024-08-14T05:41:13.266Z</time></trkpt><trkpt lat="42.806304" lon="-7.618422"><ele>383.413</ele><time>2024-08-14T05:41:17.266Z</time></trkpt><trkpt lat="42.806342" lon="-7.618465"><ele>383.572</ele><time>2024-08-14T05:41:20.266Z</time></trkpt><trkpt lat="42.806365" lon="-7.618522"><ele>382.353</ele><time>2024-08-14T05:41:24.266Z</time></trkpt><trkpt lat="42.806385" lon="-7.618579"><ele>380.646</ele><time>2024-08-14T05:41:28.266Z</time></trkpt><trkpt lat="42.806407" lon="-7.618634"><ele>378.788</ele><time>2024-08-14T05:41:32.266Z</time></trkpt><trkpt lat="42.806447" lon="-7.618669"><ele>376.516</ele><time>2024-08-14T05:41:35.266Z</time></trkpt><trkpt lat="42.806482" lon="-7.618727"><ele>374.209</ele><time>2024-08-14T05:41:42.266Z</time></trkpt><trkpt lat="42.806500" lon="-7.618785"><ele>373.985</ele><time>2024-08-14T05:41:45.266Z</time></trkpt><trkpt lat="42.806505" lon="-7.618847"><ele>373.612</ele><time>2024-08-14T05:41:48.266Z</time></trkpt><trkpt lat="42.806478" lon="-7.618902"><ele>373.594</ele><time>2024-08-14T05:41:52.266Z</time></trkpt><trkpt lat="42.806450" lon="-7.618985"><ele>373.483</ele><time>2024-08-14T05:41:55.266Z</time></trkpt><trkpt lat="42.806462" lon="-7.619058"><ele>373.211</ele><time>2024-08-14T05:42:02.266Z</time></trkpt><trkpt lat="42.806487" lon="-7.619261"><ele>373.398</ele><time>2024-08-14T05:42:15.266Z</time></trkpt><trkpt lat="42.806520" lon="-7.619319"><ele>373.183</ele><time>2024-08-14T05:42:20.266Z</time></trkpt><trkpt lat="42.806535" lon="-7.619389"><ele>371.832</ele><time>2024-08-14T05:42:24.266Z</time></trkpt><trkpt lat="42.806523" lon="-7.619454"><ele>370.993</ele><time>2024-08-14T05:42:27.266Z</time></trkpt><trkpt lat="42.806531" lon="-7.619531"><ele>368.563</ele><time>2024-08-14T05:42:31.266Z</time></trkpt><trkpt lat="42.806551" lon="-7.619593"><ele>366.844</ele><time>2024-08-14T05:42:35.266Z</time></trkpt><trkpt lat="42.806589" lon="-7.619630"><ele>365.918</ele><time>2024-08-14T05:42:37.266Z</time></trkpt><trkpt lat="42.806567" lon="-7.619685"><ele>365.609</ele><time>2024-08-14T05:42:41.266Z</time></trkpt><trkpt lat="42.806564" lon="-7.619747"><ele>365.297</ele><time>2024-08-14T05:42:46.266Z</time></trkpt><trkpt lat="42.806561" lon="-7.619825"><ele>362.364</ele><time>2024-08-14T05:42:50.266Z</time></trkpt><trkpt lat="42.806556" lon="-7.619888"><ele>361.956</ele><time>2024-08-14T05:42:53.266Z</time></trkpt><trkpt lat="42.806564" lon="-7.619968"><ele>360.915</ele><time>2024-08-14T05:42:58.266Z</time></trkpt><trkpt lat="42.806569" lon="-7.620038"><ele>360.273</ele><time>2024-08-14T05:43:02.266Z</time></trkpt><trkpt lat="42.806576" lon="-7.620103"><ele>358.980</ele><time>2024-08-14T05:43:06.266Z</time></trkpt><trkpt lat="42.806569" lon="-7.620165"><ele>357.555</ele><time>2024-08-14T05:43:10.266Z</time></trkpt><trkpt lat="42.806549" lon="-7.620233"><ele>357.324</ele><time>2024-08-14T05:43:14.266Z</time></trkpt><trkpt lat="42.806557" lon="-7.620300"><ele>356.825</ele><time>2024-08-14T05:43:20.266Z</time></trkpt><trkpt lat="42.806532" lon="-7.620367"><ele>355.843</ele><time>2024-08-14T05:43:23.266Z</time></trkpt><trkpt lat="42.806510" lon="-7.620424"><ele>354.564</ele><time>2024-08-14T05:43:25.266Z</time></trkpt><trkpt lat="42.806483" lon="-7.620491"><ele>353.710</ele><time>2024-08-14T05:43:27.266Z</time></trkpt><trkpt lat="42.806456" lon="-7.620551"><ele>353.509</ele><time>2024-08-14T05:43:31.266Z</time></trkpt><trkpt lat="42.806418" lon="-7.620604"><ele>354.415</ele><time>2024-08-14T05:43:34.266Z</time></trkpt><trkpt lat="42.806423" lon="-7.620674"><ele>358.482</ele><time>2024-08-14T05:43:38.266Z</time></trkpt><trkpt lat="42.806413" lon="-7.620747"><ele>362.344</ele><time>2024-08-14T05:43:42.266Z</time></trkpt><trkpt lat="42.806443" lon="-7.620804"><ele>365.773</ele><time>2024-08-14T05:43:49.266Z</time></trkpt><trkpt lat="42.806410" lon="-7.620867"><ele>368.311</ele><time>2024-08-14T05:43:54.266Z</time></trkpt><trkpt lat="42.806353" lon="-7.620867"><ele>370.778</ele><time>2024-08-14T05:43:57.266Z</time></trkpt><trkpt lat="42.806311" lon="-7.620834"><ele>372.473</ele><time>2024-08-14T05:44:00.266Z</time></trkpt><trkpt lat="42.806271" lon="-7.620784"><ele>373.962</ele><time>2024-08-14T05:44:05.266Z</time></trkpt><trkpt lat="42.806283" lon="-7.620719"><ele>374.063</ele><time>2024-08-14T05:44:10.266Z</time></trkpt><trkpt lat="42.806301" lon="-7.620644"><ele>374.167</ele><time>2024-08-14T05:44:15.266Z</time></trkpt><trkpt lat="42.806289" lon="-7.620456"><ele>374.781</ele><time>2024-08-14T05:44:33.266Z</time></trkpt><trkpt lat="42.806296" lon="-7.620394"><ele>375.919</ele><time>2024-08-14T05:44:37.266Z</time></trkpt><trkpt lat="42.806299" lon="-7.620317"><ele>376.309</ele><time>2024-08-14T05:44:42.266Z</time></trkpt><trkpt lat="42.806321" lon="-7.620250"><ele>377.147</ele><time>2024-08-14T05:44:46.266Z</time></trkpt><trkpt lat="42.806336" lon="-7.620185"><ele>377.624</ele><time>2024-08-14T05:44:49.266Z</time></trkpt><trkpt lat="42.806311" lon="-7.620128"><ele>378.096</ele><time>2024-08-14T05:44:52.266Z</time></trkpt><trkpt lat="42.806296" lon="-7.620056"><ele>378.355</ele><time>2024-08-14T05:44:56.266Z</time></trkpt><trkpt lat="42.806289" lon="-7.619989"><ele>378.233</ele><time>2024-08-14T05:45:00.266Z</time></trkpt><trkpt lat="42.806282" lon="-7.619914"><ele>377.950</ele><time>2024-08-14T05:45:03.266Z</time></trkpt><trkpt lat="42.806300" lon="-7.619854"><ele>377.625</ele><time>2024-08-14T05:45:07.266Z</time></trkpt><trkpt lat="42.806310" lon="-7.619784"><ele>376.934</ele><time>2024-08-14T05:45:11.266Z</time></trkpt><trkpt lat="42.806288" lon="-7.619724"><ele>373.065</ele><time>2024-08-14T05:45:14.266Z</time></trkpt><trkpt lat="42.806278" lon="-7.619654"><ele>372.692</ele><time>2024-08-14T05:45:19.266Z</time></trkpt><trkpt lat="42.806250" lon="-7.619606"><ele>372.473</ele><time>2024-08-14T05:45:22.266Z</time></trkpt><trkpt lat="42.806202" lon="-7.619568"><ele>371.620</ele><time>2024-08-14T05:45:26.266Z</time></trkpt><trkpt lat="42.806172" lon="-7.619508"><ele>371.409</ele><time>2024-08-14T05:45:30.266Z</time></trkpt><trkpt lat="42.806140" lon="-7.619443"><ele>371.320</ele><time>2024-08-14T05:45:34.266Z</time></trkpt><trkpt lat="42.806107" lon="-7.619376"><ele>371.357</ele><time>2024-08-14T05:45:38.266Z</time></trkpt><trkpt lat="42.806089" lon="-7.619318"><ele>371.029</ele><time>2024-08-14T05:45:41.266Z</time></trkpt><trkpt lat="42.806082" lon="-7.619248"><ele>370.818</ele><time>2024-08-14T05:45:44.266Z</time></trkpt><trkpt lat="42.806052" lon="-7.619188"><ele>370.836</ele><time>2024-08-14T05:45:47.266Z</time></trkpt><trkpt lat="42.806010" lon="-7.619151"><ele>369.373</ele><time>2024-08-14T05:45:50.266Z</time></trkpt><trkpt lat="42.805968" lon="-7.619101"><ele>368.018</ele><time>2024-08-14T05:45:54.266Z</time></trkpt><trkpt lat="42.805931" lon="-7.619063"><ele>367.637</ele><time>2024-08-14T05:45:57.266Z</time></trkpt><trkpt lat="42.805893" lon="-7.619025"><ele>365.558</ele><time>2024-08-14T05:46:00.266Z</time></trkpt><trkpt lat="42.805851" lon="-7.618995"><ele>363.074</ele><time>2024-08-14T05:46:04.266Z</time></trkpt><trkpt lat="42.805806" lon="-7.618977"><ele>362.156</ele><time>2024-08-14T05:46:11.266Z</time></trkpt><trkpt lat="42.805749" lon="-7.618994"><ele>361.921</ele><time>2024-08-14T05:46:15.266Z</time></trkpt><trkpt lat="42.805722" lon="-7.619054"><ele>360.709</ele><time>2024-08-14T05:46:19.266Z</time></trkpt><trkpt lat="42.805704" lon="-7.619127"><ele>358.488</ele><time>2024-08-14T05:46:23.266Z</time></trkpt><trkpt lat="42.805692" lon="-7.619200"><ele>356.645</ele><time>2024-08-14T05:46:27.266Z</time></trkpt><trkpt lat="42.805667" lon="-7.619253"><ele>353.267</ele><time>2024-08-14T05:46:32.266Z</time></trkpt><trkpt lat="42.805627" lon="-7.619303"><ele>352.496</ele><time>2024-08-14T05:46:36.266Z</time></trkpt><trkpt lat="42.805600" lon="-7.619356"><ele>352.154</ele><time>2024-08-14T05:46:40.266Z</time></trkpt><trkpt lat="42.805583" lon="-7.619431"><ele>351.231</ele><time>2024-08-14T05:46:47.266Z</time></trkpt><trkpt lat="42.805473" lon="-7.619619"><ele>347.316</ele><time>2024-08-14T05:46:57.266Z</time></trkpt><trkpt lat="42.805431" lon="-7.619681"><ele>346.925</ele><time>2024-08-14T05:47:00.266Z</time></trkpt><trkpt lat="42.805393" lon="-7.619728"><ele>346.956</ele><time>2024-08-14T05:47:03.266Z</time></trkpt><trkpt lat="42.805360" lon="-7.619775"><ele>346.814</ele><time>2024-08-14T05:47:06.266Z</time></trkpt><trkpt lat="42.805320" lon="-7.619807"><ele>346.454</ele><time>2024-08-14T05:47:09.266Z</time></trkpt><trkpt lat="42.805292" lon="-7.619870"><ele>346.509</ele><time>2024-08-14T05:47:12.266Z</time></trkpt><trkpt lat="42.805290" lon="-7.619947"><ele>346.309</ele><time>2024-08-14T05:47:15.266Z</time></trkpt><trkpt lat="42.805323" lon="-7.620025"><ele>346.222</ele><time>2024-08-14T05:47:19.266Z</time></trkpt><trkpt lat="42.805345" lon="-7.620098"><ele>345.159</ele><time>2024-08-14T05:47:24.266Z</time></trkpt><trkpt lat="42.805330" lon="-7.620185"><ele>345.521</ele><time>2024-08-14T05:47:29.266Z</time></trkpt><trkpt lat="42.805352" lon="-7.620242"><ele>345.540</ele><time>2024-08-14T05:47:32.266Z</time></trkpt><trkpt lat="42.805404" lon="-7.620274"><ele>346.998</ele><time>2024-08-14T05:47:34.266Z</time></trkpt><trkpt lat="42.805436" lon="-7.620321"><ele>351.135</ele><time>2024-08-14T05:47:37.266Z</time></trkpt><trkpt lat="42.805469" lon="-7.620366"><ele>353.750</ele><time>2024-08-14T05:47:40.266Z</time></trkpt><trkpt lat="42.805494" lon="-7.620418"><ele>356.879</ele><time>2024-08-14T05:47:43.266Z</time></trkpt><trkpt lat="42.805537" lon="-7.620461"><ele>360.950</ele><time>2024-08-14T05:47:47.266Z</time></trkpt><trkpt lat="42.805522" lon="-7.620521"><ele>362.344</ele><time>2024-08-14T05:47:50.266Z</time></trkpt><trkpt lat="42.805512" lon="-7.620581"><ele>364.605</ele><time>2024-08-14T05:47:53.266Z</time></trkpt><trkpt lat="42.805490" lon="-7.620649"><ele>367.115</ele><time>2024-08-14T05:47:57.266Z</time></trkpt><trkpt lat="42.805473" lon="-7.620724"><ele>369.809</ele><time>2024-08-14T05:48:04.266Z</time></trkpt><trkpt lat="42.805441" lon="-7.620781"><ele>370.055</ele><time>2024-08-14T05:48:07.266Z</time></trkpt><trkpt lat="42.805413" lon="-7.620834"><ele>370.312</ele><time>2024-08-14T05:48:11.266Z</time></trkpt><trkpt lat="42.805358" lon="-7.620866"><ele>371.734</ele><time>2024-08-14T05:48:14.266Z</time></trkpt><trkpt lat="42.805305" lon="-7.620898"><ele>373.613</ele><time>2024-08-14T05:48:17.266Z</time></trkpt><trkpt lat="42.805247" lon="-7.620941"><ele>376.761</ele><time>2024-08-14T05:48:22.266Z</time></trkpt><trkpt lat="42.805219" lon="-7.620989"><ele>378.568</ele><time>2024-08-14T05:48:27.266Z</time></trkpt><trkpt lat="42.805274" lon="-7.621059"><ele>379.393</ele><time>2024-08-14T05:48:31.266Z</time></trkpt><trkpt lat="42.805261" lon="-7.621131"><ele>382.822</ele><time>2024-08-14T05:48:37.266Z</time></trkpt><trkpt lat="42.805236" lon="-7.621818"><ele>381.333</ele><time>2024-08-14T05:49:18.266Z</time></trkpt><trkpt lat="42.805188" lon="-7.621958"><ele>381.132</ele><time>2024-08-14T05:49:26.266Z</time></trkpt><trkpt lat="42.805126" lon="-7.621980"><ele>380.592</ele><time>2024-08-14T05:49:30.266Z</time></trkpt><trkpt lat="42.805196" lon="-7.622162"><ele>374.111</ele><time>2024-08-14T05:49:43.266Z</time></trkpt><trkpt lat="42.805138" lon="-7.622247"><ele>371.209</ele><time>2024-08-14T05:49:51.266Z</time></trkpt><trkpt lat="42.804905" lon="-7.623014"><ele>364.684</ele><time>2024-08-14T05:50:59.266Z</time></trkpt><trkpt lat="42.804875" lon="-7.623092"><ele>361.761</ele><time>2024-08-14T05:51:03.266Z</time></trkpt><trkpt lat="42.804838" lon="-7.623134"><ele>360.583</ele><time>2024-08-14T05:51:05.266Z</time></trkpt><trkpt lat="42.804745" lon="-7.623496"><ele>359.842</ele><time>2024-08-14T05:51:29.266Z</time></trkpt><trkpt lat="42.804700" lon="-7.623526"><ele>359.030</ele><time>2024-08-14T05:51:35.266Z</time></trkpt><trkpt lat="42.804727" lon="-7.624143"><ele>356.297</ele><time>2024-08-14T05:52:19.266Z</time></trkpt><trkpt lat="42.804765" lon="-7.624208"><ele>360.952</ele><time>2024-08-14T05:52:27.266Z</time></trkpt><trkpt lat="42.804772" lon="-7.624273"><ele>362.431</ele><time>2024-08-14T05:52:31.266Z</time></trkpt><trkpt lat="42.804754" lon="-7.624335"><ele>362.572</ele><time>2024-08-14T05:52:36.266Z</time></trkpt><trkpt lat="42.804786" lon="-7.624590"><ele>362.464</ele><time>2024-08-14T05:52:49.266Z</time></trkpt><trkpt lat="42.804811" lon="-7.624663"><ele>362.506</ele><time>2024-08-14T05:52:52.266Z</time></trkpt><trkpt lat="42.804838" lon="-7.624725"><ele>362.616</ele><time>2024-08-14T05:52:55.266Z</time></trkpt><trkpt lat="42.804846" lon="-7.624793"><ele>364.709</ele><time>2024-08-14T05:52:58.266Z</time></trkpt><trkpt lat="42.804866" lon="-7.624863"><ele>366.167</ele><time>2024-08-14T05:53:02.266Z</time></trkpt><trkpt lat="42.804809" lon="-7.624905"><ele>366.664</ele><time>2024-08-14T05:53:05.266Z</time></trkpt><trkpt lat="42.804784" lon="-7.624967"><ele>367.546</ele><time>2024-08-14T05:53:10.266Z</time></trkpt><trkpt lat="42.804747" lon="-7.625122"><ele>367.565</ele><time>2024-08-14T05:53:23.266Z</time></trkpt><trkpt lat="42.804750" lon="-7.625185"><ele>366.493</ele><time>2024-08-14T05:53:28.266Z</time></trkpt><trkpt lat="42.804753" lon="-7.625265"><ele>364.690</ele><time>2024-08-14T05:53:34.266Z</time></trkpt><trkpt lat="42.804820" lon="-7.625250"><ele>364.025</ele><time>2024-08-14T05:53:39.266Z</time></trkpt><trkpt lat="42.804885" lon="-7.625327"><ele>363.674</ele><time>2024-08-14T05:53:46.266Z</time></trkpt><trkpt lat="42.804930" lon="-7.625355"><ele>363.185</ele><time>2024-08-14T05:53:49.266Z</time></trkpt><trkpt lat="42.804903" lon="-7.625617"><ele>360.512</ele><time>2024-08-14T05:54:00.266Z</time></trkpt><trkpt lat="42.804891" lon="-7.625685"><ele>360.532</ele><time>2024-08-14T05:54:05.266Z</time></trkpt><trkpt lat="42.804904" lon="-7.625750"><ele>363.105</ele><time>2024-08-14T05:54:10.266Z</time></trkpt><trkpt lat="42.804964" lon="-7.625792"><ele>366.409</ele><time>2024-08-14T05:54:16.266Z</time></trkpt><trkpt lat="42.805036" lon="-7.626014"><ele>370.882</ele><time>2024-08-14T05:54:26.266Z</time></trkpt><trkpt lat="42.805056" lon="-7.626106"><ele>371.539</ele><time>2024-08-14T05:54:30.266Z</time></trkpt><trkpt lat="42.805008" lon="-7.626131"><ele>372.661</ele><time>2024-08-14T05:54:34.266Z</time></trkpt><trkpt lat="42.805230" lon="-7.626746"><ele>377.970</ele><time>2024-08-14T05:55:20.266Z</time></trkpt><trkpt lat="42.805347" lon="-7.627401"><ele>381.428</ele><time>2024-08-14T05:56:03.266Z</time></trkpt><trkpt lat="42.805369" lon="-7.627911"><ele>377.065</ele><time>2024-08-14T05:56:34.266Z</time></trkpt><trkpt lat="42.805566" lon="-7.628244"><ele>375.090</ele><time>2024-08-14T05:56:59.266Z</time></trkpt><trkpt lat="42.805561" lon="-7.629272"><ele>397.589</ele><time>2024-08-14T05:58:12.266Z</time></trkpt><trkpt lat="42.805841" lon="-7.629520"><ele>399.630</ele><time>2024-08-14T05:58:22.266Z</time></trkpt><trkpt lat="42.805869" lon="-7.629578"><ele>399.955</ele><time>2024-08-14T05:58:25.266Z</time></trkpt><trkpt lat="42.805887" lon="-7.629635"><ele>400.607</ele><time>2024-08-14T05:58:29.266Z</time></trkpt><trkpt lat="42.805940" lon="-7.630580"><ele>397.717</ele><time>2024-08-14T05:59:35.266Z</time></trkpt><trkpt lat="42.806372" lon="-7.631493"><ele>398.909</ele><time>2024-08-14T06:00:39.266Z</time></trkpt><trkpt lat="42.806685" lon="-7.631891"><ele>401.066</ele><time>2024-08-14T06:01:14.266Z</time></trkpt><trkpt lat="42.806730" lon="-7.631903"><ele>401.443</ele><time>2024-08-14T06:01:17.266Z</time></trkpt><trkpt lat="42.806787" lon="-7.631918"><ele>402.435</ele><time>2024-08-14T06:01:20.266Z</time></trkpt><trkpt lat="42.806835" lon="-7.631956"><ele>402.694</ele><time>2024-08-14T06:01:23.266Z</time></trkpt><trkpt lat="42.806887" lon="-7.631954"><ele>402.942</ele><time>2024-08-14T06:01:27.266Z</time></trkpt><trkpt lat="42.806990" lon="-7.632076"><ele>403.729</ele><time>2024-08-14T06:01:41.266Z</time></trkpt><trkpt lat="42.807007" lon="-7.632148"><ele>404.094</ele><time>2024-08-14T06:01:49.266Z</time></trkpt><trkpt lat="42.807072" lon="-7.632296"><ele>406.473</ele><time>2024-08-14T06:02:02.266Z</time></trkpt><trkpt lat="42.807345" lon="-7.632804"><ele>422.854</ele><time>2024-08-14T06:02:51.266Z</time></trkpt><trkpt lat="42.807380" lon="-7.632857"><ele>423.719</ele><time>2024-08-14T06:02:55.266Z</time></trkpt><trkpt lat="42.807583" lon="-7.633207"><ele>430.809</ele><time>2024-08-14T06:03:21.266Z</time></trkpt><trkpt lat="42.807586" lon="-7.633274"><ele>430.919</ele><time>2024-08-14T06:03:25.266Z</time></trkpt><trkpt lat="42.807593" lon="-7.633372"><ele>431.009</ele><time>2024-08-14T06:03:29.266Z</time></trkpt><trkpt lat="42.807580" lon="-7.633452"><ele>431.112</ele><time>2024-08-14T06:03:33.266Z</time></trkpt><trkpt lat="42.807587" lon="-7.633520"><ele>431.299</ele><time>2024-08-14T06:03:38.266Z</time></trkpt><trkpt lat="42.807580" lon="-7.633590"><ele>432.271</ele><time>2024-08-14T06:03:42.266Z</time></trkpt><trkpt lat="42.807622" lon="-7.633628"><ele>437.640</ele><time>2024-08-14T06:04:09.266Z</time></trkpt><trkpt lat="42.807630" lon="-7.633725"><ele>439.448</ele><time>2024-08-14T06:04:17.266Z</time></trkpt><trkpt lat="42.807628" lon="-7.633903"><ele>440.445</ele><time>2024-08-14T06:04:26.266Z</time></trkpt><trkpt lat="42.807613" lon="-7.633971"><ele>440.850</ele><time>2024-08-14T06:04:29.266Z</time></trkpt><trkpt lat="42.807585" lon="-7.634021"><ele>440.859</ele><time>2024-08-14T06:04:33.266Z</time></trkpt><trkpt lat="42.807570" lon="-7.634089"><ele>440.890</ele><time>2024-08-14T06:04:36.266Z</time></trkpt><trkpt lat="42.807565" lon="-7.634176"><ele>440.933</ele><time>2024-08-14T06:04:44.266Z</time></trkpt><trkpt lat="42.807565" lon="-7.634241"><ele>441.223</ele><time>2024-08-14T06:04:47.266Z</time></trkpt><trkpt lat="42.807555" lon="-7.634304"><ele>442.915</ele><time>2024-08-14T06:04:52.266Z</time></trkpt><trkpt lat="42.807512" lon="-7.634366"><ele>442.709</ele><time>2024-08-14T06:04:59.266Z</time></trkpt><trkpt lat="42.807459" lon="-7.634384"><ele>442.614</ele><time>2024-08-14T06:05:03.266Z</time></trkpt><trkpt lat="42.807407" lon="-7.634401"><ele>442.531</ele><time>2024-08-14T06:05:06.266Z</time></trkpt><trkpt lat="42.807377" lon="-7.634454"><ele>442.413</ele><time>2024-08-14T06:05:09.266Z</time></trkpt><trkpt lat="42.807345" lon="-7.634504"><ele>442.472</ele><time>2024-08-14T06:05:13.266Z</time></trkpt><trkpt lat="42.807297" lon="-7.634564"><ele>443.890</ele><time>2024-08-14T06:05:18.266Z</time></trkpt><trkpt lat="42.807282" lon="-7.634637"><ele>444.647</ele><time>2024-08-14T06:05:21.266Z</time></trkpt><trkpt lat="42.807274" lon="-7.634699"><ele>444.952</ele><time>2024-08-14T06:05:25.266Z</time></trkpt><trkpt lat="42.807302" lon="-7.634752"><ele>445.261</ele><time>2024-08-14T06:05:30.266Z</time></trkpt><trkpt lat="42.807325" lon="-7.634820"><ele>445.852</ele><time>2024-08-14T06:05:34.266Z</time></trkpt><trkpt lat="42.807293" lon="-7.634875"><ele>445.932</ele><time>2024-08-14T06:05:37.266Z</time></trkpt><trkpt lat="42.807233" lon="-7.634963"><ele>446.892</ele><time>2024-08-14T06:05:41.266Z</time></trkpt><trkpt lat="42.807216" lon="-7.635025"><ele>447.011</ele><time>2024-08-14T06:05:45.266Z</time></trkpt><trkpt lat="42.807214" lon="-7.635090"><ele>447.209</ele><time>2024-08-14T06:05:51.266Z</time></trkpt><trkpt lat="42.807171" lon="-7.635128"><ele>447.454</ele><time>2024-08-14T06:05:55.266Z</time></trkpt><trkpt lat="42.807139" lon="-7.635193"><ele>448.091</ele><time>2024-08-14T06:05:59.266Z</time></trkpt><trkpt lat="42.807109" lon="-7.635260"><ele>449.583</ele><time>2024-08-14T06:06:02.266Z</time></trkpt><trkpt lat="42.807077" lon="-7.635315"><ele>451.112</ele><time>2024-08-14T06:06:04.266Z</time></trkpt><trkpt lat="42.807074" lon="-7.635400"><ele>451.750</ele><time>2024-08-14T06:06:07.266Z</time></trkpt><trkpt lat="42.807037" lon="-7.635455"><ele>451.727</ele><time>2024-08-14T06:06:11.266Z</time></trkpt><trkpt lat="42.807012" lon="-7.635512"><ele>451.232</ele><time>2024-08-14T06:06:16.266Z</time></trkpt><trkpt lat="42.807044" lon="-7.635560"><ele>450.011</ele><time>2024-08-14T06:06:20.266Z</time></trkpt><trkpt lat="42.807024" lon="-7.635708"><ele>449.132</ele><time>2024-08-14T06:06:31.266Z</time></trkpt><trkpt lat="42.806979" lon="-7.635746"><ele>448.872</ele><time>2024-08-14T06:06:34.266Z</time></trkpt><trkpt lat="42.806951" lon="-7.635808"><ele>448.613</ele><time>2024-08-14T06:06:37.266Z</time></trkpt><trkpt lat="42.806939" lon="-7.635875"><ele>448.514</ele><time>2024-08-14T06:06:40.266Z</time></trkpt><trkpt lat="42.806936" lon="-7.635957"><ele>448.409</ele><time>2024-08-14T06:06:44.266Z</time></trkpt><trkpt lat="42.806928" lon="-7.636040"><ele>447.288</ele><time>2024-08-14T06:06:49.266Z</time></trkpt><trkpt lat="42.806893" lon="-7.636100"><ele>446.325</ele><time>2024-08-14T06:06:53.266Z</time></trkpt><trkpt lat="42.806848" lon="-7.636163"><ele>445.547</ele><time>2024-08-14T06:06:56.266Z</time></trkpt><trkpt lat="42.806805" lon="-7.636231"><ele>444.376</ele><time>2024-08-14T06:07:05.266Z</time></trkpt><trkpt lat="42.806852" lon="-7.636233"><ele>443.814</ele><time>2024-08-14T06:07:09.266Z</time></trkpt><trkpt lat="42.806732" lon="-7.636573"><ele>442.361</ele><time>2024-08-14T06:07:24.266Z</time></trkpt><trkpt lat="42.806714" lon="-7.636650"><ele>443.036</ele><time>2024-08-14T06:07:27.266Z</time></trkpt><trkpt lat="42.806689" lon="-7.636703"><ele>443.065</ele><time>2024-08-14T06:07:30.266Z</time></trkpt><trkpt lat="42.806662" lon="-7.636755"><ele>442.536</ele><time>2024-08-14T06:07:32.266Z</time></trkpt><trkpt lat="42.806692" lon="-7.636820"><ele>440.349</ele><time>2024-08-14T06:07:36.266Z</time></trkpt><trkpt lat="42.806665" lon="-7.636875"><ele>439.402</ele><time>2024-08-14T06:07:40.266Z</time></trkpt><trkpt lat="42.806647" lon="-7.636958"><ele>439.222</ele><time>2024-08-14T06:07:45.266Z</time></trkpt><trkpt lat="42.806664" lon="-7.637025"><ele>436.909</ele><time>2024-08-14T06:07:49.266Z</time></trkpt><trkpt lat="42.806687" lon="-7.637085"><ele>436.725</ele><time>2024-08-14T06:07:56.266Z</time></trkpt><trkpt lat="42.806740" lon="-7.637100"><ele>436.642</ele><time>2024-08-14T06:07:59.266Z</time></trkpt><trkpt lat="42.806723" lon="-7.637177"><ele>436.344</ele><time>2024-08-14T06:08:02.266Z</time></trkpt><trkpt lat="42.806700" lon="-7.637234"><ele>436.123</ele><time>2024-08-14T06:08:04.266Z</time></trkpt><trkpt lat="42.806672" lon="-7.637312"><ele>436.351</ele><time>2024-08-14T06:08:08.266Z</time></trkpt><trkpt lat="42.806640" lon="-7.637370"><ele>436.448</ele><time>2024-08-14T06:08:11.266Z</time></trkpt><trkpt lat="42.806632" lon="-7.637433"><ele>436.853</ele><time>2024-08-14T06:08:14.266Z</time></trkpt><trkpt lat="42.806647" lon="-7.637495"><ele>437.032</ele><time>2024-08-14T06:08:17.266Z</time></trkpt><trkpt lat="42.806669" lon="-7.637552"><ele>437.223</ele><time>2024-08-14T06:08:21.266Z</time></trkpt><trkpt lat="42.806689" lon="-7.637609"><ele>437.278</ele><time>2024-08-14T06:08:25.266Z</time></trkpt><trkpt lat="42.806701" lon="-7.637679"><ele>437.233</ele><time>2024-08-14T06:08:28.266Z</time></trkpt><trkpt lat="42.806696" lon="-7.637754"><ele>437.126</ele><time>2024-08-14T06:08:31.266Z</time></trkpt><trkpt lat="42.806708" lon="-7.637817"><ele>436.309</ele><time>2024-08-14T06:08:34.266Z</time></trkpt><trkpt lat="42.806676" lon="-7.637889"><ele>435.228</ele><time>2024-08-14T06:08:37.266Z</time></trkpt><trkpt lat="42.806673" lon="-7.637964"><ele>434.015</ele><time>2024-08-14T06:08:41.266Z</time></trkpt><trkpt lat="42.806683" lon="-7.638027"><ele>432.967</ele><time>2024-08-14T06:08:45.266Z</time></trkpt><trkpt lat="42.806730" lon="-7.638077"><ele>432.476</ele><time>2024-08-14T06:08:49.266Z</time></trkpt><trkpt lat="42.806767" lon="-7.638122"><ele>431.584</ele><time>2024-08-14T06:08:53.266Z</time></trkpt><trkpt lat="42.806787" lon="-7.638187"><ele>430.371</ele><time>2024-08-14T06:08:57.266Z</time></trkpt><trkpt lat="42.806785" lon="-7.638259"><ele>430.456</ele><time>2024-08-14T06:09:02.266Z</time></trkpt><trkpt lat="42.806787" lon="-7.638332"><ele>430.365</ele><time>2024-08-14T06:09:06.266Z</time></trkpt><trkpt lat="42.806837" lon="-7.638369"><ele>430.586</ele><time>2024-08-14T06:09:10.266Z</time></trkpt><trkpt lat="42.806840" lon="-7.638431"><ele>431.481</ele><time>2024-08-14T06:09:15.266Z</time></trkpt><trkpt lat="42.806855" lon="-7.638546"><ele>435.161</ele><time>2024-08-14T06:09:24.266Z</time></trkpt><trkpt lat="42.806870" lon="-7.638628"><ele>436.117</ele><time>2024-08-14T06:09:28.266Z</time></trkpt><trkpt lat="42.806890" lon="-7.638686"><ele>437.709</ele><time>2024-08-14T06:09:32.266Z</time></trkpt><trkpt lat="42.806897" lon="-7.638756"><ele>439.019</ele><time>2024-08-14T06:09:37.266Z</time></trkpt><trkpt lat="42.807445" lon="-7.639478"><ele>438.986</ele><time>2024-08-14T06:10:38.266Z</time></trkpt><trkpt lat="42.807492" lon="-7.639508"><ele>439.618</ele><time>2024-08-14T06:10:42.266Z</time></trkpt><trkpt lat="42.807542" lon="-7.639526"><ele>441.717</ele><time>2024-08-14T06:10:46.266Z</time></trkpt><trkpt lat="42.807594" lon="-7.639526"><ele>442.155</ele><time>2024-08-14T06:10:49.266Z</time></trkpt><trkpt lat="42.807646" lon="-7.639554"><ele>442.262</ele><time>2024-08-14T06:10:52.266Z</time></trkpt><trkpt lat="42.807704" lon="-7.639536"><ele>442.337</ele><time>2024-08-14T06:10:55.266Z</time></trkpt><trkpt lat="42.807761" lon="-7.639521"><ele>442.376</ele><time>2024-08-14T06:10:59.266Z</time></trkpt><trkpt lat="42.807813" lon="-7.639543"><ele>442.267</ele><time>2024-08-14T06:11:02.266Z</time></trkpt><trkpt lat="42.807841" lon="-7.639593"><ele>442.646</ele><time>2024-08-14T06:11:06.266Z</time></trkpt><trkpt lat="42.807831" lon="-7.639666"><ele>442.788</ele><time>2024-08-14T06:11:11.266Z</time></trkpt><trkpt lat="42.807851" lon="-7.639728"><ele>442.916</ele><time>2024-08-14T06:11:15.266Z</time></trkpt><trkpt lat="42.807899" lon="-7.639733"><ele>443.309</ele><time>2024-08-14T06:11:20.266Z</time></trkpt><trkpt lat="42.807952" lon="-7.639803"><ele>444.945</ele><time>2024-08-14T06:11:26.266Z</time></trkpt><trkpt lat="42.807979" lon="-7.639871"><ele>446.482</ele><time>2024-08-14T06:11:30.266Z</time></trkpt><trkpt lat="42.808022" lon="-7.639918"><ele>447.624</ele><time>2024-08-14T06:11:34.266Z</time></trkpt><trkpt lat="42.808065" lon="-7.639963"><ele>447.713</ele><time>2024-08-14T06:11:37.266Z</time></trkpt><trkpt lat="42.808098" lon="-7.640010"><ele>448.431</ele><time>2024-08-14T06:11:42.266Z</time></trkpt><trkpt lat="42.808118" lon="-7.640073"><ele>449.538</ele><time>2024-08-14T06:11:47.266Z</time></trkpt><trkpt lat="42.808165" lon="-7.640146"><ele>450.443</ele><time>2024-08-14T06:11:51.266Z</time></trkpt><trkpt lat="42.808217" lon="-7.640128"><ele>451.682</ele><time>2024-08-14T06:11:55.266Z</time></trkpt><trkpt lat="42.808262" lon="-7.640150"><ele>452.093</ele><time>2024-08-14T06:11:59.266Z</time></trkpt><trkpt lat="42.808299" lon="-7.640202"><ele>452.226</ele><time>2024-08-14T06:12:02.266Z</time></trkpt><trkpt lat="42.808316" lon="-7.640274"><ele>452.047</ele><time>2024-08-14T06:12:06.266Z</time></trkpt><trkpt lat="42.808334" lon="-7.640331"><ele>451.611</ele><time>2024-08-14T06:12:09.266Z</time></trkpt><trkpt lat="42.808331" lon="-7.640401"><ele>450.709</ele><time>2024-08-14T06:12:14.266Z</time></trkpt><trkpt lat="42.808298" lon="-7.640463"><ele>450.153</ele><time>2024-08-14T06:12:19.266Z</time></trkpt><trkpt lat="42.808131" lon="-7.640668"><ele>451.520</ele><time>2024-08-14T06:12:41.266Z</time></trkpt><trkpt lat="42.808086" lon="-7.640666"><ele>451.592</ele><time>2024-08-14T06:12:44.266Z</time></trkpt><trkpt lat="42.808019" lon="-7.640688"><ele>450.721</ele><time>2024-08-14T06:12:48.266Z</time></trkpt><trkpt lat="42.807976" lon="-7.640708"><ele>450.289</ele><time>2024-08-14T06:12:50.266Z</time></trkpt><trkpt lat="42.807921" lon="-7.640716"><ele>450.136</ele><time>2024-08-14T06:12:55.266Z</time></trkpt><trkpt lat="42.807873" lon="-7.640749"><ele>450.031</ele><time>2024-08-14T06:12:58.266Z</time></trkpt><trkpt lat="42.807845" lon="-7.640812"><ele>450.060</ele><time>2024-08-14T06:13:02.266Z</time></trkpt><trkpt lat="42.807807" lon="-7.640875"><ele>450.141</ele><time>2024-08-14T06:13:05.266Z</time></trkpt><trkpt lat="42.807764" lon="-7.640918"><ele>451.493</ele><time>2024-08-14T06:13:09.266Z</time></trkpt><trkpt lat="42.807709" lon="-7.640891"><ele>453.065</ele><time>2024-08-14T06:13:13.266Z</time></trkpt><trkpt lat="42.807662" lon="-7.640878"><ele>453.821</ele><time>2024-08-14T06:13:16.266Z</time></trkpt><trkpt lat="42.807512" lon="-7.641098"><ele>452.309</ele><time>2024-08-14T06:13:30.266Z</time></trkpt><trkpt lat="42.807494" lon="-7.641171"><ele>451.280</ele><time>2024-08-14T06:13:35.266Z</time></trkpt><trkpt lat="42.807484" lon="-7.641244"><ele>450.767</ele><time>2024-08-14T06:13:37.266Z</time></trkpt><trkpt lat="42.807471" lon="-7.641322"><ele>450.429</ele><time>2024-08-14T06:13:40.266Z</time></trkpt><trkpt lat="42.807449" lon="-7.641390"><ele>449.978</ele><time>2024-08-14T06:13:43.266Z</time></trkpt><trkpt lat="42.807431" lon="-7.641453"><ele>449.686</ele><time>2024-08-14T06:13:48.266Z</time></trkpt><trkpt lat="42.807399" lon="-7.641513"><ele>449.683</ele><time>2024-08-14T06:13:53.266Z</time></trkpt><trkpt lat="42.807364" lon="-7.641568"><ele>449.398</ele><time>2024-08-14T06:13:56.266Z</time></trkpt><trkpt lat="42.807339" lon="-7.641630"><ele>449.157</ele><time>2024-08-14T06:13:59.266Z</time></trkpt><trkpt lat="42.807327" lon="-7.641703"><ele>449.068</ele><time>2024-08-14T06:14:03.266Z</time></trkpt><trkpt lat="42.807365" lon="-7.641751"><ele>448.923</ele><time>2024-08-14T06:14:06.266Z</time></trkpt><trkpt lat="42.807398" lon="-7.641813"><ele>448.983</ele><time>2024-08-14T06:14:10.266Z</time></trkpt><trkpt lat="42.807410" lon="-7.641885"><ele>448.711</ele><time>2024-08-14T06:14:14.266Z</time></trkpt><trkpt lat="42.807363" lon="-7.641937"><ele>448.509</ele><time>2024-08-14T06:14:18.266Z</time></trkpt><trkpt lat="42.807330" lon="-7.641979"><ele>448.263</ele><time>2024-08-14T06:14:21.266Z</time></trkpt><trkpt lat="42.807323" lon="-7.642041"><ele>448.220</ele><time>2024-08-14T06:14:24.266Z</time></trkpt><trkpt lat="42.807321" lon="-7.642123"><ele>448.122</ele><time>2024-08-14T06:14:27.266Z</time></trkpt><trkpt lat="42.807333" lon="-7.642193"><ele>448.211</ele><time>2024-08-14T06:14:31.266Z</time></trkpt><trkpt lat="42.807338" lon="-7.642268"><ele>448.399</ele><time>2024-08-14T06:14:36.266Z</time></trkpt><trkpt lat="42.807340" lon="-7.642346"><ele>448.216</ele><time>2024-08-14T06:14:40.266Z</time></trkpt><trkpt lat="42.807333" lon="-7.642409"><ele>448.151</ele><time>2024-08-14T06:14:43.266Z</time></trkpt><trkpt lat="42.807365" lon="-7.642487"><ele>447.920</ele><time>2024-08-14T06:14:46.266Z</time></trkpt><trkpt lat="42.807388" lon="-7.642567"><ele>447.231</ele><time>2024-08-14T06:14:49.266Z</time></trkpt><trkpt lat="42.807395" lon="-7.642642"><ele>445.312</ele><time>2024-08-14T06:14:53.266Z</time></trkpt><trkpt lat="42.807425" lon="-7.642705"><ele>441.932</ele><time>2024-08-14T06:14:59.266Z</time></trkpt><trkpt lat="42.807453" lon="-7.642757"><ele>441.305</ele><time>2024-08-14T06:15:03.266Z</time></trkpt><trkpt lat="42.807836" lon="-7.643054"><ele>443.109</ele><time>2024-08-14T06:15:49.266Z</time></trkpt><trkpt lat="42.807909" lon="-7.643117"><ele>443.032</ele><time>2024-08-14T06:15:55.266Z</time></trkpt><trkpt lat="42.808356" lon="-7.643229"><ele>446.129</ele><time>2024-08-14T06:16:17.266Z</time></trkpt><trkpt lat="42.808406" lon="-7.643262"><ele>446.221</ele><time>2024-08-14T06:16:22.266Z</time></trkpt><trkpt lat="42.808478" lon="-7.643284"><ele>448.140</ele><time>2024-08-14T06:16:33.266Z</time></trkpt><trkpt lat="42.808490" lon="-7.643352"><ele>448.748</ele><time>2024-08-14T06:16:36.266Z</time></trkpt><trkpt lat="42.808533" lon="-7.643384"><ele>449.985</ele><time>2024-08-14T06:16:39.266Z</time></trkpt><trkpt lat="42.808576" lon="-7.643412"><ele>450.860</ele><time>2024-08-14T06:16:42.266Z</time></trkpt><trkpt lat="42.808613" lon="-7.643452"><ele>450.859</ele><time>2024-08-14T06:16:45.266Z</time></trkpt><trkpt lat="42.808671" lon="-7.643477"><ele>450.940</ele><time>2024-08-14T06:16:48.266Z</time></trkpt><trkpt lat="42.808728" lon="-7.643480"><ele>450.984</ele><time>2024-08-14T06:16:51.266Z</time></trkpt><trkpt lat="42.808768" lon="-7.643517"><ele>451.007</ele><time>2024-08-14T06:16:54.266Z</time></trkpt><trkpt lat="42.808806" lon="-7.643597"><ele>451.217</ele><time>2024-08-14T06:17:00.266Z</time></trkpt><trkpt lat="42.808843" lon="-7.643640"><ele>452.009</ele><time>2024-08-14T06:17:04.266Z</time></trkpt><trkpt lat="42.808900" lon="-7.643635"><ele>452.139</ele><time>2024-08-14T06:17:08.266Z</time></trkpt><trkpt lat="42.808948" lon="-7.643648"><ele>452.346</ele><time>2024-08-14T06:17:12.266Z</time></trkpt><trkpt lat="42.809060" lon="-7.643705"><ele>452.418</ele><time>2024-08-14T06:17:22.266Z</time></trkpt><trkpt lat="42.809438" lon="-7.643803"><ele>449.687</ele><time>2024-08-14T06:17:52.266Z</time></trkpt><trkpt lat="42.809485" lon="-7.643803"><ele>449.775</ele><time>2024-08-14T06:17:55.266Z</time></trkpt><trkpt lat="42.809518" lon="-7.643846"><ele>449.722</ele><time>2024-08-14T06:17:58.266Z</time></trkpt><trkpt lat="42.809550" lon="-7.643894"><ele>449.957</ele><time>2024-08-14T06:18:00.266Z</time></trkpt><trkpt lat="42.809565" lon="-7.643967"><ele>453.166</ele><time>2024-08-14T06:18:04.266Z</time></trkpt><trkpt lat="42.809612" lon="-7.643989"><ele>454.767</ele><time>2024-08-14T06:18:08.266Z</time></trkpt><trkpt lat="42.809659" lon="-7.644022"><ele>455.927</ele><time>2024-08-14T06:18:11.266Z</time></trkpt><trkpt lat="42.809706" lon="-7.644067"><ele>456.368</ele><time>2024-08-14T06:18:14.266Z</time></trkpt><trkpt lat="42.809738" lon="-7.644125"><ele>456.114</ele><time>2024-08-14T06:18:17.266Z</time></trkpt><trkpt lat="42.809776" lon="-7.644177"><ele>456.109</ele><time>2024-08-14T06:18:20.266Z</time></trkpt><trkpt lat="42.809833" lon="-7.644185"><ele>455.313</ele><time>2024-08-14T06:18:24.266Z</time></trkpt><trkpt lat="42.809888" lon="-7.644198"><ele>454.020</ele><time>2024-08-14T06:18:29.266Z</time></trkpt><trkpt lat="42.809940" lon="-7.644221"><ele>452.062</ele><time>2024-08-14T06:18:33.266Z</time></trkpt><trkpt lat="42.809995" lon="-7.644254"><ele>451.081</ele><time>2024-08-14T06:18:38.266Z</time></trkpt><trkpt lat="42.810047" lon="-7.644302"><ele>450.949</ele><time>2024-08-14T06:18:43.266Z</time></trkpt><trkpt lat="42.810090" lon="-7.644327"><ele>449.826</ele><time>2024-08-14T06:18:46.266Z</time></trkpt><trkpt lat="42.810150" lon="-7.644325"><ele>448.071</ele><time>2024-08-14T06:18:49.266Z</time></trkpt><trkpt lat="42.810200" lon="-7.644365"><ele>446.830</ele><time>2024-08-14T06:18:52.266Z</time></trkpt><trkpt lat="42.810288" lon="-7.644375"><ele>444.711</ele><time>2024-08-14T06:18:58.266Z</time></trkpt><trkpt lat="42.810413" lon="-7.644340"><ele>443.114</ele><time>2024-08-14T06:19:07.266Z</time></trkpt><trkpt lat="42.810455" lon="-7.644367"><ele>443.154</ele><time>2024-08-14T06:19:09.266Z</time></trkpt><trkpt lat="42.810515" lon="-7.644397"><ele>446.109</ele><time>2024-08-14T06:19:12.266Z</time></trkpt><trkpt lat="42.810563" lon="-7.644394"><ele>449.109</ele><time>2024-08-14T06:19:15.266Z</time></trkpt><trkpt lat="42.810610" lon="-7.644424"><ele>451.572</ele><time>2024-08-14T06:19:19.266Z</time></trkpt><trkpt lat="42.810633" lon="-7.644484"><ele>453.169</ele><time>2024-08-14T06:19:22.266Z</time></trkpt><trkpt lat="42.810678" lon="-7.644522"><ele>454.561</ele><time>2024-08-14T06:19:25.266Z</time></trkpt><trkpt lat="42.810713" lon="-7.644575"><ele>455.920</ele><time>2024-08-14T06:19:28.266Z</time></trkpt><trkpt lat="42.810730" lon="-7.644648"><ele>456.558</ele><time>2024-08-14T06:19:33.266Z</time></trkpt><trkpt lat="42.810777" lon="-7.644628"><ele>456.245</ele><time>2024-08-14T06:19:38.266Z</time></trkpt><trkpt lat="42.810824" lon="-7.644668"><ele>454.860</ele><time>2024-08-14T06:19:44.266Z</time></trkpt><trkpt lat="42.810879" lon="-7.644701"><ele>451.539</ele><time>2024-08-14T06:19:51.266Z</time></trkpt><trkpt lat="42.811116" lon="-7.644708"><ele>443.980</ele><time>2024-08-14T06:20:10.266Z</time></trkpt><trkpt lat="42.811149" lon="-7.644773"><ele>443.033</ele><time>2024-08-14T06:20:13.266Z</time></trkpt><trkpt lat="42.811177" lon="-7.644835"><ele>440.123</ele><time>2024-08-14T06:20:17.266Z</time></trkpt><trkpt lat="42.811192" lon="-7.644908"><ele>439.315</ele><time>2024-08-14T06:20:20.266Z</time></trkpt><trkpt lat="42.811220" lon="-7.644973"><ele>438.209</ele><time>2024-08-14T06:20:24.266Z</time></trkpt><trkpt lat="42.811268" lon="-7.644983"><ele>437.634</ele><time>2024-08-14T06:20:26.266Z</time></trkpt><trkpt lat="42.811315" lon="-7.645008"><ele>436.911</ele><time>2024-08-14T06:20:28.266Z</time></trkpt><trkpt lat="42.811318" lon="-7.645081"><ele>435.543</ele><time>2024-08-14T06:20:31.266Z</time></trkpt><trkpt lat="42.811343" lon="-7.645146"><ele>433.972</ele><time>2024-08-14T06:20:35.266Z</time></trkpt><trkpt lat="42.811380" lon="-7.645194"><ele>432.130</ele><time>2024-08-14T06:20:40.267Z</time></trkpt><trkpt lat="42.811398" lon="-7.645252"><ele>432.167</ele><time>2024-08-14T06:20:43.267Z</time></trkpt><trkpt lat="42.811418" lon="-7.645307"><ele>432.152</ele><time>2024-08-14T06:20:46.267Z</time></trkpt><trkpt lat="42.811450" lon="-7.645364"><ele>432.121</ele><time>2024-08-14T06:20:49.267Z</time></trkpt><trkpt lat="42.811488" lon="-7.645416"><ele>432.932</ele><time>2024-08-14T06:20:53.267Z</time></trkpt><trkpt lat="42.811496" lon="-7.645486"><ele>434.916</ele><time>2024-08-14T06:20:57.267Z</time></trkpt><trkpt lat="42.811526" lon="-7.645553"><ele>435.976</ele><time>2024-08-14T06:21:01.267Z</time></trkpt><trkpt lat="42.811556" lon="-7.645620"><ele>435.913</ele><time>2024-08-14T06:21:05.267Z</time></trkpt><trkpt lat="42.811581" lon="-7.645680"><ele>435.909</ele><time>2024-08-14T06:21:08.267Z</time></trkpt><trkpt lat="42.811611" lon="-7.645730"><ele>435.122</ele><time>2024-08-14T06:21:12.267Z</time></trkpt><trkpt lat="42.811621" lon="-7.645793"><ele>434.819</ele><time>2024-08-14T06:21:17.267Z</time></trkpt><trkpt lat="42.811679" lon="-7.645911"><ele>434.861</ele><time>2024-08-14T06:21:26.267Z</time></trkpt><trkpt lat="42.811672" lon="-7.645973"><ele>435.460</ele><time>2024-08-14T06:21:29.267Z</time></trkpt><trkpt lat="42.811662" lon="-7.646041"><ele>435.718</ele><time>2024-08-14T06:21:33.267Z</time></trkpt><trkpt lat="42.811682" lon="-7.646106"><ele>436.745</ele><time>2024-08-14T06:21:37.267Z</time></trkpt><trkpt lat="42.811669" lon="-7.646541"><ele>453.350</ele><time>2024-08-14T06:22:01.267Z</time></trkpt><trkpt lat="42.811682" lon="-7.646604"><ele>453.599</ele><time>2024-08-14T06:22:04.267Z</time></trkpt><trkpt lat="42.811675" lon="-7.646677"><ele>454.020</ele><time>2024-08-14T06:22:11.267Z</time></trkpt><trkpt lat="42.811695" lon="-7.646754"><ele>454.335</ele><time>2024-08-14T06:22:17.267Z</time></trkpt><trkpt lat="42.811662" lon="-7.646814"><ele>454.486</ele><time>2024-08-14T06:22:20.267Z</time></trkpt><trkpt lat="42.811664" lon="-7.646876"><ele>454.614</ele><time>2024-08-14T06:22:24.267Z</time></trkpt><trkpt lat="42.811679" lon="-7.646949"><ele>454.609</ele><time>2024-08-14T06:22:28.267Z</time></trkpt><trkpt lat="42.811724" lon="-7.647002"><ele>454.624</ele><time>2024-08-14T06:22:31.267Z</time></trkpt><trkpt lat="42.811757" lon="-7.647059"><ele>453.751</ele><time>2024-08-14T06:22:34.267Z</time></trkpt><trkpt lat="42.811787" lon="-7.647116"><ele>451.913</ele><time>2024-08-14T06:22:39.267Z</time></trkpt><trkpt lat="42.811775" lon="-7.647188"><ele>450.492</ele><time>2024-08-14T06:22:43.267Z</time></trkpt><trkpt lat="42.811765" lon="-7.647248"><ele>450.280</ele><time>2024-08-14T06:22:45.267Z</time></trkpt><trkpt lat="42.811745" lon="-7.647330"><ele>449.767</ele><time>2024-08-14T06:22:48.267Z</time></trkpt><trkpt lat="42.811728" lon="-7.647405"><ele>449.182</ele><time>2024-08-14T06:22:51.267Z</time></trkpt><trkpt lat="42.811730" lon="-7.647532"><ele>446.871</ele><time>2024-08-14T06:22:59.267Z</time></trkpt><trkpt lat="42.811762" lon="-7.647587"><ele>445.842</ele><time>2024-08-14T06:23:03.267Z</time></trkpt><trkpt lat="42.811784" lon="-7.647642"><ele>445.547</ele><time>2024-08-14T06:23:08.267Z</time></trkpt><trkpt lat="42.811777" lon="-7.647707"><ele>445.229</ele><time>2024-08-14T06:23:12.267Z</time></trkpt><trkpt lat="42.811795" lon="-7.647785"><ele>442.821</ele><time>2024-08-14T06:23:16.267Z</time></trkpt><trkpt lat="42.811805" lon="-7.647845"><ele>441.509</ele><time>2024-08-14T06:23:19.267Z</time></trkpt><trkpt lat="42.811803" lon="-7.647918"><ele>440.735</ele><time>2024-08-14T06:23:23.267Z</time></trkpt><trkpt lat="42.811798" lon="-7.647991"><ele>440.692</ele><time>2024-08-14T06:23:27.267Z</time></trkpt><trkpt lat="42.811801" lon="-7.648066"><ele>440.314</ele><time>2024-08-14T06:23:31.267Z</time></trkpt><trkpt lat="42.811784" lon="-7.648134"><ele>440.283</ele><time>2024-08-14T06:23:36.267Z</time></trkpt><trkpt lat="42.811772" lon="-7.648207"><ele>440.061</ele><time>2024-08-14T06:23:41.267Z</time></trkpt><trkpt lat="42.811792" lon="-7.648319"><ele>439.948</ele><time>2024-08-14T06:23:45.267Z</time></trkpt><trkpt lat="42.811819" lon="-7.648381"><ele>439.433</ele><time>2024-08-14T06:23:49.267Z</time></trkpt><trkpt lat="42.811852" lon="-7.648436"><ele>438.562</ele><time>2024-08-14T06:23:53.267Z</time></trkpt><trkpt lat="42.811884" lon="-7.648506"><ele>438.233</ele><time>2024-08-14T06:23:56.267Z</time></trkpt><trkpt lat="42.811779" lon="-7.649171"><ele>446.352</ele><time>2024-08-14T06:24:34.267Z</time></trkpt><trkpt lat="42.811787" lon="-7.649236"><ele>447.753</ele><time>2024-08-14T06:24:39.267Z</time></trkpt><trkpt lat="42.811815" lon="-7.649308"><ele>449.108</ele><time>2024-08-14T06:24:44.267Z</time></trkpt><trkpt lat="42.811810" lon="-7.649386"><ele>450.009</ele><time>2024-08-14T06:24:49.267Z</time></trkpt><trkpt lat="42.811822" lon="-7.649459"><ele>451.846</ele><time>2024-08-14T06:24:53.267Z</time></trkpt><trkpt lat="42.811817" lon="-7.649539"><ele>452.073</ele><time>2024-08-14T06:24:57.267Z</time></trkpt><trkpt lat="42.811810" lon="-7.649601"><ele>452.165</ele><time>2024-08-14T06:25:00.267Z</time></trkpt><trkpt lat="42.811848" lon="-7.649643"><ele>452.284</ele><time>2024-08-14T06:25:03.267Z</time></trkpt><trkpt lat="42.811865" lon="-7.649710"><ele>452.232</ele><time>2024-08-14T06:25:07.267Z</time></trkpt><trkpt lat="42.811908" lon="-7.649735"><ele>452.159</ele><time>2024-08-14T06:25:11.267Z</time></trkpt><trkpt lat="42.811948" lon="-7.649770"><ele>451.894</ele><time>2024-08-14T06:25:15.267Z</time></trkpt><trkpt lat="42.811935" lon="-7.649848"><ele>451.283</ele><time>2024-08-14T06:25:19.267Z</time></trkpt><trkpt lat="42.811915" lon="-7.649905"><ele>449.054</ele><time>2024-08-14T06:25:23.267Z</time></trkpt><trkpt lat="42.811892" lon="-7.649978"><ele>448.176</ele><time>2024-08-14T06:25:26.267Z</time></trkpt><trkpt lat="42.811875" lon="-7.650048"><ele>447.990</ele><time>2024-08-14T06:25:29.267Z</time></trkpt><trkpt lat="42.811880" lon="-7.650111"><ele>447.519</ele><time>2024-08-14T06:25:33.267Z</time></trkpt><trkpt lat="42.811895" lon="-7.650483"><ele>442.409</ele><time>2024-08-14T06:25:53.267Z</time></trkpt><trkpt lat="42.811880" lon="-7.650560"><ele>442.688</ele><time>2024-08-14T06:25:58.267Z</time></trkpt><trkpt lat="42.811877" lon="-7.650637"><ele>444.225</ele><time>2024-08-14T06:26:03.267Z</time></trkpt><trkpt lat="42.811870" lon="-7.650710"><ele>445.037</ele><time>2024-08-14T06:26:07.267Z</time></trkpt><trkpt lat="42.811880" lon="-7.650773"><ele>445.826</ele><time>2024-08-14T06:26:11.267Z</time></trkpt><trkpt lat="42.811908" lon="-7.650831"><ele>446.544</ele><time>2024-08-14T06:26:15.267Z</time></trkpt><trkpt lat="42.811951" lon="-7.650869"><ele>446.661</ele><time>2024-08-14T06:26:18.267Z</time></trkpt><trkpt lat="42.811948" lon="-7.650932"><ele>446.636</ele><time>2024-08-14T06:26:21.267Z</time></trkpt><trkpt lat="42.811928" lon="-7.650999"><ele>446.695</ele><time>2024-08-14T06:26:24.267Z</time></trkpt><trkpt lat="42.811918" lon="-7.651077"><ele>445.516</ele><time>2024-08-14T06:26:28.267Z</time></trkpt><trkpt lat="42.811936" lon="-7.651152"><ele>444.788</ele><time>2024-08-14T06:26:32.267Z</time></trkpt><trkpt lat="42.811938" lon="-7.651239"><ele>444.024</ele><time>2024-08-14T06:26:38.267Z</time></trkpt><trkpt lat="42.811936" lon="-7.651312"><ele>443.826</ele><time>2024-08-14T06:26:42.267Z</time></trkpt><trkpt lat="42.811916" lon="-7.651387"><ele>443.809</ele><time>2024-08-14T06:26:47.267Z</time></trkpt><trkpt lat="42.811883" lon="-7.651457"><ele>444.059</ele><time>2024-08-14T06:26:51.267Z</time></trkpt><trkpt lat="42.811891" lon="-7.651529"><ele>444.116</ele><time>2024-08-14T06:26:56.267Z</time></trkpt><trkpt lat="42.811921" lon="-7.651586"><ele>444.858</ele><time>2024-08-14T06:27:00.267Z</time></trkpt><trkpt lat="42.811951" lon="-7.651634"><ele>444.917</ele><time>2024-08-14T06:27:03.267Z</time></trkpt><trkpt lat="42.811989" lon="-7.651671"><ele>444.955</ele><time>2024-08-14T06:27:05.267Z</time></trkpt><trkpt lat="42.812027" lon="-7.651726"><ele>444.522</ele><time>2024-08-14T06:27:08.267Z</time></trkpt><trkpt lat="42.812042" lon="-7.651789"><ele>443.337</ele><time>2024-08-14T06:27:12.267Z</time></trkpt><trkpt lat="42.812019" lon="-7.651851"><ele>441.366</ele><time>2024-08-14T06:27:16.267Z</time></trkpt><trkpt lat="42.811997" lon="-7.651926"><ele>440.377</ele><time>2024-08-14T06:27:20.267Z</time></trkpt><trkpt lat="42.811999" lon="-7.651991"><ele>440.189</ele><time>2024-08-14T06:27:23.267Z</time></trkpt><trkpt lat="42.811987" lon="-7.652058"><ele>440.006</ele><time>2024-08-14T06:27:26.267Z</time></trkpt><trkpt lat="42.811959" lon="-7.652125"><ele>439.926</ele><time>2024-08-14T06:27:29.267Z</time></trkpt><trkpt lat="42.811966" lon="-7.652195"><ele>440.109</ele><time>2024-08-14T06:27:33.267Z</time></trkpt><trkpt lat="42.811964" lon="-7.652270"><ele>441.269</ele><time>2024-08-14T06:27:38.267Z</time></trkpt><trkpt lat="42.811964" lon="-7.652338"><ele>446.586</ele><time>2024-08-14T06:27:42.267Z</time></trkpt><trkpt lat="42.811972" lon="-7.652403"><ele>448.988</ele><time>2024-08-14T06:27:45.267Z</time></trkpt><trkpt lat="42.811962" lon="-7.652488"><ele>450.827</ele><time>2024-08-14T06:27:49.267Z</time></trkpt><trkpt lat="42.811937" lon="-7.652541"><ele>451.765</ele><time>2024-08-14T06:27:52.267Z</time></trkpt><trkpt lat="42.811949" lon="-7.652611"><ele>452.882</ele><time>2024-08-14T06:27:56.267Z</time></trkpt><trkpt lat="42.811961" lon="-7.652673"><ele>455.487</ele><time>2024-08-14T06:28:00.267Z</time></trkpt><trkpt lat="42.811953" lon="-7.652740"><ele>456.046</ele><time>2024-08-14T06:28:04.267Z</time></trkpt><trkpt lat="42.811963" lon="-7.652807"><ele>456.457</ele><time>2024-08-14T06:28:08.267Z</time></trkpt><trkpt lat="42.811971" lon="-7.652870"><ele>456.553</ele><time>2024-08-14T06:28:12.267Z</time></trkpt><trkpt lat="42.811973" lon="-7.652933"><ele>456.804</ele><time>2024-08-14T06:28:15.267Z</time></trkpt><trkpt lat="42.811983" lon="-7.652998"><ele>456.814</ele><time>2024-08-14T06:28:19.267Z</time></trkpt><trkpt lat="42.811983" lon="-7.653086"><ele>458.809</ele><time>2024-08-14T06:28:23.267Z</time></trkpt><trkpt lat="42.811963" lon="-7.653153"><ele>460.136</ele><time>2024-08-14T06:28:27.267Z</time></trkpt><trkpt lat="42.811960" lon="-7.653243"><ele>460.663</ele><time>2024-08-14T06:28:31.267Z</time></trkpt><trkpt lat="42.811990" lon="-7.653323"><ele>460.925</ele><time>2024-08-14T06:28:36.267Z</time></trkpt><trkpt lat="42.812000" lon="-7.653391"><ele>460.994</ele><time>2024-08-14T06:28:39.267Z</time></trkpt><trkpt lat="42.811983" lon="-7.653466"><ele>460.872</ele><time>2024-08-14T06:28:43.267Z</time></trkpt><trkpt lat="42.812006" lon="-7.653556"><ele>460.629</ele><time>2024-08-14T06:28:48.267Z</time></trkpt><trkpt lat="42.812001" lon="-7.653629"><ele>460.634</ele><time>2024-08-14T06:28:52.267Z</time></trkpt><trkpt lat="42.812016" lon="-7.653694"><ele>461.373</ele><time>2024-08-14T06:28:57.267Z</time></trkpt><trkpt lat="42.812009" lon="-7.653756"><ele>461.444</ele><time>2024-08-14T06:29:00.267Z</time></trkpt><trkpt lat="42.812036" lon="-7.653819"><ele>461.482</ele><time>2024-08-14T06:29:03.267Z</time></trkpt><trkpt lat="42.812046" lon="-7.653899"><ele>461.643</ele><time>2024-08-14T06:29:06.267Z</time></trkpt><trkpt lat="42.812023" lon="-7.653962"><ele>461.717</ele><time>2024-08-14T06:29:09.267Z</time></trkpt><trkpt lat="42.812053" lon="-7.654032"><ele>463.409</ele><time>2024-08-14T06:29:14.267Z</time></trkpt><trkpt lat="42.812081" lon="-7.654092"><ele>464.169</ele><time>2024-08-14T06:29:17.267Z</time></trkpt><trkpt lat="42.812059" lon="-7.654154"><ele>464.076</ele><time>2024-08-14T06:29:22.267Z</time></trkpt><trkpt lat="42.812026" lon="-7.654209"><ele>463.978</ele><time>2024-08-14T06:29:26.267Z</time></trkpt><trkpt lat="42.811996" lon="-7.654284"><ele>463.527</ele><time>2024-08-14T06:29:31.267Z</time></trkpt><trkpt lat="42.811976" lon="-7.654346"><ele>463.565</ele><time>2024-08-14T06:29:34.267Z</time></trkpt><trkpt lat="42.811986" lon="-7.654423"><ele>463.462</ele><time>2024-08-14T06:29:37.267Z</time></trkpt><trkpt lat="42.811978" lon="-7.654491"><ele>463.637</ele><time>2024-08-14T06:29:40.267Z</time></trkpt><trkpt lat="42.811985" lon="-7.654554"><ele>465.836</ele><time>2024-08-14T06:29:43.267Z</time></trkpt><trkpt lat="42.811998" lon="-7.654616"><ele>466.317</ele><time>2024-08-14T06:29:46.267Z</time></trkpt><trkpt lat="42.811993" lon="-7.654681"><ele>466.319</ele><time>2024-08-14T06:29:49.267Z</time></trkpt><trkpt lat="42.811978" lon="-7.654756"><ele>466.409</ele><time>2024-08-14T06:29:52.267Z</time></trkpt><trkpt lat="42.811998" lon="-7.654813"><ele>466.419</ele><time>2024-08-14T06:29:55.267Z</time></trkpt><trkpt lat="42.812003" lon="-7.654885"><ele>466.509</ele><time>2024-08-14T06:29:59.267Z</time></trkpt><trkpt lat="42.812003" lon="-7.654948"><ele>466.682</ele><time>2024-08-14T06:30:03.267Z</time></trkpt><trkpt lat="42.811991" lon="-7.655013"><ele>466.619</ele><time>2024-08-14T06:30:07.267Z</time></trkpt><trkpt lat="42.811978" lon="-7.655091"><ele>466.561</ele><time>2024-08-14T06:30:11.267Z</time></trkpt><trkpt lat="42.811966" lon="-7.655163"><ele>466.020</ele><time>2024-08-14T06:30:16.267Z</time></trkpt><trkpt lat="42.811984" lon="-7.655253"><ele>465.978</ele><time>2024-08-14T06:30:22.267Z</time></trkpt><trkpt lat="42.811974" lon="-7.655331"><ele>465.915</ele><time>2024-08-14T06:30:26.267Z</time></trkpt><trkpt lat="42.811942" lon="-7.655391"><ele>466.430</ele><time>2024-08-14T06:30:29.267Z</time></trkpt><trkpt lat="42.811960" lon="-7.655459"><ele>466.469</ele><time>2024-08-14T06:30:32.267Z</time></trkpt><trkpt lat="42.811963" lon="-7.655531"><ele>466.560</ele><time>2024-08-14T06:30:35.267Z</time></trkpt><trkpt lat="42.811961" lon="-7.655598"><ele>466.325</ele><time>2024-08-14T06:30:38.267Z</time></trkpt><trkpt lat="42.811961" lon="-7.655671"><ele>466.326</ele><time>2024-08-14T06:30:42.267Z</time></trkpt><trkpt lat="42.811964" lon="-7.655736"><ele>466.308</ele><time>2024-08-14T06:30:46.267Z</time></trkpt><trkpt lat="42.811981" lon="-7.655794"><ele>466.409</ele><time>2024-08-14T06:30:50.267Z</time></trkpt><trkpt lat="42.812024" lon="-7.655847"><ele>466.613</ele><time>2024-08-14T06:30:55.267Z</time></trkpt><trkpt lat="42.812049" lon="-7.655909"><ele>467.290</ele><time>2024-08-14T06:31:00.267Z</time></trkpt><trkpt lat="42.812034" lon="-7.655989"><ele>469.122</ele><time>2024-08-14T06:31:05.267Z</time></trkpt><trkpt lat="42.812061" lon="-7.656099"><ele>470.221</ele><time>2024-08-14T06:31:08.267Z</time></trkpt><trkpt lat="42.812046" lon="-7.656159"><ele>470.689</ele><time>2024-08-14T06:31:12.267Z</time></trkpt><trkpt lat="42.812044" lon="-7.656224"><ele>470.676</ele><time>2024-08-14T06:31:15.267Z</time></trkpt><trkpt lat="42.812039" lon="-7.656297"><ele>469.851</ele><time>2024-08-14T06:31:19.267Z</time></trkpt><trkpt lat="42.812046" lon="-7.656367"><ele>467.540</ele><time>2024-08-14T06:31:25.267Z</time></trkpt><trkpt lat="42.812019" lon="-7.656430"><ele>466.271</ele><time>2024-08-14T06:31:30.267Z</time></trkpt><trkpt lat="42.812004" lon="-7.656502"><ele>463.965</ele><time>2024-08-14T06:31:35.267Z</time></trkpt><trkpt lat="42.811984" lon="-7.656565"><ele>464.068</ele><time>2024-08-14T06:31:39.267Z</time></trkpt><trkpt lat="42.811986" lon="-7.656633"><ele>464.614</ele><time>2024-08-14T06:31:46.267Z</time></trkpt><trkpt lat="42.811936" lon="-7.656905"><ele>470.609</ele><time>2024-08-14T06:32:00.267Z</time></trkpt><trkpt lat="42.811958" lon="-7.656965"><ele>472.327</ele><time>2024-08-14T06:32:03.267Z</time></trkpt><trkpt lat="42.811988" lon="-7.657017"><ele>473.684</ele><time>2024-08-14T06:32:06.267Z</time></trkpt><trkpt lat="42.812036" lon="-7.657069"><ele>475.186</ele><time>2024-08-14T06:32:10.267Z</time></trkpt><trkpt lat="42.812073" lon="-7.657109"><ele>475.225</ele><time>2024-08-14T06:32:13.267Z</time></trkpt><trkpt lat="42.812116" lon="-7.657161"><ele>475.213</ele><time>2024-08-14T06:32:16.267Z</time></trkpt><trkpt lat="42.812099" lon="-7.657224"><ele>475.210</ele><time>2024-08-14T06:32:19.267Z</time></trkpt><trkpt lat="42.812062" lon="-7.657274"><ele>475.215</ele><time>2024-08-14T06:32:21.267Z</time></trkpt><trkpt lat="42.812024" lon="-7.657321"><ele>475.234</ele><time>2024-08-14T06:32:23.267Z</time></trkpt><trkpt lat="42.812026" lon="-7.657394"><ele>475.235</ele><time>2024-08-14T06:32:27.267Z</time></trkpt><trkpt lat="42.812041" lon="-7.657459"><ele>476.195</ele><time>2024-08-14T06:32:31.267Z</time></trkpt><trkpt lat="42.812033" lon="-7.657536"><ele>476.549</ele><time>2024-08-14T06:32:35.267Z</time></trkpt><trkpt lat="42.812046" lon="-7.657611"><ele>476.723</ele><time>2024-08-14T06:32:39.267Z</time></trkpt><trkpt lat="42.812061" lon="-7.657673"><ele>476.909</ele><time>2024-08-14T06:32:43.267Z</time></trkpt><trkpt lat="42.812059" lon="-7.657736"><ele>477.390</ele><time>2024-08-14T06:32:47.267Z</time></trkpt><trkpt lat="42.812061" lon="-7.657799"><ele>477.787</ele><time>2024-08-14T06:32:50.267Z</time></trkpt><trkpt lat="42.812046" lon="-7.657869"><ele>477.729</ele><time>2024-08-14T06:32:54.267Z</time></trkpt><trkpt lat="42.812034" lon="-7.657936"><ele>477.788</ele><time>2024-08-14T06:32:57.267Z</time></trkpt><trkpt lat="42.812041" lon="-7.657998"><ele>477.746</ele><time>2024-08-14T06:33:00.267Z</time></trkpt><trkpt lat="42.812056" lon="-7.658060"><ele>477.683</ele><time>2024-08-14T06:33:03.267Z</time></trkpt><trkpt lat="42.812066" lon="-7.658140"><ele>477.728</ele><time>2024-08-14T06:33:09.267Z</time></trkpt><trkpt lat="42.812069" lon="-7.658212"><ele>478.847</ele><time>2024-08-14T06:33:13.267Z</time></trkpt><trkpt lat="42.812086" lon="-7.658277"><ele>482.238</ele><time>2024-08-14T06:33:22.267Z</time></trkpt><trkpt lat="42.812134" lon="-7.658322"><ele>483.443</ele><time>2024-08-14T06:33:25.267Z</time></trkpt><trkpt lat="42.812136" lon="-7.658385"><ele>484.464</ele><time>2024-08-14T06:33:30.267Z</time></trkpt><trkpt lat="42.812101" lon="-7.658435"><ele>484.410</ele><time>2024-08-14T06:33:34.267Z</time></trkpt><trkpt lat="42.812074" lon="-7.658510"><ele>484.509</ele><time>2024-08-14T06:33:38.267Z</time></trkpt><trkpt lat="42.812096" lon="-7.658577"><ele>484.845</ele><time>2024-08-14T06:33:42.267Z</time></trkpt><trkpt lat="42.812131" lon="-7.658617"><ele>484.812</ele><time>2024-08-14T06:33:45.267Z</time></trkpt><trkpt lat="42.812156" lon="-7.658702"><ele>485.294</ele><time>2024-08-14T06:33:49.267Z</time></trkpt><trkpt lat="42.812198" lon="-7.658754"><ele>485.383</ele><time>2024-08-14T06:33:52.267Z</time></trkpt><trkpt lat="42.812233" lon="-7.658794"><ele>485.281</ele><time>2024-08-14T06:33:55.267Z</time></trkpt><trkpt lat="42.812201" lon="-7.658859"><ele>484.018</ele><time>2024-08-14T06:34:01.267Z</time></trkpt><trkpt lat="42.812154" lon="-7.658916"><ele>482.023</ele><time>2024-08-14T06:34:04.267Z</time></trkpt><trkpt lat="42.812127" lon="-7.658978"><ele>480.292</ele><time>2024-08-14T06:34:08.267Z</time></trkpt><trkpt lat="42.812130" lon="-7.659046"><ele>478.733</ele><time>2024-08-14T06:34:12.267Z</time></trkpt><trkpt lat="42.812160" lon="-7.659101"><ele>477.258</ele><time>2024-08-14T06:34:16.267Z</time></trkpt><trkpt lat="42.812177" lon="-7.659218"><ele>476.152</ele><time>2024-08-14T06:34:19.267Z</time></trkpt><trkpt lat="42.812167" lon="-7.659310"><ele>476.017</ele><time>2024-08-14T06:34:21.267Z</time></trkpt><trkpt lat="42.812205" lon="-7.659838"><ele>478.009</ele><time>2024-08-14T06:35:05.267Z</time></trkpt><trkpt lat="42.812233" lon="-7.659890"><ele>478.446</ele><time>2024-08-14T06:35:08.267Z</time></trkpt><trkpt lat="42.812231" lon="-7.659962"><ele>478.833</ele><time>2024-08-14T06:35:11.267Z</time></trkpt><trkpt lat="42.812193" lon="-7.660165"><ele>491.335</ele><time>2024-08-14T06:35:22.267Z</time></trkpt><trkpt lat="42.812190" lon="-7.660245"><ele>494.184</ele><time>2024-08-14T06:35:26.267Z</time></trkpt><trkpt lat="42.812280" lon="-7.660397"><ele>496.282</ele><time>2024-08-14T06:35:32.267Z</time></trkpt><trkpt lat="42.812258" lon="-7.660469"><ele>496.239</ele><time>2024-08-14T06:35:35.267Z</time></trkpt><trkpt lat="42.812298" lon="-7.660529"><ele>495.324</ele><time>2024-08-14T06:35:39.267Z</time></trkpt><trkpt lat="42.812268" lon="-7.660596"><ele>494.543</ele><time>2024-08-14T06:35:45.267Z</time></trkpt><trkpt lat="42.812328" lon="-7.660566"><ele>494.614</ele><time>2024-08-14T06:35:51.267Z</time></trkpt><trkpt lat="42.812378" lon="-7.660598"><ele>494.649</ele><time>2024-08-14T06:35:55.267Z</time></trkpt><trkpt lat="42.812393" lon="-7.660746"><ele>495.302</ele><time>2024-08-14T06:36:02.267Z</time></trkpt><trkpt lat="42.812420" lon="-7.660808"><ele>495.522</ele><time>2024-08-14T06:36:05.267Z</time></trkpt><trkpt lat="42.812518" lon="-7.660996"><ele>497.409</ele><time>2024-08-14T06:36:16.267Z</time></trkpt><trkpt lat="42.812561" lon="-7.661023"><ele>497.635</ele><time>2024-08-14T06:36:20.267Z</time></trkpt><trkpt lat="42.812564" lon="-7.661100"><ele>497.642</ele><time>2024-08-14T06:36:24.267Z</time></trkpt><trkpt lat="42.812532" lon="-7.661178"><ele>497.554</ele><time>2024-08-14T06:36:27.267Z</time></trkpt><trkpt lat="42.812525" lon="-7.661241"><ele>497.393</ele><time>2024-08-14T06:36:30.267Z</time></trkpt><trkpt lat="42.812507" lon="-7.661301"><ele>497.211</ele><time>2024-08-14T06:36:32.267Z</time></trkpt><trkpt lat="42.812484" lon="-7.661358"><ele>497.148</ele><time>2024-08-14T06:36:34.267Z</time></trkpt><trkpt lat="42.812469" lon="-7.661425"><ele>497.093</ele><time>2024-08-14T06:36:37.267Z</time></trkpt><trkpt lat="42.812472" lon="-7.661492"><ele>496.252</ele><time>2024-08-14T06:36:40.267Z</time></trkpt><trkpt lat="42.812445" lon="-7.661562"><ele>495.283</ele><time>2024-08-14T06:36:42.267Z</time></trkpt><trkpt lat="42.812463" lon="-7.661624"><ele>492.928</ele><time>2024-08-14T06:36:47.267Z</time></trkpt><trkpt lat="42.812490" lon="-7.661681"><ele>492.489</ele><time>2024-08-14T06:36:51.267Z</time></trkpt><trkpt lat="42.812493" lon="-7.661748"><ele>492.017</ele><time>2024-08-14T06:36:58.267Z</time></trkpt><trkpt lat="42.812521" lon="-7.661806"><ele>490.809</ele><time>2024-08-14T06:37:03.267Z</time></trkpt><trkpt lat="42.812574" lon="-7.661866"><ele>490.353</ele><time>2024-08-14T06:37:08.267Z</time></trkpt><trkpt lat="42.812606" lon="-7.661926"><ele>490.370</ele><time>2024-08-14T06:37:12.267Z</time></trkpt><trkpt lat="42.812646" lon="-7.661989"><ele>490.332</ele><time>2024-08-14T06:37:17.267Z</time></trkpt><trkpt lat="42.812638" lon="-7.662064"><ele>491.451</ele><time>2024-08-14T06:37:21.267Z</time></trkpt><trkpt lat="42.812631" lon="-7.662134"><ele>492.219</ele><time>2024-08-14T06:37:25.267Z</time></trkpt><trkpt lat="42.812646" lon="-7.662192"><ele>492.476</ele><time>2024-08-14T06:37:29.267Z</time></trkpt><trkpt lat="42.812639" lon="-7.662264"><ele>492.941</ele><time>2024-08-14T06:37:33.267Z</time></trkpt><trkpt lat="42.812657" lon="-7.662366"><ele>493.820</ele><time>2024-08-14T06:37:39.267Z</time></trkpt><trkpt lat="42.812647" lon="-7.662431"><ele>494.031</ele><time>2024-08-14T06:37:43.267Z</time></trkpt><trkpt lat="42.812622" lon="-7.662496"><ele>494.228</ele><time>2024-08-14T06:37:46.267Z</time></trkpt><trkpt lat="42.812649" lon="-7.662706"><ele>497.389</ele><time>2024-08-14T06:37:59.267Z</time></trkpt><trkpt lat="42.812704" lon="-7.662738"><ele>499.617</ele><time>2024-08-14T06:38:02.267Z</time></trkpt><trkpt lat="42.812797" lon="-7.662741"><ele>501.709</ele><time>2024-08-14T06:38:05.267Z</time></trkpt><trkpt lat="42.812842" lon="-7.662764"><ele>503.333</ele><time>2024-08-14T06:38:08.267Z</time></trkpt><trkpt lat="42.812867" lon="-7.662821"><ele>504.130</ele><time>2024-08-14T06:38:14.267Z</time></trkpt><trkpt lat="42.812827" lon="-7.662893"><ele>504.752</ele><time>2024-08-14T06:38:18.267Z</time></trkpt><trkpt lat="42.812802" lon="-7.662948"><ele>504.891</ele><time>2024-08-14T06:38:20.267Z</time></trkpt><trkpt lat="42.812797" lon="-7.663013"><ele>504.729</ele><time>2024-08-14T06:38:24.267Z</time></trkpt><trkpt lat="42.812787" lon="-7.663093"><ele>504.756</ele><time>2024-08-14T06:38:28.267Z</time></trkpt><trkpt lat="42.812782" lon="-7.663158"><ele>502.491</ele><time>2024-08-14T06:38:32.267Z</time></trkpt><trkpt lat="42.812790" lon="-7.663221"><ele>500.570</ele><time>2024-08-14T06:38:35.267Z</time></trkpt><trkpt lat="42.812762" lon="-7.663283"><ele>498.971</ele><time>2024-08-14T06:38:39.267Z</time></trkpt><trkpt lat="42.812719" lon="-7.663400"><ele>497.553</ele><time>2024-08-14T06:38:46.267Z</time></trkpt><trkpt lat="42.812742" lon="-7.663570"><ele>497.504</ele><time>2024-08-14T06:38:54.267Z</time></trkpt><trkpt lat="42.812759" lon="-7.663632"><ele>497.514</ele><time>2024-08-14T06:38:58.267Z</time></trkpt><trkpt lat="42.812761" lon="-7.663704"><ele>498.009</ele><time>2024-08-14T06:39:04.267Z</time></trkpt><trkpt lat="42.812763" lon="-7.663774"><ele>498.496</ele><time>2024-08-14T06:39:10.267Z</time></trkpt><trkpt lat="42.812783" lon="-7.663831"><ele>498.933</ele><time>2024-08-14T06:39:15.267Z</time></trkpt><trkpt lat="42.812830" lon="-7.663868"><ele>499.345</ele><time>2024-08-14T06:39:19.267Z</time></trkpt><trkpt lat="42.812863" lon="-7.663950"><ele>499.484</ele><time>2024-08-14T06:39:23.267Z</time></trkpt><trkpt lat="42.813063" lon="-7.664323"><ele>505.512</ele><time>2024-08-14T06:40:00.267Z</time></trkpt><trkpt lat="42.813123" lon="-7.664351"><ele>506.049</ele><time>2024-08-14T06:40:04.267Z</time></trkpt><trkpt lat="42.813170" lon="-7.664316"><ele>506.034</ele><time>2024-08-14T06:40:05.267Z</time></trkpt><trkpt lat="42.813217" lon="-7.664336"><ele>506.393</ele><time>2024-08-14T06:40:08.267Z</time></trkpt><trkpt lat="42.813272" lon="-7.664378"><ele>497.564</ele><time>2024-08-14T06:40:19.267Z</time></trkpt><trkpt lat="42.813324" lon="-7.664738"><ele>493.419</ele><time>2024-08-14T06:40:54.267Z</time></trkpt><trkpt lat="42.813352" lon="-7.664798"><ele>493.409</ele><time>2024-08-14T06:40:56.267Z</time></trkpt><trkpt lat="42.813535" lon="-7.664910"><ele>496.219</ele><time>2024-08-14T06:41:09.267Z</time></trkpt><trkpt lat="42.813545" lon="-7.664982"><ele>496.509</ele><time>2024-08-14T06:41:12.267Z</time></trkpt><trkpt lat="42.813588" lon="-7.665035"><ele>496.782</ele><time>2024-08-14T06:41:18.267Z</time></trkpt><trkpt lat="42.813625" lon="-7.665115"><ele>496.919</ele><time>2024-08-14T06:41:24.267Z</time></trkpt><trkpt lat="42.813670" lon="-7.665120"><ele>497.641</ele><time>2024-08-14T06:41:28.267Z</time></trkpt><trkpt lat="42.813690" lon="-7.665180"><ele>500.360</ele><time>2024-08-14T06:41:34.267Z</time></trkpt><trkpt lat="42.813730" lon="-7.665247"><ele>502.018</ele><time>2024-08-14T06:41:38.267Z</time></trkpt><trkpt lat="42.813722" lon="-7.665317"><ele>503.145</ele><time>2024-08-14T06:41:41.267Z</time></trkpt><trkpt lat="42.813714" lon="-7.665384"><ele>504.710</ele><time>2024-08-14T06:41:44.267Z</time></trkpt><trkpt lat="42.813711" lon="-7.665461"><ele>506.289</ele><time>2024-08-14T06:41:47.267Z</time></trkpt><trkpt lat="42.813741" lon="-7.665523"><ele>510.050</ele><time>2024-08-14T06:41:51.267Z</time></trkpt><trkpt lat="42.813786" lon="-7.665563"><ele>512.673</ele><time>2024-08-14T06:41:55.267Z</time></trkpt><trkpt lat="42.813828" lon="-7.665610"><ele>514.285</ele><time>2024-08-14T06:41:59.267Z</time></trkpt><trkpt lat="42.813858" lon="-7.665673"><ele>516.213</ele><time>2024-08-14T06:42:04.267Z</time></trkpt><trkpt lat="42.813876" lon="-7.665736"><ele>517.609</ele><time>2024-08-14T06:42:08.267Z</time></trkpt><trkpt lat="42.813911" lon="-7.665779"><ele>517.998</ele><time>2024-08-14T06:42:14.267Z</time></trkpt><trkpt lat="42.813934" lon="-7.665836"><ele>517.815</ele><time>2024-08-14T06:42:19.267Z</time></trkpt><trkpt lat="42.813957" lon="-7.665896"><ele>517.797</ele><time>2024-08-14T06:42:23.267Z</time></trkpt><trkpt lat="42.813965" lon="-7.665976"><ele>514.946</ele><time>2024-08-14T06:42:27.267Z</time></trkpt><trkpt lat="42.813948" lon="-7.666044"><ele>514.464</ele><time>2024-08-14T06:42:30.267Z</time></trkpt><trkpt lat="42.813965" lon="-7.666117"><ele>514.211</ele><time>2024-08-14T06:42:35.267Z</time></trkpt><trkpt lat="42.813988" lon="-7.666174"><ele>514.366</ele><time>2024-08-14T06:42:39.267Z</time></trkpt><trkpt lat="42.814020" lon="-7.666222"><ele>514.715</ele><time>2024-08-14T06:42:44.267Z</time></trkpt><trkpt lat="42.814060" lon="-7.666254"><ele>515.316</ele><time>2024-08-14T06:42:47.267Z</time></trkpt><trkpt lat="42.814117" lon="-7.666287"><ele>516.233</ele><time>2024-08-14T06:42:51.267Z</time></trkpt><trkpt lat="42.814174" lon="-7.666309"><ele>517.123</ele><time>2024-08-14T06:42:53.267Z</time></trkpt><trkpt lat="42.814194" lon="-7.666381"><ele>522.215</ele><time>2024-08-14T06:42:57.267Z</time></trkpt><trkpt lat="42.814196" lon="-7.666448"><ele>524.809</ele><time>2024-08-14T06:43:01.267Z</time></trkpt><trkpt lat="42.814236" lon="-7.666496"><ele>525.754</ele><time>2024-08-14T06:43:09.267Z</time></trkpt><trkpt lat="42.814264" lon="-7.666563"><ele>525.761</ele><time>2024-08-14T06:43:13.267Z</time></trkpt><trkpt lat="42.814309" lon="-7.666611"><ele>525.653</ele><time>2024-08-14T06:43:17.267Z</time></trkpt><trkpt lat="42.814324" lon="-7.666686"><ele>525.262</ele><time>2024-08-14T06:43:21.267Z</time></trkpt><trkpt lat="42.814369" lon="-7.666726"><ele>523.920</ele><time>2024-08-14T06:43:24.267Z</time></trkpt><trkpt lat="42.814401" lon="-7.666776"><ele>521.327</ele><time>2024-08-14T06:43:30.267Z</time></trkpt><trkpt lat="42.814438" lon="-7.666821"><ele>521.052</ele><time>2024-08-14T06:43:34.267Z</time></trkpt><trkpt lat="42.814470" lon="-7.666873"><ele>520.751</ele><time>2024-08-14T06:43:39.267Z</time></trkpt><trkpt lat="42.814480" lon="-7.666950"><ele>520.562</ele><time>2024-08-14T06:43:44.267Z</time></trkpt><trkpt lat="42.814498" lon="-7.667010"><ele>519.715</ele><time>2024-08-14T06:43:48.267Z</time></trkpt><trkpt lat="42.814525" lon="-7.667065"><ele>518.365</ele><time>2024-08-14T06:43:52.267Z</time></trkpt><trkpt lat="42.814540" lon="-7.667143"><ele>517.711</ele><time>2024-08-14T06:43:56.267Z</time></trkpt><trkpt lat="42.814553" lon="-7.667208"><ele>517.409</ele><time>2024-08-14T06:43:59.267Z</time></trkpt><trkpt lat="42.814581" lon="-7.667266"><ele>517.442</ele><time>2024-08-14T06:44:04.267Z</time></trkpt><trkpt lat="42.814598" lon="-7.667326"><ele>517.559</ele><time>2024-08-14T06:44:09.267Z</time></trkpt><trkpt lat="42.814628" lon="-7.667379"><ele>517.991</ele><time>2024-08-14T06:44:13.267Z</time></trkpt><trkpt lat="42.814671" lon="-7.667417"><ele>517.830</ele><time>2024-08-14T06:44:18.267Z</time></trkpt><trkpt lat="42.814696" lon="-7.667487"><ele>518.198</ele><time>2024-08-14T06:44:22.267Z</time></trkpt><trkpt lat="42.814729" lon="-7.667544"><ele>518.425</ele><time>2024-08-14T06:44:27.267Z</time></trkpt><trkpt lat="42.814742" lon="-7.667614"><ele>519.280</ele><time>2024-08-14T06:44:31.267Z</time></trkpt><trkpt lat="42.814739" lon="-7.667701"><ele>521.459</ele><time>2024-08-14T06:44:35.267Z</time></trkpt><trkpt lat="42.814756" lon="-7.667766"><ele>522.720</ele><time>2024-08-14T06:44:39.267Z</time></trkpt><trkpt lat="42.814804" lon="-7.667798"><ele>524.374</ele><time>2024-08-14T06:44:43.267Z</time></trkpt><trkpt lat="42.814824" lon="-7.667865"><ele>524.656</ele><time>2024-08-14T06:44:48.267Z</time></trkpt><trkpt lat="42.814846" lon="-7.667920"><ele>525.421</ele><time>2024-08-14T06:44:53.267Z</time></trkpt><trkpt lat="42.814851" lon="-7.667998"><ele>526.309</ele><time>2024-08-14T06:44:57.267Z</time></trkpt><trkpt lat="42.814873" lon="-7.668055"><ele>526.698</ele><time>2024-08-14T06:45:01.267Z</time></trkpt><trkpt lat="42.814886" lon="-7.668125"><ele>527.795</ele><time>2024-08-14T06:45:05.267Z</time></trkpt><trkpt lat="42.814909" lon="-7.668185"><ele>528.597</ele><time>2024-08-14T06:45:09.267Z</time></trkpt><trkpt lat="42.814932" lon="-7.668247"><ele>528.626</ele><time>2024-08-14T06:45:13.267Z</time></trkpt><trkpt lat="42.814935" lon="-7.668314"><ele>528.644</ele><time>2024-08-14T06:45:16.267Z</time></trkpt><trkpt lat="42.814948" lon="-7.668386"><ele>527.761</ele><time>2024-08-14T06:45:20.267Z</time></trkpt><trkpt lat="42.814946" lon="-7.668453"><ele>526.136</ele><time>2024-08-14T06:45:24.267Z</time></trkpt><trkpt lat="42.814949" lon="-7.668515"><ele>524.135</ele><time>2024-08-14T06:45:28.267Z</time></trkpt><trkpt lat="42.814964" lon="-7.668575"><ele>522.366</ele><time>2024-08-14T06:45:32.267Z</time></trkpt><trkpt lat="42.814999" lon="-7.668618"><ele>521.279</ele><time>2024-08-14T06:45:35.267Z</time></trkpt><trkpt lat="42.815039" lon="-7.668671"><ele>521.005</ele><time>2024-08-14T06:45:39.267Z</time></trkpt><trkpt lat="42.815081" lon="-7.668711"><ele>520.825</ele><time>2024-08-14T06:45:42.267Z</time></trkpt><trkpt lat="42.815124" lon="-7.668736"><ele>520.309</ele><time>2024-08-14T06:45:45.267Z</time></trkpt><trkpt lat="42.815146" lon="-7.668796"><ele>519.598</ele><time>2024-08-14T06:45:51.267Z</time></trkpt><trkpt lat="42.815164" lon="-7.668853"><ele>519.425</ele><time>2024-08-14T06:45:54.267Z</time></trkpt><trkpt lat="42.815207" lon="-7.668926"><ele>519.517</ele><time>2024-08-14T06:45:59.267Z</time></trkpt><trkpt lat="42.815240" lon="-7.668988"><ele>519.666</ele><time>2024-08-14T06:46:04.267Z</time></trkpt><trkpt lat="42.815242" lon="-7.669050"><ele>519.844</ele><time>2024-08-14T06:46:07.267Z</time></trkpt><trkpt lat="42.815259" lon="-7.669110"><ele>520.131</ele><time>2024-08-14T06:46:10.267Z</time></trkpt><trkpt lat="42.815282" lon="-7.669163"><ele>520.196</ele><time>2024-08-14T06:46:14.267Z</time></trkpt><trkpt lat="42.815285" lon="-7.669228"><ele>520.215</ele><time>2024-08-14T06:46:18.267Z</time></trkpt><trkpt lat="42.815328" lon="-7.669273"><ele>520.266</ele><time>2024-08-14T06:46:22.267Z</time></trkpt><trkpt lat="42.815338" lon="-7.669335"><ele>520.243</ele><time>2024-08-14T06:46:26.267Z</time></trkpt><trkpt lat="42.815356" lon="-7.669403"><ele>520.164</ele><time>2024-08-14T06:46:30.267Z</time></trkpt><trkpt lat="42.815366" lon="-7.669480"><ele>520.310</ele><time>2024-08-14T06:46:33.267Z</time></trkpt><trkpt lat="42.815366" lon="-7.669567"><ele>520.309</ele><time>2024-08-14T06:46:36.267Z</time></trkpt><trkpt lat="42.815364" lon="-7.669640"><ele>520.335</ele><time>2024-08-14T06:46:39.267Z</time></trkpt><trkpt lat="42.815386" lon="-7.669705"><ele>520.572</ele><time>2024-08-14T06:46:43.267Z</time></trkpt><trkpt lat="42.815419" lon="-7.669753"><ele>521.264</ele><time>2024-08-14T06:46:47.267Z</time></trkpt><trkpt lat="42.815474" lon="-7.669753"><ele>521.813</ele><time>2024-08-14T06:46:50.267Z</time></trkpt><trkpt lat="42.815509" lon="-7.669796"><ele>521.841</ele><time>2024-08-14T06:46:54.267Z</time></trkpt><trkpt lat="42.815554" lon="-7.669826"><ele>521.818</ele><time>2024-08-14T06:46:58.267Z</time></trkpt><trkpt lat="42.815621" lon="-7.669923"><ele>521.693</ele><time>2024-08-14T06:47:03.267Z</time></trkpt><trkpt lat="42.815729" lon="-7.670043"><ele>518.412</ele><time>2024-08-14T06:47:15.267Z</time></trkpt><trkpt lat="42.815757" lon="-7.670205"><ele>517.033</ele><time>2024-08-14T06:47:27.267Z</time></trkpt><trkpt lat="42.815689" lon="-7.670418"><ele>516.167</ele><time>2024-08-14T06:47:35.267Z</time></trkpt><trkpt lat="42.815722" lon="-7.670606"><ele>522.081</ele><time>2024-08-14T06:47:47.267Z</time></trkpt><trkpt lat="42.815692" lon="-7.670861"><ele>530.519</ele><time>2024-08-14T06:48:02.267Z</time></trkpt><trkpt lat="42.816092" lon="-7.671641"><ele>528.909</ele><time>2024-08-14T06:48:53.267Z</time></trkpt><trkpt lat="42.816145" lon="-7.672598"><ele>529.927</ele><time>2024-08-14T06:49:49.266Z</time></trkpt><trkpt lat="42.816253" lon="-7.673060"><ele>536.154</ele><time>2024-08-14T06:50:23.266Z</time></trkpt><trkpt lat="42.816208" lon="-7.673340"><ele>543.076</ele><time>2024-08-14T06:50:42.266Z</time></trkpt><trkpt lat="42.816288" lon="-7.673640"><ele>546.365</ele><time>2024-08-14T06:50:57.266Z</time></trkpt><trkpt lat="42.816336" lon="-7.673663"><ele>546.323</ele><time>2024-08-14T06:50:59.266Z</time></trkpt><trkpt lat="42.816353" lon="-7.673728"><ele>546.310</ele><time>2024-08-14T06:51:02.266Z</time></trkpt><trkpt lat="42.816345" lon="-7.673798"><ele>546.085</ele><time>2024-08-14T06:51:05.266Z</time></trkpt><trkpt lat="42.816320" lon="-7.673861"><ele>546.084</ele><time>2024-08-14T06:51:07.266Z</time></trkpt><trkpt lat="42.816342" lon="-7.673918"><ele>544.975</ele><time>2024-08-14T06:51:11.266Z</time></trkpt><trkpt lat="42.816352" lon="-7.673983"><ele>544.042</ele><time>2024-08-14T06:51:14.266Z</time></trkpt><trkpt lat="42.816394" lon="-7.674043"><ele>544.022</ele><time>2024-08-14T06:51:18.266Z</time></trkpt><trkpt lat="42.816409" lon="-7.674103"><ele>544.114</ele><time>2024-08-14T06:51:21.266Z</time></trkpt><trkpt lat="42.816437" lon="-7.674160"><ele>545.009</ele><time>2024-08-14T06:51:26.266Z</time></trkpt><trkpt lat="42.816462" lon="-7.674215"><ele>544.925</ele><time>2024-08-14T06:51:31.266Z</time></trkpt><trkpt lat="42.816505" lon="-7.674232"><ele>544.912</ele><time>2024-08-14T06:51:33.266Z</time></trkpt><trkpt lat="42.816545" lon="-7.674270"><ele>544.794</ele><time>2024-08-14T06:51:35.266Z</time></trkpt><trkpt lat="42.816592" lon="-7.674293"><ele>543.943</ele><time>2024-08-14T06:51:39.266Z</time></trkpt><trkpt lat="42.816625" lon="-7.674343"><ele>538.711</ele><time>2024-08-14T06:51:43.266Z</time></trkpt><trkpt lat="42.816658" lon="-7.674386"><ele>532.478</ele><time>2024-08-14T06:51:49.266Z</time></trkpt><trkpt lat="42.816690" lon="-7.674436"><ele>529.053</ele><time>2024-08-14T06:51:54.266Z</time></trkpt><trkpt lat="42.816732" lon="-7.674479"><ele>526.362</ele><time>2024-08-14T06:51:59.266Z</time></trkpt><trkpt lat="42.816765" lon="-7.674524"><ele>526.413</ele><time>2024-08-14T06:52:02.266Z</time></trkpt><trkpt lat="42.816808" lon="-7.674577"><ele>526.389</ele><time>2024-08-14T06:52:05.266Z</time></trkpt><trkpt lat="42.816846" lon="-7.674614"><ele>526.206</ele><time>2024-08-14T06:52:08.266Z</time></trkpt><trkpt lat="42.816888" lon="-7.674662"><ele>527.326</ele><time>2024-08-14T06:52:12.266Z</time></trkpt><trkpt lat="42.816921" lon="-7.674717"><ele>529.209</ele><time>2024-08-14T06:52:17.266Z</time></trkpt><trkpt lat="42.816964" lon="-7.674770"><ele>529.919</ele><time>2024-08-14T06:52:21.266Z</time></trkpt><trkpt lat="42.817006" lon="-7.674825"><ele>530.026</ele><time>2024-08-14T06:52:25.266Z</time></trkpt><trkpt lat="42.817056" lon="-7.674868"><ele>530.188</ele><time>2024-08-14T06:52:29.266Z</time></trkpt><trkpt lat="42.817096" lon="-7.674906"><ele>530.117</ele><time>2024-08-14T06:52:32.266Z</time></trkpt><trkpt lat="42.817138" lon="-7.674944"><ele>530.335</ele><time>2024-08-14T06:52:35.266Z</time></trkpt><trkpt lat="42.817183" lon="-7.674986"><ele>530.062</ele><time>2024-08-14T06:52:38.266Z</time></trkpt><trkpt lat="42.817230" lon="-7.675018"><ele>530.067</ele><time>2024-08-14T06:52:41.266Z</time></trkpt><trkpt lat="42.817278" lon="-7.675046"><ele>529.926</ele><time>2024-08-14T06:52:44.266Z</time></trkpt><trkpt lat="42.817326" lon="-7.675083"><ele>529.937</ele><time>2024-08-14T06:52:48.266Z</time></trkpt><trkpt lat="42.817368" lon="-7.675128"><ele>529.563</ele><time>2024-08-14T06:52:51.266Z</time></trkpt><trkpt lat="42.817410" lon="-7.675158"><ele>528.544</ele><time>2024-08-14T06:52:55.266Z</time></trkpt><trkpt lat="42.817458" lon="-7.675186"><ele>528.618</ele><time>2024-08-14T06:52:59.266Z</time></trkpt><trkpt lat="42.817508" lon="-7.675214"><ele>528.609</ele><time>2024-08-14T06:53:03.266Z</time></trkpt><trkpt lat="42.817560" lon="-7.675244"><ele>528.757</ele><time>2024-08-14T06:53:08.266Z</time></trkpt><trkpt lat="42.817597" lon="-7.675296"><ele>529.294</ele><time>2024-08-14T06:53:12.266Z</time></trkpt><trkpt lat="42.817637" lon="-7.675336"><ele>529.376</ele><time>2024-08-14T06:53:15.266Z</time></trkpt><trkpt lat="42.817677" lon="-7.675379"><ele>529.445</ele><time>2024-08-14T06:53:19.266Z</time></trkpt><trkpt lat="42.817724" lon="-7.675412"><ele>529.543</ele><time>2024-08-14T06:53:23.266Z</time></trkpt><trkpt lat="42.817779" lon="-7.675442"><ele>529.480</ele><time>2024-08-14T06:53:27.266Z</time></trkpt><trkpt lat="42.817826" lon="-7.675485"><ele>529.265</ele><time>2024-08-14T06:53:31.266Z</time></trkpt><trkpt lat="42.817876" lon="-7.675507"><ele>529.244</ele><time>2024-08-14T06:53:36.266Z</time></trkpt><trkpt lat="42.817933" lon="-7.675522"><ele>529.145</ele><time>2024-08-14T06:53:41.266Z</time></trkpt><trkpt lat="42.817990" lon="-7.675524"><ele>529.062</ele><time>2024-08-14T06:53:46.266Z</time></trkpt><trkpt lat="42.818045" lon="-7.675539"><ele>528.883</ele><time>2024-08-14T06:53:50.266Z</time></trkpt><trkpt lat="42.818097" lon="-7.675564"><ele>528.211</ele><time>2024-08-14T06:53:54.266Z</time></trkpt><trkpt lat="42.818127" lon="-7.675622"><ele>526.109</ele><time>2024-08-14T06:53:59.266Z</time></trkpt><trkpt lat="42.818380" lon="-7.675772"><ele>527.127</ele><time>2024-08-14T06:54:21.266Z</time></trkpt><trkpt lat="42.818417" lon="-7.675822"><ele>528.394</ele><time>2024-08-14T06:54:27.266Z</time></trkpt><trkpt lat="42.818460" lon="-7.675855"><ele>528.276</ele><time>2024-08-14T06:54:30.266Z</time></trkpt><trkpt lat="42.818502" lon="-7.675893"><ele>528.065</ele><time>2024-08-14T06:54:35.266Z</time></trkpt><trkpt lat="42.818542" lon="-7.675928"><ele>528.013</ele><time>2024-08-14T06:54:38.266Z</time></trkpt><trkpt lat="42.818595" lon="-7.675985"><ele>528.060</ele><time>2024-08-14T06:54:41.266Z</time></trkpt><trkpt lat="42.818633" lon="-7.676038"><ele>528.125</ele><time>2024-08-14T06:54:44.266Z</time></trkpt><trkpt lat="42.818673" lon="-7.676076"><ele>528.514</ele><time>2024-08-14T06:54:47.266Z</time></trkpt><trkpt lat="42.818710" lon="-7.676119"><ele>528.785</ele><time>2024-08-14T06:54:51.266Z</time></trkpt><trkpt lat="42.818750" lon="-7.676164"><ele>528.986</ele><time>2024-08-14T06:54:56.266Z</time></trkpt><trkpt lat="42.818798" lon="-7.676166"><ele>529.660</ele><time>2024-08-14T06:55:02.266Z</time></trkpt><trkpt lat="42.818840" lon="-7.676216"><ele>532.126</ele><time>2024-08-14T06:55:06.266Z</time></trkpt><trkpt lat="42.819002" lon="-7.676473"><ele>536.809</ele><time>2024-08-14T06:55:23.266Z</time></trkpt><trkpt lat="42.819047" lon="-7.676486"><ele>536.639</ele><time>2024-08-14T06:55:25.266Z</time></trkpt><trkpt lat="42.819099" lon="-7.676498"><ele>535.986</ele><time>2024-08-14T06:55:28.266Z</time></trkpt><trkpt lat="42.819146" lon="-7.676530"><ele>534.998</ele><time>2024-08-14T06:55:32.266Z</time></trkpt><trkpt lat="42.819184" lon="-7.676572"><ele>534.377</ele><time>2024-08-14T06:55:36.266Z</time></trkpt><trkpt lat="42.819232" lon="-7.676619"><ele>532.685</ele><time>2024-08-14T06:55:42.266Z</time></trkpt><trkpt lat="42.819254" lon="-7.676676"><ele>532.062</ele><time>2024-08-14T06:55:46.266Z</time></trkpt><trkpt lat="42.819216" lon="-7.676956"><ele>534.717</ele><time>2024-08-14T06:56:10.266Z</time></trkpt><trkpt lat="42.819194" lon="-7.677013"><ele>535.546</ele><time>2024-08-14T06:56:13.266Z</time></trkpt><trkpt lat="42.819187" lon="-7.677090"><ele>535.847</ele><time>2024-08-14T06:56:17.266Z</time></trkpt><trkpt lat="42.819267" lon="-7.676882"><ele>525.421</ele><time>2024-08-14T06:57:29.266Z</time></trkpt><trkpt lat="42.819284" lon="-7.676809"><ele>525.441</ele><time>2024-08-14T06:57:33.266Z</time></trkpt><trkpt lat="42.819292" lon="-7.676746"><ele>524.005</ele><time>2024-08-14T06:57:37.266Z</time></trkpt><trkpt lat="42.819340" lon="-7.676709"><ele>525.909</ele><time>2024-08-14T06:57:51.266Z</time></trkpt><trkpt lat="42.819377" lon="-7.676657"><ele>526.293</ele><time>2024-08-14T06:57:56.266Z</time></trkpt><trkpt lat="42.819422" lon="-7.676604"><ele>526.410</ele><time>2024-08-14T06:58:00.266Z</time></trkpt><trkpt lat="42.819375" lon="-7.676511"><ele>526.822</ele><time>2024-08-14T06:58:04.266Z</time></trkpt><trkpt lat="42.819337" lon="-7.676434"><ele>527.721</ele><time>2024-08-14T06:58:06.266Z</time></trkpt><trkpt lat="42.819384" lon="-7.676409"><ele>528.129</ele><time>2024-08-14T06:58:10.266Z</time></trkpt><trkpt lat="42.819472" lon="-7.676506"><ele>528.116</ele><time>2024-08-14T06:58:14.266Z</time></trkpt><trkpt lat="42.819514" lon="-7.676558"><ele>527.311</ele><time>2024-08-14T06:58:18.266Z</time></trkpt><trkpt lat="42.819611" lon="-7.676668"><ele>527.190</ele><time>2024-08-14T06:58:22.266Z</time></trkpt><trkpt lat="42.819646" lon="-7.676728"><ele>527.181</ele><time>2024-08-14T06:58:25.266Z</time></trkpt><trkpt lat="42.819688" lon="-7.676773"><ele>528.759</ele><time>2024-08-14T06:58:27.266Z</time></trkpt><trkpt lat="42.819728" lon="-7.676828"><ele>532.303</ele><time>2024-08-14T06:58:30.266Z</time></trkpt><trkpt lat="42.819768" lon="-7.676865"><ele>532.423</ele><time>2024-08-14T06:58:34.266Z</time></trkpt><trkpt lat="42.819816" lon="-7.676902"><ele>532.209</ele><time>2024-08-14T06:58:38.266Z</time></trkpt><trkpt lat="42.819839" lon="-7.676960"><ele>531.776</ele><time>2024-08-14T06:58:43.266Z</time></trkpt><trkpt lat="42.819864" lon="-7.677017"><ele>530.913</ele><time>2024-08-14T06:58:46.266Z</time></trkpt><trkpt lat="42.819889" lon="-7.677070"><ele>530.925</ele><time>2024-08-14T06:58:49.266Z</time></trkpt><trkpt lat="42.819921" lon="-7.677122"><ele>530.894</ele><time>2024-08-14T06:58:53.266Z</time></trkpt><trkpt lat="42.819954" lon="-7.677165"><ele>530.832</ele><time>2024-08-14T06:58:56.266Z</time></trkpt><trkpt lat="42.819999" lon="-7.677217"><ele>530.869</ele><time>2024-08-14T06:59:00.266Z</time></trkpt><trkpt lat="42.820039" lon="-7.677279"><ele>530.844</ele><time>2024-08-14T06:59:04.266Z</time></trkpt><trkpt lat="42.820044" lon="-7.677356"><ele>529.933</ele><time>2024-08-14T06:59:08.266Z</time></trkpt><trkpt lat="42.820062" lon="-7.677421"><ele>529.814</ele><time>2024-08-14T06:59:12.266Z</time></trkpt><trkpt lat="42.820092" lon="-7.677484"><ele>529.597</ele><time>2024-08-14T06:59:16.266Z</time></trkpt><trkpt lat="42.820144" lon="-7.677549"><ele>529.523</ele><time>2024-08-14T06:59:22.266Z</time></trkpt><trkpt lat="42.820169" lon="-7.677634"><ele>529.825</ele><time>2024-08-14T06:59:26.266Z</time></trkpt><trkpt lat="42.820177" lon="-7.677697"><ele>529.909</ele><time>2024-08-14T06:59:29.266Z</time></trkpt><trkpt lat="42.820174" lon="-7.677762"><ele>530.320</ele><time>2024-08-14T06:59:32.266Z</time></trkpt><trkpt lat="42.820189" lon="-7.677834"><ele>531.247</ele><time>2024-08-14T06:59:34.266Z</time></trkpt><trkpt lat="42.820214" lon="-7.677906"><ele>531.929</ele><time>2024-08-14T06:59:39.266Z</time></trkpt><trkpt lat="42.820246" lon="-7.677953"><ele>531.958</ele><time>2024-08-14T06:59:42.266Z</time></trkpt><trkpt lat="42.820284" lon="-7.678045"><ele>529.496</ele><time>2024-08-14T06:59:49.266Z</time></trkpt><trkpt lat="42.820596" lon="-7.678358"><ele>517.253</ele><time>2024-08-14T07:00:20.266Z</time></trkpt><trkpt lat="42.820636" lon="-7.678450"><ele>517.378</ele><time>2024-08-14T07:00:22.266Z</time></trkpt><trkpt lat="42.820698" lon="-7.678523"><ele>518.337</ele><time>2024-08-14T07:00:24.266Z</time></trkpt><trkpt lat="42.820743" lon="-7.678571"><ele>518.688</ele><time>2024-08-14T07:00:25.266Z</time></trkpt><trkpt lat="42.820816" lon="-7.678623"><ele>519.243</ele><time>2024-08-14T07:00:27.266Z</time></trkpt><trkpt lat="42.820851" lon="-7.678688"><ele>519.864</ele><time>2024-08-14T07:00:29.266Z</time></trkpt><trkpt lat="42.820884" lon="-7.678730"><ele>520.410</ele><time>2024-08-14T07:00:30.266Z</time></trkpt><trkpt lat="42.820942" lon="-7.678797"><ele>520.909</ele><time>2024-08-14T07:00:31.266Z</time></trkpt><trkpt lat="42.820959" lon="-7.678887"><ele>521.475</ele><time>2024-08-14T07:00:32.266Z</time></trkpt><trkpt lat="42.820959" lon="-7.678975"><ele>521.942</ele><time>2024-08-14T07:00:33.266Z</time></trkpt><trkpt lat="42.820882" lon="-7.678750"><ele>523.694</ele><time>2024-08-14T07:00:36.266Z</time></trkpt><trkpt lat="42.820860" lon="-7.678682"><ele>524.093</ele><time>2024-08-14T07:00:37.266Z</time></trkpt><trkpt lat="42.820790" lon="-7.678637"><ele>523.831</ele><time>2024-08-14T07:00:38.266Z</time></trkpt><trkpt lat="42.820827" lon="-7.678674"><ele>522.188</ele><time>2024-08-14T07:00:45.266Z</time></trkpt><trkpt lat="42.820879" lon="-7.678684"><ele>521.223</ele><time>2024-08-14T07:00:49.266Z</time></trkpt><trkpt lat="42.820899" lon="-7.678756"><ele>520.942</ele><time>2024-08-14T07:00:51.266Z</time></trkpt><trkpt lat="42.820916" lon="-7.678816"><ele>520.883</ele><time>2024-08-14T07:00:53.266Z</time></trkpt><trkpt lat="42.820938" lon="-7.678876"><ele>518.983</ele><time>2024-08-14T07:00:56.266Z</time></trkpt><trkpt lat="42.820943" lon="-7.678941"><ele>518.925</ele><time>2024-08-14T07:01:00.266Z</time></trkpt><trkpt lat="42.820975" lon="-7.678994"><ele>519.117</ele><time>2024-08-14T07:01:03.266Z</time></trkpt><trkpt lat="42.821007" lon="-7.679064"><ele>520.809</ele><time>2024-08-14T07:01:07.266Z</time></trkpt><trkpt lat="42.821047" lon="-7.679107"><ele>521.929</ele><time>2024-08-14T07:01:11.266Z</time></trkpt><trkpt lat="42.821099" lon="-7.679129"><ele>525.636</ele><time>2024-08-14T07:01:16.266Z</time></trkpt><trkpt lat="42.821114" lon="-7.679201"><ele>526.698</ele><time>2024-08-14T07:01:19.266Z</time></trkpt><trkpt lat="42.821121" lon="-7.679273"><ele>527.047</ele><time>2024-08-14T07:01:21.266Z</time></trkpt><trkpt lat="42.821106" lon="-7.679356"><ele>528.115</ele><time>2024-08-14T07:01:24.266Z</time></trkpt><trkpt lat="42.821081" lon="-7.679421"><ele>528.682</ele><time>2024-08-14T07:01:28.266Z</time></trkpt><trkpt lat="42.821073" lon="-7.679488"><ele>530.497</ele><time>2024-08-14T07:01:31.266Z</time></trkpt><trkpt lat="42.821083" lon="-7.679561"><ele>532.686</ele><time>2024-08-14T07:01:35.266Z</time></trkpt><trkpt lat="42.821093" lon="-7.679629"><ele>534.147</ele><time>2024-08-14T07:01:40.266Z</time></trkpt><trkpt lat="42.821081" lon="-7.679692"><ele>535.365</ele><time>2024-08-14T07:01:43.266Z</time></trkpt><trkpt lat="42.821094" lon="-7.679755"><ele>535.568</ele><time>2024-08-14T07:01:46.266Z</time></trkpt><trkpt lat="42.821111" lon="-7.679827"><ele>536.914</ele><time>2024-08-14T07:01:50.266Z</time></trkpt><trkpt lat="42.821114" lon="-7.679902"><ele>538.009</ele><time>2024-08-14T07:01:54.266Z</time></trkpt><trkpt lat="42.821127" lon="-7.679975"><ele>538.587</ele><time>2024-08-14T07:01:58.266Z</time></trkpt><trkpt lat="42.821120" lon="-7.680048"><ele>539.014</ele><time>2024-08-14T07:02:02.266Z</time></trkpt><trkpt lat="42.821125" lon="-7.680115"><ele>538.926</ele><time>2024-08-14T07:02:06.266Z</time></trkpt><trkpt lat="42.821147" lon="-7.680177"><ele>538.725</ele><time>2024-08-14T07:02:10.266Z</time></trkpt><trkpt lat="42.821182" lon="-7.680232"><ele>538.143</ele><time>2024-08-14T07:02:14.266Z</time></trkpt><trkpt lat="42.821200" lon="-7.680309"><ele>537.150</ele><time>2024-08-14T07:02:18.266Z</time></trkpt><trkpt lat="42.821217" lon="-7.680372"><ele>535.935</ele><time>2024-08-14T07:02:22.266Z</time></trkpt><trkpt lat="42.821249" lon="-7.680429"><ele>535.154</ele><time>2024-08-14T07:02:26.266Z</time></trkpt><trkpt lat="42.821259" lon="-7.680506"><ele>533.685</ele><time>2024-08-14T07:02:31.266Z</time></trkpt><trkpt lat="42.821266" lon="-7.680571"><ele>533.142</ele><time>2024-08-14T07:02:35.266Z</time></trkpt><trkpt lat="42.821266" lon="-7.680639"><ele>532.822</ele><time>2024-08-14T07:02:38.266Z</time></trkpt><trkpt lat="42.821294" lon="-7.680697"><ele>532.514</ele><time>2024-08-14T07:02:42.266Z</time></trkpt><trkpt lat="42.821317" lon="-7.680752"><ele>532.409</ele><time>2024-08-14T07:02:47.266Z</time></trkpt><trkpt lat="42.821320" lon="-7.680815"><ele>532.455</ele><time>2024-08-14T07:02:51.266Z</time></trkpt><trkpt lat="42.821325" lon="-7.680893"><ele>531.842</ele><time>2024-08-14T07:02:55.266Z</time></trkpt><trkpt lat="42.821332" lon="-7.680960"><ele>531.784</ele><time>2024-08-14T07:02:58.266Z</time></trkpt><trkpt lat="42.821317" lon="-7.681033"><ele>531.673</ele><time>2024-08-14T07:03:01.266Z</time></trkpt><trkpt lat="42.821312" lon="-7.681111"><ele>529.211</ele><time>2024-08-14T07:03:05.266Z</time></trkpt><trkpt lat="42.821300" lon="-7.681276"><ele>529.178</ele><time>2024-08-14T07:03:15.266Z</time></trkpt><trkpt lat="42.821320" lon="-7.681341"><ele>529.153</ele><time>2024-08-14T07:03:19.266Z</time></trkpt><trkpt lat="42.821365" lon="-7.681394"><ele>529.132</ele><time>2024-08-14T07:03:22.266Z</time></trkpt><trkpt lat="42.821390" lon="-7.681482"><ele>527.773</ele><time>2024-08-14T07:03:25.266Z</time></trkpt><trkpt lat="42.821405" lon="-7.681572"><ele>524.361</ele><time>2024-08-14T07:03:30.266Z</time></trkpt><trkpt lat="42.821418" lon="-7.681642"><ele>522.721</ele><time>2024-08-14T07:03:33.266Z</time></trkpt><trkpt lat="42.821428" lon="-7.681722"><ele>522.513</ele><time>2024-08-14T07:03:36.266Z</time></trkpt><trkpt lat="42.821418" lon="-7.681812"><ele>522.209</ele><time>2024-08-14T07:03:42.266Z</time></trkpt><trkpt lat="42.821383" lon="-7.681865"><ele>521.827</ele><time>2024-08-14T07:03:45.266Z</time></trkpt><trkpt lat="42.821365" lon="-7.681923"><ele>520.984</ele><time>2024-08-14T07:03:49.266Z</time></trkpt><trkpt lat="42.821400" lon="-7.681988"><ele>520.156</ele><time>2024-08-14T07:03:52.266Z</time></trkpt><trkpt lat="42.821433" lon="-7.682046"><ele>519.745</ele><time>2024-08-14T07:03:55.266Z</time></trkpt><trkpt lat="42.821468" lon="-7.682093"><ele>519.633</ele><time>2024-08-14T07:03:57.266Z</time></trkpt><trkpt lat="42.821483" lon="-7.682158"><ele>519.410</ele><time>2024-08-14T07:04:00.266Z</time></trkpt><trkpt lat="42.821543" lon="-7.682195"><ele>519.285</ele><time>2024-08-14T07:04:04.266Z</time></trkpt><trkpt lat="42.821561" lon="-7.682263"><ele>519.384</ele><time>2024-08-14T07:04:13.266Z</time></trkpt><trkpt lat="42.821563" lon="-7.682331"><ele>519.315</ele><time>2024-08-14T07:04:15.266Z</time></trkpt><trkpt lat="42.821530" lon="-7.682414"><ele>519.529</ele><time>2024-08-14T07:04:18.266Z</time></trkpt><trkpt lat="42.821460" lon="-7.682501"><ele>520.000</ele><time>2024-08-14T07:04:23.266Z</time></trkpt><trkpt lat="42.821518" lon="-7.682523"><ele>523.920</ele><time>2024-08-14T07:04:27.267Z</time></trkpt><trkpt lat="42.821573" lon="-7.682585"><ele>523.909</ele><time>2024-08-14T07:04:30.267Z</time></trkpt><trkpt lat="42.821643" lon="-7.682607"><ele>523.923</ele><time>2024-08-14T07:04:32.267Z</time></trkpt><trkpt lat="42.821610" lon="-7.682692"><ele>520.550</ele><time>2024-08-14T07:04:36.267Z</time></trkpt><trkpt lat="42.821573" lon="-7.682737"><ele>519.792</ele><time>2024-08-14T07:04:38.267Z</time></trkpt><trkpt lat="42.821521" lon="-7.682750"><ele>518.871</ele><time>2024-08-14T07:04:41.267Z</time></trkpt><trkpt lat="42.821499" lon="-7.682807"><ele>518.219</ele><time>2024-08-14T07:04:43.267Z</time></trkpt><trkpt lat="42.821547" lon="-7.682865"><ele>516.276</ele><time>2024-08-14T07:04:46.267Z</time></trkpt><trkpt lat="42.821534" lon="-7.682942"><ele>517.061</ele><time>2024-08-14T07:04:51.267Z</time></trkpt><trkpt lat="42.821509" lon="-7.683005"><ele>517.070</ele><time>2024-08-14T07:04:55.267Z</time></trkpt><trkpt lat="42.821474" lon="-7.683050"><ele>517.281</ele><time>2024-08-14T07:04:57.267Z</time></trkpt><trkpt lat="42.821436" lon="-7.683123"><ele>517.569</ele><time>2024-08-14T07:05:01.267Z</time></trkpt><trkpt lat="42.821414" lon="-7.683183"><ele>517.504</ele><time>2024-08-14T07:05:04.267Z</time></trkpt><trkpt lat="42.821442" lon="-7.683265"><ele>517.624</ele><time>2024-08-14T07:05:07.267Z</time></trkpt><trkpt lat="42.821497" lon="-7.683328"><ele>517.709</ele><time>2024-08-14T07:05:12.267Z</time></trkpt><trkpt lat="42.821547" lon="-7.683395"><ele>517.997</ele><time>2024-08-14T07:05:15.267Z</time></trkpt><trkpt lat="42.821617" lon="-7.683432"><ele>518.314</ele><time>2024-08-14T07:05:17.267Z</time></trkpt><trkpt lat="42.821644" lon="-7.683502"><ele>519.056</ele><time>2024-08-14T07:05:19.267Z</time></trkpt><trkpt lat="42.821721" lon="-7.683524"><ele>519.895</ele><time>2024-08-14T07:05:21.267Z</time></trkpt><trkpt lat="42.821726" lon="-7.683596"><ele>521.743</ele><time>2024-08-14T07:05:25.267Z</time></trkpt><trkpt lat="42.821773" lon="-7.683689"><ele>523.760</ele><time>2024-08-14T07:05:32.267Z</time></trkpt><trkpt lat="42.821775" lon="-7.683762"><ele>524.945</ele><time>2024-08-14T07:05:35.267Z</time></trkpt><trkpt lat="42.821815" lon="-7.683839"><ele>525.644</ele><time>2024-08-14T07:05:37.267Z</time></trkpt><trkpt lat="42.821843" lon="-7.683919"><ele>525.945</ele><time>2024-08-14T07:05:39.267Z</time></trkpt><trkpt lat="42.821843" lon="-7.683987"><ele>527.127</ele><time>2024-08-14T07:05:41.267Z</time></trkpt><trkpt lat="42.821828" lon="-7.684057"><ele>528.368</ele><time>2024-08-14T07:05:43.267Z</time></trkpt><trkpt lat="42.821795" lon="-7.684119"><ele>529.114</ele><time>2024-08-14T07:05:51.267Z</time></trkpt><trkpt lat="42.821810" lon="-7.684191"><ele>529.309</ele><time>2024-08-14T07:05:58.267Z</time></trkpt><trkpt lat="42.821807" lon="-7.684253"><ele>529.783</ele><time>2024-08-14T07:06:01.267Z</time></trkpt><trkpt lat="42.821850" lon="-7.684311"><ele>530.050</ele><time>2024-08-14T07:06:04.267Z</time></trkpt><trkpt lat="42.821848" lon="-7.684389"><ele>529.922</ele><time>2024-08-14T07:06:08.267Z</time></trkpt><trkpt lat="42.821825" lon="-7.684461"><ele>530.111</ele><time>2024-08-14T07:06:12.267Z</time></trkpt><trkpt lat="42.821798" lon="-7.684513"><ele>529.199</ele><time>2024-08-14T07:06:15.267Z</time></trkpt><trkpt lat="42.821801" lon="-7.684578"><ele>529.186</ele><time>2024-08-14T07:06:18.267Z</time></trkpt><trkpt lat="42.821824" lon="-7.684641"><ele>529.151</ele><time>2024-08-14T07:06:21.267Z</time></trkpt><trkpt lat="42.821872" lon="-7.684686"><ele>529.430</ele><time>2024-08-14T07:06:24.267Z</time></trkpt><trkpt lat="42.821912" lon="-7.684719"><ele>530.731</ele><time>2024-08-14T07:06:27.267Z</time></trkpt><trkpt lat="42.821952" lon="-7.684749"><ele>530.653</ele><time>2024-08-14T07:06:29.267Z</time></trkpt><trkpt lat="42.821929" lon="-7.684834"><ele>530.704</ele><time>2024-08-14T07:06:33.267Z</time></trkpt><trkpt lat="42.821906" lon="-7.684909"><ele>530.714</ele><time>2024-08-14T07:06:36.267Z</time></trkpt><trkpt lat="42.821878" lon="-7.684977"><ele>530.609</ele><time>2024-08-14T07:06:42.267Z</time></trkpt><trkpt lat="42.821890" lon="-7.685067"><ele>530.436</ele><time>2024-08-14T07:06:47.267Z</time></trkpt><trkpt lat="42.821918" lon="-7.685140"><ele>530.543</ele><time>2024-08-14T07:06:50.267Z</time></trkpt><trkpt lat="42.821950" lon="-7.685210"><ele>530.165</ele><time>2024-08-14T07:06:53.267Z</time></trkpt><trkpt lat="42.821987" lon="-7.685247"><ele>529.464</ele><time>2024-08-14T07:06:55.267Z</time></trkpt><trkpt lat="42.822020" lon="-7.685299"><ele>528.942</ele><time>2024-08-14T07:06:59.267Z</time></trkpt><trkpt lat="42.822025" lon="-7.685364"><ele>528.779</ele><time>2024-08-14T07:07:03.267Z</time></trkpt><trkpt lat="42.822057" lon="-7.685521"><ele>528.354</ele><time>2024-08-14T07:07:14.267Z</time></trkpt><trkpt lat="42.822079" lon="-7.685599"><ele>527.883</ele><time>2024-08-14T07:07:17.267Z</time></trkpt><trkpt lat="42.822086" lon="-7.685664"><ele>527.524</ele><time>2024-08-14T07:07:20.267Z</time></trkpt><trkpt lat="42.822113" lon="-7.685722"><ele>527.594</ele><time>2024-08-14T07:07:27.267Z</time></trkpt><trkpt lat="42.822050" lon="-7.685932"><ele>526.557</ele><time>2024-08-14T07:07:36.267Z</time></trkpt><trkpt lat="42.822075" lon="-7.686022"><ele>526.222</ele><time>2024-08-14T07:07:42.267Z</time></trkpt><trkpt lat="42.822083" lon="-7.686090"><ele>526.109</ele><time>2024-08-14T07:07:44.267Z</time></trkpt><trkpt lat="42.822131" lon="-7.686153"><ele>524.870</ele><time>2024-08-14T07:07:47.267Z</time></trkpt><trkpt lat="42.822158" lon="-7.686206"><ele>524.997</ele><time>2024-08-14T07:07:49.267Z</time></trkpt><trkpt lat="42.822168" lon="-7.686271"><ele>524.999</ele><time>2024-08-14T07:07:51.267Z</time></trkpt><trkpt lat="42.822203" lon="-7.686313"><ele>525.938</ele><time>2024-08-14T07:07:54.267Z</time></trkpt><trkpt lat="42.822256" lon="-7.686321"><ele>526.066</ele><time>2024-08-14T07:07:56.267Z</time></trkpt><trkpt lat="42.822329" lon="-7.686476"><ele>526.233</ele><time>2024-08-14T07:08:12.267Z</time></trkpt><trkpt lat="42.822336" lon="-7.686539"><ele>526.218</ele><time>2024-08-14T07:08:16.267Z</time></trkpt><trkpt lat="42.822376" lon="-7.686587"><ele>526.267</ele><time>2024-08-14T07:08:19.267Z</time></trkpt><trkpt lat="42.822418" lon="-7.686625"><ele>526.148</ele><time>2024-08-14T07:08:22.267Z</time></trkpt><trkpt lat="42.822470" lon="-7.686677"><ele>521.823</ele><time>2024-08-14T07:08:26.267Z</time></trkpt><trkpt lat="42.822468" lon="-7.686747"><ele>521.283</ele><time>2024-08-14T07:08:29.267Z</time></trkpt><trkpt lat="42.822481" lon="-7.686807"><ele>520.411</ele><time>2024-08-14T07:08:32.267Z</time></trkpt><trkpt lat="42.822506" lon="-7.686882"><ele>520.409</ele><time>2024-08-14T07:08:35.267Z</time></trkpt><trkpt lat="42.822561" lon="-7.686924"><ele>520.493</ele><time>2024-08-14T07:08:37.267Z</time></trkpt><trkpt lat="42.822621" lon="-7.686977"><ele>520.630</ele><time>2024-08-14T07:08:39.267Z</time></trkpt><trkpt lat="42.822659" lon="-7.687029"><ele>521.322</ele><time>2024-08-14T07:08:41.267Z</time></trkpt><trkpt lat="42.822687" lon="-7.687086"><ele>521.741</ele><time>2024-08-14T07:08:45.267Z</time></trkpt><trkpt lat="42.822714" lon="-7.687141"><ele>521.939</ele><time>2024-08-14T07:08:49.267Z</time></trkpt><trkpt lat="42.822694" lon="-7.687219"><ele>522.096</ele><time>2024-08-14T07:08:55.267Z</time></trkpt><trkpt lat="42.822674" lon="-7.687291"><ele>522.791</ele><time>2024-08-14T07:08:58.267Z</time></trkpt><trkpt lat="42.822741" lon="-7.687373"><ele>523.660</ele><time>2024-08-14T07:09:06.267Z</time></trkpt><trkpt lat="42.822793" lon="-7.687451"><ele>523.681</ele><time>2024-08-14T07:09:13.267Z</time></trkpt><trkpt lat="42.822831" lon="-7.687508"><ele>523.253</ele><time>2024-08-14T07:09:16.267Z</time></trkpt><trkpt lat="42.822864" lon="-7.687588"><ele>520.604</ele><time>2024-08-14T07:09:20.267Z</time></trkpt><trkpt lat="42.822882" lon="-7.687658"><ele>518.614</ele><time>2024-08-14T07:09:23.267Z</time></trkpt><trkpt lat="42.822925" lon="-7.687693"><ele>516.309</ele><time>2024-08-14T07:09:26.267Z</time></trkpt><trkpt lat="42.822970" lon="-7.687715"><ele>514.796</ele><time>2024-08-14T07:09:29.267Z</time></trkpt><trkpt lat="42.823045" lon="-7.687733"><ele>514.363</ele><time>2024-08-14T07:09:32.267Z</time></trkpt><trkpt lat="42.823098" lon="-7.687748"><ele>513.165</ele><time>2024-08-14T07:09:34.267Z</time></trkpt><trkpt lat="42.823155" lon="-7.687758"><ele>512.614</ele><time>2024-08-14T07:09:37.267Z</time></trkpt><trkpt lat="42.823183" lon="-7.687810"><ele>512.682</ele><time>2024-08-14T07:09:40.267Z</time></trkpt><trkpt lat="42.823208" lon="-7.687865"><ele>513.049</ele><time>2024-08-14T07:09:44.267Z</time></trkpt><trkpt lat="42.823251" lon="-7.687920"><ele>514.144</ele><time>2024-08-14T07:09:47.267Z</time></trkpt><trkpt lat="42.823269" lon="-7.687987"><ele>514.993</ele><time>2024-08-14T07:09:50.267Z</time></trkpt><trkpt lat="42.823292" lon="-7.688042"><ele>516.014</ele><time>2024-08-14T07:09:53.267Z</time></trkpt><trkpt lat="42.823367" lon="-7.688072"><ele>517.919</ele><time>2024-08-14T07:09:57.267Z</time></trkpt><trkpt lat="42.823412" lon="-7.688164"><ele>522.509</ele><time>2024-08-14T07:10:06.267Z</time></trkpt><trkpt lat="42.823420" lon="-7.688242"><ele>523.219</ele><time>2024-08-14T07:10:09.267Z</time></trkpt><trkpt lat="42.823398" lon="-7.688317"><ele>523.409</ele><time>2024-08-14T07:10:12.267Z</time></trkpt><trkpt lat="42.823378" lon="-7.688389"><ele>524.272</ele><time>2024-08-14T07:10:15.267Z</time></trkpt><trkpt lat="42.823403" lon="-7.688451"><ele>524.489</ele><time>2024-08-14T07:10:18.267Z</time></trkpt><trkpt lat="42.823406" lon="-7.688521"><ele>524.751</ele><time>2024-08-14T07:10:21.267Z</time></trkpt><trkpt lat="42.823411" lon="-7.688589"><ele>524.720</ele><time>2024-08-14T07:10:26.267Z</time></trkpt><trkpt lat="42.823463" lon="-7.688611"><ele>524.778</ele><time>2024-08-14T07:10:29.267Z</time></trkpt><trkpt lat="42.823515" lon="-7.688701"><ele>524.355</ele><time>2024-08-14T07:10:34.267Z</time></trkpt><trkpt lat="42.823533" lon="-7.688776"><ele>523.220</ele><time>2024-08-14T07:10:40.267Z</time></trkpt><trkpt lat="42.823551" lon="-7.688841"><ele>522.119</ele><time>2024-08-14T07:10:44.267Z</time></trkpt><trkpt lat="42.823609" lon="-7.688876"><ele>521.070</ele><time>2024-08-14T07:10:47.267Z</time></trkpt><trkpt lat="42.823614" lon="-7.688961"><ele>521.082</ele><time>2024-08-14T07:10:48.267Z</time></trkpt><trkpt lat="42.823689" lon="-7.689036"><ele>520.443</ele><time>2024-08-14T07:11:01.267Z</time></trkpt><trkpt lat="42.823717" lon="-7.689123"><ele>520.417</ele><time>2024-08-14T07:11:03.267Z</time></trkpt><trkpt lat="42.823755" lon="-7.689311"><ele>517.709</ele><time>2024-08-14T07:11:17.267Z</time></trkpt><trkpt lat="42.823762" lon="-7.689376"><ele>517.799</ele><time>2024-08-14T07:11:20.267Z</time></trkpt><trkpt lat="42.823789" lon="-7.689436"><ele>517.586</ele><time>2024-08-14T07:11:22.267Z</time></trkpt><trkpt lat="42.823816" lon="-7.689496"><ele>517.558</ele><time>2024-08-14T07:11:24.267Z</time></trkpt><trkpt lat="42.823876" lon="-7.689526"><ele>516.547</ele><time>2024-08-14T07:11:26.267Z</time></trkpt><trkpt lat="42.823933" lon="-7.689523"><ele>516.375</ele><time>2024-08-14T07:11:28.267Z</time></trkpt><trkpt lat="42.823818" lon="-7.689530"><ele>516.272</ele><time>2024-08-14T07:11:29.267Z</time></trkpt><trkpt lat="42.823863" lon="-7.689550"><ele>515.717</ele><time>2024-08-14T07:11:31.267Z</time></trkpt><trkpt lat="42.823898" lon="-7.689595"><ele>515.686</ele><time>2024-08-14T07:11:34.267Z</time></trkpt><trkpt lat="42.823893" lon="-7.689657"><ele>515.667</ele><time>2024-08-14T07:11:37.267Z</time></trkpt><trkpt lat="42.823880" lon="-7.689717"><ele>516.718</ele><time>2024-08-14T07:11:39.267Z</time></trkpt><trkpt lat="42.823922" lon="-7.689764"><ele>517.498</ele><time>2024-08-14T07:11:41.267Z</time></trkpt><trkpt lat="42.824004" lon="-7.689761"><ele>518.217</ele><time>2024-08-14T07:11:43.267Z</time></trkpt><trkpt lat="42.824049" lon="-7.689813"><ele>519.509</ele><time>2024-08-14T07:11:45.267Z</time></trkpt><trkpt lat="42.824011" lon="-7.689871"><ele>524.312</ele><time>2024-08-14T07:11:47.267Z</time></trkpt><trkpt lat="42.824063" lon="-7.689928"><ele>525.659</ele><time>2024-08-14T07:11:50.267Z</time></trkpt><trkpt lat="42.824118" lon="-7.689973"><ele>526.711</ele><time>2024-08-14T07:11:52.267Z</time></trkpt><trkpt lat="42.824186" lon="-7.689923"><ele>527.060</ele><time>2024-08-14T07:11:53.267Z</time></trkpt><trkpt lat="42.824231" lon="-7.689946"><ele>527.878</ele><time>2024-08-14T07:11:55.267Z</time></trkpt><trkpt lat="42.824284" lon="-7.689961"><ele>528.585</ele><time>2024-08-14T07:11:57.267Z</time></trkpt><trkpt lat="42.824331" lon="-7.689993"><ele>528.910</ele><time>2024-08-14T07:12:00.267Z</time></trkpt><trkpt lat="42.824378" lon="-7.690030"><ele>529.189</ele><time>2024-08-14T07:12:04.267Z</time></trkpt><trkpt lat="42.824343" lon="-7.690102"><ele>530.280</ele><time>2024-08-14T07:12:08.267Z</time></trkpt><trkpt lat="42.824330" lon="-7.690162"><ele>531.854</ele><time>2024-08-14T07:12:15.267Z</time></trkpt><trkpt lat="42.824333" lon="-7.690239"><ele>531.756</ele><time>2024-08-14T07:12:21.267Z</time></trkpt><trkpt lat="42.824370" lon="-7.690297"><ele>531.111</ele><time>2024-08-14T07:12:25.267Z</time></trkpt><trkpt lat="42.824415" lon="-7.690344"><ele>529.709</ele><time>2024-08-14T07:12:30.267Z</time></trkpt><trkpt lat="42.824447" lon="-7.690416"><ele>528.216</ele><time>2024-08-14T07:12:35.267Z</time></trkpt><trkpt lat="42.824457" lon="-7.690476"><ele>526.763</ele><time>2024-08-14T07:12:37.267Z</time></trkpt><trkpt lat="42.824535" lon="-7.690483"><ele>525.025</ele><time>2024-08-14T07:12:42.267Z</time></trkpt><trkpt lat="42.824590" lon="-7.690520"><ele>524.794</ele><time>2024-08-14T07:12:45.267Z</time></trkpt><trkpt lat="42.824627" lon="-7.690577"><ele>524.862</ele><time>2024-08-14T07:12:49.267Z</time></trkpt><trkpt lat="42.824657" lon="-7.690635"><ele>525.399</ele><time>2024-08-14T07:12:56.267Z</time></trkpt><trkpt lat="42.824657" lon="-7.690708"><ele>525.814</ele><time>2024-08-14T07:12:59.267Z</time></trkpt><trkpt lat="42.824672" lon="-7.690771"><ele>526.113</ele><time>2024-08-14T07:13:02.267Z</time></trkpt><trkpt lat="42.824687" lon="-7.690838"><ele>526.424</ele><time>2024-08-14T07:13:05.267Z</time></trkpt><trkpt lat="42.824710" lon="-7.690905"><ele>526.856</ele><time>2024-08-14T07:13:09.267Z</time></trkpt><trkpt lat="42.824725" lon="-7.690973"><ele>526.959</ele><time>2024-08-14T07:13:13.267Z</time></trkpt><trkpt lat="42.824752" lon="-7.691025"><ele>527.014</ele><time>2024-08-14T07:13:16.267Z</time></trkpt><trkpt lat="42.824750" lon="-7.691087"><ele>528.109</ele><time>2024-08-14T07:13:19.267Z</time></trkpt><trkpt lat="42.824740" lon="-7.691162"><ele>529.726</ele><time>2024-08-14T07:13:22.267Z</time></trkpt><trkpt lat="42.824738" lon="-7.691242"><ele>530.683</ele><time>2024-08-14T07:13:25.267Z</time></trkpt><trkpt lat="42.824761" lon="-7.691305"><ele>531.075</ele><time>2024-08-14T07:13:29.267Z</time></trkpt><trkpt lat="42.824798" lon="-7.691355"><ele>531.024</ele><time>2024-08-14T07:13:33.267Z</time></trkpt><trkpt lat="42.824831" lon="-7.691425"><ele>530.742</ele><time>2024-08-14T07:13:37.267Z</time></trkpt><trkpt lat="42.824868" lon="-7.691487"><ele>530.039</ele><time>2024-08-14T07:13:40.267Z</time></trkpt><trkpt lat="42.824928" lon="-7.691529"><ele>525.634</ele><time>2024-08-14T07:13:47.267Z</time></trkpt><trkpt lat="42.824970" lon="-7.691592"><ele>521.653</ele><time>2024-08-14T07:13:51.267Z</time></trkpt><trkpt lat="42.824977" lon="-7.691662"><ele>520.814</ele><time>2024-08-14T07:13:54.267Z</time></trkpt><trkpt lat="42.824980" lon="-7.691727"><ele>520.852</ele><time>2024-08-14T07:13:57.267Z</time></trkpt><trkpt lat="42.824990" lon="-7.691795"><ele>520.853</ele><time>2024-08-14T07:14:01.267Z</time></trkpt><trkpt lat="42.825002" lon="-7.691857"><ele>521.208</ele><time>2024-08-14T07:14:05.267Z</time></trkpt><trkpt lat="42.825024" lon="-7.691920"><ele>522.609</ele><time>2024-08-14T07:14:09.267Z</time></trkpt><trkpt lat="42.825056" lon="-7.691978"><ele>523.066</ele><time>2024-08-14T07:14:13.267Z</time></trkpt><trkpt lat="42.825088" lon="-7.692043"><ele>523.093</ele><time>2024-08-14T07:14:18.267Z</time></trkpt><trkpt lat="42.825115" lon="-7.692108"><ele>523.115</ele><time>2024-08-14T07:14:22.267Z</time></trkpt><trkpt lat="42.825147" lon="-7.692156"><ele>522.674</ele><time>2024-08-14T07:14:26.267Z</time></trkpt><trkpt lat="42.825162" lon="-7.692216"><ele>522.522</ele><time>2024-08-14T07:14:29.267Z</time></trkpt><trkpt lat="42.825187" lon="-7.692268"><ele>522.579</ele><time>2024-08-14T07:14:32.267Z</time></trkpt><trkpt lat="42.825214" lon="-7.692321"><ele>522.564</ele><time>2024-08-14T07:14:35.267Z</time></trkpt><trkpt lat="42.825249" lon="-7.692374"><ele>522.613</ele><time>2024-08-14T07:14:39.267Z</time></trkpt><trkpt lat="42.825247" lon="-7.692442"><ele>522.684</ele><time>2024-08-14T07:14:42.267Z</time></trkpt><trkpt lat="42.825237" lon="-7.692515"><ele>522.646</ele><time>2024-08-14T07:14:45.267Z</time></trkpt><trkpt lat="42.825270" lon="-7.692577"><ele>521.588</ele><time>2024-08-14T07:14:49.267Z</time></trkpt><trkpt lat="42.825288" lon="-7.692644"><ele>520.616</ele><time>2024-08-14T07:14:53.267Z</time></trkpt><trkpt lat="42.825323" lon="-7.692702"><ele>520.409</ele><time>2024-08-14T07:14:57.267Z</time></trkpt><trkpt lat="42.825346" lon="-7.692765"><ele>520.035</ele><time>2024-08-14T07:15:01.267Z</time></trkpt><trkpt lat="42.825368" lon="-7.692873"><ele>519.772</ele><time>2024-08-14T07:15:10.267Z</time></trkpt><trkpt lat="42.825380" lon="-7.692941"><ele>519.684</ele><time>2024-08-14T07:15:13.267Z</time></trkpt><trkpt lat="42.825398" lon="-7.693006"><ele>519.643</ele><time>2024-08-14T07:15:17.267Z</time></trkpt><trkpt lat="42.825408" lon="-7.693071"><ele>519.561</ele><time>2024-08-14T07:15:22.267Z</time></trkpt><trkpt lat="42.825400" lon="-7.693159"><ele>519.528</ele><time>2024-08-14T07:15:25.267Z</time></trkpt><trkpt lat="42.825392" lon="-7.693232"><ele>519.533</ele><time>2024-08-14T07:15:28.267Z</time></trkpt><trkpt lat="42.825389" lon="-7.693295"><ele>519.692</ele><time>2024-08-14T07:15:31.267Z</time></trkpt><trkpt lat="42.825426" lon="-7.693357"><ele>519.473</ele><time>2024-08-14T07:15:34.267Z</time></trkpt><trkpt lat="42.825453" lon="-7.693417"><ele>519.651</ele><time>2024-08-14T07:15:37.267Z</time></trkpt><trkpt lat="42.825500" lon="-7.693485"><ele>519.801</ele><time>2024-08-14T07:15:42.267Z</time></trkpt><trkpt lat="42.825555" lon="-7.693548"><ele>519.611</ele><time>2024-08-14T07:15:47.267Z</time></trkpt><trkpt lat="42.825588" lon="-7.693590"><ele>519.509</ele><time>2024-08-14T07:15:50.267Z</time></trkpt><trkpt lat="42.825618" lon="-7.693657"><ele>519.376</ele><time>2024-08-14T07:15:54.267Z</time></trkpt><trkpt lat="42.825650" lon="-7.693782"><ele>518.063</ele><time>2024-08-14T07:16:02.267Z</time></trkpt><trkpt lat="42.825668" lon="-7.693847"><ele>518.015</ele><time>2024-08-14T07:16:06.267Z</time></trkpt><trkpt lat="42.825681" lon="-7.693924"><ele>518.084</ele><time>2024-08-14T07:16:10.267Z</time></trkpt><trkpt lat="42.825681" lon="-7.693987"><ele>519.252</ele><time>2024-08-14T07:16:14.267Z</time></trkpt><trkpt lat="42.825688" lon="-7.694055"><ele>520.549</ele><time>2024-08-14T07:16:17.267Z</time></trkpt><trkpt lat="42.825710" lon="-7.694112"><ele>522.054</ele><time>2024-08-14T07:16:20.267Z</time></trkpt><trkpt lat="42.825732" lon="-7.694174"><ele>522.663</ele><time>2024-08-14T07:16:25.267Z</time></trkpt><trkpt lat="42.825765" lon="-7.694236"><ele>522.634</ele><time>2024-08-14T07:16:29.267Z</time></trkpt><trkpt lat="42.825807" lon="-7.694261"><ele>522.686</ele><time>2024-08-14T07:16:34.267Z</time></trkpt><trkpt lat="42.825840" lon="-7.694314"><ele>522.460</ele><time>2024-08-14T07:16:38.267Z</time></trkpt><trkpt lat="42.825887" lon="-7.694369"><ele>522.426</ele><time>2024-08-14T07:16:44.267Z</time></trkpt><trkpt lat="42.825875" lon="-7.694447"><ele>522.409</ele><time>2024-08-14T07:16:48.267Z</time></trkpt><trkpt lat="42.825883" lon="-7.694525"><ele>522.619</ele><time>2024-08-14T07:16:52.267Z</time></trkpt><trkpt lat="42.825881" lon="-7.694593"><ele>523.256</ele><time>2024-08-14T07:16:55.267Z</time></trkpt><trkpt lat="42.825886" lon="-7.694658"><ele>524.968</ele><time>2024-08-14T07:16:58.267Z</time></trkpt><trkpt lat="42.825891" lon="-7.694743"><ele>526.367</ele><time>2024-08-14T07:17:06.267Z</time></trkpt><trkpt lat="42.825919" lon="-7.694795"><ele>529.225</ele><time>2024-08-14T07:17:10.267Z</time></trkpt><trkpt lat="42.825932" lon="-7.694877"><ele>529.712</ele><time>2024-08-14T07:17:14.267Z</time></trkpt><trkpt lat="42.825944" lon="-7.694952"><ele>530.897</ele><time>2024-08-14T07:17:18.267Z</time></trkpt><trkpt lat="42.825971" lon="-7.695019"><ele>532.226</ele><time>2024-08-14T07:17:23.267Z</time></trkpt><trkpt lat="42.826018" lon="-7.695052"><ele>533.497</ele><time>2024-08-14T07:17:26.267Z</time></trkpt><trkpt lat="42.826045" lon="-7.695119"><ele>534.045</ele><time>2024-08-14T07:17:30.267Z</time></trkpt><trkpt lat="42.826042" lon="-7.695189"><ele>534.147</ele><time>2024-08-14T07:17:33.267Z</time></trkpt><trkpt lat="42.826060" lon="-7.695257"><ele>534.211</ele><time>2024-08-14T07:17:37.267Z</time></trkpt><trkpt lat="42.826045" lon="-7.695319"><ele>534.009</ele><time>2024-08-14T07:17:43.267Z</time></trkpt><trkpt lat="42.826007" lon="-7.695366"><ele>533.855</ele><time>2024-08-14T07:17:47.267Z</time></trkpt><trkpt lat="42.826020" lon="-7.695481"><ele>532.482</ele><time>2024-08-14T07:17:56.267Z</time></trkpt><trkpt lat="42.826050" lon="-7.695528"><ele>529.384</ele><time>2024-08-14T07:17:59.267Z</time></trkpt><trkpt lat="42.826098" lon="-7.695573"><ele>526.623</ele><time>2024-08-14T07:18:02.267Z</time></trkpt><trkpt lat="42.826108" lon="-7.695636"><ele>526.631</ele><time>2024-08-14T07:18:05.267Z</time></trkpt><trkpt lat="42.826085" lon="-7.695696"><ele>525.318</ele><time>2024-08-14T07:18:07.267Z</time></trkpt><trkpt lat="42.826038" lon="-7.695756"><ele>524.293</ele><time>2024-08-14T07:18:10.267Z</time></trkpt><trkpt lat="42.826063" lon="-7.695829"><ele>523.772</ele><time>2024-08-14T07:18:14.267Z</time></trkpt><trkpt lat="42.826175" lon="-7.695862"><ele>522.693</ele><time>2024-08-14T07:18:17.267Z</time></trkpt><trkpt lat="42.826273" lon="-7.695960"><ele>523.282</ele><time>2024-08-14T07:18:26.267Z</time></trkpt><trkpt lat="42.826311" lon="-7.696010"><ele>524.143</ele><time>2024-08-14T07:18:30.267Z</time></trkpt><trkpt lat="42.826333" lon="-7.696070"><ele>524.117</ele><time>2024-08-14T07:18:33.267Z</time></trkpt><trkpt lat="42.826358" lon="-7.696133"><ele>533.509</ele><time>2024-08-14T07:18:39.267Z</time></trkpt><trkpt lat="42.826390" lon="-7.696195"><ele>534.499</ele><time>2024-08-14T07:18:42.267Z</time></trkpt><trkpt lat="42.826430" lon="-7.696225"><ele>534.486</ele><time>2024-08-14T07:18:45.267Z</time></trkpt><trkpt lat="42.826470" lon="-7.696257"><ele>534.758</ele><time>2024-08-14T07:18:48.267Z</time></trkpt><trkpt lat="42.826497" lon="-7.696312"><ele>534.787</ele><time>2024-08-14T07:18:52.267Z</time></trkpt><trkpt lat="42.826530" lon="-7.696389"><ele>535.825</ele><time>2024-08-14T07:18:58.267Z</time></trkpt><trkpt lat="42.826532" lon="-7.696466"><ele>537.512</ele><time>2024-08-14T07:19:02.267Z</time></trkpt><trkpt lat="42.826549" lon="-7.696529"><ele>539.297</ele><time>2024-08-14T07:19:05.267Z</time></trkpt><trkpt lat="42.826592" lon="-7.696599"><ele>543.536</ele><time>2024-08-14T07:19:09.267Z</time></trkpt><trkpt lat="42.826630" lon="-7.696637"><ele>544.997</ele><time>2024-08-14T07:19:11.267Z</time></trkpt><trkpt lat="42.826675" lon="-7.696672"><ele>545.876</ele><time>2024-08-14T07:19:14.267Z</time></trkpt><trkpt lat="42.826713" lon="-7.696727"><ele>546.390</ele><time>2024-08-14T07:19:21.267Z</time></trkpt><trkpt lat="42.826741" lon="-7.696780"><ele>546.519</ele><time>2024-08-14T07:19:25.267Z</time></trkpt><trkpt lat="42.826764" lon="-7.696833"><ele>546.509</ele><time>2024-08-14T07:19:28.267Z</time></trkpt><trkpt lat="42.826777" lon="-7.696923"><ele>546.718</ele><time>2024-08-14T07:19:35.267Z</time></trkpt><trkpt lat="42.826805" lon="-7.696991"><ele>547.035</ele><time>2024-08-14T07:19:39.267Z</time></trkpt><trkpt lat="42.826872" lon="-7.697049"><ele>547.037</ele><time>2024-08-14T07:19:45.267Z</time></trkpt><trkpt lat="42.826942" lon="-7.697102"><ele>548.396</ele><time>2024-08-14T07:19:51.267Z</time></trkpt><trkpt lat="42.826984" lon="-7.697159"><ele>548.584</ele><time>2024-08-14T07:19:55.267Z</time></trkpt><trkpt lat="42.826982" lon="-7.697237"><ele>548.511</ele><time>2024-08-14T07:20:00.267Z</time></trkpt><trkpt lat="42.826962" lon="-7.697297"><ele>547.346</ele><time>2024-08-14T07:20:04.267Z</time></trkpt><trkpt lat="42.826944" lon="-7.697367"><ele>546.375</ele><time>2024-08-14T07:20:07.267Z</time></trkpt><trkpt lat="42.826917" lon="-7.697432"><ele>545.986</ele><time>2024-08-14T07:20:10.267Z</time></trkpt><trkpt lat="42.826904" lon="-7.697549"><ele>544.452</ele><time>2024-08-14T07:20:17.267Z</time></trkpt><trkpt lat="42.826867" lon="-7.697597"><ele>544.353</ele><time>2024-08-14T07:20:19.267Z</time></trkpt><trkpt lat="42.826847" lon="-7.697727"><ele>542.908</ele><time>2024-08-14T07:20:28.267Z</time></trkpt><trkpt lat="42.826822" lon="-7.697780"><ele>541.609</ele><time>2024-08-14T07:20:32.267Z</time></trkpt><trkpt lat="42.826755" lon="-7.697908"><ele>541.696</ele><time>2024-08-14T07:20:45.267Z</time></trkpt><trkpt lat="42.826698" lon="-7.698003"><ele>541.683</ele><time>2024-08-14T07:20:52.267Z</time></trkpt><trkpt lat="42.826691" lon="-7.698093"><ele>541.615</ele><time>2024-08-14T07:20:55.267Z</time></trkpt><trkpt lat="42.826708" lon="-7.698158"><ele>544.244</ele><time>2024-08-14T07:20:58.267Z</time></trkpt><trkpt lat="42.826725" lon="-7.698230"><ele>545.872</ele><time>2024-08-14T07:21:02.267Z</time></trkpt><trkpt lat="42.826775" lon="-7.698352"><ele>546.399</ele><time>2024-08-14T07:21:10.267Z</time></trkpt><trkpt lat="42.826798" lon="-7.698409"><ele>546.734</ele><time>2024-08-14T07:21:13.267Z</time></trkpt><trkpt lat="42.826816" lon="-7.698471"><ele>547.093</ele><time>2024-08-14T07:21:16.267Z</time></trkpt><trkpt lat="42.826846" lon="-7.698521"><ele>547.214</ele><time>2024-08-14T07:21:22.267Z</time></trkpt><trkpt lat="42.826879" lon="-7.698568"><ele>548.154</ele><time>2024-08-14T07:21:26.267Z</time></trkpt><trkpt lat="42.826944" lon="-7.698596"><ele>547.856</ele><time>2024-08-14T07:21:34.267Z</time></trkpt><trkpt lat="42.826976" lon="-7.698654"><ele>547.811</ele><time>2024-08-14T07:21:39.267Z</time></trkpt><trkpt lat="42.827008" lon="-7.698722"><ele>547.109</ele><time>2024-08-14T07:21:45.267Z</time></trkpt><trkpt lat="42.827058" lon="-7.698755"><ele>546.256</ele><time>2024-08-14T07:21:49.267Z</time></trkpt><trkpt lat="42.827080" lon="-7.698822"><ele>546.093</ele><time>2024-08-14T07:21:53.267Z</time></trkpt><trkpt lat="42.827098" lon="-7.698884"><ele>545.765</ele><time>2024-08-14T07:21:57.267Z</time></trkpt><trkpt lat="42.827121" lon="-7.698946"><ele>545.264</ele><time>2024-08-14T07:22:01.267Z</time></trkpt><trkpt lat="42.827153" lon="-7.698998"><ele>545.082</ele><time>2024-08-14T07:22:06.267Z</time></trkpt><trkpt lat="42.827223" lon="-7.699063"><ele>545.179</ele><time>2024-08-14T07:22:15.267Z</time></trkpt><trkpt lat="42.827256" lon="-7.699136"><ele>545.144</ele><time>2024-08-14T07:22:20.267Z</time></trkpt><trkpt lat="42.827298" lon="-7.699169"><ele>545.143</ele><time>2024-08-14T07:22:23.267Z</time></trkpt><trkpt lat="42.827345" lon="-7.699199"><ele>545.184</ele><time>2024-08-14T07:22:27.267Z</time></trkpt><trkpt lat="42.827393" lon="-7.699234"><ele>544.935</ele><time>2024-08-14T07:22:31.267Z</time></trkpt><trkpt lat="42.827441" lon="-7.699244"><ele>543.786</ele><time>2024-08-14T07:22:34.267Z</time></trkpt><trkpt lat="42.827486" lon="-7.699257"><ele>542.414</ele><time>2024-08-14T07:22:38.267Z</time></trkpt><trkpt lat="42.827529" lon="-7.699304"><ele>542.109</ele><time>2024-08-14T07:22:42.267Z</time></trkpt><trkpt lat="42.827571" lon="-7.699347"><ele>541.544</ele><time>2024-08-14T07:22:46.267Z</time></trkpt><trkpt lat="42.827594" lon="-7.699405"><ele>541.321</ele><time>2024-08-14T07:22:49.267Z</time></trkpt><trkpt lat="42.827614" lon="-7.699462"><ele>541.113</ele><time>2024-08-14T07:22:52.267Z</time></trkpt><trkpt lat="42.827637" lon="-7.699525"><ele>541.132</ele><time>2024-08-14T07:22:55.267Z</time></trkpt><trkpt lat="42.827664" lon="-7.699585"><ele>541.040</ele><time>2024-08-14T07:23:02.267Z</time></trkpt><trkpt lat="42.827679" lon="-7.699660"><ele>541.147</ele><time>2024-08-14T07:23:05.267Z</time></trkpt><trkpt lat="42.827699" lon="-7.699722"><ele>541.112</ele><time>2024-08-14T07:23:09.267Z</time></trkpt><trkpt lat="42.827737" lon="-7.699764"><ele>544.091</ele><time>2024-08-14T07:23:17.267Z</time></trkpt><trkpt lat="42.827799" lon="-7.699844"><ele>546.612</ele><time>2024-08-14T07:23:23.267Z</time></trkpt><trkpt lat="42.827846" lon="-7.699956"><ele>550.434</ele><time>2024-08-14T07:23:38.267Z</time></trkpt><trkpt lat="42.827879" lon="-7.700046"><ele>551.655</ele><time>2024-08-14T07:23:42.267Z</time></trkpt><trkpt lat="42.827914" lon="-7.700108"><ele>551.610</ele><time>2024-08-14T07:23:44.267Z</time></trkpt><trkpt lat="42.827959" lon="-7.700148"><ele>551.609</ele><time>2024-08-14T07:23:48.267Z</time></trkpt><trkpt lat="42.827979" lon="-7.700215"><ele>553.444</ele><time>2024-08-14T07:23:54.267Z</time></trkpt><trkpt lat="42.827992" lon="-7.700298"><ele>553.691</ele><time>2024-08-14T07:23:57.267Z</time></trkpt><trkpt lat="42.828014" lon="-7.700390"><ele>554.183</ele><time>2024-08-14T07:23:59.267Z</time></trkpt><trkpt lat="42.828046" lon="-7.700440"><ele>555.342</ele><time>2024-08-14T07:24:01.267Z</time></trkpt><trkpt lat="42.828068" lon="-7.700497"><ele>556.520</ele><time>2024-08-14T07:24:03.267Z</time></trkpt><trkpt lat="42.828065" lon="-7.700580"><ele>557.987</ele><time>2024-08-14T07:24:05.267Z</time></trkpt><trkpt lat="42.828105" lon="-7.700625"><ele>560.012</ele><time>2024-08-14T07:24:12.267Z</time></trkpt><trkpt lat="42.828155" lon="-7.700578"><ele>562.191</ele><time>2024-08-14T07:24:15.267Z</time></trkpt><trkpt lat="42.828078" lon="-7.700545"><ele>562.382</ele><time>2024-08-14T07:24:19.267Z</time></trkpt><trkpt lat="42.828121" lon="-7.700565"><ele>562.738</ele><time>2024-08-14T07:24:29.267Z</time></trkpt><trkpt lat="42.828143" lon="-7.700620"><ele>562.870</ele><time>2024-08-14T07:24:31.267Z</time></trkpt><trkpt lat="42.828183" lon="-7.700687"><ele>562.817</ele><time>2024-08-14T07:24:33.267Z</time></trkpt><trkpt lat="42.828140" lon="-7.700735"><ele>562.809</ele><time>2024-08-14T07:24:34.267Z</time></trkpt><trkpt lat="42.828098" lon="-7.700822"><ele>563.874</ele><time>2024-08-14T07:24:36.267Z</time></trkpt><trkpt lat="42.828160" lon="-7.700817"><ele>567.441</ele><time>2024-08-14T07:24:37.267Z</time></trkpt><trkpt lat="42.828243" lon="-7.700829"><ele>587.533</ele><time>2024-08-14T07:24:39.267Z</time></trkpt><trkpt lat="42.828288" lon="-7.700867"><ele>590.092</ele><time>2024-08-14T07:24:41.267Z</time></trkpt><trkpt lat="42.828343" lon="-7.700884"><ele>590.240</ele><time>2024-08-14T07:24:43.267Z</time></trkpt><trkpt lat="42.828410" lon="-7.700872"><ele>591.177</ele><time>2024-08-14T07:24:45.267Z</time></trkpt><trkpt lat="42.828490" lon="-7.700884"><ele>592.782</ele><time>2024-08-14T07:24:48.267Z</time></trkpt><trkpt lat="42.828538" lon="-7.700917"><ele>594.991</ele><time>2024-08-14T07:24:51.267Z</time></trkpt><trkpt lat="42.828586" lon="-7.700914"><ele>596.032</ele><time>2024-08-14T07:24:53.267Z</time></trkpt><trkpt lat="42.828571" lon="-7.701062"><ele>595.574</ele><time>2024-08-14T07:25:19.267Z</time></trkpt><trkpt lat="42.828613" lon="-7.701107"><ele>595.556</ele><time>2024-08-14T07:25:24.267Z</time></trkpt><trkpt lat="42.828613" lon="-7.701194"><ele>595.521</ele><time>2024-08-14T07:25:26.267Z</time></trkpt><trkpt lat="42.828641" lon="-7.701297"><ele>598.209</ele><time>2024-08-14T07:25:28.267Z</time></trkpt><trkpt lat="42.828561" lon="-7.701424"><ele>598.388</ele><time>2024-08-14T07:25:30.267Z</time></trkpt><trkpt lat="42.828541" lon="-7.701486"><ele>599.755</ele><time>2024-08-14T07:25:33.267Z</time></trkpt><trkpt lat="42.828513" lon="-7.701549"><ele>602.457</ele><time>2024-08-14T07:25:42.267Z</time></trkpt><trkpt lat="42.828523" lon="-7.701626"><ele>603.866</ele><time>2024-08-14T07:25:46.267Z</time></trkpt><trkpt lat="42.828555" lon="-7.701671"><ele>603.884</ele><time>2024-08-14T07:25:49.267Z</time></trkpt><trkpt lat="42.828605" lon="-7.701621"><ele>603.831</ele><time>2024-08-14T07:25:50.267Z</time></trkpt><trkpt lat="42.828665" lon="-7.701609"><ele>605.616</ele><time>2024-08-14T07:25:52.267Z</time></trkpt><trkpt lat="42.828643" lon="-7.701669"><ele>606.465</ele><time>2024-08-14T07:25:54.267Z</time></trkpt><trkpt lat="42.828691" lon="-7.701692"><ele>607.356</ele><time>2024-08-14T07:25:57.267Z</time></trkpt><trkpt lat="42.828731" lon="-7.701662"><ele>612.882</ele><time>2024-08-14T07:26:01.267Z</time></trkpt><trkpt lat="42.828793" lon="-7.701647"><ele>613.743</ele><time>2024-08-14T07:26:04.267Z</time></trkpt><trkpt lat="42.828840" lon="-7.701697"><ele>615.117</ele><time>2024-08-14T07:26:10.267Z</time></trkpt><trkpt lat="42.828877" lon="-7.701735"><ele>615.209</ele><time>2024-08-14T07:26:12.267Z</time></trkpt><trkpt lat="42.828930" lon="-7.701767"><ele>615.469</ele><time>2024-08-14T07:26:13.267Z</time></trkpt><trkpt lat="42.828980" lon="-7.701802"><ele>615.816</ele><time>2024-08-14T07:26:15.267Z</time></trkpt><trkpt lat="42.829035" lon="-7.701827"><ele>615.838</ele><time>2024-08-14T07:26:17.267Z</time></trkpt><trkpt lat="42.829080" lon="-7.701870"><ele>615.997</ele><time>2024-08-14T07:26:19.267Z</time></trkpt><trkpt lat="42.829127" lon="-7.701898"><ele>613.795</ele><time>2024-08-14T07:26:21.267Z</time></trkpt><trkpt lat="42.829159" lon="-7.701943"><ele>610.312</ele><time>2024-08-14T07:26:26.267Z</time></trkpt><trkpt lat="42.829212" lon="-7.701916"><ele>608.217</ele><time>2024-08-14T07:26:30.267Z</time></trkpt><trkpt lat="42.829250" lon="-7.701883"><ele>606.426</ele><time>2024-08-14T07:26:33.267Z</time></trkpt><trkpt lat="42.829297" lon="-7.701895"><ele>604.427</ele><time>2024-08-14T07:26:37.267Z</time></trkpt><trkpt lat="42.829345" lon="-7.701892"><ele>602.436</ele><time>2024-08-14T07:26:39.267Z</time></trkpt><trkpt lat="42.829375" lon="-7.701940"><ele>597.917</ele><time>2024-08-14T07:26:43.267Z</time></trkpt><trkpt lat="42.829418" lon="-7.701965"><ele>590.818</ele><time>2024-08-14T07:26:46.267Z</time></trkpt><trkpt lat="42.829441" lon="-7.702020"><ele>584.009</ele><time>2024-08-14T07:26:50.267Z</time></trkpt><trkpt lat="42.829508" lon="-7.702068"><ele>578.034</ele><time>2024-08-14T07:26:57.267Z</time></trkpt><trkpt lat="42.829606" lon="-7.702106"><ele>574.691</ele><time>2024-08-14T07:27:06.267Z</time></trkpt><trkpt lat="42.829634" lon="-7.702171"><ele>571.853</ele><time>2024-08-14T07:27:10.267Z</time></trkpt><trkpt lat="42.829639" lon="-7.702234"><ele>571.772</ele><time>2024-08-14T07:27:12.267Z</time></trkpt><trkpt lat="42.829637" lon="-7.702306"><ele>569.870</ele><time>2024-08-14T07:27:15.267Z</time></trkpt><trkpt lat="42.829654" lon="-7.702374"><ele>569.217</ele><time>2024-08-14T07:27:19.267Z</time></trkpt><trkpt lat="42.829656" lon="-7.702482"><ele>569.412</ele><time>2024-08-14T07:27:27.267Z</time></trkpt><trkpt lat="42.829641" lon="-7.702559"><ele>569.961</ele><time>2024-08-14T07:27:31.267Z</time></trkpt><trkpt lat="42.829669" lon="-7.702624"><ele>570.862</ele><time>2024-08-14T07:27:37.267Z</time></trkpt><trkpt lat="42.829672" lon="-7.702687"><ele>570.818</ele><time>2024-08-14T07:27:40.267Z</time></trkpt><trkpt lat="42.829710" lon="-7.702745"><ele>571.098</ele><time>2024-08-14T07:27:45.267Z</time></trkpt><trkpt lat="42.829755" lon="-7.702812"><ele>570.817</ele><time>2024-08-14T07:27:52.267Z</time></trkpt><trkpt lat="42.829795" lon="-7.702860"><ele>570.409</ele><time>2024-08-14T07:27:56.267Z</time></trkpt><trkpt lat="42.829807" lon="-7.702920"><ele>570.242</ele><time>2024-08-14T07:28:00.267Z</time></trkpt><trkpt lat="42.829859" lon="-7.703000"><ele>569.029</ele><time>2024-08-14T07:28:08.267Z</time></trkpt><trkpt lat="42.829896" lon="-7.703043"><ele>568.991</ele><time>2024-08-14T07:28:11.267Z</time></trkpt><trkpt lat="42.829903" lon="-7.703116"><ele>568.870</ele><time>2024-08-14T07:28:14.267Z</time></trkpt><trkpt lat="42.829905" lon="-7.703178"><ele>568.888</ele><time>2024-08-14T07:28:17.267Z</time></trkpt><trkpt lat="42.829907" lon="-7.703250"><ele>569.155</ele><time>2024-08-14T07:28:20.267Z</time></trkpt><trkpt lat="42.829890" lon="-7.703315"><ele>571.420</ele><time>2024-08-14T07:28:24.267Z</time></trkpt><trkpt lat="42.829845" lon="-7.703370"><ele>573.419</ele><time>2024-08-14T07:28:27.267Z</time></trkpt><trkpt lat="42.829823" lon="-7.703437"><ele>573.440</ele><time>2024-08-14T07:28:31.267Z</time></trkpt><trkpt lat="42.829808" lon="-7.703500"><ele>573.458</ele><time>2024-08-14T07:28:34.267Z</time></trkpt><trkpt lat="42.829785" lon="-7.703563"><ele>572.852</ele><time>2024-08-14T07:28:37.267Z</time></trkpt><trkpt lat="42.829843" lon="-7.703613"><ele>571.417</ele><time>2024-08-14T07:28:41.267Z</time></trkpt><trkpt lat="42.829906" lon="-7.703631"><ele>570.809</ele><time>2024-08-14T07:28:43.267Z</time></trkpt><trkpt lat="42.829939" lon="-7.703691"><ele>569.916</ele><time>2024-08-14T07:28:47.267Z</time></trkpt><trkpt lat="42.829969" lon="-7.703773"><ele>568.353</ele><time>2024-08-14T07:28:57.267Z</time></trkpt><trkpt lat="42.829991" lon="-7.703876"><ele>569.085</ele><time>2024-08-14T07:29:04.267Z</time></trkpt><trkpt lat="42.830014" lon="-7.703943"><ele>570.654</ele><time>2024-08-14T07:29:09.267Z</time></trkpt><trkpt lat="42.830057" lon="-7.704041"><ele>570.322</ele><time>2024-08-14T07:29:17.267Z</time></trkpt><trkpt lat="42.830089" lon="-7.704098"><ele>570.769</ele><time>2024-08-14T07:29:21.267Z</time></trkpt><trkpt lat="42.830112" lon="-7.704160"><ele>570.894</ele><time>2024-08-14T07:29:26.267Z</time></trkpt><trkpt lat="42.830132" lon="-7.704215"><ele>570.983</ele><time>2024-08-14T07:29:30.267Z</time></trkpt><trkpt lat="42.830155" lon="-7.704275"><ele>572.274</ele><time>2024-08-14T07:29:34.267Z</time></trkpt><trkpt lat="42.830183" lon="-7.704380"><ele>572.853</ele><time>2024-08-14T07:29:40.267Z</time></trkpt><trkpt lat="42.830195" lon="-7.704448"><ele>574.104</ele><time>2024-08-14T07:29:44.267Z</time></trkpt><trkpt lat="42.830192" lon="-7.704515"><ele>574.414</ele><time>2024-08-14T07:29:46.267Z</time></trkpt><trkpt lat="42.830190" lon="-7.704597"><ele>574.509</ele><time>2024-08-14T07:29:49.267Z</time></trkpt><trkpt lat="42.830283" lon="-7.704592"><ele>573.196</ele><time>2024-08-14T07:29:55.267Z</time></trkpt><trkpt lat="42.830306" lon="-7.704672"><ele>573.153</ele><time>2024-08-14T07:30:01.267Z</time></trkpt><trkpt lat="42.830348" lon="-7.704714"><ele>573.375</ele><time>2024-08-14T07:30:04.267Z</time></trkpt><trkpt lat="42.830370" lon="-7.704776"><ele>573.374</ele><time>2024-08-14T07:30:07.267Z</time></trkpt><trkpt lat="42.830405" lon="-7.704851"><ele>573.942</ele><time>2024-08-14T07:30:17.267Z</time></trkpt><trkpt lat="42.830422" lon="-7.704924"><ele>573.889</ele><time>2024-08-14T07:30:21.267Z</time></trkpt><trkpt lat="42.830459" lon="-7.704986"><ele>574.084</ele><time>2024-08-14T07:30:29.267Z</time></trkpt><trkpt lat="42.830509" lon="-7.705028"><ele>574.053</ele><time>2024-08-14T07:30:33.267Z</time></trkpt><trkpt lat="42.830552" lon="-7.705088"><ele>574.034</ele><time>2024-08-14T07:30:37.267Z</time></trkpt><trkpt lat="42.830567" lon="-7.705156"><ele>573.818</ele><time>2024-08-14T07:30:40.267Z</time></trkpt><trkpt lat="42.830584" lon="-7.705238"><ele>572.398</ele><time>2024-08-14T07:30:45.267Z</time></trkpt><trkpt lat="42.830582" lon="-7.705313"><ele>571.417</ele><time>2024-08-14T07:30:48.267Z</time></trkpt><trkpt lat="42.830625" lon="-7.705348"><ele>571.309</ele><time>2024-08-14T07:30:51.267Z</time></trkpt><trkpt lat="42.830662" lon="-7.705390"><ele>571.332</ele><time>2024-08-14T07:30:53.267Z</time></trkpt><trkpt lat="42.830717" lon="-7.705407"><ele>572.349</ele><time>2024-08-14T07:30:57.267Z</time></trkpt><trkpt lat="42.830752" lon="-7.705447"><ele>572.351</ele><time>2024-08-14T07:31:01.267Z</time></trkpt><trkpt lat="42.830750" lon="-7.705534"><ele>572.450</ele><time>2024-08-14T07:31:07.267Z</time></trkpt><trkpt lat="42.830863" lon="-7.705572"><ele>572.578</ele><time>2024-08-14T07:31:17.267Z</time></trkpt><trkpt lat="42.830906" lon="-7.705625"><ele>572.825</ele><time>2024-08-14T07:31:21.267Z</time></trkpt><trkpt lat="42.830901" lon="-7.705708"><ele>572.820</ele><time>2024-08-14T07:31:24.267Z</time></trkpt><trkpt lat="42.830908" lon="-7.705771"><ele>575.519</ele><time>2024-08-14T07:31:27.267Z</time></trkpt><trkpt lat="42.830901" lon="-7.705844"><ele>575.810</ele><time>2024-08-14T07:31:30.267Z</time></trkpt><trkpt lat="42.830913" lon="-7.705949"><ele>575.873</ele><time>2024-08-14T07:31:35.267Z</time></trkpt><trkpt lat="42.830955" lon="-7.705986"><ele>576.085</ele><time>2024-08-14T07:31:39.267Z</time></trkpt><trkpt lat="42.830963" lon="-7.706053"><ele>576.013</ele><time>2024-08-14T07:31:42.267Z</time></trkpt><trkpt lat="42.830981" lon="-7.706120"><ele>576.309</ele><time>2024-08-14T07:31:45.267Z</time></trkpt><trkpt lat="42.830996" lon="-7.706192"><ele>576.528</ele><time>2024-08-14T07:31:49.267Z</time></trkpt><trkpt lat="42.831019" lon="-7.706265"><ele>576.575</ele><time>2024-08-14T07:31:53.267Z</time></trkpt><trkpt lat="42.831032" lon="-7.706332"><ele>576.327</ele><time>2024-08-14T07:31:57.267Z</time></trkpt><trkpt lat="42.831045" lon="-7.706410"><ele>575.766</ele><time>2024-08-14T07:32:00.267Z</time></trkpt><trkpt lat="42.831052" lon="-7.706495"><ele>574.594</ele><time>2024-08-14T07:32:03.267Z</time></trkpt><trkpt lat="42.831119" lon="-7.706535"><ele>572.651</ele><time>2024-08-14T07:32:12.267Z</time></trkpt><trkpt lat="42.831167" lon="-7.706575"><ele>572.436</ele><time>2024-08-14T07:32:13.267Z</time></trkpt><trkpt lat="42.831230" lon="-7.706552"><ele>571.845</ele><time>2024-08-14T07:32:16.267Z</time></trkpt><trkpt lat="42.831252" lon="-7.706614"><ele>571.896</ele><time>2024-08-14T07:32:19.267Z</time></trkpt><trkpt lat="42.831272" lon="-7.706671"><ele>571.721</ele><time>2024-08-14T07:32:21.267Z</time></trkpt><trkpt lat="42.831297" lon="-7.706723"><ele>571.941</ele><time>2024-08-14T07:32:23.267Z</time></trkpt><trkpt lat="42.831305" lon="-7.706806"><ele>571.405</ele><time>2024-08-14T07:32:26.267Z</time></trkpt><trkpt lat="42.831278" lon="-7.706879"><ele>571.809</ele><time>2024-08-14T07:32:28.267Z</time></trkpt><trkpt lat="42.831278" lon="-7.706959"><ele>572.043</ele><time>2024-08-14T07:32:31.267Z</time></trkpt><trkpt lat="42.831276" lon="-7.707039"><ele>572.430</ele><time>2024-08-14T07:32:36.267Z</time></trkpt><trkpt lat="42.831264" lon="-7.707099"><ele>572.432</ele><time>2024-08-14T07:32:39.267Z</time></trkpt><trkpt lat="42.831221" lon="-7.707199"><ele>572.481</ele><time>2024-08-14T07:32:42.267Z</time></trkpt><trkpt lat="42.831243" lon="-7.707274"><ele>572.459</ele><time>2024-08-14T07:32:44.267Z</time></trkpt><trkpt lat="42.831288" lon="-7.707331"><ele>571.076</ele><time>2024-08-14T07:32:47.267Z</time></trkpt><trkpt lat="42.831310" lon="-7.707398"><ele>571.231</ele><time>2024-08-14T07:32:53.267Z</time></trkpt><trkpt lat="42.831297" lon="-7.707468"><ele>571.450</ele><time>2024-08-14T07:32:56.267Z</time></trkpt><trkpt lat="42.831297" lon="-7.707536"><ele>571.771</ele><time>2024-08-14T07:32:59.267Z</time></trkpt><trkpt lat="42.831352" lon="-7.707528"><ele>571.878</ele><time>2024-08-14T07:33:02.267Z</time></trkpt><trkpt lat="42.831375" lon="-7.707583"><ele>573.833</ele><time>2024-08-14T07:33:06.267Z</time></trkpt><trkpt lat="42.831412" lon="-7.707643"><ele>574.626</ele><time>2024-08-14T07:33:10.267Z</time></trkpt><trkpt lat="42.831444" lon="-7.707693"><ele>574.609</ele><time>2024-08-14T07:33:13.267Z</time></trkpt><trkpt lat="42.831464" lon="-7.707760"><ele>574.338</ele><time>2024-08-14T07:33:16.267Z</time></trkpt><trkpt lat="42.831504" lon="-7.707792"><ele>574.295</ele><time>2024-08-14T07:33:19.267Z</time></trkpt><trkpt lat="42.831486" lon="-7.707865"><ele>574.427</ele><time>2024-08-14T07:33:22.267Z</time></trkpt><trkpt lat="42.831489" lon="-7.707940"><ele>574.686</ele><time>2024-08-14T07:33:26.267Z</time></trkpt><trkpt lat="42.831506" lon="-7.708008"><ele>575.564</ele><time>2024-08-14T07:33:39.267Z</time></trkpt><trkpt lat="42.831518" lon="-7.708076"><ele>575.531</ele><time>2024-08-14T07:33:43.267Z</time></trkpt><trkpt lat="42.831513" lon="-7.708189"><ele>574.276</ele><time>2024-08-14T07:34:07.267Z</time></trkpt><trkpt lat="42.831525" lon="-7.708259"><ele>574.235</ele><time>2024-08-14T07:34:11.267Z</time></trkpt><trkpt lat="42.831528" lon="-7.708344"><ele>574.286</ele><time>2024-08-14T07:34:16.267Z</time></trkpt><trkpt lat="42.831526" lon="-7.708414"><ele>574.216</ele><time>2024-08-14T07:34:19.267Z</time></trkpt><trkpt lat="42.831503" lon="-7.708487"><ele>574.276</ele><time>2024-08-14T07:34:22.267Z</time></trkpt><trkpt lat="42.831545" lon="-7.708532"><ele>576.113</ele><time>2024-08-14T07:34:26.267Z</time></trkpt><trkpt lat="42.831573" lon="-7.708582"><ele>578.409</ele><time>2024-08-14T07:34:30.267Z</time></trkpt><trkpt lat="42.831635" lon="-7.708555"><ele>579.942</ele><time>2024-08-14T07:34:38.267Z</time></trkpt><trkpt lat="42.831677" lon="-7.708655"><ele>579.889</ele><time>2024-08-14T07:34:48.267Z</time></trkpt><trkpt lat="42.831705" lon="-7.708720"><ele>579.861</ele><time>2024-08-14T07:34:52.267Z</time></trkpt><trkpt lat="42.831732" lon="-7.708772"><ele>579.060</ele><time>2024-08-14T07:34:55.267Z</time></trkpt><trkpt lat="42.831684" lon="-7.708900"><ele>578.598</ele><time>2024-08-14T07:35:03.267Z</time></trkpt><trkpt lat="42.831726" lon="-7.709000"><ele>575.885</ele><time>2024-08-14T07:35:12.266Z</time></trkpt><trkpt lat="42.831788" lon="-7.709005"><ele>575.670</ele><time>2024-08-14T07:35:14.266Z</time></trkpt><trkpt lat="42.831823" lon="-7.709073"><ele>575.889</ele><time>2024-08-14T07:35:18.266Z</time></trkpt><trkpt lat="42.831851" lon="-7.709130"><ele>575.820</ele><time>2024-08-14T07:35:21.266Z</time></trkpt><trkpt lat="42.831833" lon="-7.709193"><ele>576.128</ele><time>2024-08-14T07:35:24.266Z</time></trkpt><trkpt lat="42.831793" lon="-7.709245"><ele>577.489</ele><time>2024-08-14T07:35:26.266Z</time></trkpt><trkpt lat="42.831758" lon="-7.709305"><ele>578.317</ele><time>2024-08-14T07:35:29.266Z</time></trkpt><trkpt lat="42.831766" lon="-7.709382"><ele>580.609</ele><time>2024-08-14T07:35:33.266Z</time></trkpt><trkpt lat="42.831804" lon="-7.709434"><ele>580.613</ele><time>2024-08-14T07:35:36.266Z</time></trkpt><trkpt lat="42.831824" lon="-7.709509"><ele>578.270</ele><time>2024-08-14T07:35:40.266Z</time></trkpt><trkpt lat="42.831836" lon="-7.709576"><ele>577.782</ele><time>2024-08-14T07:35:44.266Z</time></trkpt><trkpt lat="42.831876" lon="-7.709616"><ele>577.371</ele><time>2024-08-14T07:35:48.266Z</time></trkpt><trkpt lat="42.831924" lon="-7.709649"><ele>577.399</ele><time>2024-08-14T07:35:51.266Z</time></trkpt><trkpt lat="42.831962" lon="-7.709682"><ele>577.496</ele><time>2024-08-14T07:35:56.266Z</time></trkpt><trkpt lat="42.832009" lon="-7.709712"><ele>577.411</ele><time>2024-08-14T07:35:59.266Z</time></trkpt><trkpt lat="42.832046" lon="-7.709770"><ele>580.380</ele><time>2024-08-14T07:36:02.266Z</time></trkpt><trkpt lat="42.832031" lon="-7.709857"><ele>581.781</ele><time>2024-08-14T07:36:10.266Z</time></trkpt><trkpt lat="42.832066" lon="-7.709902"><ele>582.072</ele><time>2024-08-14T07:36:12.266Z</time></trkpt><trkpt lat="42.832103" lon="-7.709952"><ele>582.613</ele><time>2024-08-14T07:36:15.266Z</time></trkpt><trkpt lat="42.832130" lon="-7.710015"><ele>582.914</ele><time>2024-08-14T07:36:18.266Z</time></trkpt><trkpt lat="42.832148" lon="-7.710080"><ele>583.009</ele><time>2024-08-14T07:36:25.266Z</time></trkpt><trkpt lat="42.832160" lon="-7.710142"><ele>585.078</ele><time>2024-08-14T07:36:29.266Z</time></trkpt><trkpt lat="42.832195" lon="-7.710197"><ele>586.225</ele><time>2024-08-14T07:36:33.266Z</time></trkpt><trkpt lat="42.832225" lon="-7.710260"><ele>586.747</ele><time>2024-08-14T07:36:39.266Z</time></trkpt><trkpt lat="42.832265" lon="-7.710290"><ele>586.856</ele><time>2024-08-14T07:36:43.266Z</time></trkpt><trkpt lat="42.832272" lon="-7.710378"><ele>587.424</ele><time>2024-08-14T07:36:48.266Z</time></trkpt><trkpt lat="42.832324" lon="-7.710490"><ele>587.911</ele><time>2024-08-14T07:37:05.266Z</time></trkpt><trkpt lat="42.832367" lon="-7.710528"><ele>587.926</ele><time>2024-08-14T07:37:09.266Z</time></trkpt><trkpt lat="42.832409" lon="-7.710568"><ele>587.935</ele><time>2024-08-14T07:37:13.266Z</time></trkpt><trkpt lat="42.832451" lon="-7.710608"><ele>587.956</ele><time>2024-08-14T07:37:16.266Z</time></trkpt><trkpt lat="42.832466" lon="-7.710683"><ele>592.799</ele><time>2024-08-14T07:37:19.266Z</time></trkpt><trkpt lat="42.832431" lon="-7.710733"><ele>593.107</ele><time>2024-08-14T07:37:21.266Z</time></trkpt><trkpt lat="42.832391" lon="-7.710770"><ele>595.227</ele><time>2024-08-14T07:37:27.266Z</time></trkpt><trkpt lat="42.832451" lon="-7.710815"><ele>596.109</ele><time>2024-08-14T07:37:30.266Z</time></trkpt><trkpt lat="42.832496" lon="-7.710837"><ele>596.470</ele><time>2024-08-14T07:37:32.266Z</time></trkpt><trkpt lat="42.832518" lon="-7.710912"><ele>596.737</ele><time>2024-08-14T07:37:35.266Z</time></trkpt><trkpt lat="42.832560" lon="-7.710960"><ele>597.349</ele><time>2024-08-14T07:37:40.266Z</time></trkpt><trkpt lat="42.832663" lon="-7.710943"><ele>601.078</ele><time>2024-08-14T07:37:48.266Z</time></trkpt><trkpt lat="42.832693" lon="-7.711000"><ele>602.686</ele><time>2024-08-14T07:37:53.266Z</time></trkpt><trkpt lat="42.832725" lon="-7.711047"><ele>602.783</ele><time>2024-08-14T07:37:56.266Z</time></trkpt><trkpt lat="42.832768" lon="-7.711079"><ele>606.088</ele><time>2024-08-14T07:38:00.266Z</time></trkpt><trkpt lat="42.832788" lon="-7.711189"><ele>606.597</ele><time>2024-08-14T07:38:06.266Z</time></trkpt><trkpt lat="42.832806" lon="-7.711249"><ele>606.418</ele><time>2024-08-14T07:38:09.266Z</time></trkpt><trkpt lat="42.832828" lon="-7.711306"><ele>606.115</ele><time>2024-08-14T07:38:12.266Z</time></trkpt><trkpt lat="42.832876" lon="-7.711344"><ele>605.665</ele><time>2024-08-14T07:38:17.266Z</time></trkpt><trkpt lat="42.832901" lon="-7.711406"><ele>604.511</ele><time>2024-08-14T07:38:21.266Z</time></trkpt><trkpt lat="42.832913" lon="-7.711476"><ele>603.709</ele><time>2024-08-14T07:38:26.266Z</time></trkpt><trkpt lat="42.832935" lon="-7.711551"><ele>602.372</ele><time>2024-08-14T07:38:32.266Z</time></trkpt><trkpt lat="42.832953" lon="-7.711626"><ele>602.019</ele><time>2024-08-14T07:38:35.266Z</time></trkpt><trkpt lat="42.832948" lon="-7.711691"><ele>601.471</ele><time>2024-08-14T07:38:38.266Z</time></trkpt><trkpt lat="42.832973" lon="-7.711766"><ele>601.460</ele><time>2024-08-14T07:38:42.266Z</time></trkpt><trkpt lat="42.833008" lon="-7.711811"><ele>601.458</ele><time>2024-08-14T07:38:45.266Z</time></trkpt><trkpt lat="42.833048" lon="-7.711848"><ele>602.265</ele><time>2024-08-14T07:38:48.266Z</time></trkpt><trkpt lat="42.833091" lon="-7.711898"><ele>605.090</ele><time>2024-08-14T07:38:53.266Z</time></trkpt><trkpt lat="42.833128" lon="-7.711935"><ele>606.749</ele><time>2024-08-14T07:38:56.266Z</time></trkpt><trkpt lat="42.833136" lon="-7.711998"><ele>609.890</ele><time>2024-08-14T07:39:01.266Z</time></trkpt><trkpt lat="42.833123" lon="-7.712071"><ele>612.822</ele><time>2024-08-14T07:39:04.266Z</time></trkpt><trkpt lat="42.833160" lon="-7.712133"><ele>616.262</ele><time>2024-08-14T07:39:09.266Z</time></trkpt><trkpt lat="42.833195" lon="-7.712188"><ele>618.408</ele><time>2024-08-14T07:39:14.266Z</time></trkpt><trkpt lat="42.833212" lon="-7.712246"><ele>618.309</ele><time>2024-08-14T07:39:18.266Z</time></trkpt><trkpt lat="42.833272" lon="-7.712283"><ele>618.483</ele><time>2024-08-14T07:39:22.266Z</time></trkpt><trkpt lat="42.833305" lon="-7.712331"><ele>618.130</ele><time>2024-08-14T07:39:25.266Z</time></trkpt><trkpt lat="42.833328" lon="-7.712399"><ele>617.192</ele><time>2024-08-14T07:39:30.266Z</time></trkpt><trkpt lat="42.833358" lon="-7.712459"><ele>616.241</ele><time>2024-08-14T07:39:34.266Z</time></trkpt><trkpt lat="42.833370" lon="-7.712522"><ele>616.099</ele><time>2024-08-14T07:39:37.266Z</time></trkpt><trkpt lat="42.833368" lon="-7.712600"><ele>616.076</ele><time>2024-08-14T07:39:42.266Z</time></trkpt><trkpt lat="42.833403" lon="-7.712647"><ele>616.011</ele><time>2024-08-14T07:39:46.266Z</time></trkpt><trkpt lat="42.833406" lon="-7.712724"><ele>616.530</ele><time>2024-08-14T07:39:50.266Z</time></trkpt><trkpt lat="42.833443" lon="-7.712776"><ele>617.051</ele><time>2024-08-14T07:39:54.266Z</time></trkpt><trkpt lat="42.833465" lon="-7.712836"><ele>617.829</ele><time>2024-08-14T07:39:57.266Z</time></trkpt><trkpt lat="42.833503" lon="-7.712889"><ele>618.000</ele><time>2024-08-14T07:40:00.266Z</time></trkpt><trkpt lat="42.833546" lon="-7.712914"><ele>618.120</ele><time>2024-08-14T07:40:03.266Z</time></trkpt><trkpt lat="42.833589" lon="-7.712939"><ele>618.109</ele><time>2024-08-14T07:40:06.266Z</time></trkpt><trkpt lat="42.833631" lon="-7.712977"><ele>618.363</ele><time>2024-08-14T07:40:10.266Z</time></trkpt><trkpt lat="42.833644" lon="-7.713062"><ele>618.710</ele><time>2024-08-14T07:40:18.266Z</time></trkpt><trkpt lat="42.833654" lon="-7.713124"><ele>619.362</ele><time>2024-08-14T07:40:23.266Z</time></trkpt><trkpt lat="42.833649" lon="-7.713197"><ele>619.691</ele><time>2024-08-14T07:40:27.266Z</time></trkpt><trkpt lat="42.833669" lon="-7.713254"><ele>619.679</ele><time>2024-08-14T07:40:30.266Z</time></trkpt><trkpt lat="42.833679" lon="-7.713317"><ele>619.696</ele><time>2024-08-14T07:40:33.266Z</time></trkpt><trkpt lat="42.833669" lon="-7.713395"><ele>619.721</ele><time>2024-08-14T07:40:37.266Z</time></trkpt><trkpt lat="42.833694" lon="-7.713457"><ele>619.790</ele><time>2024-08-14T07:40:44.266Z</time></trkpt><trkpt lat="42.833787" lon="-7.713584"><ele>621.011</ele><time>2024-08-14T07:40:56.266Z</time></trkpt><trkpt lat="42.833814" lon="-7.713667"><ele>621.026</ele><time>2024-08-14T07:40:59.266Z</time></trkpt><trkpt lat="42.833826" lon="-7.713739"><ele>621.247</ele><time>2024-08-14T07:41:02.266Z</time></trkpt><trkpt lat="42.833816" lon="-7.713819"><ele>620.611</ele><time>2024-08-14T07:41:07.266Z</time></trkpt><trkpt lat="42.833799" lon="-7.713879"><ele>619.609</ele><time>2024-08-14T07:41:10.266Z</time></trkpt><trkpt lat="42.833821" lon="-7.713937"><ele>619.493</ele><time>2024-08-14T07:41:16.266Z</time></trkpt><trkpt lat="42.833799" lon="-7.714040"><ele>618.890</ele><time>2024-08-14T07:41:23.266Z</time></trkpt><trkpt lat="42.833801" lon="-7.714110"><ele>618.492</ele><time>2024-08-14T07:41:27.266Z</time></trkpt><trkpt lat="42.833759" lon="-7.714173"><ele>617.511</ele><time>2024-08-14T07:41:30.266Z</time></trkpt><trkpt lat="42.833716" lon="-7.714286"><ele>616.269</ele><time>2024-08-14T07:41:40.266Z</time></trkpt><trkpt lat="42.833679" lon="-7.714326"><ele>616.286</ele><time>2024-08-14T07:41:42.266Z</time></trkpt><trkpt lat="42.833657" lon="-7.714399"><ele>616.371</ele><time>2024-08-14T07:41:46.266Z</time></trkpt><trkpt lat="42.833569" lon="-7.714557"><ele>618.330</ele><time>2024-08-14T07:42:00.266Z</time></trkpt><trkpt lat="42.833574" lon="-7.714632"><ele>618.461</ele><time>2024-08-14T07:42:04.266Z</time></trkpt><trkpt lat="42.833596" lon="-7.714687"><ele>618.466</ele><time>2024-08-14T07:42:07.266Z</time></trkpt><trkpt lat="42.833624" lon="-7.714755"><ele>620.529</ele><time>2024-08-14T07:42:13.266Z</time></trkpt><trkpt lat="42.833646" lon="-7.714822"><ele>622.021</ele><time>2024-08-14T07:42:18.266Z</time></trkpt><trkpt lat="42.833619" lon="-7.714889"><ele>622.209</ele><time>2024-08-14T07:42:23.266Z</time></trkpt><trkpt lat="42.833609" lon="-7.714976"><ele>623.967</ele><time>2024-08-14T07:42:31.266Z</time></trkpt><trkpt lat="42.833621" lon="-7.715039"><ele>624.544</ele><time>2024-08-14T07:42:36.266Z</time></trkpt><trkpt lat="42.833611" lon="-7.715112"><ele>625.996</ele><time>2024-08-14T07:42:39.266Z</time></trkpt><trkpt lat="42.833631" lon="-7.715204"><ele>626.155</ele><time>2024-08-14T07:42:45.266Z</time></trkpt><trkpt lat="42.833618" lon="-7.715274"><ele>626.063</ele><time>2024-08-14T07:42:50.266Z</time></trkpt><trkpt lat="42.833615" lon="-7.715352"><ele>623.810</ele><time>2024-08-14T07:42:57.266Z</time></trkpt><trkpt lat="42.833623" lon="-7.715420"><ele>623.795</ele><time>2024-08-14T07:43:04.266Z</time></trkpt><trkpt lat="42.833618" lon="-7.715488"><ele>623.514</ele><time>2024-08-14T07:43:09.266Z</time></trkpt><trkpt lat="42.833581" lon="-7.715558"><ele>623.375</ele><time>2024-08-14T07:43:15.266Z</time></trkpt><trkpt lat="42.833561" lon="-7.715620"><ele>623.064</ele><time>2024-08-14T07:43:20.266Z</time></trkpt><trkpt lat="42.833566" lon="-7.715687"><ele>622.606</ele><time>2024-08-14T07:43:26.266Z</time></trkpt><trkpt lat="42.833571" lon="-7.715794"><ele>621.916</ele><time>2024-08-14T07:43:35.266Z</time></trkpt><trkpt lat="42.833553" lon="-7.715854"><ele>621.809</ele><time>2024-08-14T07:43:38.266Z</time></trkpt><trkpt lat="42.833556" lon="-7.715926"><ele>621.697</ele><time>2024-08-14T07:43:44.266Z</time></trkpt><trkpt lat="42.833554" lon="-7.715998"><ele>621.464</ele><time>2024-08-14T07:43:48.266Z</time></trkpt><trkpt lat="42.833551" lon="-7.716061"><ele>621.456</ele><time>2024-08-14T07:43:51.266Z</time></trkpt><trkpt lat="42.833586" lon="-7.716186"><ele>621.255</ele><time>2024-08-14T07:44:01.266Z</time></trkpt><trkpt lat="42.833596" lon="-7.716303"><ele>621.343</ele><time>2024-08-14T07:44:09.266Z</time></trkpt><trkpt lat="42.833606" lon="-7.716378"><ele>622.050</ele><time>2024-08-14T07:44:14.266Z</time></trkpt><trkpt lat="42.833599" lon="-7.716453"><ele>623.065</ele><time>2024-08-14T07:44:18.266Z</time></trkpt><trkpt lat="42.833621" lon="-7.716556"><ele>625.124</ele><time>2024-08-14T07:44:28.266Z</time></trkpt><trkpt lat="42.833604" lon="-7.716639"><ele>626.515</ele><time>2024-08-14T07:44:34.266Z</time></trkpt><trkpt lat="42.833594" lon="-7.716719"><ele>626.845</ele><time>2024-08-14T07:44:39.266Z</time></trkpt><trkpt lat="42.833581" lon="-7.716782"><ele>629.747</ele><time>2024-08-14T07:44:43.266Z</time></trkpt><trkpt lat="42.833566" lon="-7.716845"><ele>631.811</ele><time>2024-08-14T07:44:48.266Z</time></trkpt><trkpt lat="42.833589" lon="-7.716898"><ele>634.609</ele><time>2024-08-14T07:44:52.266Z</time></trkpt><trkpt lat="42.833606" lon="-7.716966"><ele>638.195</ele><time>2024-08-14T07:44:57.266Z</time></trkpt><trkpt lat="42.833619" lon="-7.717034"><ele>640.142</ele><time>2024-08-14T07:45:02.266Z</time></trkpt><trkpt lat="42.833632" lon="-7.717106"><ele>641.814</ele><time>2024-08-14T07:45:09.266Z</time></trkpt><trkpt lat="42.833589" lon="-7.717203"><ele>642.473</ele><time>2024-08-14T07:45:17.266Z</time></trkpt><trkpt lat="42.833566" lon="-7.717270"><ele>642.871</ele><time>2024-08-14T07:45:25.266Z</time></trkpt><trkpt lat="42.833608" lon="-7.717202"><ele>643.228</ele><time>2024-08-14T07:45:30.266Z</time></trkpt><trkpt lat="42.833655" lon="-7.717230"><ele>643.953</ele><time>2024-08-14T07:45:33.266Z</time></trkpt><trkpt lat="42.833702" lon="-7.717283"><ele>652.192</ele><time>2024-08-14T07:45:38.266Z</time></trkpt><trkpt lat="42.833709" lon="-7.717358"><ele>656.873</ele><time>2024-08-14T07:45:42.266Z</time></trkpt><trkpt lat="42.833746" lon="-7.717413"><ele>659.579</ele><time>2024-08-14T07:45:45.266Z</time></trkpt><trkpt lat="42.833794" lon="-7.717455"><ele>660.405</ele><time>2024-08-14T07:45:50.266Z</time></trkpt><trkpt lat="42.833834" lon="-7.717553"><ele>660.525</ele><time>2024-08-14T07:46:14.266Z</time></trkpt><trkpt lat="42.833851" lon="-7.717611"><ele>660.509</ele><time>2024-08-14T07:46:17.266Z</time></trkpt><trkpt lat="42.833868" lon="-7.717691"><ele>660.598</ele><time>2024-08-14T07:46:21.266Z</time></trkpt><trkpt lat="42.833880" lon="-7.717754"><ele>660.535</ele><time>2024-08-14T07:46:25.266Z</time></trkpt><trkpt lat="42.833920" lon="-7.717812"><ele>660.587</ele><time>2024-08-14T07:46:34.266Z</time></trkpt><trkpt lat="42.833912" lon="-7.717879"><ele>660.956</ele><time>2024-08-14T07:46:37.266Z</time></trkpt><trkpt lat="42.833925" lon="-7.717966"><ele>661.024</ele><time>2024-08-14T07:46:44.266Z</time></trkpt><trkpt lat="42.833952" lon="-7.718104"><ele>664.211</ele><time>2024-08-14T07:47:02.266Z</time></trkpt><trkpt lat="42.834009" lon="-7.718171"><ele>665.896</ele><time>2024-08-14T07:47:08.266Z</time></trkpt><trkpt lat="42.834031" lon="-7.718243"><ele>666.015</ele><time>2024-08-14T07:47:13.266Z</time></trkpt><trkpt lat="42.834031" lon="-7.718348"><ele>665.686</ele><time>2024-08-14T07:47:35.266Z</time></trkpt><trkpt lat="42.834061" lon="-7.718216"><ele>669.219</ele><time>2024-08-14T07:47:58.266Z</time></trkpt><trkpt lat="42.834074" lon="-7.718299"><ele>669.109</ele><time>2024-08-14T07:48:20.266Z</time></trkpt><trkpt lat="42.834089" lon="-7.718357"><ele>665.019</ele><time>2024-08-14T07:48:24.266Z</time></trkpt><trkpt lat="42.834099" lon="-7.718429"><ele>663.409</ele><time>2024-08-14T07:48:28.266Z</time></trkpt><trkpt lat="42.834101" lon="-7.718506"><ele>663.412</ele><time>2024-08-14T07:48:32.266Z</time></trkpt><trkpt lat="42.834118" lon="-7.718566"><ele>663.449</ele><time>2024-08-14T07:48:35.266Z</time></trkpt><trkpt lat="42.834146" lon="-7.718626"><ele>665.681</ele><time>2024-08-14T07:48:38.266Z</time></trkpt><trkpt lat="42.834126" lon="-7.718718"><ele>665.830</ele><time>2024-08-14T07:48:45.266Z</time></trkpt><trkpt lat="42.834126" lon="-7.718785"><ele>665.998</ele><time>2024-08-14T07:48:48.266Z</time></trkpt><trkpt lat="42.834158" lon="-7.718860"><ele>666.255</ele><time>2024-08-14T07:48:56.266Z</time></trkpt><trkpt lat="42.834150" lon="-7.718945"><ele>666.420</ele><time>2024-08-14T07:48:59.266Z</time></trkpt><trkpt lat="42.834140" lon="-7.719007"><ele>667.939</ele><time>2024-08-14T07:49:04.266Z</time></trkpt><trkpt lat="42.834132" lon="-7.719085"><ele>668.810</ele><time>2024-08-14T07:49:08.266Z</time></trkpt><trkpt lat="42.834130" lon="-7.719158"><ele>669.389</ele><time>2024-08-14T07:49:12.266Z</time></trkpt><trkpt lat="42.834157" lon="-7.719218"><ele>669.306</ele><time>2024-08-14T07:49:15.266Z</time></trkpt><trkpt lat="42.834189" lon="-7.719271"><ele>669.226</ele><time>2024-08-14T07:49:19.266Z</time></trkpt><trkpt lat="42.834216" lon="-7.719336"><ele>669.309</ele><time>2024-08-14T07:49:24.266Z</time></trkpt><trkpt lat="42.834224" lon="-7.719403"><ele>669.389</ele><time>2024-08-14T07:49:27.266Z</time></trkpt><trkpt lat="42.834211" lon="-7.719470"><ele>669.736</ele><time>2024-08-14T07:49:30.266Z</time></trkpt><trkpt lat="42.834203" lon="-7.719547"><ele>671.568</ele><time>2024-08-14T07:49:35.266Z</time></trkpt><trkpt lat="42.834211" lon="-7.719622"><ele>671.637</ele><time>2024-08-14T07:49:39.266Z</time></trkpt><trkpt lat="42.834224" lon="-7.719687"><ele>670.345</ele><time>2024-08-14T07:49:45.266Z</time></trkpt><trkpt lat="42.834219" lon="-7.719759"><ele>667.882</ele><time>2024-08-14T07:49:49.266Z</time></trkpt><trkpt lat="42.834221" lon="-7.719827"><ele>667.267</ele><time>2024-08-14T07:49:53.266Z</time></trkpt><trkpt lat="42.834196" lon="-7.719922"><ele>667.216</ele><time>2024-08-14T07:49:59.266Z</time></trkpt><trkpt lat="42.834169" lon="-7.719975"><ele>667.427</ele><time>2024-08-14T07:50:04.266Z</time></trkpt><trkpt lat="42.834211" lon="-7.720025"><ele>669.221</ele><time>2024-08-14T07:50:09.266Z</time></trkpt><trkpt lat="42.834218" lon="-7.720088"><ele>671.041</ele><time>2024-08-14T07:50:12.266Z</time></trkpt><trkpt lat="42.834233" lon="-7.720158"><ele>672.805</ele><time>2024-08-14T07:50:15.266Z</time></trkpt><trkpt lat="42.834233" lon="-7.720220"><ele>673.309</ele><time>2024-08-14T07:50:18.266Z</time></trkpt><trkpt lat="42.834233" lon="-7.720302"><ele>672.843</ele><time>2024-08-14T07:50:24.266Z</time></trkpt><trkpt lat="42.834230" lon="-7.720385"><ele>671.090</ele><time>2024-08-14T07:50:29.266Z</time></trkpt><trkpt lat="42.834198" lon="-7.720433"><ele>669.032</ele><time>2024-08-14T07:50:31.266Z</time></trkpt><trkpt lat="42.834175" lon="-7.720490"><ele>668.071</ele><time>2024-08-14T07:50:34.266Z</time></trkpt><trkpt lat="42.834195" lon="-7.720545"><ele>667.019</ele><time>2024-08-14T07:50:37.266Z</time></trkpt><trkpt lat="42.834208" lon="-7.720620"><ele>665.746</ele><time>2024-08-14T07:50:41.266Z</time></trkpt><trkpt lat="42.834185" lon="-7.720692"><ele>665.351</ele><time>2024-08-14T07:50:44.266Z</time></trkpt><trkpt lat="42.834167" lon="-7.720755"><ele>665.350</ele><time>2024-08-14T07:50:47.266Z</time></trkpt><trkpt lat="42.834185" lon="-7.720813"><ele>665.451</ele><time>2024-08-14T07:50:51.266Z</time></trkpt><trkpt lat="42.834217" lon="-7.720870"><ele>665.746</ele><time>2024-08-14T07:50:56.266Z</time></trkpt><trkpt lat="42.834189" lon="-7.720958"><ele>665.788</ele><time>2024-08-14T07:51:04.266Z</time></trkpt><trkpt lat="42.834147" lon="-7.720993"><ele>665.716</ele><time>2024-08-14T07:51:07.266Z</time></trkpt><trkpt lat="42.834119" lon="-7.721051"><ele>664.609</ele><time>2024-08-14T07:51:13.266Z</time></trkpt><trkpt lat="42.834074" lon="-7.721109"><ele>663.555</ele><time>2024-08-14T07:51:17.266Z</time></trkpt><trkpt lat="42.834052" lon="-7.721169"><ele>662.372</ele><time>2024-08-14T07:51:21.266Z</time></trkpt><trkpt lat="42.834054" lon="-7.721247"><ele>660.244</ele><time>2024-08-14T07:51:24.266Z</time></trkpt><trkpt lat="42.834081" lon="-7.721305"><ele>659.773</ele><time>2024-08-14T07:51:27.266Z</time></trkpt><trkpt lat="42.834113" lon="-7.721362"><ele>659.511</ele><time>2024-08-14T07:51:32.266Z</time></trkpt><trkpt lat="42.834168" lon="-7.721370"><ele>659.618</ele><time>2024-08-14T07:51:37.266Z</time></trkpt><trkpt lat="42.834193" lon="-7.721437"><ele>659.913</ele><time>2024-08-14T07:51:41.266Z</time></trkpt><trkpt lat="42.834201" lon="-7.721507"><ele>660.162</ele><time>2024-08-14T07:51:44.266Z</time></trkpt><trkpt lat="42.834251" lon="-7.721589"><ele>660.743</ele><time>2024-08-14T07:51:53.266Z</time></trkpt><trkpt lat="42.834294" lon="-7.721612"><ele>661.498</ele><time>2024-08-14T07:51:58.266Z</time></trkpt><trkpt lat="42.834344" lon="-7.721580"><ele>662.415</ele><time>2024-08-14T07:52:01.266Z</time></trkpt><trkpt lat="42.834394" lon="-7.721562"><ele>663.226</ele><time>2024-08-14T07:52:04.266Z</time></trkpt><trkpt lat="42.834439" lon="-7.721615"><ele>663.709</ele><time>2024-08-14T07:52:08.266Z</time></trkpt><trkpt lat="42.834489" lon="-7.721683"><ele>664.990</ele><time>2024-08-14T07:52:13.266Z</time></trkpt><trkpt lat="42.834526" lon="-7.721738"><ele>664.787</ele><time>2024-08-14T07:52:17.266Z</time></trkpt><trkpt lat="42.834553" lon="-7.721803"><ele>664.889</ele><time>2024-08-14T07:52:22.266Z</time></trkpt><trkpt lat="42.834598" lon="-7.721865"><ele>665.038</ele><time>2024-08-14T07:52:28.266Z</time></trkpt><trkpt lat="42.834646" lon="-7.721988"><ele>665.736</ele><time>2024-08-14T07:52:40.266Z</time></trkpt><trkpt lat="42.834668" lon="-7.722058"><ele>665.783</ele><time>2024-08-14T07:52:43.266Z</time></trkpt><trkpt lat="42.834701" lon="-7.722111"><ele>665.938</ele><time>2024-08-14T07:52:48.266Z</time></trkpt><trkpt lat="42.834743" lon="-7.722154"><ele>666.177</ele><time>2024-08-14T07:52:51.266Z</time></trkpt><trkpt lat="42.834781" lon="-7.722214"><ele>667.468</ele><time>2024-08-14T07:52:54.266Z</time></trkpt><trkpt lat="42.834824" lon="-7.722271"><ele>666.866</ele><time>2024-08-14T07:52:58.266Z</time></trkpt><trkpt lat="42.834851" lon="-7.722321"><ele>666.829</ele><time>2024-08-14T07:53:00.266Z</time></trkpt><trkpt lat="42.834871" lon="-7.722381"><ele>665.821</ele><time>2024-08-14T07:53:05.266Z</time></trkpt><trkpt lat="42.834926" lon="-7.722391"><ele>665.209</ele><time>2024-08-14T07:53:10.266Z</time></trkpt><trkpt lat="42.834944" lon="-7.722451"><ele>664.057</ele><time>2024-08-14T07:53:13.266Z</time></trkpt><trkpt lat="42.834962" lon="-7.722523"><ele>662.564</ele><time>2024-08-14T07:53:18.266Z</time></trkpt><trkpt lat="42.835012" lon="-7.722558"><ele>661.086</ele><time>2024-08-14T07:53:23.266Z</time></trkpt><trkpt lat="42.835047" lon="-7.722608"><ele>660.775</ele><time>2024-08-14T07:53:26.266Z</time></trkpt><trkpt lat="42.835090" lon="-7.722643"><ele>660.533</ele><time>2024-08-14T07:53:29.266Z</time></trkpt><trkpt lat="42.835110" lon="-7.722721"><ele>660.830</ele><time>2024-08-14T07:53:34.266Z</time></trkpt><trkpt lat="42.835158" lon="-7.722771"><ele>664.845</ele><time>2024-08-14T07:53:40.266Z</time></trkpt><trkpt lat="42.835191" lon="-7.722848"><ele>667.174</ele><time>2024-08-14T07:53:45.266Z</time></trkpt><trkpt lat="42.835208" lon="-7.722921"><ele>667.345</ele><time>2024-08-14T07:53:48.266Z</time></trkpt><trkpt lat="42.835221" lon="-7.722994"><ele>667.953</ele><time>2024-08-14T07:53:51.266Z</time></trkpt><trkpt lat="42.835228" lon="-7.723057"><ele>668.104</ele><time>2024-08-14T07:53:54.266Z</time></trkpt><trkpt lat="42.835255" lon="-7.723110"><ele>668.114</ele><time>2024-08-14T07:53:59.266Z</time></trkpt><trkpt lat="42.835297" lon="-7.723167"><ele>668.009</ele><time>2024-08-14T07:54:03.266Z</time></trkpt><trkpt lat="42.835329" lon="-7.723225"><ele>666.846</ele><time>2024-08-14T07:54:07.266Z</time></trkpt><trkpt lat="42.835367" lon="-7.723282"><ele>666.173</ele><time>2024-08-14T07:54:11.267Z</time></trkpt><trkpt lat="42.835427" lon="-7.723294"><ele>665.835</ele><time>2024-08-14T07:54:15.267Z</time></trkpt><trkpt lat="42.835500" lon="-7.723317"><ele>665.664</ele><time>2024-08-14T07:54:22.267Z</time></trkpt><trkpt lat="42.835608" lon="-7.723329"><ele>665.572</ele><time>2024-08-14T07:54:32.267Z</time></trkpt><trkpt lat="42.835663" lon="-7.723351"><ele>665.619</ele><time>2024-08-14T07:54:37.267Z</time></trkpt><trkpt lat="42.835696" lon="-7.723394"><ele>665.744</ele><time>2024-08-14T07:54:40.267Z</time></trkpt><trkpt lat="42.835691" lon="-7.723489"><ele>666.883</ele><time>2024-08-14T07:54:44.267Z</time></trkpt><trkpt lat="42.835713" lon="-7.723577"><ele>667.884</ele><time>2024-08-14T07:54:47.267Z</time></trkpt><trkpt lat="42.835740" lon="-7.723654"><ele>669.729</ele><time>2024-08-14T07:54:49.267Z</time></trkpt><trkpt lat="42.835782" lon="-7.723704"><ele>670.700</ele><time>2024-08-14T07:54:51.267Z</time></trkpt><trkpt lat="42.835797" lon="-7.723774"><ele>670.720</ele><time>2024-08-14T07:54:55.267Z</time></trkpt><trkpt lat="42.835782" lon="-7.723842"><ele>669.109</ele><time>2024-08-14T07:54:58.267Z</time></trkpt><trkpt lat="42.835832" lon="-7.723889"><ele>669.073</ele><time>2024-08-14T07:55:01.267Z</time></trkpt><trkpt lat="42.835889" lon="-7.723924"><ele>668.780</ele><time>2024-08-14T07:55:08.267Z</time></trkpt><trkpt lat="42.835924" lon="-7.724019"><ele>668.752</ele><time>2024-08-14T07:55:15.267Z</time></trkpt><trkpt lat="42.835954" lon="-7.724091"><ele>668.781</ele><time>2024-08-14T07:55:18.267Z</time></trkpt><trkpt lat="42.835981" lon="-7.724161"><ele>668.729</ele><time>2024-08-14T07:55:20.267Z</time></trkpt><trkpt lat="42.836013" lon="-7.724214"><ele>669.066</ele><time>2024-08-14T07:55:22.267Z</time></trkpt><trkpt lat="42.836013" lon="-7.724279"><ele>669.441</ele><time>2024-08-14T07:55:24.267Z</time></trkpt><trkpt lat="42.836030" lon="-7.724351"><ele>669.920</ele><time>2024-08-14T07:55:27.267Z</time></trkpt><trkpt lat="42.836087" lon="-7.724321"><ele>670.931</ele><time>2024-08-14T07:55:31.267Z</time></trkpt><trkpt lat="42.836149" lon="-7.724378"><ele>665.922</ele><time>2024-08-14T07:55:56.267Z</time></trkpt><trkpt lat="42.836179" lon="-7.724455"><ele>665.962</ele><time>2024-08-14T07:56:03.267Z</time></trkpt><trkpt lat="42.836239" lon="-7.724480"><ele>665.908</ele><time>2024-08-14T07:56:07.267Z</time></trkpt><trkpt lat="42.836284" lon="-7.724510"><ele>665.909</ele><time>2024-08-14T07:56:10.267Z</time></trkpt><trkpt lat="42.836327" lon="-7.724535"><ele>662.863</ele><time>2024-08-14T07:56:13.267Z</time></trkpt><trkpt lat="42.836335" lon="-7.724620"><ele>662.690</ele><time>2024-08-14T07:56:16.267Z</time></trkpt><trkpt lat="42.836377" lon="-7.724643"><ele>662.172</ele><time>2024-08-14T07:56:20.267Z</time></trkpt><trkpt lat="42.836409" lon="-7.724701"><ele>662.131</ele><time>2024-08-14T07:56:26.267Z</time></trkpt><trkpt lat="42.836456" lon="-7.724731"><ele>662.899</ele><time>2024-08-14T07:56:30.267Z</time></trkpt><trkpt lat="42.836484" lon="-7.724793"><ele>664.326</ele><time>2024-08-14T07:56:33.267Z</time></trkpt><trkpt lat="42.836517" lon="-7.724841"><ele>665.311</ele><time>2024-08-14T07:56:38.267Z</time></trkpt><trkpt lat="42.836530" lon="-7.724901"><ele>665.350</ele><time>2024-08-14T07:56:43.267Z</time></trkpt><trkpt lat="42.836565" lon="-7.724941"><ele>665.361</ele><time>2024-08-14T07:56:46.267Z</time></trkpt><trkpt lat="42.836593" lon="-7.725009"><ele>665.184</ele><time>2024-08-14T07:56:50.267Z</time></trkpt><trkpt lat="42.836581" lon="-7.725094"><ele>665.007</ele><time>2024-08-14T07:56:53.267Z</time></trkpt><trkpt lat="42.836596" lon="-7.725177"><ele>665.017</ele><time>2024-08-14T07:56:56.267Z</time></trkpt><trkpt lat="42.836608" lon="-7.725240"><ele>665.009</ele><time>2024-08-14T07:56:59.267Z</time></trkpt><trkpt lat="42.836621" lon="-7.725307"><ele>664.989</ele><time>2024-08-14T07:57:03.267Z</time></trkpt><trkpt lat="42.836639" lon="-7.725370"><ele>664.116</ele><time>2024-08-14T07:57:07.267Z</time></trkpt><trkpt lat="42.836652" lon="-7.725433"><ele>662.298</ele><time>2024-08-14T07:57:10.267Z</time></trkpt><trkpt lat="42.836670" lon="-7.725493"><ele>662.067</ele><time>2024-08-14T07:57:14.267Z</time></trkpt><trkpt lat="42.836697" lon="-7.725546"><ele>662.175</ele><time>2024-08-14T07:57:18.267Z</time></trkpt><trkpt lat="42.836725" lon="-7.725599"><ele>662.162</ele><time>2024-08-14T07:57:22.267Z</time></trkpt><trkpt lat="42.836748" lon="-7.725661"><ele>662.067</ele><time>2024-08-14T07:57:26.267Z</time></trkpt><trkpt lat="42.836776" lon="-7.725723"><ele>662.046</ele><time>2024-08-14T07:57:30.267Z</time></trkpt><trkpt lat="42.836793" lon="-7.725798"><ele>661.977</ele><time>2024-08-14T07:57:34.267Z</time></trkpt><trkpt lat="42.836816" lon="-7.725861"><ele>661.489</ele><time>2024-08-14T07:57:39.267Z</time></trkpt><trkpt lat="42.836838" lon="-7.725933"><ele>660.806</ele><time>2024-08-14T07:57:44.267Z</time></trkpt><trkpt lat="42.836831" lon="-7.726003"><ele>660.826</ele><time>2024-08-14T07:57:48.267Z</time></trkpt><trkpt lat="42.836851" lon="-7.726070"><ele>660.609</ele><time>2024-08-14T07:57:52.267Z</time></trkpt><trkpt lat="42.836861" lon="-7.726133"><ele>660.679</ele><time>2024-08-14T07:57:55.267Z</time></trkpt><trkpt lat="42.836881" lon="-7.726198"><ele>660.736</ele><time>2024-08-14T07:57:58.267Z</time></trkpt><trkpt lat="42.836883" lon="-7.726265"><ele>659.978</ele><time>2024-08-14T07:58:02.267Z</time></trkpt><trkpt lat="42.836915" lon="-7.726325"><ele>659.267</ele><time>2024-08-14T07:58:07.267Z</time></trkpt><trkpt lat="42.836942" lon="-7.726398"><ele>659.255</ele><time>2024-08-14T07:58:11.267Z</time></trkpt><trkpt lat="42.836960" lon="-7.726458"><ele>659.292</ele><time>2024-08-14T07:58:15.267Z</time></trkpt><trkpt lat="42.836982" lon="-7.726523"><ele>660.237</ele><time>2024-08-14T07:58:20.267Z</time></trkpt><trkpt lat="42.837010" lon="-7.726578"><ele>661.756</ele><time>2024-08-14T07:58:24.267Z</time></trkpt><trkpt lat="42.837015" lon="-7.726656"><ele>662.457</ele><time>2024-08-14T07:58:27.267Z</time></trkpt><trkpt lat="42.837030" lon="-7.726726"><ele>664.365</ele><time>2024-08-14T07:58:30.267Z</time></trkpt><trkpt lat="42.837057" lon="-7.726781"><ele>666.868</ele><time>2024-08-14T07:58:34.267Z</time></trkpt><trkpt lat="42.837085" lon="-7.726831"><ele>668.514</ele><time>2024-08-14T07:58:38.267Z</time></trkpt><trkpt lat="42.837113" lon="-7.726891"><ele>668.809</ele><time>2024-08-14T07:58:41.267Z</time></trkpt><trkpt lat="42.837138" lon="-7.726948"><ele>668.897</ele><time>2024-08-14T07:58:44.267Z</time></trkpt><trkpt lat="42.837165" lon="-7.727001"><ele>667.954</ele><time>2024-08-14T07:58:49.267Z</time></trkpt><trkpt lat="42.837183" lon="-7.727061"><ele>667.016</ele><time>2024-08-14T07:58:53.267Z</time></trkpt><trkpt lat="42.837213" lon="-7.727113"><ele>665.725</ele><time>2024-08-14T07:58:57.267Z</time></trkpt><trkpt lat="42.837240" lon="-7.727183"><ele>664.843</ele><time>2024-08-14T07:59:01.267Z</time></trkpt><trkpt lat="42.837258" lon="-7.727250"><ele>663.560</ele><time>2024-08-14T07:59:05.267Z</time></trkpt><trkpt lat="42.837283" lon="-7.727308"><ele>663.285</ele><time>2024-08-14T07:59:09.267Z</time></trkpt><trkpt lat="42.837306" lon="-7.727383"><ele>662.884</ele><time>2024-08-14T07:59:13.267Z</time></trkpt><trkpt lat="42.837316" lon="-7.727455"><ele>662.895</ele><time>2024-08-14T07:59:17.267Z</time></trkpt><trkpt lat="42.837338" lon="-7.727515"><ele>662.995</ele><time>2024-08-14T07:59:21.267Z</time></trkpt><trkpt lat="42.837361" lon="-7.727577"><ele>663.549</ele><time>2024-08-14T07:59:25.267Z</time></trkpt><trkpt lat="42.837376" lon="-7.727639"><ele>664.023</ele><time>2024-08-14T07:59:29.267Z</time></trkpt><trkpt lat="42.837414" lon="-7.727689"><ele>661.409</ele><time>2024-08-14T07:59:47.267Z</time></trkpt><trkpt lat="42.837429" lon="-7.727747"><ele>660.510</ele><time>2024-08-14T07:59:50.267Z</time></trkpt><trkpt lat="42.837454" lon="-7.727817"><ele>660.547</ele><time>2024-08-14T07:59:54.267Z</time></trkpt><trkpt lat="42.837472" lon="-7.727892"><ele>660.519</ele><time>2024-08-14T07:59:57.267Z</time></trkpt><trkpt lat="42.837480" lon="-7.727969"><ele>660.558</ele><time>2024-08-14T08:00:00.267Z</time></trkpt><trkpt lat="42.837490" lon="-7.728059"><ele>660.076</ele><time>2024-08-14T08:00:03.267Z</time></trkpt><trkpt lat="42.837502" lon="-7.728144"><ele>659.933</ele><time>2024-08-14T08:00:06.267Z</time></trkpt><trkpt lat="42.837509" lon="-7.728217"><ele>659.848</ele><time>2024-08-14T08:00:09.267Z</time></trkpt><trkpt lat="42.837539" lon="-7.728267"><ele>659.877</ele><time>2024-08-14T08:00:13.267Z</time></trkpt><trkpt lat="42.837544" lon="-7.728335"><ele>660.028</ele><time>2024-08-14T08:00:18.267Z</time></trkpt><trkpt lat="42.837581" lon="-7.728387"><ele>660.781</ele><time>2024-08-14T08:00:23.267Z</time></trkpt><trkpt lat="42.837634" lon="-7.728415"><ele>661.761</ele><time>2024-08-14T08:00:28.267Z</time></trkpt><trkpt lat="42.837672" lon="-7.728470"><ele>664.217</ele><time>2024-08-14T08:00:33.267Z</time></trkpt><trkpt lat="42.837714" lon="-7.728528"><ele>667.109</ele><time>2024-08-14T08:00:38.267Z</time></trkpt><trkpt lat="42.837722" lon="-7.728590"><ele>667.989</ele><time>2024-08-14T08:00:41.267Z</time></trkpt><trkpt lat="42.837727" lon="-7.728667"><ele>668.166</ele><time>2024-08-14T08:00:44.267Z</time></trkpt><trkpt lat="42.837742" lon="-7.728744"><ele>668.468</ele><time>2024-08-14T08:00:47.267Z</time></trkpt><trkpt lat="42.837784" lon="-7.728792"><ele>668.127</ele><time>2024-08-14T08:00:51.267Z</time></trkpt><trkpt lat="42.837809" lon="-7.728862"><ele>667.835</ele><time>2024-08-14T08:00:55.267Z</time></trkpt><trkpt lat="42.837859" lon="-7.728897"><ele>667.332</ele><time>2024-08-14T08:01:00.267Z</time></trkpt><trkpt lat="42.837881" lon="-7.728959"><ele>667.037</ele><time>2024-08-14T08:01:04.267Z</time></trkpt><trkpt lat="42.837893" lon="-7.729036"><ele>666.746</ele><time>2024-08-14T08:01:08.267Z</time></trkpt><trkpt lat="42.837905" lon="-7.729106"><ele>666.787</ele><time>2024-08-14T08:01:12.267Z</time></trkpt><trkpt lat="42.837920" lon="-7.729173"><ele>666.548</ele><time>2024-08-14T08:01:15.267Z</time></trkpt><trkpt lat="42.837938" lon="-7.729243"><ele>667.161</ele><time>2024-08-14T08:01:19.267Z</time></trkpt><trkpt lat="42.837965" lon="-7.729308"><ele>667.417</ele><time>2024-08-14T08:01:23.267Z</time></trkpt><trkpt lat="42.837997" lon="-7.729365"><ele>668.809</ele><time>2024-08-14T08:01:29.267Z</time></trkpt><trkpt lat="42.838007" lon="-7.729428"><ele>669.275</ele><time>2024-08-14T08:01:33.267Z</time></trkpt><trkpt lat="42.837997" lon="-7.729528"><ele>671.092</ele><time>2024-08-14T08:01:41.267Z</time></trkpt><trkpt lat="42.838024" lon="-7.729593"><ele>671.544</ele><time>2024-08-14T08:01:45.267Z</time></trkpt><trkpt lat="42.838042" lon="-7.729655"><ele>671.563</ele><time>2024-08-14T08:01:50.267Z</time></trkpt><trkpt lat="42.838024" lon="-7.729712"><ele>671.551</ele><time>2024-08-14T08:01:52.267Z</time></trkpt><trkpt lat="42.838034" lon="-7.729774"><ele>671.618</ele><time>2024-08-14T08:01:56.267Z</time></trkpt><trkpt lat="42.838052" lon="-7.729892"><ele>672.213</ele><time>2024-08-14T08:02:05.267Z</time></trkpt><trkpt lat="42.838069" lon="-7.730025"><ele>675.672</ele><time>2024-08-14T08:02:15.267Z</time></trkpt><trkpt lat="42.838099" lon="-7.730083"><ele>675.693</ele><time>2024-08-14T08:02:19.267Z</time></trkpt><trkpt lat="42.838177" lon="-7.730161"><ele>675.278</ele><time>2024-08-14T08:02:29.267Z</time></trkpt><trkpt lat="42.838229" lon="-7.730204"><ele>674.533</ele><time>2024-08-14T08:02:34.267Z</time></trkpt><trkpt lat="42.838276" lon="-7.730251"><ele>674.526</ele><time>2024-08-14T08:02:37.267Z</time></trkpt><trkpt lat="42.838294" lon="-7.730319"><ele>674.509</ele><time>2024-08-14T08:02:40.267Z</time></trkpt><trkpt lat="42.838324" lon="-7.730381"><ele>673.038</ele><time>2024-08-14T08:02:44.267Z</time></trkpt><trkpt lat="42.838316" lon="-7.730449"><ele>671.785</ele><time>2024-08-14T08:02:49.267Z</time></trkpt><trkpt lat="42.838323" lon="-7.730519"><ele>670.457</ele><time>2024-08-14T08:02:53.267Z</time></trkpt><trkpt lat="42.838415" lon="-7.730559"><ele>669.426</ele><time>2024-08-14T08:03:01.267Z</time></trkpt><trkpt lat="42.838452" lon="-7.730612"><ele>668.074</ele><time>2024-08-14T08:03:04.267Z</time></trkpt><trkpt lat="42.838515" lon="-7.730665"><ele>667.671</ele><time>2024-08-14T08:03:10.267Z</time></trkpt><trkpt lat="42.838568" lon="-7.730663"><ele>666.976</ele><time>2024-08-14T08:03:13.267Z</time></trkpt><trkpt lat="42.838605" lon="-7.730701"><ele>666.245</ele><time>2024-08-14T08:03:16.267Z</time></trkpt><trkpt lat="42.838643" lon="-7.730734"><ele>666.296</ele><time>2024-08-14T08:03:20.267Z</time></trkpt><trkpt lat="42.838666" lon="-7.730799"><ele>666.219</ele><time>2024-08-14T08:03:23.267Z</time></trkpt><trkpt lat="42.838696" lon="-7.730862"><ele>666.309</ele><time>2024-08-14T08:03:26.267Z</time></trkpt><trkpt lat="42.838704" lon="-7.730935"><ele>666.719</ele><time>2024-08-14T08:03:29.267Z</time></trkpt><trkpt lat="42.838776" lon="-7.730922"><ele>667.209</ele><time>2024-08-14T08:03:33.267Z</time></trkpt><trkpt lat="42.838803" lon="-7.730985"><ele>667.832</ele><time>2024-08-14T08:03:38.267Z</time></trkpt><trkpt lat="42.838858" lon="-7.731012"><ele>668.069</ele><time>2024-08-14T08:03:43.267Z</time></trkpt><trkpt lat="42.838910" lon="-7.731020"><ele>668.411</ele><time>2024-08-14T08:03:46.267Z</time></trkpt><trkpt lat="42.838955" lon="-7.731027"><ele>668.680</ele><time>2024-08-14T08:03:51.267Z</time></trkpt><trkpt lat="42.838975" lon="-7.731087"><ele>668.728</ele><time>2024-08-14T08:03:54.267Z</time></trkpt><trkpt lat="42.839012" lon="-7.731127"><ele>668.965</ele><time>2024-08-14T08:03:57.267Z</time></trkpt><trkpt lat="42.839084" lon="-7.731075"><ele>669.470</ele><time>2024-08-14T08:04:01.267Z</time></trkpt><trkpt lat="42.839111" lon="-7.731150"><ele>669.499</ele><time>2024-08-14T08:04:05.267Z</time></trkpt><trkpt lat="42.839121" lon="-7.731233"><ele>669.430</ele><time>2024-08-14T08:04:07.267Z</time></trkpt><trkpt lat="42.839129" lon="-7.731310"><ele>669.135</ele><time>2024-08-14T08:04:09.267Z</time></trkpt><trkpt lat="42.839147" lon="-7.731402"><ele>668.986</ele><time>2024-08-14T08:04:11.267Z</time></trkpt><trkpt lat="42.839159" lon="-7.731487"><ele>668.614</ele><time>2024-08-14T08:04:13.267Z</time></trkpt><trkpt lat="42.839169" lon="-7.731572"><ele>668.209</ele><time>2024-08-14T08:04:15.267Z</time></trkpt><trkpt lat="42.839199" lon="-7.731647"><ele>667.944</ele><time>2024-08-14T08:04:18.267Z</time></trkpt><trkpt lat="42.839234" lon="-7.731690"><ele>667.461</ele><time>2024-08-14T08:04:21.267Z</time></trkpt><trkpt lat="42.839242" lon="-7.731755"><ele>667.013</ele><time>2024-08-14T08:04:25.267Z</time></trkpt><trkpt lat="42.839262" lon="-7.731825"><ele>667.092</ele><time>2024-08-14T08:04:29.267Z</time></trkpt><trkpt lat="42.839314" lon="-7.731828"><ele>667.160</ele><time>2024-08-14T08:04:32.267Z</time></trkpt><trkpt lat="42.839359" lon="-7.731805"><ele>667.757</ele><time>2024-08-14T08:04:35.267Z</time></trkpt><trkpt lat="42.839407" lon="-7.731842"><ele>667.882</ele><time>2024-08-14T08:04:40.267Z</time></trkpt><trkpt lat="42.839447" lon="-7.731879"><ele>668.171</ele><time>2024-08-14T08:04:43.267Z</time></trkpt><trkpt lat="42.839479" lon="-7.731941"><ele>668.182</ele><time>2024-08-14T08:04:46.267Z</time></trkpt><trkpt lat="42.839539" lon="-7.731933"><ele>668.151</ele><time>2024-08-14T08:04:51.267Z</time></trkpt><trkpt lat="42.839594" lon="-7.731958"><ele>667.901</ele><time>2024-08-14T08:04:55.267Z</time></trkpt><trkpt lat="42.839639" lon="-7.731973"><ele>667.311</ele><time>2024-08-14T08:04:58.267Z</time></trkpt><trkpt lat="42.839682" lon="-7.732023"><ele>666.709</ele><time>2024-08-14T08:05:03.267Z</time></trkpt><trkpt lat="42.839697" lon="-7.732093"><ele>666.696</ele><time>2024-08-14T08:05:06.267Z</time></trkpt><trkpt lat="42.839740" lon="-7.732056"><ele>666.683</ele><time>2024-08-14T08:05:09.267Z</time></trkpt><trkpt lat="42.839825" lon="-7.732178"><ele>666.365</ele><time>2024-08-14T08:05:20.267Z</time></trkpt><trkpt lat="42.839832" lon="-7.732253"><ele>665.284</ele><time>2024-08-14T08:05:27.267Z</time></trkpt><trkpt lat="42.839852" lon="-7.732320"><ele>665.222</ele><time>2024-08-14T08:05:30.267Z</time></trkpt><trkpt lat="42.839877" lon="-7.732377"><ele>664.729</ele><time>2024-08-14T08:05:33.267Z</time></trkpt><trkpt lat="42.839924" lon="-7.732429"><ele>664.024</ele><time>2024-08-14T08:05:37.267Z</time></trkpt><trkpt lat="42.839944" lon="-7.732487"><ele>663.973</ele><time>2024-08-14T08:05:40.267Z</time></trkpt><trkpt lat="42.839984" lon="-7.732580"><ele>663.674</ele><time>2024-08-14T08:05:49.267Z</time></trkpt><trkpt lat="42.839987" lon="-7.732663"><ele>662.916</ele><time>2024-08-14T08:05:52.267Z</time></trkpt><trkpt lat="42.840004" lon="-7.732735"><ele>662.476</ele><time>2024-08-14T08:05:56.267Z</time></trkpt><trkpt lat="42.840059" lon="-7.732823"><ele>662.113</ele><time>2024-08-14T08:06:02.267Z</time></trkpt><trkpt lat="42.840094" lon="-7.732903"><ele>662.009</ele><time>2024-08-14T08:06:08.267Z</time></trkpt><trkpt lat="42.840116" lon="-7.732958"><ele>661.972</ele><time>2024-08-14T08:06:13.267Z</time></trkpt><trkpt lat="42.840136" lon="-7.733026"><ele>661.119</ele><time>2024-08-14T08:06:18.267Z</time></trkpt><trkpt lat="42.840158" lon="-7.733084"><ele>660.281</ele><time>2024-08-14T08:06:21.267Z</time></trkpt><trkpt lat="42.840213" lon="-7.733114"><ele>659.940</ele><time>2024-08-14T08:06:24.267Z</time></trkpt><trkpt lat="42.840246" lon="-7.733176"><ele>659.638</ele><time>2024-08-14T08:06:27.267Z</time></trkpt><trkpt lat="42.840224" lon="-7.733238"><ele>659.055</ele><time>2024-08-14T08:06:29.267Z</time></trkpt><trkpt lat="42.840224" lon="-7.733176"><ele>656.430</ele><time>2024-08-14T08:06:40.267Z</time></trkpt><trkpt lat="42.840294" lon="-7.733279"><ele>652.949</ele><time>2024-08-14T08:06:55.267Z</time></trkpt><trkpt lat="42.840349" lon="-7.733331"><ele>651.160</ele><time>2024-08-14T08:06:57.267Z</time></trkpt><trkpt lat="42.840394" lon="-7.733391"><ele>650.387</ele><time>2024-08-14T08:06:59.267Z</time></trkpt><trkpt lat="42.840426" lon="-7.733448"><ele>649.442</ele><time>2024-08-14T08:07:01.267Z</time></trkpt><trkpt lat="42.840459" lon="-7.733491"><ele>649.026</ele><time>2024-08-14T08:07:03.267Z</time></trkpt><trkpt lat="42.840512" lon="-7.733533"><ele>649.109</ele><time>2024-08-14T08:07:06.267Z</time></trkpt><trkpt lat="42.840520" lon="-7.733716"><ele>648.119</ele><time>2024-08-14T08:07:24.267Z</time></trkpt><trkpt lat="42.840542" lon="-7.733793"><ele>648.126</ele><time>2024-08-14T08:07:30.267Z</time></trkpt><trkpt lat="42.840537" lon="-7.733855"><ele>648.578</ele><time>2024-08-14T08:07:36.267Z</time></trkpt><trkpt lat="42.840617" lon="-7.733862"><ele>651.587</ele><time>2024-08-14T08:07:42.267Z</time></trkpt><trkpt lat="42.840662" lon="-7.733875"><ele>650.175</ele><time>2024-08-14T08:07:44.267Z</time></trkpt><trkpt lat="42.840707" lon="-7.733905"><ele>649.632</ele><time>2024-08-14T08:07:47.267Z</time></trkpt><trkpt lat="42.840759" lon="-7.733955"><ele>648.097</ele><time>2024-08-14T08:07:51.267Z</time></trkpt><trkpt lat="42.840799" lon="-7.734005"><ele>648.156</ele><time>2024-08-14T08:07:55.267Z</time></trkpt><trkpt lat="42.840902" lon="-7.734088"><ele>648.737</ele><time>2024-08-14T08:08:10.267Z</time></trkpt><trkpt lat="42.840947" lon="-7.734110"><ele>650.585</ele><time>2024-08-14T08:08:14.267Z</time></trkpt><trkpt lat="42.840992" lon="-7.734158"><ele>650.789</ele><time>2024-08-14T08:08:18.267Z</time></trkpt><trkpt lat="42.841019" lon="-7.734216"><ele>650.717</ele><time>2024-08-14T08:08:22.267Z</time></trkpt><trkpt lat="42.841052" lon="-7.734264"><ele>664.209</ele><time>2024-08-14T08:08:25.267Z</time></trkpt><trkpt lat="42.841102" lon="-7.734302"><ele>667.389</ele><time>2024-08-14T08:08:35.267Z</time></trkpt><trkpt lat="42.841155" lon="-7.734307"><ele>669.556</ele><time>2024-08-14T08:08:38.267Z</time></trkpt><trkpt lat="42.841205" lon="-7.734322"><ele>670.718</ele><time>2024-08-14T08:08:41.267Z</time></trkpt><trkpt lat="42.841253" lon="-7.734349"><ele>672.597</ele><time>2024-08-14T08:08:45.267Z</time></trkpt><trkpt lat="42.841281" lon="-7.734401"><ele>674.915</ele><time>2024-08-14T08:08:50.267Z</time></trkpt><trkpt lat="42.841319" lon="-7.734454"><ele>675.742</ele><time>2024-08-14T08:08:54.267Z</time></trkpt><trkpt lat="42.841357" lon="-7.734497"><ele>676.647</ele><time>2024-08-14T08:09:05.267Z</time></trkpt><trkpt lat="42.841415" lon="-7.734477"><ele>678.746</ele><time>2024-08-14T08:09:09.267Z</time></trkpt><trkpt lat="42.841447" lon="-7.734570"><ele>679.887</ele><time>2024-08-14T08:09:12.267Z</time></trkpt><trkpt lat="42.841474" lon="-7.734635"><ele>679.897</ele><time>2024-08-14T08:09:14.267Z</time></trkpt><trkpt lat="42.841522" lon="-7.734712"><ele>680.723</ele><time>2024-08-14T08:09:18.267Z</time></trkpt><trkpt lat="42.841572" lon="-7.734680"><ele>673.325</ele><time>2024-08-14T08:09:23.267Z</time></trkpt><trkpt lat="42.841605" lon="-7.734632"><ele>670.809</ele><time>2024-08-14T08:09:26.267Z</time></trkpt><trkpt lat="42.841630" lon="-7.734572"><ele>669.050</ele><time>2024-08-14T08:09:30.267Z</time></trkpt><trkpt lat="42.841643" lon="-7.734490"><ele>666.037</ele><time>2024-08-14T08:09:34.267Z</time></trkpt><trkpt lat="42.841668" lon="-7.734388"><ele>660.459</ele><time>2024-08-14T08:09:41.267Z</time></trkpt><trkpt lat="42.841673" lon="-7.734326"><ele>660.098</ele><time>2024-08-14T08:09:45.267Z</time></trkpt><trkpt lat="42.841676" lon="-7.734261"><ele>660.076</ele><time>2024-08-14T08:09:49.267Z</time></trkpt><trkpt lat="42.841689" lon="-7.734184"><ele>660.073</ele><time>2024-08-14T08:09:53.267Z</time></trkpt><trkpt lat="42.841694" lon="-7.734112"><ele>660.278</ele><time>2024-08-14T08:09:57.267Z</time></trkpt><trkpt lat="42.841674" lon="-7.734054"><ele>660.457</ele><time>2024-08-14T08:10:02.267Z</time></trkpt><trkpt lat="42.841682" lon="-7.733987"><ele>661.098</ele><time>2024-08-14T08:10:06.267Z</time></trkpt><trkpt lat="42.841779" lon="-7.733914"><ele>668.121</ele><time>2024-08-14T08:10:55.267Z</time></trkpt><trkpt lat="42.841804" lon="-7.733862"><ele>668.141</ele><time>2024-08-14T08:10:58.267Z</time></trkpt><trkpt lat="42.841824" lon="-7.733804"><ele>668.105</ele><time>2024-08-14T08:11:01.267Z</time></trkpt><trkpt lat="42.841862" lon="-7.733747"><ele>668.109</ele><time>2024-08-14T08:11:06.267Z</time></trkpt><trkpt lat="42.841967" lon="-7.733689"><ele>666.793</ele><time>2024-08-14T08:11:17.267Z</time></trkpt><trkpt lat="42.842019" lon="-7.733682"><ele>666.580</ele><time>2024-08-14T08:11:21.267Z</time></trkpt><trkpt lat="42.842061" lon="-7.733714"><ele>666.572</ele><time>2024-08-14T08:11:24.267Z</time></trkpt><trkpt lat="42.842099" lon="-7.733754"><ele>666.661</ele><time>2024-08-14T08:11:27.267Z</time></trkpt><trkpt lat="42.842124" lon="-7.733819"><ele>666.619</ele><time>2024-08-14T08:11:31.267Z</time></trkpt><trkpt lat="42.842149" lon="-7.733881"><ele>666.586</ele><time>2024-08-14T08:11:35.267Z</time></trkpt><trkpt lat="42.842184" lon="-7.733943"><ele>666.611</ele><time>2024-08-14T08:11:39.267Z</time></trkpt><trkpt lat="42.842212" lon="-7.733996"><ele>667.140</ele><time>2024-08-14T08:11:42.267Z</time></trkpt><trkpt lat="42.842249" lon="-7.734048"><ele>667.351</ele><time>2024-08-14T08:11:46.267Z</time></trkpt><trkpt lat="42.842267" lon="-7.734111"><ele>667.692</ele><time>2024-08-14T08:11:50.267Z</time></trkpt><trkpt lat="42.842302" lon="-7.734154"><ele>667.773</ele><time>2024-08-14T08:11:53.267Z</time></trkpt><trkpt lat="42.842324" lon="-7.734221"><ele>667.820</ele><time>2024-08-14T08:11:56.267Z</time></trkpt><trkpt lat="42.842342" lon="-7.734301"><ele>668.009</ele><time>2024-08-14T08:12:00.267Z</time></trkpt><trkpt lat="42.842374" lon="-7.734354"><ele>669.350</ele><time>2024-08-14T08:12:03.267Z</time></trkpt><trkpt lat="42.842346" lon="-7.734407"><ele>670.567</ele><time>2024-08-14T08:12:07.267Z</time></trkpt><trkpt lat="42.842304" lon="-7.734440"><ele>670.719</ele><time>2024-08-14T08:12:10.267Z</time></trkpt><trkpt lat="42.842256" lon="-7.734487"><ele>671.928</ele><time>2024-08-14T08:12:13.267Z</time></trkpt><trkpt lat="42.842216" lon="-7.734540"><ele>673.316</ele><time>2024-08-14T08:12:17.267Z</time></trkpt><trkpt lat="42.842183" lon="-7.734583"><ele>674.113</ele><time>2024-08-14T08:12:20.267Z</time></trkpt><trkpt lat="42.842080" lon="-7.734711"><ele>676.088</ele><time>2024-08-14T08:12:33.267Z</time></trkpt><trkpt lat="42.842045" lon="-7.734781"><ele>676.517</ele><time>2024-08-14T08:12:37.267Z</time></trkpt><trkpt lat="42.842045" lon="-7.734853"><ele>676.558</ele><time>2024-08-14T08:12:41.267Z</time></trkpt><trkpt lat="42.841995" lon="-7.734958"><ele>677.628</ele><time>2024-08-14T08:13:04.267Z</time></trkpt><trkpt lat="42.842037" lon="-7.734996"><ele>677.489</ele><time>2024-08-14T08:13:08.267Z</time></trkpt><trkpt lat="42.842030" lon="-7.735058"><ele>677.217</ele><time>2024-08-14T08:13:12.267Z</time></trkpt><trkpt lat="42.841995" lon="-7.735125"><ele>677.209</ele><time>2024-08-14T08:13:16.267Z</time></trkpt><trkpt lat="42.841982" lon="-7.735217"><ele>676.963</ele><time>2024-08-14T08:13:21.267Z</time></trkpt><trkpt lat="42.841952" lon="-7.735265"><ele>671.270</ele><time>2024-08-14T08:13:25.267Z</time></trkpt><trkpt lat="42.841940" lon="-7.735333"><ele>668.262</ele><time>2024-08-14T08:13:29.267Z</time></trkpt><trkpt lat="42.841940" lon="-7.735403"><ele>665.191</ele><time>2024-08-14T08:13:34.267Z</time></trkpt><trkpt lat="42.841933" lon="-7.735471"><ele>662.719</ele><time>2024-08-14T08:13:39.267Z</time></trkpt><trkpt lat="42.841931" lon="-7.735533"><ele>661.716</ele><time>2024-08-14T08:13:42.267Z</time></trkpt><trkpt lat="42.841928" lon="-7.735605"><ele>659.241</ele><time>2024-08-14T08:13:47.267Z</time></trkpt><trkpt lat="42.841975" lon="-7.735693"><ele>657.620</ele><time>2024-08-14T08:13:54.267Z</time></trkpt><trkpt lat="42.842008" lon="-7.735751"><ele>656.961</ele><time>2024-08-14T08:13:58.267Z</time></trkpt><trkpt lat="42.842006" lon="-7.735831"><ele>656.438</ele><time>2024-08-14T08:14:04.268Z</time></trkpt><trkpt lat="42.842019" lon="-7.735928"><ele>655.770</ele><time>2024-08-14T08:14:10.268Z</time></trkpt><trkpt lat="42.842019" lon="-7.735993"><ele>655.517</ele><time>2024-08-14T08:14:14.268Z</time></trkpt><trkpt lat="42.842054" lon="-7.736046"><ele>655.209</ele><time>2024-08-14T08:14:18.268Z</time></trkpt><trkpt lat="42.842057" lon="-7.736119"><ele>654.854</ele><time>2024-08-14T08:14:22.268Z</time></trkpt><trkpt lat="42.842072" lon="-7.736179"><ele>653.851</ele><time>2024-08-14T08:14:26.268Z</time></trkpt><trkpt lat="42.842095" lon="-7.736237"><ele>652.763</ele><time>2024-08-14T08:14:32.268Z</time></trkpt><trkpt lat="42.842140" lon="-7.736289"><ele>652.342</ele><time>2024-08-14T08:14:37.268Z</time></trkpt><trkpt lat="42.842167" lon="-7.736341"><ele>650.010</ele><time>2024-08-14T08:14:41.268Z</time></trkpt><trkpt lat="42.842180" lon="-7.736401"><ele>648.297</ele><time>2024-08-14T08:14:45.268Z</time></trkpt><trkpt lat="42.842210" lon="-7.736458"><ele>646.942</ele><time>2024-08-14T08:14:48.268Z</time></trkpt><trkpt lat="42.842220" lon="-7.736553"><ele>643.711</ele><time>2024-08-14T08:14:55.268Z</time></trkpt><trkpt lat="42.842225" lon="-7.736618"><ele>642.882</ele><time>2024-08-14T08:14:58.268Z</time></trkpt><trkpt lat="42.842203" lon="-7.736676"><ele>642.198</ele><time>2024-08-14T08:15:00.268Z</time></trkpt><trkpt lat="42.842153" lon="-7.736768"><ele>641.615</ele><time>2024-08-14T08:15:03.268Z</time></trkpt><trkpt lat="42.842108" lon="-7.736811"><ele>641.426</ele><time>2024-08-14T08:15:04.268Z</time></trkpt><trkpt lat="42.842110" lon="-7.736874"><ele>641.209</ele><time>2024-08-14T08:15:08.268Z</time></trkpt><trkpt lat="42.842120" lon="-7.736936"><ele>642.430</ele><time>2024-08-14T08:15:24.268Z</time></trkpt><trkpt lat="42.842138" lon="-7.737006"><ele>642.497</ele><time>2024-08-14T08:15:27.268Z</time></trkpt><trkpt lat="42.842250" lon="-7.737101"><ele>642.419</ele><time>2024-08-14T08:15:29.268Z</time></trkpt><trkpt lat="42.842308" lon="-7.737128"><ele>642.458</ele><time>2024-08-14T08:15:30.268Z</time></trkpt><trkpt lat="42.842396" lon="-7.737133"><ele>640.066</ele><time>2024-08-14T08:15:34.268Z</time></trkpt><trkpt lat="42.842488" lon="-7.737163"><ele>639.753</ele><time>2024-08-14T08:15:37.268Z</time></trkpt><trkpt lat="42.842511" lon="-7.737260"><ele>638.538</ele><time>2024-08-14T08:15:45.268Z</time></trkpt><trkpt lat="42.842494" lon="-7.737340"><ele>638.457</ele><time>2024-08-14T08:15:48.268Z</time></trkpt><trkpt lat="42.842504" lon="-7.737400"><ele>638.648</ele><time>2024-08-14T08:15:50.268Z</time></trkpt><trkpt lat="42.842496" lon="-7.737473"><ele>642.534</ele><time>2024-08-14T08:15:52.268Z</time></trkpt><trkpt lat="42.842513" lon="-7.737538"><ele>654.855</ele><time>2024-08-14T08:15:56.268Z</time></trkpt><trkpt lat="42.842523" lon="-7.737606"><ele>659.510</ele><time>2024-08-14T08:16:00.268Z</time></trkpt><trkpt lat="42.842545" lon="-7.737661"><ele>660.709</ele><time>2024-08-14T08:16:03.268Z</time></trkpt><trkpt lat="42.842562" lon="-7.737729"><ele>660.914</ele><time>2024-08-14T08:16:07.268Z</time></trkpt><trkpt lat="42.842589" lon="-7.737799"><ele>661.181</ele><time>2024-08-14T08:16:11.268Z</time></trkpt><trkpt lat="42.842601" lon="-7.737872"><ele>661.873</ele><time>2024-08-14T08:16:15.268Z</time></trkpt><trkpt lat="42.842599" lon="-7.737940"><ele>662.392</ele><time>2024-08-14T08:16:19.268Z</time></trkpt><trkpt lat="42.842592" lon="-7.738008"><ele>662.770</ele><time>2024-08-14T08:16:23.268Z</time></trkpt><trkpt lat="42.842592" lon="-7.738075"><ele>663.297</ele><time>2024-08-14T08:16:28.268Z</time></trkpt><trkpt lat="42.842590" lon="-7.738147"><ele>664.122</ele><time>2024-08-14T08:16:33.268Z</time></trkpt><trkpt lat="42.842602" lon="-7.738209"><ele>664.361</ele><time>2024-08-14T08:16:37.268Z</time></trkpt><trkpt lat="42.842612" lon="-7.738287"><ele>664.522</ele><time>2024-08-14T08:16:40.268Z</time></trkpt><trkpt lat="42.842610" lon="-7.738360"><ele>664.926</ele><time>2024-08-14T08:16:44.268Z</time></trkpt><trkpt lat="42.842610" lon="-7.738433"><ele>665.547</ele><time>2024-08-14T08:16:47.268Z</time></trkpt><trkpt lat="42.842598" lon="-7.738513"><ele>666.211</ele><time>2024-08-14T08:16:52.268Z</time></trkpt><trkpt lat="42.842605" lon="-7.738591"><ele>667.709</ele><time>2024-08-14T08:16:58.268Z</time></trkpt><trkpt lat="42.842620" lon="-7.738656"><ele>667.923</ele><time>2024-08-14T08:17:02.268Z</time></trkpt><trkpt lat="42.842630" lon="-7.738773"><ele>668.860</ele><time>2024-08-14T08:17:10.268Z</time></trkpt><trkpt lat="42.842622" lon="-7.738843"><ele>669.422</ele><time>2024-08-14T08:17:13.268Z</time></trkpt><trkpt lat="42.842644" lon="-7.738918"><ele>669.671</ele><time>2024-08-14T08:17:17.268Z</time></trkpt><trkpt lat="42.842641" lon="-7.738995"><ele>671.159</ele><time>2024-08-14T08:17:21.268Z</time></trkpt><trkpt lat="42.842621" lon="-7.739050"><ele>672.646</ele><time>2024-08-14T08:17:25.268Z</time></trkpt><trkpt lat="42.842603" lon="-7.739110"><ele>673.361</ele><time>2024-08-14T08:17:28.268Z</time></trkpt><trkpt lat="42.842618" lon="-7.739173"><ele>673.840</ele><time>2024-08-14T08:17:31.268Z</time></trkpt><trkpt lat="42.842641" lon="-7.739231"><ele>674.811</ele><time>2024-08-14T08:17:34.268Z</time></trkpt><trkpt lat="42.842659" lon="-7.739304"><ele>676.347</ele><time>2024-08-14T08:17:39.268Z</time></trkpt><trkpt lat="42.842682" lon="-7.739367"><ele>676.429</ele><time>2024-08-14T08:17:42.268Z</time></trkpt><trkpt lat="42.842677" lon="-7.739429"><ele>677.021</ele><time>2024-08-14T08:17:46.268Z</time></trkpt><trkpt lat="42.842682" lon="-7.739497"><ele>677.009</ele><time>2024-08-14T08:17:49.268Z</time></trkpt><trkpt lat="42.842689" lon="-7.739560"><ele>677.115</ele><time>2024-08-14T08:17:51.268Z</time></trkpt><trkpt lat="42.842686" lon="-7.739623"><ele>677.122</ele><time>2024-08-14T08:17:54.268Z</time></trkpt><trkpt lat="42.842688" lon="-7.739698"><ele>677.024</ele><time>2024-08-14T08:17:58.268Z</time></trkpt><trkpt lat="42.842685" lon="-7.739773"><ele>676.963</ele><time>2024-08-14T08:18:01.268Z</time></trkpt><trkpt lat="42.842663" lon="-7.739840"><ele>675.521</ele><time>2024-08-14T08:18:04.268Z</time></trkpt><trkpt lat="42.842685" lon="-7.739912"><ele>674.398</ele><time>2024-08-14T08:18:09.268Z</time></trkpt><trkpt lat="42.842682" lon="-7.739985"><ele>671.083</ele><time>2024-08-14T08:18:12.268Z</time></trkpt><trkpt lat="42.842694" lon="-7.740060"><ele>670.692</ele><time>2024-08-14T08:18:16.268Z</time></trkpt><trkpt lat="42.842702" lon="-7.740142"><ele>670.543</ele><time>2024-08-14T08:18:20.268Z</time></trkpt><trkpt lat="42.842695" lon="-7.740209"><ele>670.489</ele><time>2024-08-14T08:18:23.268Z</time></trkpt><trkpt lat="42.842707" lon="-7.740287"><ele>670.706</ele><time>2024-08-14T08:18:27.268Z</time></trkpt><trkpt lat="42.842714" lon="-7.740352"><ele>670.526</ele><time>2024-08-14T08:18:30.268Z</time></trkpt><trkpt lat="42.842719" lon="-7.740414"><ele>670.209</ele><time>2024-08-14T08:18:34.268Z</time></trkpt><trkpt lat="42.842712" lon="-7.740481"><ele>670.099</ele><time>2024-08-14T08:18:38.268Z</time></trkpt><trkpt lat="42.842714" lon="-7.740554"><ele>670.046</ele><time>2024-08-14T08:18:42.268Z</time></trkpt><trkpt lat="42.842732" lon="-7.740631"><ele>670.058</ele><time>2024-08-14T08:18:46.268Z</time></trkpt><trkpt lat="42.842744" lon="-7.740706"><ele>670.027</ele><time>2024-08-14T08:18:50.268Z</time></trkpt><trkpt lat="42.842754" lon="-7.740773"><ele>670.025</ele><time>2024-08-14T08:18:54.268Z</time></trkpt><trkpt lat="42.842767" lon="-7.740845"><ele>670.252</ele><time>2024-08-14T08:18:58.268Z</time></trkpt><trkpt lat="42.842784" lon="-7.740903"><ele>671.367</ele><time>2024-08-14T08:19:02.268Z</time></trkpt><trkpt lat="42.842794" lon="-7.740978"><ele>672.856</ele><time>2024-08-14T08:19:06.268Z</time></trkpt><trkpt lat="42.842809" lon="-7.741045"><ele>673.187</ele><time>2024-08-14T08:19:10.268Z</time></trkpt><trkpt lat="42.842836" lon="-7.741110"><ele>674.399</ele><time>2024-08-14T08:19:14.268Z</time></trkpt><trkpt lat="42.842859" lon="-7.741178"><ele>675.307</ele><time>2024-08-14T08:19:18.268Z</time></trkpt><trkpt lat="42.842886" lon="-7.741240"><ele>677.827</ele><time>2024-08-14T08:19:22.268Z</time></trkpt><trkpt lat="42.842914" lon="-7.741288"><ele>678.309</ele><time>2024-08-14T08:19:25.268Z</time></trkpt><trkpt lat="42.842932" lon="-7.741358"><ele>678.970</ele><time>2024-08-14T08:19:29.268Z</time></trkpt><trkpt lat="42.842949" lon="-7.741423"><ele>679.867</ele><time>2024-08-14T08:19:34.268Z</time></trkpt><trkpt lat="42.842974" lon="-7.741475"><ele>680.189</ele><time>2024-08-14T08:19:38.268Z</time></trkpt><trkpt lat="42.843007" lon="-7.741535"><ele>680.558</ele><time>2024-08-14T08:19:42.268Z</time></trkpt><trkpt lat="42.843034" lon="-7.741598"><ele>680.576</ele><time>2024-08-14T08:19:46.268Z</time></trkpt><trkpt lat="42.843057" lon="-7.741663"><ele>680.343</ele><time>2024-08-14T08:19:50.268Z</time></trkpt><trkpt lat="42.843087" lon="-7.741711"><ele>680.348</ele><time>2024-08-14T08:19:53.268Z</time></trkpt><trkpt lat="42.843112" lon="-7.741766"><ele>679.397</ele><time>2024-08-14T08:19:58.268Z</time></trkpt><trkpt lat="42.843134" lon="-7.741829"><ele>679.138</ele><time>2024-08-14T08:20:02.268Z</time></trkpt><trkpt lat="42.843142" lon="-7.741894"><ele>678.759</ele><time>2024-08-14T08:20:06.268Z</time></trkpt><trkpt lat="42.843162" lon="-7.741964"><ele>678.303</ele><time>2024-08-14T08:20:10.268Z</time></trkpt><trkpt lat="42.843175" lon="-7.742044"><ele>677.923</ele><time>2024-08-14T08:20:14.268Z</time></trkpt><trkpt lat="42.843190" lon="-7.742107"><ele>677.809</ele><time>2024-08-14T08:20:18.268Z</time></trkpt><trkpt lat="42.843205" lon="-7.742177"><ele>677.516</ele><time>2024-08-14T08:20:22.268Z</time></trkpt><trkpt lat="42.843213" lon="-7.742242"><ele>677.313</ele><time>2024-08-14T08:20:26.268Z</time></trkpt><trkpt lat="42.843213" lon="-7.742307"><ele>677.045</ele><time>2024-08-14T08:20:30.268Z</time></trkpt><trkpt lat="42.843218" lon="-7.742380"><ele>675.734</ele><time>2024-08-14T08:20:34.268Z</time></trkpt><trkpt lat="42.843223" lon="-7.742452"><ele>675.262</ele><time>2024-08-14T08:20:38.268Z</time></trkpt><trkpt lat="42.843225" lon="-7.742525"><ele>674.839</ele><time>2024-08-14T08:20:42.268Z</time></trkpt><trkpt lat="42.843220" lon="-7.742598"><ele>674.384</ele><time>2024-08-14T08:20:47.268Z</time></trkpt><trkpt lat="42.843232" lon="-7.742665"><ele>674.393</ele><time>2024-08-14T08:20:51.268Z</time></trkpt><trkpt lat="42.843224" lon="-7.742738"><ele>674.354</ele><time>2024-08-14T08:20:56.268Z</time></trkpt><trkpt lat="42.843234" lon="-7.742806"><ele>674.648</ele><time>2024-08-14T08:21:00.268Z</time></trkpt><trkpt lat="42.843247" lon="-7.742869"><ele>674.961</ele><time>2024-08-14T08:21:03.268Z</time></trkpt><trkpt lat="42.843267" lon="-7.742947"><ele>674.917</ele><time>2024-08-14T08:21:07.268Z</time></trkpt><trkpt lat="42.843272" lon="-7.743015"><ele>674.909</ele><time>2024-08-14T08:21:11.268Z</time></trkpt><trkpt lat="42.843280" lon="-7.743088"><ele>674.975</ele><time>2024-08-14T08:21:15.268Z</time></trkpt><trkpt lat="42.843293" lon="-7.743148"><ele>674.972</ele><time>2024-08-14T08:21:19.268Z</time></trkpt><trkpt lat="42.843295" lon="-7.743230"><ele>674.924</ele><time>2024-08-14T08:21:23.268Z</time></trkpt><trkpt lat="42.843298" lon="-7.743305"><ele>675.533</ele><time>2024-08-14T08:21:27.268Z</time></trkpt><trkpt lat="42.843306" lon="-7.743380"><ele>675.511</ele><time>2024-08-14T08:21:32.268Z</time></trkpt><trkpt lat="42.843311" lon="-7.743452"><ele>675.528</ele><time>2024-08-14T08:21:36.268Z</time></trkpt><trkpt lat="42.843318" lon="-7.743519"><ele>675.333</ele><time>2024-08-14T08:21:40.268Z</time></trkpt><trkpt lat="42.843320" lon="-7.743629"><ele>675.572</ele><time>2024-08-14T08:21:47.268Z</time></trkpt><trkpt lat="42.843323" lon="-7.743696"><ele>675.553</ele><time>2024-08-14T08:21:50.268Z</time></trkpt><trkpt lat="42.843328" lon="-7.743768"><ele>675.932</ele><time>2024-08-14T08:21:54.268Z</time></trkpt><trkpt lat="42.843328" lon="-7.743831"><ele>676.092</ele><time>2024-08-14T08:21:57.268Z</time></trkpt><trkpt lat="42.843338" lon="-7.743901"><ele>676.111</ele><time>2024-08-14T08:22:01.268Z</time></trkpt><trkpt lat="42.843356" lon="-7.743978"><ele>679.009</ele><time>2024-08-14T08:22:05.268Z</time></trkpt><trkpt lat="42.843364" lon="-7.744041"><ele>680.164</ele><time>2024-08-14T08:22:09.268Z</time></trkpt><trkpt lat="42.843392" lon="-7.744118"><ele>681.171</ele><time>2024-08-14T08:22:13.268Z</time></trkpt><trkpt lat="42.843409" lon="-7.744183"><ele>681.723</ele><time>2024-08-14T08:22:16.268Z</time></trkpt><trkpt lat="42.843412" lon="-7.744250"><ele>681.782</ele><time>2024-08-14T08:22:21.268Z</time></trkpt><trkpt lat="42.843420" lon="-7.744322"><ele>681.720</ele><time>2024-08-14T08:22:27.268Z</time></trkpt><trkpt lat="42.843390" lon="-7.744392"><ele>682.087</ele><time>2024-08-14T08:22:31.268Z</time></trkpt><trkpt lat="42.843382" lon="-7.744479"><ele>682.022</ele><time>2024-08-14T08:22:36.268Z</time></trkpt><trkpt lat="42.843377" lon="-7.744544"><ele>683.151</ele><time>2024-08-14T08:22:40.268Z</time></trkpt><trkpt lat="42.843372" lon="-7.744612"><ele>685.552</ele><time>2024-08-14T08:22:44.268Z</time></trkpt><trkpt lat="42.843382" lon="-7.744677"><ele>687.094</ele><time>2024-08-14T08:22:47.268Z</time></trkpt><trkpt lat="42.843387" lon="-7.744740"><ele>688.157</ele><time>2024-08-14T08:22:51.268Z</time></trkpt><trkpt lat="42.843387" lon="-7.744802"><ele>688.322</ele><time>2024-08-14T08:22:54.268Z</time></trkpt><trkpt lat="42.843384" lon="-7.744864"><ele>688.409</ele><time>2024-08-14T08:22:57.268Z</time></trkpt><trkpt lat="42.843411" lon="-7.744917"><ele>689.560</ele><time>2024-08-14T08:23:01.268Z</time></trkpt><trkpt lat="42.843436" lon="-7.744984"><ele>692.567</ele><time>2024-08-14T08:23:05.268Z</time></trkpt><trkpt lat="42.843443" lon="-7.745049"><ele>692.569</ele><time>2024-08-14T08:23:08.268Z</time></trkpt><trkpt lat="42.843415" lon="-7.745131"><ele>692.538</ele><time>2024-08-14T08:23:12.268Z</time></trkpt><trkpt lat="42.843385" lon="-7.745184"><ele>691.916</ele><time>2024-08-14T08:23:15.268Z</time></trkpt><trkpt lat="42.843378" lon="-7.745249"><ele>691.473</ele><time>2024-08-14T08:23:19.268Z</time></trkpt><trkpt lat="42.843416" lon="-7.745346"><ele>690.758</ele><time>2024-08-14T08:23:25.268Z</time></trkpt><trkpt lat="42.843451" lon="-7.745409"><ele>690.517</ele><time>2024-08-14T08:23:29.268Z</time></trkpt><trkpt lat="42.843468" lon="-7.745486"><ele>690.378</ele><time>2024-08-14T08:23:34.268Z</time></trkpt><trkpt lat="42.843470" lon="-7.745563"><ele>688.535</ele><time>2024-08-14T08:23:38.268Z</time></trkpt><trkpt lat="42.843488" lon="-7.745631"><ele>687.586</ele><time>2024-08-14T08:23:41.268Z</time></trkpt><trkpt lat="42.843510" lon="-7.745686"><ele>687.114</ele><time>2024-08-14T08:23:45.268Z</time></trkpt><trkpt lat="42.843562" lon="-7.745746"><ele>686.509</ele><time>2024-08-14T08:23:51.268Z</time></trkpt><trkpt lat="42.843567" lon="-7.745814"><ele>686.234</ele><time>2024-08-14T08:23:55.268Z</time></trkpt><trkpt lat="42.843590" lon="-7.745874"><ele>686.121</ele><time>2024-08-14T08:24:00.268Z</time></trkpt><trkpt lat="42.843585" lon="-7.745942"><ele>686.213</ele><time>2024-08-14T08:24:04.268Z</time></trkpt><trkpt lat="42.843595" lon="-7.746020"><ele>686.732</ele><time>2024-08-14T08:24:08.268Z</time></trkpt><trkpt lat="42.843613" lon="-7.746147"><ele>687.420</ele><time>2024-08-14T08:24:19.268Z</time></trkpt><trkpt lat="42.843658" lon="-7.746189"><ele>688.397</ele><time>2024-08-14T08:24:21.268Z</time></trkpt><trkpt lat="42.843731" lon="-7.746272"><ele>688.832</ele><time>2024-08-14T08:24:28.268Z</time></trkpt><trkpt lat="42.843754" lon="-7.746372"><ele>687.511</ele><time>2024-08-14T08:24:32.268Z</time></trkpt><trkpt lat="42.843754" lon="-7.746440"><ele>687.592</ele><time>2024-08-14T08:24:34.268Z</time></trkpt><trkpt lat="42.843764" lon="-7.746502"><ele>687.027</ele><time>2024-08-14T08:24:37.268Z</time></trkpt><trkpt lat="42.843757" lon="-7.746580"><ele>686.568</ele><time>2024-08-14T08:24:40.268Z</time></trkpt><trkpt lat="42.843780" lon="-7.746653"><ele>685.514</ele><time>2024-08-14T08:24:45.268Z</time></trkpt><trkpt lat="42.843803" lon="-7.746711"><ele>684.809</ele><time>2024-08-14T08:24:49.268Z</time></trkpt><trkpt lat="42.843843" lon="-7.746754"><ele>684.413</ele><time>2024-08-14T08:24:52.268Z</time></trkpt><trkpt lat="42.843888" lon="-7.746796"><ele>684.060</ele><time>2024-08-14T08:24:55.268Z</time></trkpt><trkpt lat="42.843921" lon="-7.746859"><ele>682.452</ele><time>2024-08-14T08:24:59.268Z</time></trkpt><trkpt lat="42.843956" lon="-7.746912"><ele>681.171</ele><time>2024-08-14T08:25:01.268Z</time></trkpt><trkpt lat="42.844006" lon="-7.746937"><ele>679.669</ele><time>2024-08-14T08:25:04.268Z</time></trkpt><trkpt lat="42.844001" lon="-7.746999"><ele>679.316</ele><time>2024-08-14T08:25:08.269Z</time></trkpt><trkpt lat="42.844001" lon="-7.747071"><ele>677.631</ele><time>2024-08-14T08:25:12.269Z</time></trkpt><trkpt lat="42.843988" lon="-7.747134"><ele>677.660</ele><time>2024-08-14T08:25:16.269Z</time></trkpt><trkpt lat="42.843993" lon="-7.747197"><ele>677.731</ele><time>2024-08-14T08:25:20.269Z</time></trkpt><trkpt lat="42.843996" lon="-7.747264"><ele>677.948</ele><time>2024-08-14T08:25:24.269Z</time></trkpt><trkpt lat="42.844021" lon="-7.747324"><ele>680.961</ele><time>2024-08-14T08:25:30.269Z</time></trkpt><trkpt lat="42.844043" lon="-7.747396"><ele>681.117</ele><time>2024-08-14T08:25:35.269Z</time></trkpt><trkpt lat="42.844063" lon="-7.747453"><ele>681.209</ele><time>2024-08-14T08:25:38.269Z</time></trkpt><trkpt lat="42.844085" lon="-7.747528"><ele>681.195</ele><time>2024-08-14T08:25:42.269Z</time></trkpt><trkpt lat="42.844092" lon="-7.747591"><ele>681.032</ele><time>2024-08-14T08:25:45.269Z</time></trkpt><trkpt lat="42.844132" lon="-7.747639"><ele>681.314</ele><time>2024-08-14T08:25:49.269Z</time></trkpt><trkpt lat="42.844165" lon="-7.747687"><ele>681.333</ele><time>2024-08-14T08:25:53.269Z</time></trkpt><trkpt lat="42.844197" lon="-7.747742"><ele>683.111</ele><time>2024-08-14T08:25:57.269Z</time></trkpt><trkpt lat="42.844205" lon="-7.747812"><ele>684.288</ele><time>2024-08-14T08:26:00.269Z</time></trkpt><trkpt lat="42.844230" lon="-7.747887"><ele>685.893</ele><time>2024-08-14T08:26:03.269Z</time></trkpt><trkpt lat="42.844292" lon="-7.747982"><ele>687.052</ele><time>2024-08-14T08:26:08.269Z</time></trkpt><trkpt lat="42.844332" lon="-7.748010"><ele>687.333</ele><time>2024-08-14T08:26:10.269Z</time></trkpt><trkpt lat="42.844347" lon="-7.748070"><ele>688.671</ele><time>2024-08-14T08:26:13.269Z</time></trkpt><trkpt lat="42.844367" lon="-7.748145"><ele>689.341</ele><time>2024-08-14T08:26:19.269Z</time></trkpt><trkpt lat="42.844395" lon="-7.748202"><ele>691.815</ele><time>2024-08-14T08:26:25.269Z</time></trkpt><trkpt lat="42.844367" lon="-7.748254"><ele>693.009</ele><time>2024-08-14T08:26:29.269Z</time></trkpt><trkpt lat="42.844334" lon="-7.748322"><ele>694.188</ele><time>2024-08-14T08:26:32.269Z</time></trkpt><trkpt lat="42.844306" lon="-7.748382"><ele>695.745</ele><time>2024-08-14T08:26:34.269Z</time></trkpt><trkpt lat="42.844289" lon="-7.748462"><ele>696.747</ele><time>2024-08-14T08:26:36.269Z</time></trkpt><trkpt lat="42.844252" lon="-7.748525"><ele>697.896</ele><time>2024-08-14T08:26:39.269Z</time></trkpt><trkpt lat="42.844214" lon="-7.748558"><ele>698.094</ele><time>2024-08-14T08:26:42.269Z</time></trkpt><trkpt lat="42.844209" lon="-7.748623"><ele>697.891</ele><time>2024-08-14T08:26:47.269Z</time></trkpt><trkpt lat="42.844202" lon="-7.748706"><ele>697.546</ele><time>2024-08-14T08:26:51.269Z</time></trkpt><trkpt lat="42.844185" lon="-7.748788"><ele>696.975</ele><time>2024-08-14T08:26:58.269Z</time></trkpt><trkpt lat="42.844237" lon="-7.748796"><ele>696.786</ele><time>2024-08-14T08:27:07.269Z</time></trkpt><trkpt lat="42.844242" lon="-7.748728"><ele>696.779</ele><time>2024-08-14T08:27:12.269Z</time></trkpt><trkpt lat="42.844180" lon="-7.748740"><ele>696.705</ele><time>2024-08-14T08:27:13.269Z</time></trkpt><trkpt lat="42.844095" lon="-7.748762"><ele>696.325</ele><time>2024-08-14T08:27:15.269Z</time></trkpt><trkpt lat="42.844027" lon="-7.748850"><ele>695.409</ele><time>2024-08-14T08:27:16.269Z</time></trkpt><trkpt lat="42.844097" lon="-7.748905"><ele>684.788</ele><time>2024-08-14T08:27:52.269Z</time></trkpt><trkpt lat="42.844052" lon="-7.748947"><ele>684.755</ele><time>2024-08-14T08:28:00.269Z</time></trkpt><trkpt lat="42.843992" lon="-7.748997"><ele>684.787</ele><time>2024-08-14T08:28:07.269Z</time></trkpt><trkpt lat="42.843945" lon="-7.748967"><ele>681.566</ele><time>2024-08-14T08:28:10.269Z</time></trkpt><trkpt lat="42.843933" lon="-7.748875"><ele>681.164</ele><time>2024-08-14T08:28:14.269Z</time></trkpt><trkpt lat="42.844030" lon="-7.748938"><ele>679.131</ele><time>2024-08-14T08:28:30.269Z</time></trkpt><trkpt lat="42.844112" lon="-7.748983"><ele>669.776</ele><time>2024-08-14T08:30:18.269Z</time></trkpt><trkpt lat="42.844167" lon="-7.748955"><ele>669.725</ele><time>2024-08-14T08:30:33.269Z</time></trkpt><trkpt lat="42.844140" lon="-7.749005"><ele>669.746</ele><time>2024-08-14T08:30:36.269Z</time></trkpt><trkpt lat="42.844078" lon="-7.749055"><ele>672.272</ele><time>2024-08-14T08:30:44.269Z</time></trkpt><trkpt lat="42.844013" lon="-7.749098"><ele>671.313</ele><time>2024-08-14T08:30:48.269Z</time></trkpt><trkpt lat="42.844076" lon="-7.749041"><ele>673.814</ele><time>2024-08-14T08:31:22.269Z</time></trkpt><trkpt lat="42.844156" lon="-7.749029"><ele>674.309</ele><time>2024-08-14T08:31:28.269Z</time></trkpt><trkpt lat="42.844111" lon="-7.749122"><ele>677.528</ele><time>2024-08-14T08:31:38.269Z</time></trkpt><trkpt lat="42.844071" lon="-7.749152"><ele>678.235</ele><time>2024-08-14T08:31:43.269Z</time></trkpt><trkpt lat="42.844126" lon="-7.749102"><ele>679.097</ele><time>2024-08-14T08:31:49.269Z</time></trkpt><trkpt lat="42.844171" lon="-7.749055"><ele>679.516</ele><time>2024-08-14T08:31:51.269Z</time></trkpt><trkpt lat="42.844084" lon="-7.749035"><ele>681.494</ele><time>2024-08-14T08:32:09.269Z</time></trkpt><trkpt lat="42.844347" lon="-7.749227"><ele>675.111</ele><time>2024-08-14T08:35:46.270Z</time></trkpt><trkpt lat="42.844374" lon="-7.749310"><ele>674.626</ele><time>2024-08-14T08:36:03.270Z</time></trkpt><trkpt lat="42.844434" lon="-7.749467"><ele>674.345</ele><time>2024-08-14T08:36:14.270Z</time></trkpt><trkpt lat="42.844461" lon="-7.749525"><ele>674.276</ele><time>2024-08-14T08:36:19.270Z</time></trkpt><trkpt lat="42.844498" lon="-7.749583"><ele>674.314</ele><time>2024-08-14T08:36:23.270Z</time></trkpt><trkpt lat="42.844526" lon="-7.749636"><ele>677.954</ele><time>2024-08-14T08:36:26.270Z</time></trkpt><trkpt lat="42.844531" lon="-7.749713"><ele>677.909</ele><time>2024-08-14T08:36:30.270Z</time></trkpt><trkpt lat="42.844544" lon="-7.749773"><ele>678.709</ele><time>2024-08-14T08:36:33.270Z</time></trkpt><trkpt lat="42.844576" lon="-7.749818"><ele>677.072</ele><time>2024-08-14T08:36:36.270Z</time></trkpt><trkpt lat="42.844598" lon="-7.749886"><ele>676.279</ele><time>2024-08-14T08:36:40.270Z</time></trkpt><trkpt lat="42.844613" lon="-7.749944"><ele>676.221</ele><time>2024-08-14T08:36:43.270Z</time></trkpt><trkpt lat="42.844640" lon="-7.750011"><ele>676.230</ele><time>2024-08-14T08:36:47.270Z</time></trkpt><trkpt lat="42.844665" lon="-7.750081"><ele>678.038</ele><time>2024-08-14T08:36:51.270Z</time></trkpt><trkpt lat="42.844682" lon="-7.750144"><ele>679.195</ele><time>2024-08-14T08:36:55.270Z</time></trkpt><trkpt lat="42.844714" lon="-7.750211"><ele>680.390</ele><time>2024-08-14T08:36:59.270Z</time></trkpt><trkpt lat="42.844737" lon="-7.750273"><ele>680.579</ele><time>2024-08-14T08:37:03.270Z</time></trkpt><trkpt lat="42.844749" lon="-7.750350"><ele>680.970</ele><time>2024-08-14T08:37:07.270Z</time></trkpt><trkpt lat="42.844781" lon="-7.750420"><ele>681.214</ele><time>2024-08-14T08:37:11.270Z</time></trkpt><trkpt lat="42.844801" lon="-7.750475"><ele>681.554</ele><time>2024-08-14T08:37:14.270Z</time></trkpt><trkpt lat="42.844813" lon="-7.750543"><ele>681.709</ele><time>2024-08-14T08:37:18.270Z</time></trkpt><trkpt lat="42.844831" lon="-7.750616"><ele>681.809</ele><time>2024-08-14T08:37:22.270Z</time></trkpt><trkpt lat="42.844861" lon="-7.750673"><ele>681.542</ele><time>2024-08-14T08:37:26.270Z</time></trkpt><trkpt lat="42.844879" lon="-7.750751"><ele>681.179</ele><time>2024-08-14T08:37:30.270Z</time></trkpt><trkpt lat="42.844896" lon="-7.750824"><ele>681.191</ele><time>2024-08-14T08:37:34.270Z</time></trkpt><trkpt lat="42.844914" lon="-7.750891"><ele>681.060</ele><time>2024-08-14T08:37:38.270Z</time></trkpt><trkpt lat="42.844934" lon="-7.750956"><ele>681.028</ele><time>2024-08-14T08:37:42.270Z</time></trkpt><trkpt lat="42.844956" lon="-7.751014"><ele>681.095</ele><time>2024-08-14T08:37:46.270Z</time></trkpt><trkpt lat="42.844971" lon="-7.751092"><ele>681.020</ele><time>2024-08-14T08:37:50.270Z</time></trkpt><trkpt lat="42.844994" lon="-7.751162"><ele>681.599</ele><time>2024-08-14T08:37:54.270Z</time></trkpt><trkpt lat="42.845002" lon="-7.751227"><ele>682.350</ele><time>2024-08-14T08:37:58.270Z</time></trkpt><trkpt lat="42.845012" lon="-7.751305"><ele>683.113</ele><time>2024-08-14T08:38:04.270Z</time></trkpt><trkpt lat="42.845017" lon="-7.751380"><ele>684.343</ele><time>2024-08-14T08:38:08.270Z</time></trkpt><trkpt lat="42.845035" lon="-7.751445"><ele>685.807</ele><time>2024-08-14T08:38:12.270Z</time></trkpt><trkpt lat="42.845063" lon="-7.751507"><ele>686.209</ele><time>2024-08-14T08:38:16.270Z</time></trkpt><trkpt lat="42.845088" lon="-7.751569"><ele>686.592</ele><time>2024-08-14T08:38:20.270Z</time></trkpt><trkpt lat="42.845130" lon="-7.751624"><ele>686.729</ele><time>2024-08-14T08:38:32.270Z</time></trkpt><trkpt lat="42.845127" lon="-7.751694"><ele>686.721</ele><time>2024-08-14T08:38:37.270Z</time></trkpt><trkpt lat="42.845144" lon="-7.751772"><ele>686.730</ele><time>2024-08-14T08:38:41.270Z</time></trkpt><trkpt lat="42.845137" lon="-7.751842"><ele>686.788</ele><time>2024-08-14T08:38:44.270Z</time></trkpt><trkpt lat="42.845139" lon="-7.751904"><ele>686.745</ele><time>2024-08-14T08:38:48.270Z</time></trkpt><trkpt lat="42.845164" lon="-7.751981"><ele>684.320</ele><time>2024-08-14T08:38:52.270Z</time></trkpt><trkpt lat="42.845192" lon="-7.752049"><ele>684.099</ele><time>2024-08-14T08:38:56.270Z</time></trkpt><trkpt lat="42.845212" lon="-7.752122"><ele>684.070</ele><time>2024-08-14T08:39:00.270Z</time></trkpt><trkpt lat="42.845239" lon="-7.752182"><ele>684.376</ele><time>2024-08-14T08:39:04.270Z</time></trkpt><trkpt lat="42.845267" lon="-7.752250"><ele>686.190</ele><time>2024-08-14T08:39:09.270Z</time></trkpt><trkpt lat="42.845297" lon="-7.752312"><ele>688.119</ele><time>2024-08-14T08:39:13.270Z</time></trkpt><trkpt lat="42.845324" lon="-7.752379"><ele>689.009</ele><time>2024-08-14T08:39:17.270Z</time></trkpt><trkpt lat="42.845339" lon="-7.752449"><ele>690.898</ele><time>2024-08-14T08:39:21.270Z</time></trkpt><trkpt lat="42.845356" lon="-7.752521"><ele>693.555</ele><time>2024-08-14T08:39:25.270Z</time></trkpt><trkpt lat="42.845381" lon="-7.752588"><ele>695.247</ele><time>2024-08-14T08:39:29.270Z</time></trkpt><trkpt lat="42.845409" lon="-7.752651"><ele>695.776</ele><time>2024-08-14T08:39:33.270Z</time></trkpt><trkpt lat="42.845424" lon="-7.752726"><ele>696.044</ele><time>2024-08-14T08:39:37.270Z</time></trkpt><trkpt lat="42.845422" lon="-7.752804"><ele>696.121</ele><time>2024-08-14T08:39:41.270Z</time></trkpt><trkpt lat="42.845430" lon="-7.752874"><ele>696.156</ele><time>2024-08-14T08:39:45.270Z</time></trkpt><trkpt lat="42.845437" lon="-7.752946"><ele>696.115</ele><time>2024-08-14T08:39:49.270Z</time></trkpt><trkpt lat="42.845437" lon="-7.753018"><ele>696.266</ele><time>2024-08-14T08:39:53.270Z</time></trkpt><trkpt lat="42.845449" lon="-7.753091"><ele>696.369</ele><time>2024-08-14T08:39:57.270Z</time></trkpt><trkpt lat="42.845446" lon="-7.753158"><ele>696.804</ele><time>2024-08-14T08:40:01.270Z</time></trkpt><trkpt lat="42.845449" lon="-7.753223"><ele>697.124</ele><time>2024-08-14T08:40:04.270Z</time></trkpt><trkpt lat="42.845424" lon="-7.753300"><ele>697.209</ele><time>2024-08-14T08:40:08.270Z</time></trkpt><trkpt lat="42.845419" lon="-7.753363"><ele>697.397</ele><time>2024-08-14T08:40:11.270Z</time></trkpt><trkpt lat="42.845434" lon="-7.753426"><ele>697.744</ele><time>2024-08-14T08:40:15.270Z</time></trkpt><trkpt lat="42.845441" lon="-7.753494"><ele>697.716</ele><time>2024-08-14T08:40:19.270Z</time></trkpt><trkpt lat="42.845449" lon="-7.753569"><ele>697.765</ele><time>2024-08-14T08:40:23.270Z</time></trkpt><trkpt lat="42.845441" lon="-7.753637"><ele>697.473</ele><time>2024-08-14T08:40:27.270Z</time></trkpt><trkpt lat="42.845439" lon="-7.753712"><ele>697.260</ele><time>2024-08-14T08:40:31.270Z</time></trkpt><trkpt lat="42.845426" lon="-7.753780"><ele>697.045</ele><time>2024-08-14T08:40:35.270Z</time></trkpt><trkpt lat="42.845424" lon="-7.753842"><ele>697.044</ele><time>2024-08-14T08:40:38.270Z</time></trkpt><trkpt lat="42.845429" lon="-7.753904"><ele>696.865</ele><time>2024-08-14T08:40:42.270Z</time></trkpt><trkpt lat="42.845442" lon="-7.753976"><ele>696.552</ele><time>2024-08-14T08:40:46.270Z</time></trkpt><trkpt lat="42.845447" lon="-7.754049"><ele>695.953</ele><time>2024-08-14T08:40:50.270Z</time></trkpt><trkpt lat="42.845457" lon="-7.754117"><ele>695.508</ele><time>2024-08-14T08:40:53.270Z</time></trkpt><trkpt lat="42.845469" lon="-7.754177"><ele>695.409</ele><time>2024-08-14T08:40:57.270Z</time></trkpt><trkpt lat="42.845486" lon="-7.754254"><ele>695.486</ele><time>2024-08-14T08:41:01.270Z</time></trkpt><trkpt lat="42.845499" lon="-7.754331"><ele>695.593</ele><time>2024-08-14T08:41:05.270Z</time></trkpt><trkpt lat="42.845521" lon="-7.754403"><ele>695.915</ele><time>2024-08-14T08:41:09.270Z</time></trkpt><trkpt lat="42.845528" lon="-7.754480"><ele>697.344</ele><time>2024-08-14T08:41:13.270Z</time></trkpt><trkpt lat="42.845546" lon="-7.754547"><ele>697.862</ele><time>2024-08-14T08:41:17.270Z</time></trkpt><trkpt lat="42.845559" lon="-7.754615"><ele>698.369</ele><time>2024-08-14T08:41:20.270Z</time></trkpt><trkpt lat="42.845571" lon="-7.754680"><ele>698.494</ele><time>2024-08-14T08:41:23.270Z</time></trkpt><trkpt lat="42.845589" lon="-7.754753"><ele>698.493</ele><time>2024-08-14T08:41:28.270Z</time></trkpt><trkpt lat="42.845602" lon="-7.754813"><ele>698.174</ele><time>2024-08-14T08:41:31.270Z</time></trkpt><trkpt lat="42.845610" lon="-7.754876"><ele>696.872</ele><time>2024-08-14T08:41:34.270Z</time></trkpt><trkpt lat="42.845618" lon="-7.754943"><ele>696.613</ele><time>2024-08-14T08:41:37.270Z</time></trkpt><trkpt lat="42.845640" lon="-7.755010"><ele>697.014</ele><time>2024-08-14T08:41:48.270Z</time></trkpt><trkpt lat="42.845632" lon="-7.755110"><ele>695.609</ele><time>2024-08-14T08:42:15.270Z</time></trkpt><trkpt lat="42.845650" lon="-7.755175"><ele>694.938</ele><time>2024-08-14T08:42:20.270Z</time></trkpt><trkpt lat="42.845667" lon="-7.755242"><ele>694.935</ele><time>2024-08-14T08:42:24.270Z</time></trkpt><trkpt lat="42.845684" lon="-7.755317"><ele>694.987</ele><time>2024-08-14T08:42:28.270Z</time></trkpt><trkpt lat="42.845692" lon="-7.755410"><ele>693.816</ele><time>2024-08-14T08:42:37.270Z</time></trkpt><trkpt lat="42.845707" lon="-7.755470"><ele>693.734</ele><time>2024-08-14T08:42:41.270Z</time></trkpt><trkpt lat="42.845744" lon="-7.755518"><ele>693.841</ele><time>2024-08-14T08:42:45.270Z</time></trkpt><trkpt lat="42.845764" lon="-7.755593"><ele>693.816</ele><time>2024-08-14T08:42:49.270Z</time></trkpt><trkpt lat="42.845796" lon="-7.755695"><ele>693.985</ele><time>2024-08-14T08:42:57.270Z</time></trkpt><trkpt lat="42.845823" lon="-7.755758"><ele>696.086</ele><time>2024-08-14T08:43:00.270Z</time></trkpt><trkpt lat="42.845856" lon="-7.755826"><ele>697.464</ele><time>2024-08-14T08:43:04.270Z</time></trkpt><trkpt lat="42.845896" lon="-7.755859"><ele>697.706</ele><time>2024-08-14T08:43:07.270Z</time></trkpt><trkpt lat="42.845933" lon="-7.755902"><ele>699.116</ele><time>2024-08-14T08:43:10.270Z</time></trkpt><trkpt lat="42.845961" lon="-7.755952"><ele>700.809</ele><time>2024-08-14T08:43:13.270Z</time></trkpt><trkpt lat="42.845983" lon="-7.756014"><ele>700.967</ele><time>2024-08-14T08:43:17.270Z</time></trkpt><trkpt lat="42.845995" lon="-7.756079"><ele>700.974</ele><time>2024-08-14T08:43:23.270Z</time></trkpt><trkpt lat="42.846037" lon="-7.756111"><ele>700.916</ele><time>2024-08-14T08:43:27.270Z</time></trkpt><trkpt lat="42.846064" lon="-7.756164"><ele>701.245</ele><time>2024-08-14T08:43:31.270Z</time></trkpt><trkpt lat="42.846114" lon="-7.756202"><ele>702.153</ele><time>2024-08-14T08:43:36.270Z</time></trkpt><trkpt lat="42.846147" lon="-7.756262"><ele>703.860</ele><time>2024-08-14T08:43:40.270Z</time></trkpt><trkpt lat="42.846184" lon="-7.756317"><ele>703.895</ele><time>2024-08-14T08:43:44.270Z</time></trkpt><trkpt lat="42.846222" lon="-7.756352"><ele>703.954</ele><time>2024-08-14T08:43:48.270Z</time></trkpt><trkpt lat="42.846265" lon="-7.756392"><ele>703.745</ele><time>2024-08-14T08:43:51.270Z</time></trkpt><trkpt lat="42.846318" lon="-7.756437"><ele>703.595</ele><time>2024-08-14T08:43:55.270Z</time></trkpt><trkpt lat="42.846360" lon="-7.756484"><ele>703.549</ele><time>2024-08-14T08:43:58.270Z</time></trkpt><trkpt lat="42.846415" lon="-7.756599"><ele>704.323</ele><time>2024-08-14T08:44:07.271Z</time></trkpt><trkpt lat="42.846452" lon="-7.756654"><ele>705.009</ele><time>2024-08-14T08:44:11.271Z</time></trkpt><trkpt lat="42.846499" lon="-7.756681"><ele>706.080</ele><time>2024-08-14T08:44:17.271Z</time></trkpt><trkpt lat="42.846541" lon="-7.756714"><ele>707.317</ele><time>2024-08-14T08:44:20.271Z</time></trkpt><trkpt lat="42.846594" lon="-7.756742"><ele>707.639</ele><time>2024-08-14T08:44:24.271Z</time></trkpt><trkpt lat="42.846627" lon="-7.756790"><ele>707.738</ele><time>2024-08-14T08:44:28.271Z</time></trkpt><trkpt lat="42.846662" lon="-7.756852"><ele>707.646</ele><time>2024-08-14T08:44:31.271Z</time></trkpt><trkpt lat="42.846722" lon="-7.756834"><ele>707.633</ele><time>2024-08-14T08:44:37.271Z</time></trkpt><trkpt lat="42.846767" lon="-7.756849"><ele>707.098</ele><time>2024-08-14T08:44:39.271Z</time></trkpt><trkpt lat="42.846799" lon="-7.756916"><ele>706.427</ele><time>2024-08-14T08:44:42.271Z</time></trkpt><trkpt lat="42.846854" lon="-7.756924"><ele>701.948</ele><time>2024-08-14T08:44:45.271Z</time></trkpt><trkpt lat="42.846866" lon="-7.756999"><ele>700.437</ele><time>2024-08-14T08:44:48.271Z</time></trkpt><trkpt lat="42.846896" lon="-7.757104"><ele>699.349</ele><time>2024-08-14T08:44:54.271Z</time></trkpt><trkpt lat="42.846936" lon="-7.757159"><ele>694.513</ele><time>2024-08-14T08:44:57.271Z</time></trkpt><trkpt lat="42.846964" lon="-7.757227"><ele>690.509</ele><time>2024-08-14T08:45:01.271Z</time></trkpt><trkpt lat="42.847004" lon="-7.757255"><ele>689.564</ele><time>2024-08-14T08:45:04.271Z</time></trkpt><trkpt lat="42.847039" lon="-7.757307"><ele>686.831</ele><time>2024-08-14T08:45:10.271Z</time></trkpt><trkpt lat="42.847072" lon="-7.757262"><ele>685.873</ele><time>2024-08-14T08:45:15.271Z</time></trkpt><trkpt lat="42.847124" lon="-7.757279"><ele>686.032</ele><time>2024-08-14T08:45:23.271Z</time></trkpt><trkpt lat="42.847186" lon="-7.757301"><ele>688.090</ele><time>2024-08-14T08:45:32.271Z</time></trkpt><trkpt lat="42.847221" lon="-7.757353"><ele>691.087</ele><time>2024-08-14T08:45:36.271Z</time></trkpt><trkpt lat="42.847264" lon="-7.757393"><ele>692.012</ele><time>2024-08-14T08:45:40.271Z</time></trkpt><trkpt lat="42.847307" lon="-7.757425"><ele>692.171</ele><time>2024-08-14T08:45:44.271Z</time></trkpt><trkpt lat="42.847350" lon="-7.757470"><ele>692.142</ele><time>2024-08-14T08:45:49.271Z</time></trkpt><trkpt lat="42.847395" lon="-7.757512"><ele>691.622</ele><time>2024-08-14T08:45:53.271Z</time></trkpt><trkpt lat="42.847443" lon="-7.757539"><ele>691.362</ele><time>2024-08-14T08:45:57.271Z</time></trkpt><trkpt lat="42.847481" lon="-7.757579"><ele>691.308</ele><time>2024-08-14T08:46:00.271Z</time></trkpt><trkpt lat="42.847553" lon="-7.757612"><ele>691.709</ele><time>2024-08-14T08:46:06.271Z</time></trkpt><trkpt lat="42.847598" lon="-7.757642"><ele>692.633</ele><time>2024-08-14T08:46:17.271Z</time></trkpt><trkpt lat="42.847641" lon="-7.757697"><ele>692.650</ele><time>2024-08-14T08:46:21.271Z</time></trkpt><trkpt lat="42.847681" lon="-7.757739"><ele>692.692</ele><time>2024-08-14T08:46:25.271Z</time></trkpt><trkpt lat="42.847723" lon="-7.757779"><ele>692.691</ele><time>2024-08-14T08:46:30.271Z</time></trkpt><trkpt lat="42.847768" lon="-7.757809"><ele>692.679</ele><time>2024-08-14T08:46:34.271Z</time></trkpt><trkpt lat="42.847806" lon="-7.757854"><ele>692.546</ele><time>2024-08-14T08:46:38.271Z</time></trkpt><trkpt lat="42.847859" lon="-7.757892"><ele>692.281</ele><time>2024-08-14T08:46:43.271Z</time></trkpt><trkpt lat="42.847911" lon="-7.757950"><ele>692.510</ele><time>2024-08-14T08:46:46.271Z</time></trkpt><trkpt lat="42.847963" lon="-7.757988"><ele>692.681</ele><time>2024-08-14T08:46:49.271Z</time></trkpt><trkpt lat="42.847995" lon="-7.758055"><ele>692.424</ele><time>2024-08-14T08:46:52.271Z</time></trkpt><trkpt lat="42.848012" lon="-7.758118"><ele>692.604</ele><time>2024-08-14T08:46:54.271Z</time></trkpt><trkpt lat="42.848009" lon="-7.758183"><ele>694.314</ele><time>2024-08-14T08:46:56.271Z</time></trkpt><trkpt lat="42.848026" lon="-7.758243"><ele>695.709</ele><time>2024-08-14T08:46:59.271Z</time></trkpt><trkpt lat="42.848049" lon="-7.758315"><ele>696.593</ele><time>2024-08-14T08:47:04.271Z</time></trkpt><trkpt lat="42.848081" lon="-7.758367"><ele>697.870</ele><time>2024-08-14T08:47:07.271Z</time></trkpt><trkpt lat="42.848126" lon="-7.758390"><ele>699.092</ele><time>2024-08-14T08:47:11.271Z</time></trkpt><trkpt lat="42.848193" lon="-7.758415"><ele>700.411</ele><time>2024-08-14T08:47:16.271Z</time></trkpt><trkpt lat="42.848238" lon="-7.758440"><ele>703.299</ele><time>2024-08-14T08:47:19.271Z</time></trkpt><trkpt lat="42.848280" lon="-7.758478"><ele>706.126</ele><time>2024-08-14T08:47:24.271Z</time></trkpt><trkpt lat="42.848322" lon="-7.758510"><ele>705.561</ele><time>2024-08-14T08:47:28.271Z</time></trkpt><trkpt lat="42.848359" lon="-7.758552"><ele>704.710</ele><time>2024-08-14T08:47:33.271Z</time></trkpt><trkpt lat="42.848391" lon="-7.758612"><ele>703.441</ele><time>2024-08-14T08:47:37.271Z</time></trkpt><trkpt lat="42.848421" lon="-7.758662"><ele>702.573</ele><time>2024-08-14T08:47:40.271Z</time></trkpt><trkpt lat="42.848446" lon="-7.758725"><ele>699.885</ele><time>2024-08-14T08:47:43.271Z</time></trkpt><trkpt lat="42.848499" lon="-7.758765"><ele>698.113</ele><time>2024-08-14T08:47:48.271Z</time></trkpt><trkpt lat="42.848556" lon="-7.758792"><ele>697.609</ele><time>2024-08-14T08:47:56.271Z</time></trkpt><trkpt lat="42.848589" lon="-7.758847"><ele>695.968</ele><time>2024-08-14T08:47:59.271Z</time></trkpt><trkpt lat="42.848624" lon="-7.758900"><ele>693.115</ele><time>2024-08-14T08:48:02.271Z</time></trkpt><trkpt lat="42.848671" lon="-7.758962"><ele>689.117</ele><time>2024-08-14T08:48:06.271Z</time></trkpt><trkpt lat="42.848651" lon="-7.759017"><ele>686.176</ele><time>2024-08-14T08:48:08.271Z</time></trkpt><trkpt lat="42.848659" lon="-7.759095"><ele>684.164</ele><time>2024-08-14T08:48:11.271Z</time></trkpt><trkpt lat="42.848709" lon="-7.759145"><ele>683.951</ele><time>2024-08-14T08:48:14.271Z</time></trkpt><trkpt lat="42.848766" lon="-7.759163"><ele>684.756</ele><time>2024-08-14T08:48:18.271Z</time></trkpt><trkpt lat="42.848809" lon="-7.759188"><ele>688.095</ele><time>2024-08-14T08:48:21.271Z</time></trkpt><trkpt lat="42.848859" lon="-7.759205"><ele>689.676</ele><time>2024-08-14T08:48:24.271Z</time></trkpt><trkpt lat="42.848899" lon="-7.759243"><ele>691.713</ele><time>2024-08-14T08:48:27.271Z</time></trkpt><trkpt lat="42.848937" lon="-7.759285"><ele>693.243</ele><time>2024-08-14T08:48:30.271Z</time></trkpt><trkpt lat="42.848984" lon="-7.759330"><ele>694.007</ele><time>2024-08-14T08:48:34.271Z</time></trkpt><trkpt lat="42.849016" lon="-7.759385"><ele>694.209</ele><time>2024-08-14T08:48:37.271Z</time></trkpt><trkpt lat="42.849066" lon="-7.759433"><ele>696.242</ele><time>2024-08-14T08:48:41.271Z</time></trkpt><trkpt lat="42.849099" lon="-7.759478"><ele>696.769</ele><time>2024-08-14T08:48:44.271Z</time></trkpt><trkpt lat="42.849136" lon="-7.759531"><ele>697.041</ele><time>2024-08-14T08:48:47.271Z</time></trkpt><trkpt lat="42.849161" lon="-7.759596"><ele>697.980</ele><time>2024-08-14T08:48:50.271Z</time></trkpt><trkpt lat="42.849173" lon="-7.759663"><ele>699.148</ele><time>2024-08-14T08:48:53.271Z</time></trkpt><trkpt lat="42.849193" lon="-7.759733"><ele>701.825</ele><time>2024-08-14T08:48:57.271Z</time></trkpt><trkpt lat="42.849233" lon="-7.759761"><ele>704.430</ele><time>2024-08-14T08:49:00.271Z</time></trkpt><trkpt lat="42.849238" lon="-7.759829"><ele>706.199</ele><time>2024-08-14T08:49:04.271Z</time></trkpt><trkpt lat="42.849261" lon="-7.759901"><ele>707.170</ele><time>2024-08-14T08:49:08.271Z</time></trkpt><trkpt lat="42.849281" lon="-7.759958"><ele>708.662</ele><time>2024-08-14T08:49:11.271Z</time></trkpt><trkpt lat="42.849331" lon="-7.759956"><ele>710.183</ele><time>2024-08-14T08:49:13.271Z</time></trkpt><trkpt lat="42.849374" lon="-7.760001"><ele>710.111</ele><time>2024-08-14T08:49:17.271Z</time></trkpt><trkpt lat="42.849407" lon="-7.760046"><ele>710.109</ele><time>2024-08-14T08:49:20.271Z</time></trkpt><trkpt lat="42.849450" lon="-7.760088"><ele>710.087</ele><time>2024-08-14T08:49:23.271Z</time></trkpt><trkpt lat="42.849490" lon="-7.760123"><ele>709.754</ele><time>2024-08-14T08:49:27.271Z</time></trkpt><trkpt lat="42.849543" lon="-7.760128"><ele>709.516</ele><time>2024-08-14T08:49:32.271Z</time></trkpt><trkpt lat="42.849588" lon="-7.760181"><ele>708.945</ele><time>2024-08-14T08:49:35.271Z</time></trkpt><trkpt lat="42.849630" lon="-7.760264"><ele>709.193</ele><time>2024-08-14T08:49:42.271Z</time></trkpt><trkpt lat="42.849650" lon="-7.760324"><ele>708.910</ele><time>2024-08-14T08:49:45.271Z</time></trkpt><trkpt lat="42.849688" lon="-7.760381"><ele>708.825</ele><time>2024-08-14T08:49:49.271Z</time></trkpt><trkpt lat="42.849705" lon="-7.760443"><ele>708.724</ele><time>2024-08-14T08:49:52.271Z</time></trkpt><trkpt lat="42.849685" lon="-7.760498"><ele>708.675</ele><time>2024-08-14T08:49:55.271Z</time></trkpt><trkpt lat="42.849688" lon="-7.760561"><ele>708.195</ele><time>2024-08-14T08:49:58.271Z</time></trkpt><trkpt lat="42.849718" lon="-7.760621"><ele>707.449</ele><time>2024-08-14T08:50:05.271Z</time></trkpt><trkpt lat="42.849758" lon="-7.760703"><ele>707.223</ele><time>2024-08-14T08:50:11.271Z</time></trkpt><trkpt lat="42.849788" lon="-7.760750"><ele>706.909</ele><time>2024-08-14T08:50:14.271Z</time></trkpt><trkpt lat="42.849830" lon="-7.760808"><ele>706.110</ele><time>2024-08-14T08:50:18.271Z</time></trkpt><trkpt lat="42.849808" lon="-7.760885"><ele>705.747</ele><time>2024-08-14T08:50:22.271Z</time></trkpt><trkpt lat="42.849801" lon="-7.760958"><ele>704.239</ele><time>2024-08-14T08:50:26.271Z</time></trkpt><trkpt lat="42.849824" lon="-7.761015"><ele>699.628</ele><time>2024-08-14T08:50:30.271Z</time></trkpt><trkpt lat="42.849854" lon="-7.761070"><ele>697.656</ele><time>2024-08-14T08:50:34.271Z</time></trkpt><trkpt lat="42.849859" lon="-7.761180"><ele>694.653</ele><time>2024-08-14T08:50:42.271Z</time></trkpt><trkpt lat="42.849889" lon="-7.761237"><ele>694.558</ele><time>2024-08-14T08:50:46.271Z</time></trkpt><trkpt lat="42.849899" lon="-7.761315"><ele>694.517</ele><time>2024-08-14T08:50:51.271Z</time></trkpt><trkpt lat="42.849926" lon="-7.761370"><ele>694.488</ele><time>2024-08-14T08:50:54.271Z</time></trkpt><trkpt lat="42.849944" lon="-7.761442"><ele>694.597</ele><time>2024-08-14T08:50:58.271Z</time></trkpt><trkpt lat="42.849942" lon="-7.761515"><ele>694.623</ele><time>2024-08-14T08:51:02.271Z</time></trkpt><trkpt lat="42.849974" lon="-7.761697"><ele>695.325</ele><time>2024-08-14T08:51:15.271Z</time></trkpt><trkpt lat="42.849989" lon="-7.761755"><ele>696.009</ele><time>2024-08-14T08:51:17.271Z</time></trkpt><trkpt lat="42.850021" lon="-7.761807"><ele>696.040</ele><time>2024-08-14T08:51:20.271Z</time></trkpt><trkpt lat="42.850053" lon="-7.761874"><ele>696.077</ele><time>2024-08-14T08:51:24.271Z</time></trkpt><trkpt lat="42.850083" lon="-7.761939"><ele>694.059</ele><time>2024-08-14T08:51:30.271Z</time></trkpt><trkpt lat="42.850048" lon="-7.761994"><ele>694.098</ele><time>2024-08-14T08:51:32.271Z</time></trkpt><trkpt lat="42.850058" lon="-7.762064"><ele>693.446</ele><time>2024-08-14T08:51:36.271Z</time></trkpt><trkpt lat="42.850098" lon="-7.762106"><ele>692.843</ele><time>2024-08-14T08:51:39.271Z</time></trkpt><trkpt lat="42.850141" lon="-7.762168"><ele>691.158</ele><time>2024-08-14T08:51:43.271Z</time></trkpt><trkpt lat="42.850174" lon="-7.762225"><ele>689.287</ele><time>2024-08-14T08:51:47.271Z</time></trkpt><trkpt lat="42.850217" lon="-7.762325"><ele>686.388</ele><time>2024-08-14T08:51:56.271Z</time></trkpt><trkpt lat="42.850262" lon="-7.762352"><ele>685.345</ele><time>2024-08-14T08:51:59.271Z</time></trkpt><trkpt lat="42.850299" lon="-7.762417"><ele>684.647</ele><time>2024-08-14T08:52:06.271Z</time></trkpt><trkpt lat="42.850312" lon="-7.762480"><ele>684.311</ele><time>2024-08-14T08:52:09.271Z</time></trkpt><trkpt lat="42.850347" lon="-7.762538"><ele>683.209</ele><time>2024-08-14T08:52:12.271Z</time></trkpt><trkpt lat="42.850404" lon="-7.762610"><ele>682.745</ele><time>2024-08-14T08:52:19.271Z</time></trkpt><trkpt lat="42.850426" lon="-7.762668"><ele>682.792</ele><time>2024-08-14T08:52:22.271Z</time></trkpt><trkpt lat="42.850436" lon="-7.762741"><ele>683.234</ele><time>2024-08-14T08:52:25.271Z</time></trkpt><trkpt lat="42.850454" lon="-7.762798"><ele>683.433</ele><time>2024-08-14T08:52:28.271Z</time></trkpt><trkpt lat="42.850541" lon="-7.762973"><ele>683.781</ele><time>2024-08-14T08:52:43.271Z</time></trkpt><trkpt lat="42.850568" lon="-7.763030"><ele>683.648</ele><time>2024-08-14T08:52:47.271Z</time></trkpt><trkpt lat="42.850586" lon="-7.763097"><ele>683.623</ele><time>2024-08-14T08:52:51.271Z</time></trkpt><trkpt lat="42.850629" lon="-7.763125"><ele>682.682</ele><time>2024-08-14T08:52:56.271Z</time></trkpt><trkpt lat="42.850639" lon="-7.763185"><ele>681.113</ele><time>2024-08-14T08:52:59.271Z</time></trkpt><trkpt lat="42.850651" lon="-7.763257"><ele>680.797</ele><time>2024-08-14T08:53:02.271Z</time></trkpt><trkpt lat="42.850654" lon="-7.763332"><ele>680.023</ele><time>2024-08-14T08:53:05.271Z</time></trkpt><trkpt lat="42.850667" lon="-7.763405"><ele>678.825</ele><time>2024-08-14T08:53:09.271Z</time></trkpt><trkpt lat="42.850679" lon="-7.763482"><ele>678.109</ele><time>2024-08-14T08:53:12.271Z</time></trkpt><trkpt lat="42.850701" lon="-7.763545"><ele>678.160</ele><time>2024-08-14T08:53:15.271Z</time></trkpt><trkpt lat="42.850749" lon="-7.763552"><ele>678.197</ele><time>2024-08-14T08:53:19.271Z</time></trkpt><trkpt lat="42.850782" lon="-7.763615"><ele>679.369</ele><time>2024-08-14T08:53:24.271Z</time></trkpt><trkpt lat="42.850817" lon="-7.763662"><ele>681.698</ele><time>2024-08-14T08:53:27.271Z</time></trkpt><trkpt lat="42.850829" lon="-7.763740"><ele>683.236</ele><time>2024-08-14T08:53:30.271Z</time></trkpt><trkpt lat="42.850811" lon="-7.763828"><ele>683.463</ele><time>2024-08-14T08:53:32.271Z</time></trkpt><trkpt lat="42.850824" lon="-7.763888"><ele>684.298</ele><time>2024-08-14T08:53:35.271Z</time></trkpt><trkpt lat="42.850879" lon="-7.763898"><ele>685.857</ele><time>2024-08-14T08:53:42.271Z</time></trkpt><trkpt lat="42.850896" lon="-7.763961"><ele>685.838</ele><time>2024-08-14T08:53:45.271Z</time></trkpt><trkpt lat="42.850923" lon="-7.764011"><ele>685.946</ele><time>2024-08-14T08:53:50.271Z</time></trkpt><trkpt lat="42.850961" lon="-7.764071"><ele>686.388</ele><time>2024-08-14T08:53:54.271Z</time></trkpt><trkpt lat="42.850959" lon="-7.764148"><ele>686.316</ele><time>2024-08-14T08:53:58.271Z</time></trkpt><trkpt lat="42.850979" lon="-7.764211"><ele>687.209</ele><time>2024-08-14T08:54:03.271Z</time></trkpt><trkpt lat="42.850982" lon="-7.764284"><ele>687.275</ele><time>2024-08-14T08:54:06.271Z</time></trkpt><trkpt lat="42.850969" lon="-7.764362"><ele>686.732</ele><time>2024-08-14T08:54:09.271Z</time></trkpt><trkpt lat="42.850977" lon="-7.764434"><ele>686.034</ele><time>2024-08-14T08:54:14.271Z</time></trkpt><trkpt lat="42.850999" lon="-7.764501"><ele>685.973</ele><time>2024-08-14T08:54:18.271Z</time></trkpt><trkpt lat="42.851004" lon="-7.764578"><ele>685.181</ele><time>2024-08-14T08:54:21.271Z</time></trkpt><trkpt lat="42.851011" lon="-7.764640"><ele>683.928</ele><time>2024-08-14T08:54:24.272Z</time></trkpt><trkpt lat="42.851004" lon="-7.764722"><ele>683.643</ele><time>2024-08-14T08:54:27.272Z</time></trkpt><trkpt lat="42.851009" lon="-7.764790"><ele>683.492</ele><time>2024-08-14T08:54:30.272Z</time></trkpt><trkpt lat="42.851051" lon="-7.764827"><ele>683.393</ele><time>2024-08-14T08:54:35.272Z</time></trkpt><trkpt lat="42.851089" lon="-7.764875"><ele>683.315</ele><time>2024-08-14T08:54:41.272Z</time></trkpt><trkpt lat="42.851132" lon="-7.764922"><ele>683.065</ele><time>2024-08-14T08:54:46.272Z</time></trkpt><trkpt lat="42.851149" lon="-7.765122"><ele>680.311</ele><time>2024-08-14T08:55:00.272Z</time></trkpt><trkpt lat="42.851166" lon="-7.765190"><ele>678.109</ele><time>2024-08-14T08:55:06.272Z</time></trkpt><trkpt lat="42.851198" lon="-7.765243"><ele>678.142</ele><time>2024-08-14T08:55:10.272Z</time></trkpt><trkpt lat="42.851210" lon="-7.765316"><ele>677.229</ele><time>2024-08-14T08:55:13.272Z</time></trkpt><trkpt lat="42.851213" lon="-7.765381"><ele>676.981</ele><time>2024-08-14T08:55:15.272Z</time></trkpt><trkpt lat="42.851230" lon="-7.765493"><ele>677.080</ele><time>2024-08-14T08:55:25.272Z</time></trkpt><trkpt lat="42.851242" lon="-7.765555"><ele>677.578</ele><time>2024-08-14T08:55:28.272Z</time></trkpt><trkpt lat="42.851289" lon="-7.765598"><ele>677.535</ele><time>2024-08-14T08:55:32.272Z</time></trkpt><trkpt lat="42.851319" lon="-7.765650"><ele>677.330</ele><time>2024-08-14T08:55:35.272Z</time></trkpt><trkpt lat="42.851304" lon="-7.765727"><ele>675.529</ele><time>2024-08-14T08:55:38.272Z</time></trkpt><trkpt lat="42.851299" lon="-7.765789"><ele>674.630</ele><time>2024-08-14T08:55:40.272Z</time></trkpt><trkpt lat="42.851306" lon="-7.765862"><ele>673.567</ele><time>2024-08-14T08:55:43.272Z</time></trkpt><trkpt lat="42.851299" lon="-7.765930"><ele>671.981</ele><time>2024-08-14T08:55:47.272Z</time></trkpt><trkpt lat="42.851282" lon="-7.765992"><ele>671.119</ele><time>2024-08-14T08:55:51.272Z</time></trkpt><trkpt lat="42.851314" lon="-7.766047"><ele>669.309</ele><time>2024-08-14T08:55:55.272Z</time></trkpt><trkpt lat="42.851356" lon="-7.766089"><ele>667.477</ele><time>2024-08-14T08:55:59.272Z</time></trkpt><trkpt lat="42.851384" lon="-7.766144"><ele>666.514</ele><time>2024-08-14T08:56:02.272Z</time></trkpt><trkpt lat="42.851382" lon="-7.766219"><ele>665.866</ele><time>2024-08-14T08:56:05.272Z</time></trkpt><trkpt lat="42.851412" lon="-7.766272"><ele>665.865</ele><time>2024-08-14T08:56:09.272Z</time></trkpt><trkpt lat="42.851459" lon="-7.766319"><ele>665.893</ele><time>2024-08-14T08:56:14.272Z</time></trkpt><trkpt lat="42.851502" lon="-7.766347"><ele>665.980</ele><time>2024-08-14T08:56:18.272Z</time></trkpt><trkpt lat="42.851489" lon="-7.766450"><ele>666.145</ele><time>2024-08-14T08:56:25.272Z</time></trkpt><trkpt lat="42.851501" lon="-7.766522"><ele>666.284</ele><time>2024-08-14T08:56:28.272Z</time></trkpt><trkpt lat="42.851486" lon="-7.766584"><ele>667.795</ele><time>2024-08-14T08:56:30.272Z</time></trkpt><trkpt lat="42.851476" lon="-7.766656"><ele>668.571</ele><time>2024-08-14T08:56:32.272Z</time></trkpt><trkpt lat="42.851478" lon="-7.766741"><ele>668.941</ele><time>2024-08-14T08:56:34.272Z</time></trkpt><trkpt lat="42.851466" lon="-7.766816"><ele>669.315</ele><time>2024-08-14T08:56:37.272Z</time></trkpt><trkpt lat="42.851513" lon="-7.766831"><ele>669.909</ele><time>2024-08-14T08:56:47.272Z</time></trkpt><trkpt lat="42.851526" lon="-7.766896"><ele>669.918</ele><time>2024-08-14T08:56:49.272Z</time></trkpt><trkpt lat="42.851581" lon="-7.767014"><ele>669.365</ele><time>2024-08-14T08:56:57.272Z</time></trkpt><trkpt lat="42.851614" lon="-7.767086"><ele>665.447</ele><time>2024-08-14T08:57:00.272Z</time></trkpt><trkpt lat="42.851619" lon="-7.767229"><ele>665.376</ele><time>2024-08-14T08:57:07.272Z</time></trkpt><trkpt lat="42.851631" lon="-7.767294"><ele>664.974</ele><time>2024-08-14T08:57:09.272Z</time></trkpt><trkpt lat="42.851634" lon="-7.767359"><ele>663.791</ele><time>2024-08-14T08:57:11.272Z</time></trkpt><trkpt lat="42.851636" lon="-7.767426"><ele>663.786</ele><time>2024-08-14T08:57:14.272Z</time></trkpt><trkpt lat="42.851644" lon="-7.767493"><ele>661.725</ele><time>2024-08-14T08:57:18.272Z</time></trkpt><trkpt lat="42.851682" lon="-7.767580"><ele>660.566</ele><time>2024-08-14T08:57:25.272Z</time></trkpt><trkpt lat="42.851784" lon="-7.767685"><ele>659.447</ele><time>2024-08-14T08:57:41.272Z</time></trkpt><trkpt lat="42.851824" lon="-7.767777"><ele>659.429</ele><time>2024-08-14T08:57:46.272Z</time></trkpt><trkpt lat="42.851842" lon="-7.767947"><ele>659.421</ele><time>2024-08-14T08:57:52.272Z</time></trkpt><trkpt lat="42.851860" lon="-7.768044"><ele>655.109</ele><time>2024-08-14T08:57:54.272Z</time></trkpt><trkpt lat="42.851883" lon="-7.768116"><ele>655.085</ele><time>2024-08-14T08:57:57.272Z</time></trkpt><trkpt lat="42.851898" lon="-7.768221"><ele>652.782</ele><time>2024-08-14T08:58:03.272Z</time></trkpt><trkpt lat="42.851901" lon="-7.768284"><ele>651.434</ele><time>2024-08-14T08:58:06.272Z</time></trkpt><trkpt lat="42.851926" lon="-7.768341"><ele>650.543</ele><time>2024-08-14T08:58:09.272Z</time></trkpt><trkpt lat="42.851951" lon="-7.768398"><ele>650.181</ele><time>2024-08-14T08:58:13.272Z</time></trkpt><trkpt lat="42.851999" lon="-7.768506"><ele>649.178</ele><time>2024-08-14T08:58:21.272Z</time></trkpt><trkpt lat="42.852019" lon="-7.768564"><ele>648.593</ele><time>2024-08-14T08:58:25.272Z</time></trkpt><trkpt lat="42.852027" lon="-7.768634"><ele>648.222</ele><time>2024-08-14T08:58:29.272Z</time></trkpt><trkpt lat="42.852069" lon="-7.768706"><ele>647.753</ele><time>2024-08-14T08:58:35.272Z</time></trkpt><trkpt lat="42.852081" lon="-7.768783"><ele>645.421</ele><time>2024-08-14T08:58:39.272Z</time></trkpt><trkpt lat="42.852108" lon="-7.768858"><ele>644.841</ele><time>2024-08-14T08:58:43.272Z</time></trkpt><trkpt lat="42.852133" lon="-7.768933"><ele>644.805</ele><time>2024-08-14T08:58:46.272Z</time></trkpt><trkpt lat="42.852156" lon="-7.768998"><ele>644.709</ele><time>2024-08-14T08:58:49.272Z</time></trkpt><trkpt lat="42.852181" lon="-7.769053"><ele>644.523</ele><time>2024-08-14T08:58:52.272Z</time></trkpt><trkpt lat="42.852216" lon="-7.769103"><ele>644.720</ele><time>2024-08-14T08:58:56.272Z</time></trkpt><trkpt lat="42.852233" lon="-7.769176"><ele>644.832</ele><time>2024-08-14T08:59:00.272Z</time></trkpt><trkpt lat="42.852266" lon="-7.769246"><ele>644.921</ele><time>2024-08-14T08:59:04.272Z</time></trkpt><trkpt lat="42.852291" lon="-7.769299"><ele>645.319</ele><time>2024-08-14T08:59:08.272Z</time></trkpt><trkpt lat="42.852306" lon="-7.769357"><ele>646.486</ele><time>2024-08-14T08:59:12.272Z</time></trkpt><trkpt lat="42.852328" lon="-7.769427"><ele>646.611</ele><time>2024-08-14T08:59:17.272Z</time></trkpt><trkpt lat="42.852355" lon="-7.769484"><ele>646.840</ele><time>2024-08-14T08:59:21.272Z</time></trkpt><trkpt lat="42.852428" lon="-7.769574"><ele>646.781</ele><time>2024-08-14T08:59:43.272Z</time></trkpt><trkpt lat="42.852438" lon="-7.769634"><ele>646.716</ele><time>2024-08-14T08:59:46.272Z</time></trkpt><trkpt lat="42.852448" lon="-7.769694"><ele>646.776</ele><time>2024-08-14T08:59:49.272Z</time></trkpt><trkpt lat="42.852455" lon="-7.769762"><ele>646.713</ele><time>2024-08-14T08:59:52.272Z</time></trkpt><trkpt lat="42.852462" lon="-7.769832"><ele>646.709</ele><time>2024-08-14T08:59:56.272Z</time></trkpt><trkpt lat="42.852482" lon="-7.769889"><ele>644.352</ele><time>2024-08-14T09:00:00.272Z</time></trkpt><trkpt lat="42.852507" lon="-7.769942"><ele>643.789</ele><time>2024-08-14T09:00:03.272Z</time></trkpt><trkpt lat="42.852522" lon="-7.770007"><ele>642.561</ele><time>2024-08-14T09:00:07.272Z</time></trkpt><trkpt lat="42.852542" lon="-7.770074"><ele>642.060</ele><time>2024-08-14T09:00:11.272Z</time></trkpt><trkpt lat="42.852554" lon="-7.770142"><ele>641.638</ele><time>2024-08-14T09:00:15.272Z</time></trkpt><trkpt lat="42.852594" lon="-7.770314"><ele>642.195</ele><time>2024-08-14T09:00:27.272Z</time></trkpt><trkpt lat="42.852569" lon="-7.770481"><ele>642.840</ele><time>2024-08-14T09:00:33.272Z</time></trkpt><trkpt lat="42.852542" lon="-7.770544"><ele>642.899</ele><time>2024-08-14T09:00:36.272Z</time></trkpt><trkpt lat="42.852522" lon="-7.770607"><ele>648.590</ele><time>2024-08-14T09:00:40.272Z</time></trkpt><trkpt lat="42.852532" lon="-7.770687"><ele>650.164</ele><time>2024-08-14T09:00:44.272Z</time></trkpt><trkpt lat="42.852555" lon="-7.770747"><ele>650.806</ele><time>2024-08-14T09:00:47.272Z</time></trkpt><trkpt lat="42.852558" lon="-7.770864"><ele>650.316</ele><time>2024-08-14T09:00:54.272Z</time></trkpt><trkpt lat="42.852516" lon="-7.770984"><ele>646.709</ele><time>2024-08-14T09:01:04.272Z</time></trkpt><trkpt lat="42.852538" lon="-7.771069"><ele>644.277</ele><time>2024-08-14T09:01:08.272Z</time></trkpt><trkpt lat="42.852528" lon="-7.771149"><ele>643.944</ele><time>2024-08-14T09:01:12.272Z</time></trkpt><trkpt lat="42.852538" lon="-7.771219"><ele>641.296</ele><time>2024-08-14T09:01:17.272Z</time></trkpt><trkpt lat="42.852533" lon="-7.771284"><ele>639.795</ele><time>2024-08-14T09:01:20.272Z</time></trkpt><trkpt lat="42.852525" lon="-7.771354"><ele>638.093</ele><time>2024-08-14T09:01:25.272Z</time></trkpt><trkpt lat="42.852530" lon="-7.771432"><ele>638.120</ele><time>2024-08-14T09:01:28.272Z</time></trkpt><trkpt lat="42.852460" lon="-7.771355"><ele>638.335</ele><time>2024-08-14T09:01:37.272Z</time></trkpt><trkpt lat="42.852428" lon="-7.771288"><ele>638.494</ele><time>2024-08-14T09:01:39.272Z</time></trkpt><trkpt lat="42.852408" lon="-7.771226"><ele>638.445</ele><time>2024-08-14T09:01:41.272Z</time></trkpt><trkpt lat="42.852355" lon="-7.771259"><ele>636.564</ele><time>2024-08-14T09:01:44.272Z</time></trkpt><trkpt lat="42.852318" lon="-7.771409"><ele>631.106</ele><time>2024-08-14T09:01:48.272Z</time></trkpt><trkpt lat="42.852326" lon="-7.771499"><ele>629.816</ele><time>2024-08-14T09:01:49.272Z</time></trkpt><trkpt lat="42.852328" lon="-7.771674"><ele>624.909</ele><time>2024-08-14T09:01:52.272Z</time></trkpt><trkpt lat="42.852353" lon="-7.771729"><ele>623.817</ele><time>2024-08-14T09:01:53.272Z</time></trkpt><trkpt lat="42.852395" lon="-7.771807"><ele>623.224</ele><time>2024-08-14T09:01:55.272Z</time></trkpt><trkpt lat="42.852440" lon="-7.771844"><ele>622.556</ele><time>2024-08-14T09:01:57.272Z</time></trkpt><trkpt lat="42.852470" lon="-7.771911"><ele>621.675</ele><time>2024-08-14T09:02:00.272Z</time></trkpt><trkpt lat="42.852437" lon="-7.771979"><ele>620.423</ele><time>2024-08-14T09:02:05.272Z</time></trkpt><trkpt lat="42.852457" lon="-7.772034"><ele>620.350</ele><time>2024-08-14T09:02:08.272Z</time></trkpt><trkpt lat="42.852497" lon="-7.772116"><ele>620.485</ele><time>2024-08-14T09:02:13.272Z</time></trkpt><trkpt lat="42.852534" lon="-7.772156"><ele>620.254</ele><time>2024-08-14T09:02:15.272Z</time></trkpt><trkpt lat="42.852584" lon="-7.772244"><ele>620.185</ele><time>2024-08-14T09:02:17.272Z</time></trkpt><trkpt lat="42.852629" lon="-7.772292"><ele>620.195</ele><time>2024-08-14T09:02:19.272Z</time></trkpt><trkpt lat="42.852684" lon="-7.772342"><ele>619.449</ele><time>2024-08-14T09:02:21.272Z</time></trkpt><trkpt lat="42.852701" lon="-7.772425"><ele>618.823</ele><time>2024-08-14T09:02:24.272Z</time></trkpt><trkpt lat="42.852664" lon="-7.772495"><ele>619.809</ele><time>2024-08-14T09:02:27.272Z</time></trkpt><trkpt lat="42.852642" lon="-7.772553"><ele>620.960</ele><time>2024-08-14T09:02:29.272Z</time></trkpt><trkpt lat="42.852659" lon="-7.772620"><ele>621.227</ele><time>2024-08-14T09:02:32.272Z</time></trkpt><trkpt lat="42.852669" lon="-7.772683"><ele>623.489</ele><time>2024-08-14T09:02:34.272Z</time></trkpt><trkpt lat="42.852719" lon="-7.772736"><ele>624.988</ele><time>2024-08-14T09:02:38.272Z</time></trkpt><trkpt lat="42.852821" lon="-7.772788"><ele>630.496</ele><time>2024-08-14T09:02:51.272Z</time></trkpt><trkpt lat="42.852851" lon="-7.772861"><ele>631.613</ele><time>2024-08-14T09:02:55.272Z</time></trkpt><trkpt lat="42.852876" lon="-7.772924"><ele>631.858</ele><time>2024-08-14T09:02:57.272Z</time></trkpt><trkpt lat="42.852864" lon="-7.772997"><ele>629.957</ele><time>2024-08-14T09:03:00.272Z</time></trkpt><trkpt lat="42.852941" lon="-7.773200"><ele>631.788</ele><time>2024-08-14T09:03:11.272Z</time></trkpt><trkpt lat="42.852986" lon="-7.773200"><ele>632.047</ele><time>2024-08-14T09:03:16.272Z</time></trkpt><trkpt lat="42.853031" lon="-7.773200"><ele>631.929</ele><time>2024-08-14T09:03:20.272Z</time></trkpt><trkpt lat="42.853046" lon="-7.773278"><ele>631.721</ele><time>2024-08-14T09:03:23.272Z</time></trkpt><trkpt lat="42.853079" lon="-7.773325"><ele>630.709</ele><time>2024-08-14T09:03:29.272Z</time></trkpt><trkpt lat="42.853116" lon="-7.773365"><ele>630.775</ele><time>2024-08-14T09:03:32.272Z</time></trkpt><trkpt lat="42.853153" lon="-7.773407"><ele>630.272</ele><time>2024-08-14T09:03:34.272Z</time></trkpt><trkpt lat="42.853183" lon="-7.773462"><ele>630.214</ele><time>2024-08-14T09:03:38.272Z</time></trkpt><trkpt lat="42.853263" lon="-7.773469"><ele>629.753</ele><time>2024-08-14T09:03:48.272Z</time></trkpt><trkpt lat="42.853310" lon="-7.773539"><ele>629.431</ele><time>2024-08-14T09:03:54.272Z</time></trkpt><trkpt lat="42.853357" lon="-7.773557"><ele>629.788</ele><time>2024-08-14T09:03:57.272Z</time></trkpt><trkpt lat="42.853415" lon="-7.773552"><ele>629.623</ele><time>2024-08-14T09:04:02.272Z</time></trkpt><trkpt lat="42.853460" lon="-7.773604"><ele>629.442</ele><time>2024-08-14T09:04:08.272Z</time></trkpt><trkpt lat="42.853505" lon="-7.773631"><ele>629.423</ele><time>2024-08-14T09:04:11.272Z</time></trkpt><trkpt lat="42.853555" lon="-7.773684"><ele>628.749</ele><time>2024-08-14T09:04:17.272Z</time></trkpt><trkpt lat="42.853598" lon="-7.773727"><ele>628.302</ele><time>2024-08-14T09:04:21.272Z</time></trkpt><trkpt lat="42.853653" lon="-7.773767"><ele>623.722</ele><time>2024-08-14T09:04:25.272Z</time></trkpt><trkpt lat="42.853700" lon="-7.773800"><ele>622.309</ele><time>2024-08-14T09:04:28.272Z</time></trkpt><trkpt lat="42.853725" lon="-7.773870"><ele>621.635</ele><time>2024-08-14T09:04:33.272Z</time></trkpt><trkpt lat="42.853773" lon="-7.773920"><ele>619.672</ele><time>2024-08-14T09:04:39.272Z</time></trkpt><trkpt lat="42.853796" lon="-7.774000"><ele>618.774</ele><time>2024-08-14T09:04:42.272Z</time></trkpt><trkpt lat="42.853838" lon="-7.774035"><ele>617.733</ele><time>2024-08-14T09:04:44.272Z</time></trkpt><trkpt lat="42.853890" lon="-7.774123"><ele>617.471</ele><time>2024-08-14T09:04:50.272Z</time></trkpt><trkpt lat="42.853932" lon="-7.774180"><ele>617.228</ele><time>2024-08-14T09:04:52.272Z</time></trkpt><trkpt lat="42.853919" lon="-7.774242"><ele>617.543</ele><time>2024-08-14T09:04:54.272Z</time></trkpt><trkpt lat="42.853939" lon="-7.774324"><ele>619.272</ele><time>2024-08-14T09:04:59.272Z</time></trkpt><trkpt lat="42.853936" lon="-7.774387"><ele>619.753</ele><time>2024-08-14T09:05:01.272Z</time></trkpt><trkpt lat="42.853954" lon="-7.774452"><ele>620.761</ele><time>2024-08-14T09:05:03.272Z</time></trkpt><trkpt lat="42.853987" lon="-7.774522"><ele>621.021</ele><time>2024-08-14T09:05:06.272Z</time></trkpt><trkpt lat="42.854004" lon="-7.774582"><ele>621.213</ele><time>2024-08-14T09:05:15.272Z</time></trkpt><trkpt lat="42.854041" lon="-7.774545"><ele>621.209</ele><time>2024-08-14T09:05:17.272Z</time></trkpt><trkpt lat="42.854053" lon="-7.774620"><ele>621.217</ele><time>2024-08-14T09:05:20.272Z</time></trkpt><trkpt lat="42.854081" lon="-7.774675"><ele>621.074</ele><time>2024-08-14T09:05:25.272Z</time></trkpt><trkpt lat="42.854153" lon="-7.774677"><ele>618.676</ele><time>2024-08-14T09:05:28.272Z</time></trkpt><trkpt lat="42.854193" lon="-7.774714"><ele>618.545</ele><time>2024-08-14T09:05:31.272Z</time></trkpt><trkpt lat="42.854230" lon="-7.774772"><ele>618.563</ele><time>2024-08-14T09:05:33.272Z</time></trkpt><trkpt lat="42.854270" lon="-7.774805"><ele>618.550</ele><time>2024-08-14T09:05:35.272Z</time></trkpt><trkpt lat="42.854265" lon="-7.774873"><ele>616.715</ele><time>2024-08-14T09:05:48.272Z</time></trkpt><trkpt lat="42.854275" lon="-7.774938"><ele>616.494</ele><time>2024-08-14T09:05:51.272Z</time></trkpt><trkpt lat="42.854315" lon="-7.774980"><ele>616.475</ele><time>2024-08-14T09:05:54.272Z</time></trkpt><trkpt lat="42.854377" lon="-7.774998"><ele>616.475</ele><time>2024-08-14T09:05:57.272Z</time></trkpt><trkpt lat="42.854420" lon="-7.775028"><ele>616.428</ele><time>2024-08-14T09:05:59.272Z</time></trkpt><trkpt lat="42.854498" lon="-7.775046"><ele>619.220</ele><time>2024-08-14T09:06:07.272Z</time></trkpt><trkpt lat="42.854546" lon="-7.775071"><ele>620.309</ele><time>2024-08-14T09:06:11.272Z</time></trkpt><trkpt lat="42.854519" lon="-7.775228"><ele>620.848</ele><time>2024-08-14T09:06:15.272Z</time></trkpt><trkpt lat="42.854551" lon="-7.775293"><ele>623.275</ele><time>2024-08-14T09:06:20.272Z</time></trkpt><trkpt lat="42.854556" lon="-7.775356"><ele>623.637</ele><time>2024-08-14T09:06:22.272Z</time></trkpt><trkpt lat="42.854623" lon="-7.775531"><ele>624.796</ele><time>2024-08-14T09:06:30.272Z</time></trkpt><trkpt lat="42.854653" lon="-7.775588"><ele>624.324</ele><time>2024-08-14T09:06:32.272Z</time></trkpt><trkpt lat="42.854686" lon="-7.775641"><ele>622.311</ele><time>2024-08-14T09:06:35.272Z</time></trkpt><trkpt lat="42.854703" lon="-7.775709"><ele>617.736</ele><time>2024-08-14T09:06:40.272Z</time></trkpt><trkpt lat="42.854741" lon="-7.775802"><ele>614.435</ele><time>2024-08-14T09:06:49.272Z</time></trkpt><trkpt lat="42.854776" lon="-7.775862"><ele>614.736</ele><time>2024-08-14T09:07:01.272Z</time></trkpt><trkpt lat="42.854821" lon="-7.775882"><ele>614.788</ele><time>2024-08-14T09:07:07.272Z</time></trkpt><trkpt lat="42.854838" lon="-7.775954"><ele>614.724</ele><time>2024-08-14T09:07:10.272Z</time></trkpt><trkpt lat="42.854841" lon="-7.776019"><ele>614.726</ele><time>2024-08-14T09:07:12.272Z</time></trkpt><trkpt lat="42.854879" lon="-7.776119"><ele>616.909</ele><time>2024-08-14T09:07:18.272Z</time></trkpt><trkpt lat="42.854887" lon="-7.776181"><ele>617.289</ele><time>2024-08-14T09:07:20.272Z</time></trkpt><trkpt lat="42.854894" lon="-7.776251"><ele>617.326</ele><time>2024-08-14T09:07:23.272Z</time></trkpt><trkpt lat="42.854936" lon="-7.776349"><ele>617.168</ele><time>2024-08-14T09:07:31.272Z</time></trkpt><trkpt lat="42.854969" lon="-7.776399"><ele>617.017</ele><time>2024-08-14T09:07:36.272Z</time></trkpt><trkpt lat="42.854947" lon="-7.776481"><ele>617.135</ele><time>2024-08-14T09:07:41.272Z</time></trkpt><trkpt lat="42.854905" lon="-7.776518"><ele>616.942</ele><time>2024-08-14T09:07:43.272Z</time></trkpt><trkpt lat="42.854932" lon="-7.776568"><ele>616.837</ele><time>2024-08-14T09:07:44.272Z</time></trkpt><trkpt lat="42.854954" lon="-7.776635"><ele>616.976</ele><time>2024-08-14T09:07:46.272Z</time></trkpt><trkpt lat="42.854957" lon="-7.776717"><ele>616.227</ele><time>2024-08-14T09:07:48.272Z</time></trkpt><trkpt lat="42.855015" lon="-7.776762"><ele>615.487</ele><time>2024-08-14T09:07:52.272Z</time></trkpt><trkpt lat="42.855037" lon="-7.776830"><ele>615.642</ele><time>2024-08-14T09:07:55.272Z</time></trkpt><trkpt lat="42.855027" lon="-7.776900"><ele>616.226</ele><time>2024-08-14T09:07:58.272Z</time></trkpt><trkpt lat="42.855059" lon="-7.776948"><ele>618.309</ele><time>2024-08-14T09:08:02.272Z</time></trkpt><trkpt lat="42.855082" lon="-7.777006"><ele>619.479</ele><time>2024-08-14T09:08:05.272Z</time></trkpt><trkpt lat="42.855115" lon="-7.777049"><ele>622.036</ele><time>2024-08-14T09:08:11.272Z</time></trkpt><trkpt lat="42.855143" lon="-7.777171"><ele>624.278</ele><time>2024-08-14T09:08:21.272Z</time></trkpt><trkpt lat="42.855250" lon="-7.777279"><ele>623.077</ele><time>2024-08-14T09:08:42.272Z</time></trkpt><trkpt lat="42.855302" lon="-7.777379"><ele>620.175</ele><time>2024-08-14T09:09:01.272Z</time></trkpt><trkpt lat="42.855345" lon="-7.777417"><ele>617.662</ele><time>2024-08-14T09:09:05.272Z</time></trkpt><trkpt lat="42.855392" lon="-7.777474"><ele>616.617</ele><time>2024-08-14T09:09:13.272Z</time></trkpt><trkpt lat="42.855450" lon="-7.777527"><ele>616.676</ele><time>2024-08-14T09:09:18.272Z</time></trkpt><trkpt lat="42.855502" lon="-7.777564"><ele>615.267</ele><time>2024-08-14T09:09:22.272Z</time></trkpt><trkpt lat="42.855547" lon="-7.777596"><ele>614.662</ele><time>2024-08-14T09:09:25.272Z</time></trkpt><trkpt lat="42.855592" lon="-7.777639"><ele>613.583</ele><time>2024-08-14T09:09:28.272Z</time></trkpt><trkpt lat="42.855637" lon="-7.777689"><ele>611.111</ele><time>2024-08-14T09:09:34.272Z</time></trkpt><trkpt lat="42.855692" lon="-7.777701"><ele>610.209</ele><time>2024-08-14T09:09:37.272Z</time></trkpt><trkpt lat="42.855739" lon="-7.777711"><ele>609.157</ele><time>2024-08-14T09:09:39.272Z</time></trkpt><trkpt lat="42.855751" lon="-7.777773"><ele>608.874</ele><time>2024-08-14T09:09:43.272Z</time></trkpt><trkpt lat="42.855811" lon="-7.777793"><ele>608.966</ele><time>2024-08-14T09:09:49.272Z</time></trkpt><trkpt lat="42.855818" lon="-7.777858"><ele>608.555</ele><time>2024-08-14T09:09:51.272Z</time></trkpt><trkpt lat="42.855881" lon="-7.777873"><ele>609.873</ele><time>2024-08-14T09:09:53.272Z</time></trkpt><trkpt lat="42.855943" lon="-7.777870"><ele>612.430</ele><time>2024-08-14T09:09:55.272Z</time></trkpt><trkpt lat="42.856001" lon="-7.777852"><ele>612.555</ele><time>2024-08-14T09:09:58.272Z</time></trkpt><trkpt lat="42.856048" lon="-7.777847"><ele>612.214</ele><time>2024-08-14T09:10:00.272Z</time></trkpt><trkpt lat="42.856093" lon="-7.777854"><ele>612.145</ele><time>2024-08-14T09:10:03.272Z</time></trkpt><trkpt lat="42.856140" lon="-7.777846"><ele>611.544</ele><time>2024-08-14T09:10:06.272Z</time></trkpt><trkpt lat="42.856193" lon="-7.777876"><ele>611.305</ele><time>2024-08-14T09:10:09.272Z</time></trkpt><trkpt lat="42.856246" lon="-7.777899"><ele>610.515</ele><time>2024-08-14T09:10:14.272Z</time></trkpt><trkpt lat="42.856289" lon="-7.777956"><ele>608.109</ele><time>2024-08-14T09:10:20.272Z</time></trkpt><trkpt lat="42.856324" lon="-7.778004"><ele>608.295</ele><time>2024-08-14T09:10:25.272Z</time></trkpt><trkpt lat="42.856371" lon="-7.778041"><ele>608.382</ele><time>2024-08-14T09:10:29.272Z</time></trkpt><trkpt lat="42.856416" lon="-7.778078"><ele>608.814</ele><time>2024-08-14T09:10:32.272Z</time></trkpt><trkpt lat="42.856446" lon="-7.778145"><ele>610.483</ele><time>2024-08-14T09:10:35.272Z</time></trkpt><trkpt lat="42.856491" lon="-7.778138"><ele>611.091</ele><time>2024-08-14T09:10:37.272Z</time></trkpt><trkpt lat="42.856551" lon="-7.778136"><ele>611.268</ele><time>2024-08-14T09:10:40.272Z</time></trkpt><trkpt lat="42.856598" lon="-7.778146"><ele>611.323</ele><time>2024-08-14T09:10:43.272Z</time></trkpt><trkpt lat="42.856640" lon="-7.778173"><ele>610.082</ele><time>2024-08-14T09:10:46.272Z</time></trkpt><trkpt lat="42.856688" lon="-7.778185"><ele>609.853</ele><time>2024-08-14T09:10:50.272Z</time></trkpt><trkpt lat="42.856730" lon="-7.778230"><ele>609.382</ele><time>2024-08-14T09:10:54.272Z</time></trkpt><trkpt lat="42.856778" lon="-7.778273"><ele>608.443</ele><time>2024-08-14T09:10:59.272Z</time></trkpt><trkpt lat="42.856915" lon="-7.778391"><ele>603.717</ele><time>2024-08-14T09:11:17.272Z</time></trkpt><trkpt lat="42.856962" lon="-7.778391"><ele>603.709</ele><time>2024-08-14T09:11:20.272Z</time></trkpt><trkpt lat="42.857029" lon="-7.778464"><ele>609.159</ele><time>2024-08-14T09:11:39.272Z</time></trkpt><trkpt lat="42.857091" lon="-7.778491"><ele>610.346</ele><time>2024-08-14T09:11:43.272Z</time></trkpt><trkpt lat="42.857134" lon="-7.778539"><ele>610.328</ele><time>2024-08-14T09:11:46.272Z</time></trkpt><trkpt lat="42.857159" lon="-7.778596"><ele>610.327</ele><time>2024-08-14T09:11:48.272Z</time></trkpt><trkpt lat="42.857209" lon="-7.778634"><ele>610.355</ele><time>2024-08-14T09:11:50.272Z</time></trkpt><trkpt lat="42.857252" lon="-7.778709"><ele>608.992</ele><time>2024-08-14T09:11:53.272Z</time></trkpt><trkpt lat="42.857300" lon="-7.778714"><ele>607.627</ele><time>2024-08-14T09:12:03.272Z</time></trkpt><trkpt lat="42.857325" lon="-7.778767"><ele>608.066</ele><time>2024-08-14T09:12:08.272Z</time></trkpt><trkpt lat="42.857358" lon="-7.778810"><ele>608.117</ele><time>2024-08-14T09:12:11.272Z</time></trkpt><trkpt lat="42.857310" lon="-7.778885"><ele>608.419</ele><time>2024-08-14T09:12:14.272Z</time></trkpt><trkpt lat="42.857370" lon="-7.778888"><ele>608.909</ele><time>2024-08-14T09:12:21.272Z</time></trkpt><trkpt lat="42.857417" lon="-7.778918"><ele>600.719</ele><time>2024-08-14T09:12:24.272Z</time></trkpt><trkpt lat="42.857437" lon="-7.778986"><ele>600.909</ele><time>2024-08-14T09:12:28.272Z</time></trkpt><trkpt lat="42.857484" lon="-7.779003"><ele>601.642</ele><time>2024-08-14T09:12:33.272Z</time></trkpt><trkpt lat="42.857532" lon="-7.779033"><ele>601.959</ele><time>2024-08-14T09:12:37.272Z</time></trkpt><trkpt lat="42.857577" lon="-7.779048"><ele>602.171</ele><time>2024-08-14T09:12:40.272Z</time></trkpt><trkpt lat="42.857632" lon="-7.779065"><ele>602.690</ele><time>2024-08-14T09:12:43.272Z</time></trkpt><trkpt lat="42.857684" lon="-7.779107"><ele>603.948</ele><time>2024-08-14T09:12:46.272Z</time></trkpt><trkpt lat="42.857726" lon="-7.779130"><ele>605.525</ele><time>2024-08-14T09:12:50.272Z</time></trkpt><trkpt lat="42.857756" lon="-7.779182"><ele>608.420</ele><time>2024-08-14T09:12:55.272Z</time></trkpt><trkpt lat="42.857794" lon="-7.779225"><ele>609.779</ele><time>2024-08-14T09:12:59.272Z</time></trkpt><trkpt lat="42.857846" lon="-7.779202"><ele>611.030</ele><time>2024-08-14T09:13:03.272Z</time></trkpt><trkpt lat="42.857891" lon="-7.779177"><ele>611.398</ele><time>2024-08-14T09:13:06.272Z</time></trkpt><trkpt lat="42.857921" lon="-7.779225"><ele>611.715</ele><time>2024-08-14T09:13:10.272Z</time></trkpt><trkpt lat="42.857983" lon="-7.779212"><ele>613.426</ele><time>2024-08-14T09:13:15.272Z</time></trkpt><trkpt lat="42.858030" lon="-7.779179"><ele>616.209</ele><time>2024-08-14T09:13:18.272Z</time></trkpt><trkpt lat="42.858082" lon="-7.779177"><ele>618.320</ele><time>2024-08-14T09:13:22.272Z</time></trkpt><trkpt lat="42.858130" lon="-7.779149"><ele>620.397</ele><time>2024-08-14T09:13:25.272Z</time></trkpt><trkpt lat="42.858177" lon="-7.779177"><ele>621.239</ele><time>2024-08-14T09:13:28.272Z</time></trkpt><trkpt lat="42.858240" lon="-7.779205"><ele>622.618</ele><time>2024-08-14T09:13:33.272Z</time></trkpt><trkpt lat="42.858282" lon="-7.779240"><ele>623.766</ele><time>2024-08-14T09:13:37.272Z</time></trkpt><trkpt lat="42.858369" lon="-7.779342"><ele>622.413</ele><time>2024-08-14T09:13:53.272Z</time></trkpt><trkpt lat="42.858402" lon="-7.779390"><ele>617.528</ele><time>2024-08-14T09:13:55.272Z</time></trkpt><trkpt lat="42.858439" lon="-7.779430"><ele>617.527</ele><time>2024-08-14T09:13:59.272Z</time></trkpt><trkpt lat="42.858516" lon="-7.779480"><ele>613.538</ele><time>2024-08-14T09:14:11.272Z</time></trkpt><trkpt lat="42.858551" lon="-7.779533"><ele>611.899</ele><time>2024-08-14T09:14:15.272Z</time></trkpt><trkpt lat="42.858596" lon="-7.779583"><ele>610.407</ele><time>2024-08-14T09:14:20.272Z</time></trkpt><trkpt lat="42.858641" lon="-7.779616"><ele>609.127</ele><time>2024-08-14T09:14:23.272Z</time></trkpt><trkpt lat="42.858693" lon="-7.779634"><ele>604.709</ele><time>2024-08-14T09:14:26.272Z</time></trkpt><trkpt lat="42.858748" lon="-7.779641"><ele>604.610</ele><time>2024-08-14T09:14:34.272Z</time></trkpt><trkpt lat="42.858805" lon="-7.779626"><ele>604.637</ele><time>2024-08-14T09:14:37.272Z</time></trkpt><trkpt lat="42.858850" lon="-7.779654"><ele>605.689</ele><time>2024-08-14T09:14:39.272Z</time></trkpt><trkpt lat="42.858888" lon="-7.779721"><ele>606.178</ele><time>2024-08-14T09:14:42.272Z</time></trkpt><trkpt lat="42.858913" lon="-7.779818"><ele>606.366</ele><time>2024-08-14T09:14:47.272Z</time></trkpt><trkpt lat="42.858948" lon="-7.779883"><ele>605.993</ele><time>2024-08-14T09:14:50.272Z</time></trkpt><trkpt lat="42.858991" lon="-7.779928"><ele>605.958</ele><time>2024-08-14T09:14:54.272Z</time></trkpt><trkpt lat="42.859029" lon="-7.779983"><ele>605.947</ele><time>2024-08-14T09:14:57.272Z</time></trkpt><trkpt lat="42.859082" lon="-7.780010"><ele>607.518</ele><time>2024-08-14T09:15:00.272Z</time></trkpt><trkpt lat="42.859119" lon="-7.780057"><ele>610.118</ele><time>2024-08-14T09:15:04.272Z</time></trkpt><trkpt lat="42.859149" lon="-7.780104"><ele>612.598</ele><time>2024-08-14T09:15:08.272Z</time></trkpt><trkpt lat="42.859182" lon="-7.780164"><ele>615.417</ele><time>2024-08-14T09:15:12.272Z</time></trkpt><trkpt lat="42.859220" lon="-7.780212"><ele>617.209</ele><time>2024-08-14T09:15:15.272Z</time></trkpt><trkpt lat="42.859235" lon="-7.780292"><ele>619.822</ele><time>2024-08-14T09:15:18.272Z</time></trkpt><trkpt lat="42.859270" lon="-7.780337"><ele>624.389</ele><time>2024-08-14T09:15:25.272Z</time></trkpt><trkpt lat="42.859307" lon="-7.780377"><ele>624.641</ele><time>2024-08-14T09:15:31.272Z</time></trkpt><trkpt lat="42.859337" lon="-7.780424"><ele>624.690</ele><time>2024-08-14T09:15:35.272Z</time></trkpt><trkpt lat="42.859374" lon="-7.780482"><ele>624.638</ele><time>2024-08-14T09:15:39.272Z</time></trkpt><trkpt lat="42.859417" lon="-7.780519"><ele>624.325</ele><time>2024-08-14T09:15:43.272Z</time></trkpt><trkpt lat="42.859444" lon="-7.780569"><ele>623.790</ele><time>2024-08-14T09:15:46.272Z</time></trkpt><trkpt lat="42.859462" lon="-7.780637"><ele>622.979</ele><time>2024-08-14T09:15:51.272Z</time></trkpt><trkpt lat="42.859472" lon="-7.780709"><ele>622.530</ele><time>2024-08-14T09:15:55.272Z</time></trkpt><trkpt lat="42.859487" lon="-7.780777"><ele>622.797</ele><time>2024-08-14T09:15:59.272Z</time></trkpt><trkpt lat="42.859534" lon="-7.780795"><ele>623.423</ele><time>2024-08-14T09:16:03.272Z</time></trkpt><trkpt lat="42.859567" lon="-7.780850"><ele>623.725</ele><time>2024-08-14T09:16:07.272Z</time></trkpt><trkpt lat="42.859615" lon="-7.780883"><ele>625.009</ele><time>2024-08-14T09:16:12.272Z</time></trkpt><trkpt lat="42.859645" lon="-7.780946"><ele>625.170</ele><time>2024-08-14T09:16:16.272Z</time></trkpt><trkpt lat="42.859693" lon="-7.780998"><ele>625.237</ele><time>2024-08-14T09:16:20.272Z</time></trkpt><trkpt lat="42.859738" lon="-7.781025"><ele>624.959</ele><time>2024-08-14T09:16:23.272Z</time></trkpt><trkpt lat="42.859796" lon="-7.781027"><ele>624.218</ele><time>2024-08-14T09:16:26.272Z</time></trkpt><trkpt lat="42.859848" lon="-7.781075"><ele>624.186</ele><time>2024-08-14T09:16:29.272Z</time></trkpt><trkpt lat="42.859871" lon="-7.781137"><ele>625.613</ele><time>2024-08-14T09:16:35.272Z</time></trkpt><trkpt lat="42.859868" lon="-7.781199"><ele>626.048</ele><time>2024-08-14T09:16:50.272Z</time></trkpt><trkpt lat="42.859923" lon="-7.781226"><ele>625.917</ele><time>2024-08-14T09:16:53.272Z</time></trkpt><trkpt lat="42.859961" lon="-7.781279"><ele>625.538</ele><time>2024-08-14T09:16:57.272Z</time></trkpt><trkpt lat="42.859979" lon="-7.781339"><ele>625.589</ele><time>2024-08-14T09:17:00.272Z</time></trkpt><trkpt lat="42.859999" lon="-7.781406"><ele>625.306</ele><time>2024-08-14T09:17:06.272Z</time></trkpt><trkpt lat="42.860041" lon="-7.781454"><ele>624.426</ele><time>2024-08-14T09:17:19.272Z</time></trkpt><trkpt lat="42.860118" lon="-7.781577"><ele>611.009</ele><time>2024-08-14T09:18:12.272Z</time></trkpt><trkpt lat="42.860138" lon="-7.781497"><ele>611.079</ele><time>2024-08-14T09:18:48.281Z</time></trkpt><trkpt lat="42.860173" lon="-7.781414"><ele>611.016</ele><time>2024-08-14T09:18:52.281Z</time></trkpt><trkpt lat="42.860203" lon="-7.781589"><ele>604.428</ele><time>2024-08-14T09:19:03.281Z</time></trkpt><trkpt lat="42.860118" lon="-7.781576"><ele>603.857</ele><time>2024-08-14T09:19:05.281Z</time></trkpt><trkpt lat="42.860076" lon="-7.781549"><ele>603.795</ele><time>2024-08-14T09:19:12.281Z</time></trkpt><trkpt lat="42.860126" lon="-7.781567"><ele>603.682</ele><time>2024-08-14T09:19:16.281Z</time></trkpt><trkpt lat="42.860181" lon="-7.781575"><ele>603.557</ele><time>2024-08-14T09:19:21.281Z</time></trkpt><trkpt lat="42.860261" lon="-7.781425"><ele>603.556</ele><time>2024-08-14T09:19:41.283Z</time></trkpt><trkpt lat="42.860316" lon="-7.781457"><ele>584.167</ele><time>2024-08-14T09:19:55.283Z</time></trkpt><trkpt lat="42.860364" lon="-7.781482"><ele>587.982</ele><time>2024-08-14T09:20:02.283Z</time></trkpt><trkpt lat="42.860417" lon="-7.781499"><ele>591.743</ele><time>2024-08-14T09:20:06.283Z</time></trkpt><trkpt lat="42.860460" lon="-7.781521"><ele>592.417</ele><time>2024-08-14T09:20:10.283Z</time></trkpt><trkpt lat="42.860498" lon="-7.781568"><ele>594.109</ele><time>2024-08-14T09:20:13.283Z</time></trkpt><trkpt lat="42.860525" lon="-7.781640"><ele>598.499</ele><time>2024-08-14T09:20:17.283Z</time></trkpt><trkpt lat="42.860543" lon="-7.781708"><ele>602.986</ele><time>2024-08-14T09:20:20.284Z</time></trkpt><trkpt lat="42.860586" lon="-7.781765"><ele>603.528</ele><time>2024-08-14T09:20:23.284Z</time></trkpt><trkpt lat="42.860613" lon="-7.781823"><ele>603.727</ele><time>2024-08-14T09:20:27.284Z</time></trkpt><trkpt lat="42.860651" lon="-7.781873"><ele>603.835</ele><time>2024-08-14T09:20:31.284Z</time></trkpt><trkpt lat="42.860691" lon="-7.781931"><ele>603.972</ele><time>2024-08-14T09:20:35.284Z</time></trkpt><trkpt lat="42.860768" lon="-7.781948"><ele>605.357</ele><time>2024-08-14T09:20:41.284Z</time></trkpt><trkpt lat="42.860820" lon="-7.781988"><ele>605.286</ele><time>2024-08-14T09:20:46.284Z</time></trkpt><trkpt lat="42.860865" lon="-7.782030"><ele>605.327</ele><time>2024-08-14T09:20:50.284Z</time></trkpt><trkpt lat="42.860908" lon="-7.782062"><ele>604.171</ele><time>2024-08-14T09:20:55.284Z</time></trkpt><trkpt lat="42.860936" lon="-7.782132"><ele>601.941</ele><time>2024-08-14T09:20:59.284Z</time></trkpt><trkpt lat="42.860983" lon="-7.782157"><ele>600.115</ele><time>2024-08-14T09:21:03.284Z</time></trkpt><trkpt lat="42.861031" lon="-7.782204"><ele>599.809</ele><time>2024-08-14T09:21:09.284Z</time></trkpt><trkpt lat="42.861079" lon="-7.782211"><ele>599.658</ele><time>2024-08-14T09:21:14.284Z</time></trkpt><trkpt lat="42.861114" lon="-7.782283"><ele>599.245</ele><time>2024-08-14T09:21:19.284Z</time></trkpt><trkpt lat="42.861151" lon="-7.782340"><ele>598.457</ele><time>2024-08-14T09:21:22.284Z</time></trkpt><trkpt lat="42.861189" lon="-7.782380"><ele>597.146</ele><time>2024-08-14T09:21:25.284Z</time></trkpt><trkpt lat="42.861232" lon="-7.782430"><ele>594.744</ele><time>2024-08-14T09:21:29.284Z</time></trkpt><trkpt lat="42.861290" lon="-7.782447"><ele>594.531</ele><time>2024-08-14T09:21:33.284Z</time></trkpt><trkpt lat="42.861332" lon="-7.782485"><ele>594.396</ele><time>2024-08-14T09:21:37.284Z</time></trkpt><trkpt lat="42.861327" lon="-7.782560"><ele>594.335</ele><time>2024-08-14T09:21:45.284Z</time></trkpt><trkpt lat="42.861379" lon="-7.782597"><ele>594.116</ele><time>2024-08-14T09:22:31.284Z</time></trkpt><trkpt lat="42.861434" lon="-7.782642"><ele>594.161</ele><time>2024-08-14T09:22:34.284Z</time></trkpt><trkpt lat="42.861481" lon="-7.782645"><ele>594.121</ele><time>2024-08-14T09:22:38.284Z</time></trkpt><trkpt lat="42.861476" lon="-7.782725"><ele>594.113</ele><time>2024-08-14T09:22:42.284Z</time></trkpt><trkpt lat="42.861476" lon="-7.782787"><ele>592.809</ele><time>2024-08-14T09:22:46.284Z</time></trkpt><trkpt lat="42.861571" lon="-7.782889"><ele>592.367</ele><time>2024-08-14T09:23:03.284Z</time></trkpt><trkpt lat="42.861578" lon="-7.783001"><ele>592.294</ele><time>2024-08-14T09:23:17.284Z</time></trkpt><trkpt lat="42.861628" lon="-7.783016"><ele>591.586</ele><time>2024-08-14T09:23:23.284Z</time></trkpt><trkpt lat="42.861658" lon="-7.783094"><ele>590.695</ele><time>2024-08-14T09:23:27.284Z</time></trkpt><trkpt lat="42.861736" lon="-7.783167"><ele>584.053</ele><time>2024-08-14T09:23:36.284Z</time></trkpt><trkpt lat="42.861851" lon="-7.783244"><ele>582.570</ele><time>2024-08-14T09:23:46.284Z</time></trkpt><trkpt lat="42.861894" lon="-7.783139"><ele>581.845</ele><time>2024-08-14T09:24:24.284Z</time></trkpt><trkpt lat="42.862034" lon="-7.783229"><ele>580.124</ele><time>2024-08-14T09:24:35.284Z</time></trkpt><trkpt lat="42.862062" lon="-7.783336"><ele>579.655</ele><time>2024-08-14T09:24:40.284Z</time></trkpt><trkpt lat="42.862114" lon="-7.783381"><ele>579.353</ele><time>2024-08-14T09:24:43.284Z</time></trkpt><trkpt lat="42.862159" lon="-7.783429"><ele>578.604</ele><time>2024-08-14T09:24:46.284Z</time></trkpt><trkpt lat="42.862182" lon="-7.783482"><ele>578.614</ele><time>2024-08-14T09:24:48.284Z</time></trkpt><trkpt lat="42.862232" lon="-7.783509"><ele>578.409</ele><time>2024-08-14T09:24:58.284Z</time></trkpt><trkpt lat="42.862309" lon="-7.783612"><ele>577.086</ele><time>2024-08-14T09:25:11.284Z</time></trkpt><trkpt lat="42.862341" lon="-7.783800"><ele>572.693</ele><time>2024-08-14T09:25:19.284Z</time></trkpt><trkpt lat="42.862356" lon="-7.783870"><ele>572.645</ele><time>2024-08-14T09:25:32.284Z</time></trkpt><trkpt lat="42.862381" lon="-7.783925"><ele>572.954</ele><time>2024-08-14T09:25:35.284Z</time></trkpt><trkpt lat="42.862408" lon="-7.783988"><ele>574.132</ele><time>2024-08-14T09:25:39.284Z</time></trkpt><trkpt lat="42.862435" lon="-7.784041"><ele>574.649</ele><time>2024-08-14T09:25:43.284Z</time></trkpt><trkpt lat="42.862487" lon="-7.784114"><ele>575.264</ele><time>2024-08-14T09:25:49.284Z</time></trkpt><trkpt lat="42.862494" lon="-7.784191"><ele>575.483</ele><time>2024-08-14T09:25:52.284Z</time></trkpt><trkpt lat="42.862501" lon="-7.784263"><ele>575.564</ele><time>2024-08-14T09:25:56.284Z</time></trkpt><trkpt lat="42.862519" lon="-7.784340"><ele>575.576</ele><time>2024-08-14T09:26:00.284Z</time></trkpt><trkpt lat="42.862511" lon="-7.784418"><ele>576.090</ele><time>2024-08-14T09:26:03.284Z</time></trkpt><trkpt lat="42.862516" lon="-7.784490"><ele>577.619</ele><time>2024-08-14T09:26:07.284Z</time></trkpt><trkpt lat="42.862548" lon="-7.784535"><ele>579.309</ele><time>2024-08-14T09:26:11.284Z</time></trkpt><trkpt lat="42.862535" lon="-7.784612"><ele>581.568</ele><time>2024-08-14T09:26:14.284Z</time></trkpt><trkpt lat="42.862587" lon="-7.784617"><ele>583.375</ele><time>2024-08-14T09:26:16.284Z</time></trkpt><trkpt lat="42.862620" lon="-7.784662"><ele>585.917</ele><time>2024-08-14T09:26:21.284Z</time></trkpt><trkpt lat="42.862637" lon="-7.784740"><ele>587.256</ele><time>2024-08-14T09:26:25.284Z</time></trkpt><trkpt lat="42.862652" lon="-7.784803"><ele>587.254</ele><time>2024-08-14T09:26:28.284Z</time></trkpt><trkpt lat="42.862655" lon="-7.784878"><ele>587.381</ele><time>2024-08-14T09:26:31.284Z</time></trkpt><trkpt lat="42.862677" lon="-7.784940"><ele>587.166</ele><time>2024-08-14T09:26:35.284Z</time></trkpt><trkpt lat="42.862704" lon="-7.785005"><ele>583.735</ele><time>2024-08-14T09:26:39.284Z</time></trkpt><trkpt lat="42.862731" lon="-7.785070"><ele>582.546</ele><time>2024-08-14T09:26:44.284Z</time></trkpt><trkpt lat="42.862778" lon="-7.785060"><ele>582.547</ele><time>2024-08-14T09:26:47.284Z</time></trkpt><trkpt lat="42.862830" lon="-7.785052"><ele>582.529</ele><time>2024-08-14T09:26:51.284Z</time></trkpt><trkpt lat="42.862875" lon="-7.785060"><ele>584.721</ele><time>2024-08-14T09:26:57.284Z</time></trkpt><trkpt lat="42.862895" lon="-7.785120"><ele>585.809</ele><time>2024-08-14T09:27:02.284Z</time></trkpt><trkpt lat="42.862983" lon="-7.785162"><ele>589.785</ele><time>2024-08-14T09:27:12.284Z</time></trkpt><trkpt lat="42.863030" lon="-7.785155"><ele>590.742</ele><time>2024-08-14T09:27:14.284Z</time></trkpt><trkpt lat="42.863097" lon="-7.785133"><ele>593.384</ele><time>2024-08-14T09:27:17.284Z</time></trkpt><trkpt lat="42.863144" lon="-7.785151"><ele>594.113</ele><time>2024-08-14T09:27:22.284Z</time></trkpt><trkpt lat="42.863197" lon="-7.785226"><ele>594.811</ele><time>2024-08-14T09:27:28.284Z</time></trkpt><trkpt lat="42.863254" lon="-7.785243"><ele>594.948</ele><time>2024-08-14T09:27:32.284Z</time></trkpt><trkpt lat="42.863299" lon="-7.785286"><ele>594.973</ele><time>2024-08-14T09:27:35.284Z</time></trkpt><trkpt lat="42.863336" lon="-7.785328"><ele>595.762</ele><time>2024-08-14T09:27:41.284Z</time></trkpt><trkpt lat="42.863364" lon="-7.785385"><ele>597.683</ele><time>2024-08-14T09:27:46.284Z</time></trkpt><trkpt lat="42.863417" lon="-7.785390"><ele>598.662</ele><time>2024-08-14T09:27:50.284Z</time></trkpt><trkpt lat="42.863484" lon="-7.785395"><ele>599.183</ele><time>2024-08-14T09:27:58.284Z</time></trkpt><trkpt lat="42.863536" lon="-7.785422"><ele>601.211</ele><time>2024-08-14T09:28:01.284Z</time></trkpt><trkpt lat="42.863566" lon="-7.785469"><ele>602.609</ele><time>2024-08-14T09:28:03.284Z</time></trkpt><trkpt lat="42.863603" lon="-7.785506"><ele>603.497</ele><time>2024-08-14T09:28:08.284Z</time></trkpt><trkpt lat="42.863653" lon="-7.785593"><ele>607.064</ele><time>2024-08-14T09:28:14.284Z</time></trkpt><trkpt lat="42.863668" lon="-7.785675"><ele>609.066</ele><time>2024-08-14T09:28:18.284Z</time></trkpt><trkpt lat="42.863735" lon="-7.785703"><ele>611.315</ele><time>2024-08-14T09:28:25.284Z</time></trkpt><trkpt lat="42.863775" lon="-7.785738"><ele>613.453</ele><time>2024-08-14T09:28:29.284Z</time></trkpt><trkpt lat="42.863830" lon="-7.785758"><ele>614.140</ele><time>2024-08-14T09:28:34.284Z</time></trkpt><trkpt lat="42.863883" lon="-7.785763"><ele>614.125</ele><time>2024-08-14T09:28:38.284Z</time></trkpt><trkpt lat="42.863925" lon="-7.785808"><ele>614.174</ele><time>2024-08-14T09:28:42.284Z</time></trkpt><trkpt lat="42.863965" lon="-7.785841"><ele>612.675</ele><time>2024-08-14T09:28:45.284Z</time></trkpt><trkpt lat="42.863990" lon="-7.785916"><ele>608.892</ele><time>2024-08-14T09:28:49.284Z</time></trkpt><trkpt lat="42.864033" lon="-7.785969"><ele>607.773</ele><time>2024-08-14T09:28:54.284Z</time></trkpt><trkpt lat="42.864081" lon="-7.786009"><ele>607.220</ele><time>2024-08-14T09:28:58.284Z</time></trkpt><trkpt lat="42.864128" lon="-7.786046"><ele>606.309</ele><time>2024-08-14T09:29:02.284Z</time></trkpt><trkpt lat="42.864166" lon="-7.786096"><ele>605.340</ele><time>2024-08-14T09:29:06.284Z</time></trkpt><trkpt lat="42.864216" lon="-7.786164"><ele>603.767</ele><time>2024-08-14T09:29:13.284Z</time></trkpt><trkpt lat="42.864266" lon="-7.786197"><ele>602.879</ele><time>2024-08-14T09:29:19.284Z</time></trkpt><trkpt lat="42.864294" lon="-7.786255"><ele>602.688</ele><time>2024-08-14T09:29:23.284Z</time></trkpt><trkpt lat="42.864381" lon="-7.786397"><ele>601.456</ele><time>2024-08-14T09:29:43.284Z</time></trkpt><trkpt lat="42.864426" lon="-7.786442"><ele>601.393</ele><time>2024-08-14T09:29:47.284Z</time></trkpt><trkpt lat="42.864476" lon="-7.786465"><ele>601.358</ele><time>2024-08-14T09:29:51.284Z</time></trkpt><trkpt lat="42.864528" lon="-7.786493"><ele>601.317</ele><time>2024-08-14T09:29:56.284Z</time></trkpt><trkpt lat="42.864583" lon="-7.786523"><ele>601.238</ele><time>2024-08-14T09:30:01.284Z</time></trkpt><trkpt lat="42.864628" lon="-7.786556"><ele>601.622</ele><time>2024-08-14T09:30:06.284Z</time></trkpt><trkpt lat="42.864660" lon="-7.786603"><ele>601.562</ele><time>2024-08-14T09:30:09.284Z</time></trkpt><trkpt lat="42.864698" lon="-7.786655"><ele>602.208</ele><time>2024-08-14T09:30:13.284Z</time></trkpt><trkpt lat="42.864716" lon="-7.786713"><ele>604.409</ele><time>2024-08-14T09:30:17.284Z</time></trkpt><trkpt lat="42.864753" lon="-7.786760"><ele>606.213</ele><time>2024-08-14T09:30:21.284Z</time></trkpt><trkpt lat="42.864805" lon="-7.786808"><ele>609.990</ele><time>2024-08-14T09:30:27.284Z</time></trkpt><trkpt lat="42.864848" lon="-7.786828"><ele>610.482</ele><time>2024-08-14T09:30:30.284Z</time></trkpt><trkpt lat="42.864895" lon="-7.786851"><ele>610.981</ele><time>2024-08-14T09:30:35.284Z</time></trkpt><trkpt lat="42.864933" lon="-7.786888"><ele>611.139</ele><time>2024-08-14T09:30:38.284Z</time></trkpt><trkpt lat="42.864981" lon="-7.786916"><ele>611.156</ele><time>2024-08-14T09:30:42.284Z</time></trkpt><trkpt lat="42.865028" lon="-7.786951"><ele>611.111</ele><time>2024-08-14T09:30:46.284Z</time></trkpt><trkpt lat="42.865075" lon="-7.786988"><ele>611.380</ele><time>2024-08-14T09:30:51.284Z</time></trkpt><trkpt lat="42.865100" lon="-7.787050"><ele>611.731</ele><time>2024-08-14T09:31:03.284Z</time></trkpt><trkpt lat="42.865148" lon="-7.787047"><ele>611.912</ele><time>2024-08-14T09:31:07.284Z</time></trkpt><trkpt lat="42.865196" lon="-7.787070"><ele>612.132</ele><time>2024-08-14T09:31:10.284Z</time></trkpt><trkpt lat="42.865236" lon="-7.787120"><ele>612.205</ele><time>2024-08-14T09:31:14.284Z</time></trkpt><trkpt lat="42.865284" lon="-7.787153"><ele>612.209</ele><time>2024-08-14T09:31:19.284Z</time></trkpt><trkpt lat="42.865324" lon="-7.787183"><ele>612.242</ele><time>2024-08-14T09:31:23.284Z</time></trkpt><trkpt lat="42.865359" lon="-7.787236"><ele>610.899</ele><time>2024-08-14T09:31:26.284Z</time></trkpt><trkpt lat="42.865394" lon="-7.787289"><ele>610.881</ele><time>2024-08-14T09:31:30.284Z</time></trkpt><trkpt lat="42.865412" lon="-7.787352"><ele>610.890</ele><time>2024-08-14T09:31:34.284Z</time></trkpt><trkpt lat="42.865442" lon="-7.787419"><ele>612.138</ele><time>2024-08-14T09:31:38.284Z</time></trkpt><trkpt lat="42.865459" lon="-7.787491"><ele>614.045</ele><time>2024-08-14T09:31:42.284Z</time></trkpt><trkpt lat="42.865472" lon="-7.787554"><ele>614.380</ele><time>2024-08-14T09:31:46.284Z</time></trkpt><trkpt lat="42.865487" lon="-7.787629"><ele>614.349</ele><time>2024-08-14T09:31:50.284Z</time></trkpt><trkpt lat="42.865514" lon="-7.787692"><ele>614.380</ele><time>2024-08-14T09:31:54.284Z</time></trkpt><trkpt lat="42.865534" lon="-7.787750"><ele>614.256</ele><time>2024-08-14T09:31:58.284Z</time></trkpt><trkpt lat="42.865554" lon="-7.787830"><ele>614.259</ele><time>2024-08-14T09:32:02.284Z</time></trkpt><trkpt lat="42.865569" lon="-7.787898"><ele>614.314</ele><time>2024-08-14T09:32:06.284Z</time></trkpt><trkpt lat="42.865576" lon="-7.787960"><ele>614.409</ele><time>2024-08-14T09:32:09.284Z</time></trkpt><trkpt lat="42.865581" lon="-7.788025"><ele>615.786</ele><time>2024-08-14T09:32:12.284Z</time></trkpt><trkpt lat="42.865591" lon="-7.788097"><ele>616.863</ele><time>2024-08-14T09:32:16.284Z</time></trkpt><trkpt lat="42.865603" lon="-7.788172"><ele>616.865</ele><time>2024-08-14T09:32:20.284Z</time></trkpt><trkpt lat="42.865616" lon="-7.788237"><ele>617.474</ele><time>2024-08-14T09:32:23.284Z</time></trkpt><trkpt lat="42.865618" lon="-7.788310"><ele>617.522</ele><time>2024-08-14T09:32:27.284Z</time></trkpt><trkpt lat="42.865646" lon="-7.788368"><ele>617.469</ele><time>2024-08-14T09:32:30.284Z</time></trkpt><trkpt lat="42.865656" lon="-7.788438"><ele>617.044</ele><time>2024-08-14T09:32:33.284Z</time></trkpt><trkpt lat="42.865661" lon="-7.788508"><ele>617.013</ele><time>2024-08-14T09:32:38.284Z</time></trkpt><trkpt lat="42.865658" lon="-7.788576"><ele>614.354</ele><time>2024-08-14T09:32:43.284Z</time></trkpt><trkpt lat="42.865633" lon="-7.788654"><ele>612.365</ele><time>2024-08-14T09:32:46.284Z</time></trkpt><trkpt lat="42.865623" lon="-7.788714"><ele>612.068</ele><time>2024-08-14T09:32:48.284Z</time></trkpt><trkpt lat="42.865633" lon="-7.788792"><ele>612.014</ele><time>2024-08-14T09:32:52.284Z</time></trkpt><trkpt lat="42.865638" lon="-7.788855"><ele>612.109</ele><time>2024-08-14T09:32:57.284Z</time></trkpt><trkpt lat="42.865636" lon="-7.788933"><ele>613.817</ele><time>2024-08-14T09:33:01.284Z</time></trkpt><trkpt lat="42.865636" lon="-7.789003"><ele>614.634</ele><time>2024-08-14T09:33:05.284Z</time></trkpt><trkpt lat="42.865629" lon="-7.789070"><ele>614.726</ele><time>2024-08-14T09:33:09.284Z</time></trkpt><trkpt lat="42.865626" lon="-7.789147"><ele>614.835</ele><time>2024-08-14T09:33:14.284Z</time></trkpt><trkpt lat="42.865619" lon="-7.789209"><ele>614.863</ele><time>2024-08-14T09:33:18.284Z</time></trkpt><trkpt lat="42.865616" lon="-7.789322"><ele>615.210</ele><time>2024-08-14T09:33:26.284Z</time></trkpt><trkpt lat="42.865606" lon="-7.789400"><ele>616.345</ele><time>2024-08-14T09:33:32.284Z</time></trkpt><trkpt lat="42.865603" lon="-7.789478"><ele>616.454</ele><time>2024-08-14T09:33:36.284Z</time></trkpt><trkpt lat="42.865603" lon="-7.789548"><ele>616.595</ele><time>2024-08-14T09:33:39.284Z</time></trkpt><trkpt lat="42.865593" lon="-7.789621"><ele>616.419</ele><time>2024-08-14T09:33:43.284Z</time></trkpt><trkpt lat="42.865588" lon="-7.789719"><ele>616.109</ele><time>2024-08-14T09:33:49.284Z</time></trkpt><trkpt lat="42.865588" lon="-7.789802"><ele>615.219</ele><time>2024-08-14T09:33:56.284Z</time></trkpt><trkpt lat="42.865578" lon="-7.789867"><ele>615.009</ele><time>2024-08-14T09:33:59.284Z</time></trkpt><trkpt lat="42.865565" lon="-7.789934"><ele>614.432</ele><time>2024-08-14T09:34:03.284Z</time></trkpt><trkpt lat="42.865565" lon="-7.790006"><ele>614.259</ele><time>2024-08-14T09:34:07.284Z</time></trkpt><trkpt lat="42.865570" lon="-7.790083"><ele>614.211</ele><time>2024-08-14T09:34:11.284Z</time></trkpt><trkpt lat="42.865573" lon="-7.790148"><ele>614.680</ele><time>2024-08-14T09:34:15.284Z</time></trkpt><trkpt lat="42.865601" lon="-7.790278"><ele>615.018</ele><time>2024-08-14T09:34:26.284Z</time></trkpt><trkpt lat="42.865604" lon="-7.790361"><ele>615.015</ele><time>2024-08-14T09:34:29.284Z</time></trkpt><trkpt lat="42.865614" lon="-7.790426"><ele>615.060</ele><time>2024-08-14T09:34:32.284Z</time></trkpt><trkpt lat="42.865624" lon="-7.790496"><ele>615.039</ele><time>2024-08-14T09:34:35.284Z</time></trkpt><trkpt lat="42.865644" lon="-7.790568"><ele>612.450</ele><time>2024-08-14T09:34:38.284Z</time></trkpt><trkpt lat="42.865686" lon="-7.790640"><ele>611.944</ele><time>2024-08-14T09:34:45.284Z</time></trkpt><trkpt lat="42.865659" lon="-7.790717"><ele>609.005</ele><time>2024-08-14T09:34:54.284Z</time></trkpt><trkpt lat="42.865624" lon="-7.790757"><ele>608.815</ele><time>2024-08-14T09:34:57.284Z</time></trkpt><trkpt lat="42.865674" lon="-7.790785"><ele>612.609</ele><time>2024-08-14T09:35:56.284Z</time></trkpt><trkpt lat="42.865739" lon="-7.790923"><ele>615.975</ele><time>2024-08-14T09:36:08.284Z</time></trkpt><trkpt lat="42.865739" lon="-7.790991"><ele>615.412</ele><time>2024-08-14T09:36:23.284Z</time></trkpt><trkpt lat="42.865817" lon="-7.791133"><ele>615.264</ele><time>2024-08-14T09:36:32.284Z</time></trkpt><trkpt lat="42.865857" lon="-7.791193"><ele>611.523</ele><time>2024-08-14T09:36:35.284Z</time></trkpt><trkpt lat="42.865887" lon="-7.791263"><ele>609.891</ele><time>2024-08-14T09:36:38.284Z</time></trkpt><trkpt lat="42.865910" lon="-7.791348"><ele>609.858</ele><time>2024-08-14T09:36:42.284Z</time></trkpt><trkpt lat="42.865970" lon="-7.791433"><ele>610.853</ele><time>2024-08-14T09:36:55.284Z</time></trkpt><trkpt lat="42.865995" lon="-7.791485"><ele>610.862</ele><time>2024-08-14T09:37:00.284Z</time></trkpt><trkpt lat="42.866005" lon="-7.791555"><ele>610.813</ele><time>2024-08-14T09:37:03.284Z</time></trkpt><trkpt lat="42.866012" lon="-7.791638"><ele>610.861</ele><time>2024-08-14T09:37:07.284Z</time></trkpt><trkpt lat="42.866004" lon="-7.791713"><ele>610.821</ele><time>2024-08-14T09:37:10.284Z</time></trkpt><trkpt lat="42.866041" lon="-7.791755"><ele>610.113</ele><time>2024-08-14T09:37:13.284Z</time></trkpt><trkpt lat="42.866069" lon="-7.791837"><ele>610.709</ele><time>2024-08-14T09:37:22.284Z</time></trkpt><trkpt lat="42.866071" lon="-7.791900"><ele>610.797</ele><time>2024-08-14T09:37:26.284Z</time></trkpt><trkpt lat="42.866029" lon="-7.792080"><ele>609.354</ele><time>2024-08-14T09:37:42.284Z</time></trkpt><trkpt lat="42.866027" lon="-7.792168"><ele>608.936</ele><time>2024-08-14T09:37:44.284Z</time></trkpt><trkpt lat="42.866025" lon="-7.792261"><ele>608.295</ele><time>2024-08-14T09:37:46.284Z</time></trkpt><trkpt lat="42.866047" lon="-7.792336"><ele>608.133</ele><time>2024-08-14T09:37:48.284Z</time></trkpt><trkpt lat="42.866090" lon="-7.792466"><ele>609.140</ele><time>2024-08-14T09:37:59.284Z</time></trkpt><trkpt lat="42.866045" lon="-7.792569"><ele>608.875</ele><time>2024-08-14T09:38:07.284Z</time></trkpt><trkpt lat="42.866053" lon="-7.792652"><ele>608.754</ele><time>2024-08-14T09:38:09.284Z</time></trkpt><trkpt lat="42.866075" lon="-7.792762"><ele>605.725</ele><time>2024-08-14T09:38:11.284Z</time></trkpt><trkpt lat="42.866080" lon="-7.792847"><ele>605.756</ele><time>2024-08-14T09:38:13.284Z</time></trkpt><trkpt lat="42.866070" lon="-7.792917"><ele>607.059</ele><time>2024-08-14T09:38:15.284Z</time></trkpt><trkpt lat="42.866065" lon="-7.792985"><ele>607.614</ele><time>2024-08-14T09:38:18.284Z</time></trkpt><trkpt lat="42.866147" lon="-7.793093"><ele>615.609</ele><time>2024-08-14T09:38:29.284Z</time></trkpt><trkpt lat="42.866175" lon="-7.793175"><ele>615.616</ele><time>2024-08-14T09:38:36.284Z</time></trkpt><trkpt lat="42.866177" lon="-7.793253"><ele>609.183</ele><time>2024-08-14T09:38:38.284Z</time></trkpt><trkpt lat="42.866174" lon="-7.793323"><ele>609.245</ele><time>2024-08-14T09:38:40.284Z</time></trkpt><trkpt lat="42.866179" lon="-7.793398"><ele>611.134</ele><time>2024-08-14T09:38:43.284Z</time></trkpt><trkpt lat="42.866214" lon="-7.793465"><ele>611.962</ele><time>2024-08-14T09:38:47.284Z</time></trkpt><trkpt lat="42.866239" lon="-7.793543"><ele>612.369</ele><time>2024-08-14T09:38:51.284Z</time></trkpt><trkpt lat="42.866254" lon="-7.793620"><ele>612.454</ele><time>2024-08-14T09:38:53.284Z</time></trkpt><trkpt lat="42.866284" lon="-7.793673"><ele>614.373</ele><time>2024-08-14T09:38:59.284Z</time></trkpt><trkpt lat="42.866296" lon="-7.793738"><ele>615.184</ele><time>2024-08-14T09:39:03.284Z</time></trkpt><trkpt lat="42.866278" lon="-7.793796"><ele>616.033</ele><time>2024-08-14T09:39:07.284Z</time></trkpt><trkpt lat="42.866335" lon="-7.793808"><ele>616.123</ele><time>2024-08-14T09:39:11.284Z</time></trkpt><trkpt lat="42.866373" lon="-7.793871"><ele>614.415</ele><time>2024-08-14T09:39:28.284Z</time></trkpt><trkpt lat="42.866471" lon="-7.794056"><ele>614.409</ele><time>2024-08-14T09:39:45.284Z</time></trkpt><trkpt lat="42.866524" lon="-7.794071"><ele>614.084</ele><time>2024-08-14T09:39:49.284Z</time></trkpt><trkpt lat="42.866541" lon="-7.794136"><ele>613.531</ele><time>2024-08-14T09:39:52.284Z</time></trkpt><trkpt lat="42.866554" lon="-7.794198"><ele>613.523</ele><time>2024-08-14T09:39:54.284Z</time></trkpt><trkpt lat="42.866571" lon="-7.794270"><ele>611.822</ele><time>2024-08-14T09:39:56.284Z</time></trkpt><trkpt lat="42.866586" lon="-7.794333"><ele>611.950</ele><time>2024-08-14T09:39:58.284Z</time></trkpt><trkpt lat="42.866594" lon="-7.794418"><ele>611.997</ele><time>2024-08-14T09:40:00.284Z</time></trkpt><trkpt lat="42.866616" lon="-7.794475"><ele>612.652</ele><time>2024-08-14T09:40:02.284Z</time></trkpt><trkpt lat="42.866664" lon="-7.794483"><ele>614.271</ele><time>2024-08-14T09:40:06.284Z</time></trkpt><trkpt lat="42.866696" lon="-7.794550"><ele>614.852</ele><time>2024-08-14T09:40:09.284Z</time></trkpt><trkpt lat="42.866686" lon="-7.794640"><ele>615.599</ele><time>2024-08-14T09:40:13.284Z</time></trkpt><trkpt lat="42.866688" lon="-7.794702"><ele>615.907</ele><time>2024-08-14T09:40:16.284Z</time></trkpt><trkpt lat="42.866685" lon="-7.794777"><ele>616.827</ele><time>2024-08-14T09:40:19.284Z</time></trkpt><trkpt lat="42.866720" lon="-7.794830"><ele>619.909</ele><time>2024-08-14T09:40:22.284Z</time></trkpt><trkpt lat="42.866768" lon="-7.794873"><ele>622.150</ele><time>2024-08-14T09:40:25.284Z</time></trkpt><trkpt lat="42.866811" lon="-7.794920"><ele>623.727</ele><time>2024-08-14T09:40:28.284Z</time></trkpt><trkpt lat="42.866853" lon="-7.794958"><ele>625.669</ele><time>2024-08-14T09:40:32.284Z</time></trkpt><trkpt lat="42.866901" lon="-7.794998"><ele>627.298</ele><time>2024-08-14T09:40:36.284Z</time></trkpt><trkpt lat="42.866941" lon="-7.795043"><ele>627.756</ele><time>2024-08-14T09:40:39.284Z</time></trkpt><trkpt lat="42.866978" lon="-7.795085"><ele>627.833</ele><time>2024-08-14T09:40:45.284Z</time></trkpt><trkpt lat="42.866995" lon="-7.795147"><ele>627.878</ele><time>2024-08-14T09:40:49.284Z</time></trkpt><trkpt lat="42.867010" lon="-7.795210"><ele>625.787</ele><time>2024-08-14T09:40:54.284Z</time></trkpt><trkpt lat="42.867057" lon="-7.795262"><ele>620.878</ele><time>2024-08-14T09:40:57.284Z</time></trkpt><trkpt lat="42.867090" lon="-7.795309"><ele>616.631</ele><time>2024-08-14T09:41:01.284Z</time></trkpt><trkpt lat="42.867128" lon="-7.795357"><ele>613.861</ele><time>2024-08-14T09:41:04.284Z</time></trkpt><trkpt lat="42.867175" lon="-7.795405"><ele>611.707</ele><time>2024-08-14T09:41:09.284Z</time></trkpt><trkpt lat="42.867195" lon="-7.795467"><ele>611.309</ele><time>2024-08-14T09:41:12.284Z</time></trkpt><trkpt lat="42.867258" lon="-7.795514"><ele>610.964</ele><time>2024-08-14T09:41:22.284Z</time></trkpt><trkpt lat="42.867265" lon="-7.795581"><ele>610.831</ele><time>2024-08-14T09:41:24.284Z</time></trkpt><trkpt lat="42.867283" lon="-7.795641"><ele>609.733</ele><time>2024-08-14T09:41:28.284Z</time></trkpt><trkpt lat="42.867343" lon="-7.795623"><ele>609.642</ele><time>2024-08-14T09:41:31.284Z</time></trkpt><trkpt lat="42.867361" lon="-7.795710"><ele>609.450</ele><time>2024-08-14T09:41:36.284Z</time></trkpt><trkpt lat="42.867379" lon="-7.795780"><ele>608.797</ele><time>2024-08-14T09:41:39.284Z</time></trkpt><trkpt lat="42.867392" lon="-7.795848"><ele>607.832</ele><time>2024-08-14T09:41:41.284Z</time></trkpt><trkpt lat="42.867427" lon="-7.795910"><ele>607.861</ele><time>2024-08-14T09:41:45.284Z</time></trkpt><trkpt lat="42.867457" lon="-7.795975"><ele>607.882</ele><time>2024-08-14T09:41:48.284Z</time></trkpt><trkpt lat="42.867474" lon="-7.796040"><ele>608.916</ele><time>2024-08-14T09:41:51.284Z</time></trkpt><trkpt lat="42.867512" lon="-7.796075"><ele>611.976</ele><time>2024-08-14T09:41:56.284Z</time></trkpt><trkpt lat="42.867507" lon="-7.796167"><ele>613.113</ele><time>2024-08-14T09:42:01.284Z</time></trkpt><trkpt lat="42.867512" lon="-7.796245"><ele>613.309</ele><time>2024-08-14T09:42:04.284Z</time></trkpt><trkpt lat="42.867530" lon="-7.796312"><ele>614.242</ele><time>2024-08-14T09:42:06.284Z</time></trkpt><trkpt lat="42.867573" lon="-7.796369"><ele>614.989</ele><time>2024-08-14T09:42:09.284Z</time></trkpt><trkpt lat="42.867591" lon="-7.796427"><ele>618.911</ele><time>2024-08-14T09:42:13.284Z</time></trkpt><trkpt lat="42.867696" lon="-7.796565"><ele>622.970</ele><time>2024-08-14T09:42:27.284Z</time></trkpt><trkpt lat="42.867731" lon="-7.796613"><ele>623.888</ele><time>2024-08-14T09:42:30.284Z</time></trkpt><trkpt lat="42.867773" lon="-7.796640"><ele>623.915</ele><time>2024-08-14T09:42:34.284Z</time></trkpt><trkpt lat="42.867806" lon="-7.796698"><ele>623.980</ele><time>2024-08-14T09:42:40.284Z</time></trkpt><trkpt lat="42.867846" lon="-7.796743"><ele>625.829</ele><time>2024-08-14T09:42:45.284Z</time></trkpt><trkpt lat="42.867874" lon="-7.796815"><ele>625.810</ele><time>2024-08-14T09:42:49.284Z</time></trkpt><trkpt lat="42.867906" lon="-7.796863"><ele>625.863</ele><time>2024-08-14T09:42:52.284Z</time></trkpt><trkpt lat="42.867954" lon="-7.796891"><ele>625.844</ele><time>2024-08-14T09:42:57.284Z</time></trkpt><trkpt lat="42.867971" lon="-7.796958"><ele>626.218</ele><time>2024-08-14T09:43:01.284Z</time></trkpt><trkpt lat="42.868029" lon="-7.797033"><ele>627.509</ele><time>2024-08-14T09:43:07.284Z</time></trkpt><trkpt lat="42.868047" lon="-7.797091"><ele>627.717</ele><time>2024-08-14T09:43:10.284Z</time></trkpt><trkpt lat="42.868072" lon="-7.797149"><ele>628.044</ele><time>2024-08-14T09:43:14.284Z</time></trkpt><trkpt lat="42.868085" lon="-7.797209"><ele>628.736</ele><time>2024-08-14T09:43:17.284Z</time></trkpt><trkpt lat="42.868097" lon="-7.797272"><ele>628.765</ele><time>2024-08-14T09:43:20.284Z</time></trkpt><trkpt lat="42.868124" lon="-7.797324"><ele>628.723</ele><time>2024-08-14T09:43:23.284Z</time></trkpt><trkpt lat="42.868162" lon="-7.797361"><ele>628.780</ele><time>2024-08-14T09:43:27.284Z</time></trkpt><trkpt lat="42.868197" lon="-7.797416"><ele>629.075</ele><time>2024-08-14T09:43:32.284Z</time></trkpt><trkpt lat="42.868222" lon="-7.797479"><ele>629.124</ele><time>2024-08-14T09:43:36.284Z</time></trkpt><trkpt lat="42.868252" lon="-7.797539"><ele>630.935</ele><time>2024-08-14T09:43:40.284Z</time></trkpt><trkpt lat="42.868279" lon="-7.797612"><ele>631.223</ele><time>2024-08-14T09:43:44.284Z</time></trkpt><trkpt lat="42.868314" lon="-7.797697"><ele>631.683</ele><time>2024-08-14T09:43:49.284Z</time></trkpt><trkpt lat="42.868344" lon="-7.797767"><ele>631.611</ele><time>2024-08-14T09:43:55.284Z</time></trkpt><trkpt lat="42.868391" lon="-7.797792"><ele>631.409</ele><time>2024-08-14T09:43:59.284Z</time></trkpt><trkpt lat="42.868441" lon="-7.797825"><ele>630.463</ele><time>2024-08-14T09:44:03.284Z</time></trkpt><trkpt lat="42.868484" lon="-7.797862"><ele>628.920</ele><time>2024-08-14T09:44:07.284Z</time></trkpt><trkpt lat="42.868519" lon="-7.797902"><ele>627.382</ele><time>2024-08-14T09:44:10.284Z</time></trkpt><trkpt lat="42.868556" lon="-7.797940"><ele>627.381</ele><time>2024-08-14T09:44:14.284Z</time></trkpt><trkpt lat="42.868594" lon="-7.797990"><ele>627.339</ele><time>2024-08-14T09:44:18.284Z</time></trkpt><trkpt lat="42.868636" lon="-7.798043"><ele>627.966</ele><time>2024-08-14T09:44:23.284Z</time></trkpt><trkpt lat="42.868678" lon="-7.798105"><ele>628.791</ele><time>2024-08-14T09:44:27.284Z</time></trkpt><trkpt lat="42.868716" lon="-7.798162"><ele>628.850</ele><time>2024-08-14T09:44:31.284Z</time></trkpt><trkpt lat="42.868753" lon="-7.798217"><ele>629.581</ele><time>2024-08-14T09:44:35.284Z</time></trkpt><trkpt lat="42.868796" lon="-7.798262"><ele>631.457</ele><time>2024-08-14T09:44:39.284Z</time></trkpt><trkpt lat="42.868864" lon="-7.798314"><ele>631.500</ele><time>2024-08-14T09:44:45.284Z</time></trkpt><trkpt lat="42.868907" lon="-7.798354"><ele>631.520</ele><time>2024-08-14T09:44:49.284Z</time></trkpt><trkpt lat="42.868935" lon="-7.798402"><ele>631.109</ele><time>2024-08-14T09:44:53.284Z</time></trkpt><trkpt lat="42.868960" lon="-7.798457"><ele>631.066</ele><time>2024-08-14T09:44:56.284Z</time></trkpt><trkpt lat="42.868998" lon="-7.798524"><ele>630.893</ele><time>2024-08-14T09:45:01.284Z</time></trkpt><trkpt lat="42.869038" lon="-7.798584"><ele>630.835</ele><time>2024-08-14T09:45:05.284Z</time></trkpt><trkpt lat="42.869066" lon="-7.798634"><ele>630.874</ele><time>2024-08-14T09:45:08.284Z</time></trkpt><trkpt lat="42.869109" lon="-7.798664"><ele>630.682</ele><time>2024-08-14T09:45:12.284Z</time></trkpt><trkpt lat="42.869157" lon="-7.798679"><ele>630.799</ele><time>2024-08-14T09:45:16.284Z</time></trkpt><trkpt lat="42.869197" lon="-7.798722"><ele>630.874</ele><time>2024-08-14T09:45:20.284Z</time></trkpt><trkpt lat="42.869230" lon="-7.798774"><ele>631.633</ele><time>2024-08-14T09:45:24.284Z</time></trkpt><trkpt lat="42.869268" lon="-7.798829"><ele>631.674</ele><time>2024-08-14T09:45:28.284Z</time></trkpt><trkpt lat="42.869306" lon="-7.798876"><ele>631.666</ele><time>2024-08-14T09:45:32.284Z</time></trkpt><trkpt lat="42.869353" lon="-7.798916"><ele>631.429</ele><time>2024-08-14T09:45:36.284Z</time></trkpt><trkpt lat="42.869388" lon="-7.798959"><ele>631.321</ele><time>2024-08-14T09:45:39.284Z</time></trkpt><trkpt lat="42.869425" lon="-7.799012"><ele>631.309</ele><time>2024-08-14T09:45:43.284Z</time></trkpt><trkpt lat="42.869453" lon="-7.799064"><ele>631.267</ele><time>2024-08-14T09:45:46.284Z</time></trkpt><trkpt lat="42.869488" lon="-7.799112"><ele>631.214</ele><time>2024-08-14T09:45:51.284Z</time></trkpt><trkpt lat="42.869521" lon="-7.799165"><ele>630.876</ele><time>2024-08-14T09:45:55.284Z</time></trkpt><trkpt lat="42.869569" lon="-7.799205"><ele>629.855</ele><time>2024-08-14T09:46:00.284Z</time></trkpt><trkpt lat="42.869607" lon="-7.799240"><ele>628.143</ele><time>2024-08-14T09:46:04.284Z</time></trkpt><trkpt lat="42.869647" lon="-7.799280"><ele>627.650</ele><time>2024-08-14T09:46:08.284Z</time></trkpt><trkpt lat="42.869680" lon="-7.799325"><ele>627.455</ele><time>2024-08-14T09:46:13.284Z</time></trkpt><trkpt lat="42.869722" lon="-7.799382"><ele>627.374</ele><time>2024-08-14T09:46:17.284Z</time></trkpt><trkpt lat="42.869757" lon="-7.799435"><ele>627.315</ele><time>2024-08-14T09:46:21.284Z</time></trkpt><trkpt lat="42.869795" lon="-7.799483"><ele>627.429</ele><time>2024-08-14T09:46:25.284Z</time></trkpt><trkpt lat="42.869848" lon="-7.799520"><ele>627.600</ele><time>2024-08-14T09:46:31.284Z</time></trkpt><trkpt lat="42.869890" lon="-7.799565"><ele>627.620</ele><time>2024-08-14T09:46:35.284Z</time></trkpt><trkpt lat="42.869925" lon="-7.799622"><ele>627.509</ele><time>2024-08-14T09:46:40.284Z</time></trkpt><trkpt lat="42.869955" lon="-7.799684"><ele>627.293</ele><time>2024-08-14T09:46:44.284Z</time></trkpt><trkpt lat="42.869987" lon="-7.799734"><ele>626.630</ele><time>2024-08-14T09:46:48.284Z</time></trkpt><trkpt lat="42.870027" lon="-7.799776"><ele>626.052</ele><time>2024-08-14T09:46:52.284Z</time></trkpt><trkpt lat="42.870064" lon="-7.799818"><ele>625.131</ele><time>2024-08-14T09:46:56.284Z</time></trkpt><trkpt lat="42.870094" lon="-7.799870"><ele>624.929</ele><time>2024-08-14T09:47:00.284Z</time></trkpt><trkpt lat="42.870137" lon="-7.799922"><ele>624.856</ele><time>2024-08-14T09:47:04.284Z</time></trkpt><trkpt lat="42.870174" lon="-7.799974"><ele>624.841</ele><time>2024-08-14T09:47:08.284Z</time></trkpt><trkpt lat="42.870209" lon="-7.800019"><ele>623.470</ele><time>2024-08-14T09:47:12.284Z</time></trkpt><trkpt lat="42.870236" lon="-7.800069"><ele>623.121</ele><time>2024-08-14T09:47:15.284Z</time></trkpt><trkpt lat="42.870273" lon="-7.800109"><ele>622.544</ele><time>2024-08-14T09:47:19.284Z</time></trkpt><trkpt lat="42.870306" lon="-7.800161"><ele>622.005</ele><time>2024-08-14T09:47:22.284Z</time></trkpt><trkpt lat="42.870353" lon="-7.800198"><ele>622.015</ele><time>2024-08-14T09:47:26.284Z</time></trkpt><trkpt lat="42.870393" lon="-7.800248"><ele>622.009</ele><time>2024-08-14T09:47:31.284Z</time></trkpt><trkpt lat="42.870436" lon="-7.800293"><ele>621.935</ele><time>2024-08-14T09:47:36.284Z</time></trkpt><trkpt lat="42.870471" lon="-7.800353"><ele>621.672</ele><time>2024-08-14T09:47:40.284Z</time></trkpt><trkpt lat="42.870508" lon="-7.800395"><ele>621.584</ele><time>2024-08-14T09:47:43.284Z</time></trkpt><trkpt lat="42.870548" lon="-7.800423"><ele>621.583</ele><time>2024-08-14T09:47:46.284Z</time></trkpt><trkpt lat="42.870585" lon="-7.800466"><ele>621.521</ele><time>2024-08-14T09:47:50.284Z</time></trkpt><trkpt lat="42.870627" lon="-7.800523"><ele>621.778</ele><time>2024-08-14T09:47:54.284Z</time></trkpt><trkpt lat="42.870659" lon="-7.800575"><ele>622.993</ele><time>2024-08-14T09:47:58.284Z</time></trkpt><trkpt lat="42.870697" lon="-7.800610"><ele>623.192</ele><time>2024-08-14T09:48:02.284Z</time></trkpt><trkpt lat="42.870734" lon="-7.800653"><ele>623.283</ele><time>2024-08-14T09:48:06.284Z</time></trkpt><trkpt lat="42.870771" lon="-7.800696"><ele>623.226</ele><time>2024-08-14T09:48:10.284Z</time></trkpt><trkpt lat="42.870806" lon="-7.800759"><ele>623.247</ele><time>2024-08-14T09:48:14.284Z</time></trkpt><trkpt lat="42.870839" lon="-7.800817"><ele>623.111</ele><time>2024-08-14T09:48:18.284Z</time></trkpt><trkpt lat="42.870879" lon="-7.800859"><ele>623.109</ele><time>2024-08-14T09:48:22.284Z</time></trkpt><trkpt lat="42.870914" lon="-7.800899"><ele>623.143</ele><time>2024-08-14T09:48:26.284Z</time></trkpt><trkpt lat="42.870949" lon="-7.800946"><ele>623.130</ele><time>2024-08-14T09:48:30.284Z</time></trkpt><trkpt lat="42.870984" lon="-7.800991"><ele>623.292</ele><time>2024-08-14T09:48:34.284Z</time></trkpt><trkpt lat="42.871031" lon="-7.801033"><ele>623.331</ele><time>2024-08-14T09:48:40.284Z</time></trkpt><trkpt lat="42.871064" lon="-7.801090"><ele>623.399</ele><time>2024-08-14T09:48:44.284Z</time></trkpt><trkpt lat="42.871091" lon="-7.801152"><ele>619.726</ele><time>2024-08-14T09:49:16.284Z</time></trkpt><trkpt lat="42.871121" lon="-7.801212"><ele>619.731</ele><time>2024-08-14T09:49:20.284Z</time></trkpt><trkpt lat="42.871164" lon="-7.801247"><ele>619.780</ele><time>2024-08-14T09:49:24.284Z</time></trkpt><trkpt lat="42.871189" lon="-7.801307"><ele>619.731</ele><time>2024-08-14T09:49:27.284Z</time></trkpt><trkpt lat="42.871219" lon="-7.801395"><ele>619.748</ele><time>2024-08-14T09:49:30.284Z</time></trkpt><trkpt lat="42.871242" lon="-7.801452"><ele>623.461</ele><time>2024-08-14T09:49:32.284Z</time></trkpt><trkpt lat="42.871270" lon="-7.801500"><ele>623.217</ele><time>2024-08-14T09:49:40.284Z</time></trkpt><trkpt lat="42.871302" lon="-7.801562"><ele>621.409</ele><time>2024-08-14T09:49:46.284Z</time></trkpt><trkpt lat="42.871337" lon="-7.801617"><ele>621.195</ele><time>2024-08-14T09:49:50.284Z</time></trkpt><trkpt lat="42.871347" lon="-7.801677"><ele>620.742</ele><time>2024-08-14T09:49:53.284Z</time></trkpt><trkpt lat="42.871335" lon="-7.801747"><ele>620.364</ele><time>2024-08-14T09:49:56.284Z</time></trkpt><trkpt lat="42.871338" lon="-7.801854"><ele>619.463</ele><time>2024-08-14T09:50:04.284Z</time></trkpt><trkpt lat="42.871366" lon="-7.801906"><ele>619.451</ele><time>2024-08-14T09:50:08.284Z</time></trkpt><trkpt lat="42.871411" lon="-7.801951"><ele>619.138</ele><time>2024-08-14T09:50:12.284Z</time></trkpt><trkpt lat="42.871428" lon="-7.802014"><ele>619.063</ele><time>2024-08-14T09:50:16.284Z</time></trkpt><trkpt lat="42.871433" lon="-7.802087"><ele>618.922</ele><time>2024-08-14T09:50:21.284Z</time></trkpt><trkpt lat="42.871433" lon="-7.802152"><ele>617.623</ele><time>2024-08-14T09:50:24.284Z</time></trkpt><trkpt lat="42.871461" lon="-7.802207"><ele>617.749</ele><time>2024-08-14T09:50:28.284Z</time></trkpt><trkpt lat="42.871478" lon="-7.802287"><ele>617.502</ele><time>2024-08-14T09:50:32.284Z</time></trkpt><trkpt lat="42.871483" lon="-7.802367"><ele>617.622</ele><time>2024-08-14T09:50:36.284Z</time></trkpt><trkpt lat="42.871523" lon="-7.802437"><ele>617.809</ele><time>2024-08-14T09:50:41.284Z</time></trkpt><trkpt lat="42.871563" lon="-7.802477"><ele>617.915</ele><time>2024-08-14T09:50:44.284Z</time></trkpt><trkpt lat="42.871560" lon="-7.802557"><ele>617.882</ele><time>2024-08-14T09:50:49.284Z</time></trkpt><trkpt lat="42.871540" lon="-7.802632"><ele>617.254</ele><time>2024-08-14T09:50:54.284Z</time></trkpt><trkpt lat="42.871678" lon="-7.802747"><ele>613.193</ele><time>2024-08-14T09:51:05.284Z</time></trkpt><trkpt lat="42.871700" lon="-7.802857"><ele>612.811</ele><time>2024-08-14T09:51:11.284Z</time></trkpt><trkpt lat="42.871730" lon="-7.802905"><ele>606.068</ele><time>2024-08-14T09:51:20.284Z</time></trkpt><trkpt lat="42.871755" lon="-7.802973"><ele>602.113</ele><time>2024-08-14T09:51:24.284Z</time></trkpt><trkpt lat="42.871770" lon="-7.803038"><ele>602.192</ele><time>2024-08-14T09:51:26.284Z</time></trkpt><trkpt lat="42.871778" lon="-7.803105"><ele>602.153</ele><time>2024-08-14T09:51:29.284Z</time></trkpt><trkpt lat="42.871778" lon="-7.803168"><ele>601.061</ele><time>2024-08-14T09:51:31.284Z</time></trkpt><trkpt lat="42.871776" lon="-7.803248"><ele>599.721</ele><time>2024-08-14T09:51:34.284Z</time></trkpt><trkpt lat="42.871814" lon="-7.803286"><ele>600.613</ele><time>2024-08-14T09:51:37.284Z</time></trkpt><trkpt lat="42.871871" lon="-7.803269"><ele>600.709</ele><time>2024-08-14T09:51:39.284Z</time></trkpt><trkpt lat="42.871929" lon="-7.803231"><ele>601.037</ele><time>2024-08-14T09:51:43.284Z</time></trkpt><trkpt lat="42.871924" lon="-7.803313"><ele>600.664</ele><time>2024-08-14T09:51:50.284Z</time></trkpt><trkpt lat="42.871942" lon="-7.803391"><ele>600.296</ele><time>2024-08-14T09:51:53.284Z</time></trkpt><trkpt lat="42.871965" lon="-7.803458"><ele>597.935</ele><time>2024-08-14T09:51:57.284Z</time></trkpt><trkpt lat="42.871993" lon="-7.803693"><ele>594.253</ele><time>2024-08-14T09:52:11.284Z</time></trkpt><trkpt lat="42.872038" lon="-7.803750"><ele>594.290</ele><time>2024-08-14T09:52:13.284Z</time></trkpt><trkpt lat="42.872073" lon="-7.803837"><ele>594.285</ele><time>2024-08-14T09:52:19.284Z</time></trkpt><trkpt lat="42.872101" lon="-7.803987"><ele>593.894</ele><time>2024-08-14T09:52:29.284Z</time></trkpt><trkpt lat="42.872149" lon="-7.804015"><ele>593.685</ele><time>2024-08-14T09:52:32.284Z</time></trkpt><trkpt lat="42.872199" lon="-7.804052"><ele>593.124</ele><time>2024-08-14T09:52:35.284Z</time></trkpt><trkpt lat="42.872214" lon="-7.804154"><ele>589.404</ele><time>2024-08-14T09:52:43.284Z</time></trkpt><trkpt lat="42.872272" lon="-7.804172"><ele>588.214</ele><time>2024-08-14T09:52:47.284Z</time></trkpt><trkpt lat="42.872320" lon="-7.804182"><ele>586.909</ele><time>2024-08-14T09:52:50.284Z</time></trkpt><trkpt lat="42.872365" lon="-7.804214"><ele>586.743</ele><time>2024-08-14T09:52:53.284Z</time></trkpt><trkpt lat="42.872482" lon="-7.804276"><ele>586.540</ele><time>2024-08-14T09:53:00.284Z</time></trkpt><trkpt lat="42.872547" lon="-7.804308"><ele>586.752</ele><time>2024-08-14T09:53:02.284Z</time></trkpt><trkpt lat="42.872569" lon="-7.804368"><ele>587.551</ele><time>2024-08-14T09:53:07.284Z</time></trkpt><trkpt lat="42.872562" lon="-7.804436"><ele>588.519</ele><time>2024-08-14T09:53:10.284Z</time></trkpt><trkpt lat="42.872554" lon="-7.804508"><ele>589.976</ele><time>2024-08-14T09:53:13.284Z</time></trkpt><trkpt lat="42.872551" lon="-7.804578"><ele>590.281</ele><time>2024-08-14T09:53:16.284Z</time></trkpt><trkpt lat="42.872616" lon="-7.804548"><ele>590.280</ele><time>2024-08-14T09:53:19.284Z</time></trkpt><trkpt lat="42.872669" lon="-7.804528"><ele>589.811</ele><time>2024-08-14T09:53:21.284Z</time></trkpt><trkpt lat="42.872734" lon="-7.804496"><ele>588.549</ele><time>2024-08-14T09:53:24.284Z</time></trkpt><trkpt lat="42.872807" lon="-7.804541"><ele>583.902</ele><time>2024-08-14T09:53:31.284Z</time></trkpt><trkpt lat="42.872852" lon="-7.804584"><ele>583.622</ele><time>2024-08-14T09:53:34.284Z</time></trkpt><trkpt lat="42.872872" lon="-7.804651"><ele>582.009</ele><time>2024-08-14T09:53:39.284Z</time></trkpt><trkpt lat="42.872929" lon="-7.804656"><ele>581.485</ele><time>2024-08-14T09:53:42.284Z</time></trkpt><trkpt lat="42.872984" lon="-7.804648"><ele>581.352</ele><time>2024-08-14T09:53:44.284Z</time></trkpt><trkpt lat="42.873039" lon="-7.804656"><ele>581.684</ele><time>2024-08-14T09:53:46.284Z</time></trkpt><trkpt lat="42.873081" lon="-7.804679"><ele>581.453</ele><time>2024-08-14T09:53:48.284Z</time></trkpt><trkpt lat="42.873111" lon="-7.804739"><ele>583.111</ele><time>2024-08-14T09:53:51.284Z</time></trkpt><trkpt lat="42.873084" lon="-7.804817"><ele>584.798</ele><time>2024-08-14T09:53:53.284Z</time></trkpt><trkpt lat="42.873074" lon="-7.804884"><ele>584.983</ele><time>2024-08-14T09:53:56.284Z</time></trkpt><trkpt lat="42.873106" lon="-7.804931"><ele>584.972</ele><time>2024-08-14T09:54:00.284Z</time></trkpt><trkpt lat="42.873141" lon="-7.804971"><ele>584.813</ele><time>2024-08-14T09:54:03.284Z</time></trkpt><trkpt lat="42.873179" lon="-7.805031"><ele>583.143</ele><time>2024-08-14T09:54:08.284Z</time></trkpt><trkpt lat="42.873226" lon="-7.805073"><ele>582.264</ele><time>2024-08-14T09:54:12.284Z</time></trkpt><trkpt lat="42.873301" lon="-7.805115"><ele>580.310</ele><time>2024-08-14T09:54:21.284Z</time></trkpt><trkpt lat="42.873351" lon="-7.805153"><ele>579.909</ele><time>2024-08-14T09:54:24.284Z</time></trkpt><trkpt lat="42.873399" lon="-7.805171"><ele>578.415</ele><time>2024-08-14T09:54:26.284Z</time></trkpt><trkpt lat="42.873459" lon="-7.805183"><ele>577.892</ele><time>2024-08-14T09:54:28.284Z</time></trkpt><trkpt lat="42.873509" lon="-7.805228"><ele>577.614</ele><time>2024-08-14T09:54:31.284Z</time></trkpt><trkpt lat="42.873552" lon="-7.805261"><ele>577.823</ele><time>2024-08-14T09:54:34.284Z</time></trkpt><trkpt lat="42.873597" lon="-7.805283"><ele>580.611</ele><time>2024-08-14T09:54:39.284Z</time></trkpt><trkpt lat="42.873655" lon="-7.805281"><ele>582.268</ele><time>2024-08-14T09:54:41.284Z</time></trkpt><trkpt lat="42.873653" lon="-7.805361"><ele>584.523</ele><time>2024-08-14T09:54:45.284Z</time></trkpt><trkpt lat="42.873641" lon="-7.805434"><ele>586.792</ele><time>2024-08-14T09:54:49.284Z</time></trkpt><trkpt lat="42.873664" lon="-7.805491"><ele>589.443</ele><time>2024-08-14T09:54:53.284Z</time></trkpt><trkpt lat="42.873667" lon="-7.805558"><ele>590.052</ele><time>2024-08-14T09:54:58.284Z</time></trkpt><trkpt lat="42.873702" lon="-7.805603"><ele>590.253</ele><time>2024-08-14T09:55:01.284Z</time></trkpt><trkpt lat="42.873739" lon="-7.805646"><ele>590.208</ele><time>2024-08-14T09:55:03.284Z</time></trkpt><trkpt lat="42.873769" lon="-7.805699"><ele>590.209</ele><time>2024-08-14T09:55:05.284Z</time></trkpt><trkpt lat="42.873806" lon="-7.805759"><ele>590.156</ele><time>2024-08-14T09:55:09.284Z</time></trkpt><trkpt lat="42.873771" lon="-7.805939"><ele>589.773</ele><time>2024-08-14T09:55:21.284Z</time></trkpt><trkpt lat="42.873761" lon="-7.806036"><ele>589.725</ele><time>2024-08-14T09:55:23.284Z</time></trkpt><trkpt lat="42.873764" lon="-7.806138"><ele>589.614</ele><time>2024-08-14T09:55:27.284Z</time></trkpt><trkpt lat="42.873777" lon="-7.806221"><ele>588.272</ele><time>2024-08-14T09:55:30.284Z</time></trkpt><trkpt lat="42.873775" lon="-7.806294"><ele>588.899</ele><time>2024-08-14T09:55:33.284Z</time></trkpt><trkpt lat="42.873767" lon="-7.806369"><ele>590.024</ele><time>2024-08-14T09:55:38.284Z</time></trkpt><trkpt lat="42.873775" lon="-7.806496"><ele>581.453</ele><time>2024-08-14T09:56:10.284Z</time></trkpt><trkpt lat="42.873748" lon="-7.806564"><ele>578.534</ele><time>2024-08-14T09:56:14.284Z</time></trkpt><trkpt lat="42.873725" lon="-7.806637"><ele>578.585</ele><time>2024-08-14T09:56:19.284Z</time></trkpt><trkpt lat="42.873712" lon="-7.806700"><ele>578.589</ele><time>2024-08-14T09:56:23.284Z</time></trkpt><trkpt lat="42.873704" lon="-7.806767"><ele>565.817</ele><time>2024-08-14T09:56:30.284Z</time></trkpt><trkpt lat="42.873684" lon="-7.806835"><ele>565.709</ele><time>2024-08-14T09:56:33.284Z</time></trkpt><trkpt lat="42.873682" lon="-7.806907"><ele>565.039</ele><time>2024-08-14T09:56:38.284Z</time></trkpt><trkpt lat="42.873652" lon="-7.806965"><ele>564.916</ele><time>2024-08-14T09:56:40.284Z</time></trkpt><trkpt lat="42.873615" lon="-7.807032"><ele>564.718</ele><time>2024-08-14T09:56:43.284Z</time></trkpt><trkpt lat="42.873568" lon="-7.807075"><ele>564.337</ele><time>2024-08-14T09:56:48.284Z</time></trkpt><trkpt lat="42.873548" lon="-7.807138"><ele>564.245</ele><time>2024-08-14T09:56:53.284Z</time></trkpt><trkpt lat="42.873511" lon="-7.807185"><ele>564.522</ele><time>2024-08-14T09:56:58.284Z</time></trkpt><trkpt lat="42.873526" lon="-7.807250"><ele>564.567</ele><time>2024-08-14T09:57:01.284Z</time></trkpt><trkpt lat="42.873523" lon="-7.807320"><ele>564.786</ele><time>2024-08-14T09:57:04.284Z</time></trkpt><trkpt lat="42.873496" lon="-7.807412"><ele>565.977</ele><time>2024-08-14T09:57:21.284Z</time></trkpt><trkpt lat="42.873473" lon="-7.807467"><ele>569.224</ele><time>2024-08-14T09:57:38.284Z</time></trkpt><trkpt lat="42.873546" lon="-7.807479"><ele>572.304</ele><time>2024-08-14T09:57:45.284Z</time></trkpt><trkpt lat="42.873614" lon="-7.807486"><ele>572.314</ele><time>2024-08-14T09:57:48.284Z</time></trkpt><trkpt lat="42.873659" lon="-7.807498"><ele>574.409</ele><time>2024-08-14T09:57:51.284Z</time></trkpt><trkpt lat="42.873706" lon="-7.807506"><ele>576.133</ele><time>2024-08-14T09:57:58.284Z</time></trkpt><trkpt lat="42.873518" lon="-7.807454"><ele>580.490</ele><time>2024-08-14T09:58:12.284Z</time></trkpt><trkpt lat="42.873490" lon="-7.807551"><ele>580.772</ele><time>2024-08-14T09:58:29.284Z</time></trkpt><trkpt lat="42.873508" lon="-7.807616"><ele>580.291</ele><time>2024-08-14T09:58:31.284Z</time></trkpt><trkpt lat="42.873511" lon="-7.807691"><ele>580.259</ele><time>2024-08-14T09:58:34.284Z</time></trkpt><trkpt lat="42.873529" lon="-7.807768"><ele>580.296</ele><time>2024-08-14T09:58:37.284Z</time></trkpt><trkpt lat="42.873554" lon="-7.807851"><ele>572.351</ele><time>2024-08-14T09:58:40.284Z</time></trkpt><trkpt lat="42.873587" lon="-7.807906"><ele>571.510</ele><time>2024-08-14T09:58:44.284Z</time></trkpt><trkpt lat="42.873587" lon="-7.807988"><ele>570.521</ele><time>2024-08-14T09:58:47.284Z</time></trkpt><trkpt lat="42.873565" lon="-7.808061"><ele>568.821</ele><time>2024-08-14T09:58:50.284Z</time></trkpt><trkpt lat="42.873545" lon="-7.808126"><ele>568.641</ele><time>2024-08-14T09:58:53.284Z</time></trkpt><trkpt lat="42.873573" lon="-7.808198"><ele>567.605</ele><time>2024-08-14T09:58:57.284Z</time></trkpt><trkpt lat="42.873595" lon="-7.808268"><ele>566.009</ele><time>2024-08-14T09:59:00.284Z</time></trkpt><trkpt lat="42.873628" lon="-7.808313"><ele>565.013</ele><time>2024-08-14T09:59:03.284Z</time></trkpt><trkpt lat="42.873671" lon="-7.808331"><ele>563.830</ele><time>2024-08-14T09:59:06.284Z</time></trkpt><trkpt lat="42.873719" lon="-7.808361"><ele>561.592</ele><time>2024-08-14T09:59:12.284Z</time></trkpt><trkpt lat="42.873739" lon="-7.808451"><ele>561.541</ele><time>2024-08-14T09:59:17.284Z</time></trkpt><trkpt lat="42.873736" lon="-7.808523"><ele>561.559</ele><time>2024-08-14T09:59:19.284Z</time></trkpt><trkpt lat="42.873734" lon="-7.808590"><ele>562.196</ele><time>2024-08-14T09:59:21.284Z</time></trkpt><trkpt lat="42.873692" lon="-7.808615"><ele>563.851</ele><time>2024-08-14T09:59:24.284Z</time></trkpt><trkpt lat="42.873692" lon="-7.808677"><ele>564.420</ele><time>2024-08-14T09:59:29.284Z</time></trkpt><trkpt lat="42.873702" lon="-7.808755"><ele>565.411</ele><time>2024-08-14T09:59:34.284Z</time></trkpt><trkpt lat="42.873720" lon="-7.808825"><ele>565.721</ele><time>2024-08-14T09:59:39.284Z</time></trkpt><trkpt lat="42.873688" lon="-7.808947"><ele>565.841</ele><time>2024-08-14T09:59:48.284Z</time></trkpt><trkpt lat="42.873675" lon="-7.809010"><ele>565.905</ele><time>2024-08-14T09:59:51.284Z</time></trkpt><trkpt lat="42.873637" lon="-7.809057"><ele>565.909</ele><time>2024-08-14T09:59:54.284Z</time></trkpt><trkpt lat="42.873607" lon="-7.809120"><ele>565.963</ele><time>2024-08-14T09:59:56.284Z</time></trkpt><trkpt lat="42.873597" lon="-7.809182"><ele>565.950</ele><time>2024-08-14T09:59:59.284Z</time></trkpt><trkpt lat="42.873597" lon="-7.809245"><ele>566.132</ele><time>2024-08-14T10:00:02.284Z</time></trkpt><trkpt lat="42.873562" lon="-7.809288"><ele>565.961</ele><time>2024-08-14T10:00:06.284Z</time></trkpt><trkpt lat="42.873530" lon="-7.809353"><ele>565.039</ele><time>2024-08-14T10:00:10.284Z</time></trkpt><trkpt lat="42.873490" lon="-7.809385"><ele>565.146</ele><time>2024-08-14T10:00:13.284Z</time></trkpt><trkpt lat="42.873523" lon="-7.809443"><ele>565.271</ele><time>2024-08-14T10:00:16.284Z</time></trkpt><trkpt lat="42.873475" lon="-7.809513"><ele>564.770</ele><time>2024-08-14T10:00:19.284Z</time></trkpt><trkpt lat="42.873433" lon="-7.809553"><ele>565.331</ele><time>2024-08-14T10:00:23.284Z</time></trkpt><trkpt lat="42.873438" lon="-7.809620"><ele>566.415</ele><time>2024-08-14T10:00:27.284Z</time></trkpt><trkpt lat="42.873410" lon="-7.809682"><ele>566.765</ele><time>2024-08-14T10:00:30.284Z</time></trkpt><trkpt lat="42.873410" lon="-7.809747"><ele>567.311</ele><time>2024-08-14T10:00:33.284Z</time></trkpt><trkpt lat="42.873398" lon="-7.809809"><ele>567.609</ele><time>2024-08-14T10:00:44.284Z</time></trkpt><trkpt lat="42.873336" lon="-7.809909"><ele>567.192</ele><time>2024-08-14T10:00:52.284Z</time></trkpt><trkpt lat="42.873311" lon="-7.809961"><ele>567.069</ele><time>2024-08-14T10:00:54.284Z</time></trkpt><trkpt lat="42.873284" lon="-7.810014"><ele>567.051</ele><time>2024-08-14T10:00:56.284Z</time></trkpt><trkpt lat="42.873254" lon="-7.810071"><ele>567.080</ele><time>2024-08-14T10:00:58.284Z</time></trkpt><trkpt lat="42.873219" lon="-7.810114"><ele>567.978</ele><time>2024-08-14T10:01:00.284Z</time></trkpt><trkpt lat="42.873186" lon="-7.810161"><ele>569.365</ele><time>2024-08-14T10:01:05.284Z</time></trkpt><trkpt lat="42.873161" lon="-7.810219"><ele>569.450</ele><time>2024-08-14T10:01:09.284Z</time></trkpt><trkpt lat="42.873124" lon="-7.810257"><ele>570.159</ele><time>2024-08-14T10:01:13.284Z</time></trkpt><trkpt lat="42.873092" lon="-7.810314"><ele>570.590</ele><time>2024-08-14T10:01:16.284Z</time></trkpt><trkpt lat="42.873075" lon="-7.810379"><ele>570.715</ele><time>2024-08-14T10:01:20.284Z</time></trkpt><trkpt lat="42.873060" lon="-7.810454"><ele>571.065</ele><time>2024-08-14T10:01:24.284Z</time></trkpt><trkpt lat="42.873038" lon="-7.810516"><ele>571.311</ele><time>2024-08-14T10:01:27.284Z</time></trkpt><trkpt lat="42.873013" lon="-7.810569"><ele>571.409</ele><time>2024-08-14T10:01:29.284Z</time></trkpt><trkpt lat="42.872971" lon="-7.810631"><ele>572.972</ele><time>2024-08-14T10:01:32.284Z</time></trkpt><trkpt lat="42.872929" lon="-7.810688"><ele>575.129</ele><time>2024-08-14T10:01:36.284Z</time></trkpt><trkpt lat="42.872906" lon="-7.810758"><ele>575.511</ele><time>2024-08-14T10:01:42.284Z</time></trkpt><trkpt lat="42.872851" lon="-7.810740"><ele>575.790</ele><time>2024-08-14T10:01:45.284Z</time></trkpt><trkpt lat="42.872816" lon="-7.810797"><ele>575.688</ele><time>2024-08-14T10:01:49.284Z</time></trkpt><trkpt lat="42.872784" lon="-7.810849"><ele>575.445</ele><time>2024-08-14T10:01:52.284Z</time></trkpt><trkpt lat="42.872752" lon="-7.810906"><ele>575.380</ele><time>2024-08-14T10:01:55.284Z</time></trkpt><trkpt lat="42.872730" lon="-7.810961"><ele>574.719</ele><time>2024-08-14T10:01:58.284Z</time></trkpt><trkpt lat="42.872702" lon="-7.811009"><ele>574.850</ele><time>2024-08-14T10:02:01.284Z</time></trkpt><trkpt lat="42.872662" lon="-7.811062"><ele>574.865</ele><time>2024-08-14T10:02:04.284Z</time></trkpt><trkpt lat="42.872630" lon="-7.811130"><ele>575.068</ele><time>2024-08-14T10:02:08.284Z</time></trkpt><trkpt lat="42.872607" lon="-7.811207"><ele>576.214</ele><time>2024-08-14T10:02:12.284Z</time></trkpt><trkpt lat="42.872587" lon="-7.811282"><ele>576.709</ele><time>2024-08-14T10:02:16.284Z</time></trkpt><trkpt lat="42.872530" lon="-7.811384"><ele>577.667</ele><time>2024-08-14T10:02:24.284Z</time></trkpt><trkpt lat="42.872488" lon="-7.811459"><ele>578.244</ele><time>2024-08-14T10:02:27.284Z</time></trkpt><trkpt lat="42.872455" lon="-7.811504"><ele>578.556</ele><time>2024-08-14T10:02:29.284Z</time></trkpt><trkpt lat="42.872438" lon="-7.811581"><ele>578.725</ele><time>2024-08-14T10:02:33.284Z</time></trkpt><trkpt lat="42.872416" lon="-7.811643"><ele>579.333</ele><time>2024-08-14T10:02:37.284Z</time></trkpt><trkpt lat="42.872404" lon="-7.811721"><ele>579.210</ele><time>2024-08-14T10:02:42.284Z</time></trkpt><trkpt lat="42.872387" lon="-7.811794"><ele>578.855</ele><time>2024-08-14T10:02:46.284Z</time></trkpt><trkpt lat="42.872372" lon="-7.811866"><ele>577.994</ele><time>2024-08-14T10:02:49.284Z</time></trkpt><trkpt lat="42.872357" lon="-7.811953"><ele>576.595</ele><time>2024-08-14T10:02:52.284Z</time></trkpt><trkpt lat="42.872354" lon="-7.812016"><ele>575.791</ele><time>2024-08-14T10:02:54.284Z</time></trkpt><trkpt lat="42.872324" lon="-7.812071"><ele>575.681</ele><time>2024-08-14T10:02:58.284Z</time></trkpt><trkpt lat="42.872296" lon="-7.812221"><ele>575.419</ele><time>2024-08-14T10:03:09.284Z</time></trkpt><trkpt lat="42.872279" lon="-7.812356"><ele>575.209</ele><time>2024-08-14T10:03:18.284Z</time></trkpt><trkpt lat="42.872262" lon="-7.812416"><ele>575.250</ele><time>2024-08-14T10:03:20.284Z</time></trkpt><trkpt lat="42.872262" lon="-7.812489"><ele>572.777</ele><time>2024-08-14T10:03:23.284Z</time></trkpt><trkpt lat="42.872254" lon="-7.812551"><ele>572.369</ele><time>2024-08-14T10:03:26.284Z</time></trkpt><trkpt lat="42.872247" lon="-7.812629"><ele>572.098</ele><time>2024-08-14T10:03:30.284Z</time></trkpt><trkpt lat="42.872234" lon="-7.812706"><ele>571.326</ele><time>2024-08-14T10:03:34.284Z</time></trkpt><trkpt lat="42.872227" lon="-7.812786"><ele>571.333</ele><time>2024-08-14T10:03:38.284Z</time></trkpt><trkpt lat="42.872249" lon="-7.812853"><ele>571.348</ele><time>2024-08-14T10:03:40.284Z</time></trkpt><trkpt lat="42.872261" lon="-7.812923"><ele>571.267</ele><time>2024-08-14T10:03:43.284Z</time></trkpt><trkpt lat="42.872256" lon="-7.812988"><ele>571.498</ele><time>2024-08-14T10:03:48.284Z</time></trkpt><trkpt lat="42.872249" lon="-7.813050"><ele>572.284</ele><time>2024-08-14T10:03:52.284Z</time></trkpt><trkpt lat="42.872239" lon="-7.813122"><ele>572.607</ele><time>2024-08-14T10:03:55.284Z</time></trkpt><trkpt lat="42.872239" lon="-7.813199"><ele>572.617</ele><time>2024-08-14T10:03:58.284Z</time></trkpt><trkpt lat="42.872217" lon="-7.813267"><ele>572.609</ele><time>2024-08-14T10:04:03.284Z</time></trkpt><trkpt lat="42.872195" lon="-7.813335"><ele>572.339</ele><time>2024-08-14T10:04:08.284Z</time></trkpt><trkpt lat="42.872223" lon="-7.813427"><ele>572.326</ele><time>2024-08-14T10:04:15.284Z</time></trkpt><trkpt lat="42.872185" lon="-7.813540"><ele>572.348</ele><time>2024-08-14T10:04:19.284Z</time></trkpt><trkpt lat="42.872158" lon="-7.813607"><ele>575.327</ele><time>2024-08-14T10:04:22.284Z</time></trkpt><trkpt lat="42.872170" lon="-7.813679"><ele>575.555</ele><time>2024-08-14T10:04:26.284Z</time></trkpt><trkpt lat="42.872163" lon="-7.813741"><ele>575.752</ele><time>2024-08-14T10:04:30.284Z</time></trkpt><trkpt lat="42.872163" lon="-7.813811"><ele>575.347</ele><time>2024-08-14T10:04:34.284Z</time></trkpt><trkpt lat="42.872146" lon="-7.813879"><ele>575.476</ele><time>2024-08-14T10:04:38.284Z</time></trkpt><trkpt lat="42.872144" lon="-7.813944"><ele>575.857</ele><time>2024-08-14T10:04:43.284Z</time></trkpt><trkpt lat="42.872159" lon="-7.814004"><ele>577.784</ele><time>2024-08-14T10:04:47.284Z</time></trkpt><trkpt lat="42.872171" lon="-7.814074"><ele>579.207</ele><time>2024-08-14T10:04:50.284Z</time></trkpt><trkpt lat="42.872191" lon="-7.814144"><ele>581.317</ele><time>2024-08-14T10:04:54.284Z</time></trkpt><trkpt lat="42.872193" lon="-7.814217"><ele>583.109</ele><time>2024-08-14T10:05:26.284Z</time></trkpt><trkpt lat="42.872166" lon="-7.814277"><ele>581.339</ele><time>2024-08-14T10:06:44.284Z</time></trkpt><trkpt lat="42.872219" lon="-7.814317"><ele>581.396</ele><time>2024-08-14T10:06:48.284Z</time></trkpt><trkpt lat="42.872286" lon="-7.814304"><ele>579.278</ele><time>2024-08-14T10:06:52.284Z</time></trkpt><trkpt lat="42.872336" lon="-7.814351"><ele>577.247</ele><time>2024-08-14T10:06:59.284Z</time></trkpt><trkpt lat="42.872358" lon="-7.814416"><ele>583.555</ele><time>2024-08-14T10:07:02.284Z</time></trkpt><trkpt lat="42.872396" lon="-7.814479"><ele>583.852</ele><time>2024-08-14T10:07:05.284Z</time></trkpt><trkpt lat="42.872451" lon="-7.814521"><ele>582.747</ele><time>2024-08-14T10:07:12.284Z</time></trkpt><trkpt lat="42.872519" lon="-7.814534"><ele>580.786</ele><time>2024-08-14T10:07:15.284Z</time></trkpt><trkpt lat="42.872602" lon="-7.814536"><ele>577.467</ele><time>2024-08-14T10:07:21.284Z</time></trkpt><trkpt lat="42.872639" lon="-7.814596"><ele>576.444</ele><time>2024-08-14T10:07:23.284Z</time></trkpt><trkpt lat="42.872614" lon="-7.814684"><ele>576.205</ele><time>2024-08-14T10:07:26.284Z</time></trkpt><trkpt lat="42.872604" lon="-7.814759"><ele>578.215</ele><time>2024-08-14T10:07:33.284Z</time></trkpt><trkpt lat="42.872609" lon="-7.814824"><ele>581.909</ele><time>2024-08-14T10:07:38.284Z</time></trkpt><trkpt lat="42.872617" lon="-7.814901"><ele>582.565</ele><time>2024-08-14T10:07:43.284Z</time></trkpt><trkpt lat="42.872614" lon="-7.814963"><ele>583.192</ele><time>2024-08-14T10:07:47.284Z</time></trkpt><trkpt lat="42.872651" lon="-7.815051"><ele>585.564</ele><time>2024-08-14T10:07:56.284Z</time></trkpt><trkpt lat="42.872731" lon="-7.815194"><ele>587.423</ele><time>2024-08-14T10:08:10.284Z</time></trkpt><trkpt lat="42.872779" lon="-7.815222"><ele>587.461</ele><time>2024-08-14T10:08:13.284Z</time></trkpt><trkpt lat="42.872836" lon="-7.815260"><ele>587.788</ele><time>2024-08-14T10:08:18.284Z</time></trkpt><trkpt lat="42.872889" lon="-7.815302"><ele>588.313</ele><time>2024-08-14T10:08:22.284Z</time></trkpt><trkpt lat="42.872927" lon="-7.815360"><ele>590.942</ele><time>2024-08-14T10:08:26.284Z</time></trkpt><trkpt lat="42.872969" lon="-7.815448"><ele>592.363</ele><time>2024-08-14T10:08:32.284Z</time></trkpt><trkpt lat="42.873006" lon="-7.815506"><ele>592.465</ele><time>2024-08-14T10:08:36.284Z</time></trkpt><trkpt lat="42.873053" lon="-7.815548"><ele>592.468</ele><time>2024-08-14T10:08:40.284Z</time></trkpt><trkpt lat="42.873095" lon="-7.815596"><ele>592.214</ele><time>2024-08-14T10:08:44.284Z</time></trkpt><trkpt lat="42.873128" lon="-7.815643"><ele>591.409</ele><time>2024-08-14T10:08:48.284Z</time></trkpt><trkpt lat="42.873170" lon="-7.815728"><ele>591.147</ele><time>2024-08-14T10:08:55.284Z</time></trkpt><trkpt lat="42.873207" lon="-7.815825"><ele>591.114</ele><time>2024-08-14T10:09:01.284Z</time></trkpt><trkpt lat="42.873239" lon="-7.815883"><ele>592.156</ele><time>2024-08-14T10:09:05.284Z</time></trkpt><trkpt lat="42.873256" lon="-7.815955"><ele>592.885</ele><time>2024-08-14T10:09:09.284Z</time></trkpt><trkpt lat="42.873233" lon="-7.816025"><ele>593.073</ele><time>2024-08-14T10:09:13.284Z</time></trkpt><trkpt lat="42.873255" lon="-7.816098"><ele>593.170</ele><time>2024-08-14T10:09:18.284Z</time></trkpt><trkpt lat="42.873278" lon="-7.816156"><ele>593.415</ele><time>2024-08-14T10:09:20.284Z</time></trkpt><trkpt lat="42.873286" lon="-7.816221"><ele>593.584</ele><time>2024-08-14T10:09:23.284Z</time></trkpt><trkpt lat="42.873301" lon="-7.816331"><ele>593.145</ele><time>2024-08-14T10:09:31.284Z</time></trkpt><trkpt lat="42.873309" lon="-7.816396"><ele>593.161</ele><time>2024-08-14T10:09:35.284Z</time></trkpt><trkpt lat="42.873349" lon="-7.816513"><ele>593.521</ele><time>2024-08-14T10:09:54.284Z</time></trkpt><trkpt lat="42.873346" lon="-7.816580"><ele>593.613</ele><time>2024-08-14T10:09:57.284Z</time></trkpt><trkpt lat="42.873351" lon="-7.816652"><ele>593.609</ele><time>2024-08-14T10:10:02.284Z</time></trkpt><trkpt lat="42.873341" lon="-7.816759"><ele>593.637</ele><time>2024-08-14T10:10:10.284Z</time></trkpt><trkpt lat="42.873221" lon="-7.816851"><ele>595.914</ele><time>2024-08-14T10:10:40.284Z</time></trkpt><trkpt lat="42.873176" lon="-7.816783"><ele>595.946</ele><time>2024-08-14T10:11:07.284Z</time></trkpt><trkpt lat="42.873236" lon="-7.816726"><ele>596.855</ele><time>2024-08-14T10:11:31.284Z</time></trkpt><trkpt lat="42.873174" lon="-7.816613"><ele>596.823</ele><time>2024-08-14T10:11:56.284Z</time></trkpt><trkpt lat="42.873134" lon="-7.816666"><ele>596.410</ele><time>2024-08-14T10:12:01.284Z</time></trkpt><trkpt lat="42.873162" lon="-7.816729"><ele>596.685</ele><time>2024-08-14T10:12:15.284Z</time></trkpt><trkpt lat="42.873197" lon="-7.816872"><ele>606.494</ele><time>2024-08-14T10:14:10.284Z</time></trkpt><trkpt lat="42.873280" lon="-7.816909"><ele>606.435</ele><time>2024-08-14T10:15:26.284Z</time></trkpt><trkpt lat="42.873310" lon="-7.816964"><ele>605.526</ele><time>2024-08-14T10:16:14.284Z</time></trkpt><trkpt lat="42.873337" lon="-7.817029"><ele>605.547</ele><time>2024-08-14T10:16:18.284Z</time></trkpt><trkpt lat="42.873352" lon="-7.817091"><ele>605.511</ele><time>2024-08-14T10:16:21.284Z</time></trkpt><trkpt lat="42.873354" lon="-7.817179"><ele>600.709</ele><time>2024-08-14T10:16:27.284Z</time></trkpt><trkpt lat="42.873386" lon="-7.817247"><ele>600.763</ele><time>2024-08-14T10:16:31.284Z</time></trkpt><trkpt lat="42.873413" lon="-7.817297"><ele>598.250</ele><time>2024-08-14T10:16:33.284Z</time></trkpt><trkpt lat="42.873453" lon="-7.817350"><ele>596.732</ele><time>2024-08-14T10:16:38.284Z</time></trkpt><trkpt lat="42.873500" lon="-7.817367"><ele>596.991</ele><time>2024-08-14T10:16:42.284Z</time></trkpt><trkpt lat="42.873537" lon="-7.817409"><ele>596.959</ele><time>2024-08-14T10:16:46.284Z</time></trkpt><trkpt lat="42.873580" lon="-7.817437"><ele>598.896</ele><time>2024-08-14T10:16:49.284Z</time></trkpt><trkpt lat="42.873625" lon="-7.817474"><ele>599.231</ele><time>2024-08-14T10:16:52.284Z</time></trkpt><trkpt lat="42.873672" lon="-7.817521"><ele>599.440</ele><time>2024-08-14T10:16:56.284Z</time></trkpt><trkpt lat="42.873707" lon="-7.817569"><ele>599.541</ele><time>2024-08-14T10:17:00.284Z</time></trkpt><trkpt lat="42.873840" lon="-7.817654"><ele>598.017</ele><time>2024-08-14T10:17:13.284Z</time></trkpt><trkpt lat="42.873890" lon="-7.817689"><ele>598.087</ele><time>2024-08-14T10:17:16.284Z</time></trkpt><trkpt lat="42.873982" lon="-7.817757"><ele>598.015</ele><time>2024-08-14T10:17:26.284Z</time></trkpt><trkpt lat="42.874032" lon="-7.817884"><ele>601.009</ele><time>2024-08-14T10:17:36.284Z</time></trkpt><trkpt lat="42.874055" lon="-7.817941"><ele>603.272</ele><time>2024-08-14T10:17:39.284Z</time></trkpt><trkpt lat="42.874108" lon="-7.818014"><ele>605.349</ele><time>2024-08-14T10:17:45.284Z</time></trkpt><trkpt lat="42.874121" lon="-7.818079"><ele>606.131</ele><time>2024-08-14T10:17:49.284Z</time></trkpt><trkpt lat="42.874109" lon="-7.818149"><ele>607.970</ele><time>2024-08-14T10:17:55.284Z</time></trkpt><trkpt lat="42.874104" lon="-7.818241"><ele>608.038</ele><time>2024-08-14T10:18:02.284Z</time></trkpt><trkpt lat="42.874096" lon="-7.818319"><ele>608.165</ele><time>2024-08-14T10:18:06.284Z</time></trkpt><trkpt lat="42.874069" lon="-7.818384"><ele>608.380</ele><time>2024-08-14T10:18:10.284Z</time></trkpt><trkpt lat="42.874051" lon="-7.818452"><ele>610.379</ele><time>2024-08-14T10:18:14.284Z</time></trkpt><trkpt lat="42.874033" lon="-7.818515"><ele>611.030</ele><time>2024-08-14T10:18:20.284Z</time></trkpt><trkpt lat="42.874021" lon="-7.818583"><ele>611.361</ele><time>2024-08-14T10:18:25.284Z</time></trkpt><trkpt lat="42.873993" lon="-7.818680"><ele>611.521</ele><time>2024-08-14T10:18:31.284Z</time></trkpt><trkpt lat="42.873980" lon="-7.818748"><ele>612.313</ele><time>2024-08-14T10:18:35.284Z</time></trkpt><trkpt lat="42.873955" lon="-7.818803"><ele>612.609</ele><time>2024-08-14T10:18:39.284Z</time></trkpt><trkpt lat="42.873948" lon="-7.818876"><ele>612.667</ele><time>2024-08-14T10:18:43.284Z</time></trkpt><trkpt lat="42.873925" lon="-7.818993"><ele>612.244</ele><time>2024-08-14T10:18:50.284Z</time></trkpt><trkpt lat="42.873918" lon="-7.819066"><ele>612.196</ele><time>2024-08-14T10:18:53.284Z</time></trkpt><trkpt lat="42.873908" lon="-7.819128"><ele>611.815</ele><time>2024-08-14T10:18:56.284Z</time></trkpt><trkpt lat="42.873895" lon="-7.819200"><ele>611.653</ele><time>2024-08-14T10:18:59.284Z</time></trkpt><trkpt lat="42.873873" lon="-7.819310"><ele>610.360</ele><time>2024-08-14T10:19:06.284Z</time></trkpt><trkpt lat="42.873855" lon="-7.819385"><ele>609.095</ele><time>2024-08-14T10:19:10.284Z</time></trkpt><trkpt lat="42.873828" lon="-7.819458"><ele>608.564</ele><time>2024-08-14T10:19:14.284Z</time></trkpt><trkpt lat="42.873810" lon="-7.819530"><ele>608.045</ele><time>2024-08-14T10:19:18.284Z</time></trkpt><trkpt lat="42.873790" lon="-7.819585"><ele>607.121</ele><time>2024-08-14T10:19:21.284Z</time></trkpt><trkpt lat="42.873785" lon="-7.819663"><ele>605.741</ele><time>2024-08-14T10:19:25.284Z</time></trkpt><trkpt lat="42.873777" lon="-7.819731"><ele>605.705</ele><time>2024-08-14T10:19:28.284Z</time></trkpt><trkpt lat="42.873767" lon="-7.819794"><ele>605.709</ele><time>2024-08-14T10:19:32.284Z</time></trkpt><trkpt lat="42.873750" lon="-7.819856"><ele>605.853</ele><time>2024-08-14T10:19:36.284Z</time></trkpt><trkpt lat="42.873738" lon="-7.819918"><ele>606.070</ele><time>2024-08-14T10:19:40.284Z</time></trkpt><trkpt lat="42.873731" lon="-7.819991"><ele>607.292</ele><time>2024-08-14T10:19:43.284Z</time></trkpt><trkpt lat="42.873713" lon="-7.820051"><ele>607.741</ele><time>2024-08-14T10:19:46.284Z</time></trkpt><trkpt lat="42.873690" lon="-7.820114"><ele>609.239</ele><time>2024-08-14T10:19:50.284Z</time></trkpt><trkpt lat="42.873668" lon="-7.820184"><ele>609.246</ele><time>2024-08-14T10:19:54.284Z</time></trkpt><trkpt lat="42.873641" lon="-7.820246"><ele>609.281</ele><time>2024-08-14T10:19:58.284Z</time></trkpt><trkpt lat="42.873614" lon="-7.820319"><ele>609.240</ele><time>2024-08-14T10:20:01.284Z</time></trkpt><trkpt lat="42.873584" lon="-7.820447"><ele>609.641</ele><time>2024-08-14T10:20:13.284Z</time></trkpt><trkpt lat="42.873572" lon="-7.820510"><ele>609.951</ele><time>2024-08-14T10:20:16.284Z</time></trkpt><trkpt lat="42.873537" lon="-7.820595"><ele>609.901</ele><time>2024-08-14T10:20:22.284Z</time></trkpt><trkpt lat="42.873504" lon="-7.820663"><ele>608.111</ele><time>2024-08-14T10:20:26.284Z</time></trkpt><trkpt lat="42.873476" lon="-7.820713"><ele>607.609</ele><time>2024-08-14T10:20:29.284Z</time></trkpt><trkpt lat="42.873441" lon="-7.820755"><ele>607.866</ele><time>2024-08-14T10:20:32.284Z</time></trkpt><trkpt lat="42.873408" lon="-7.820802"><ele>608.163</ele><time>2024-08-14T10:20:36.284Z</time></trkpt><trkpt lat="42.873381" lon="-7.820852"><ele>608.445</ele><time>2024-08-14T10:20:40.284Z</time></trkpt><trkpt lat="42.873368" lon="-7.820912"><ele>608.854</ele><time>2024-08-14T10:20:43.284Z</time></trkpt><trkpt lat="42.873333" lon="-7.820965"><ele>609.172</ele><time>2024-08-14T10:20:47.284Z</time></trkpt><trkpt lat="42.873303" lon="-7.821018"><ele>609.829</ele><time>2024-08-14T10:20:51.284Z</time></trkpt><trkpt lat="42.873265" lon="-7.821101"><ele>612.234</ele><time>2024-08-14T10:20:58.284Z</time></trkpt><trkpt lat="42.873223" lon="-7.821199"><ele>615.953</ele><time>2024-08-14T10:21:03.284Z</time></trkpt><trkpt lat="42.873208" lon="-7.821261"><ele>617.684</ele><time>2024-08-14T10:21:06.284Z</time></trkpt><trkpt lat="42.873190" lon="-7.821328"><ele>618.563</ele><time>2024-08-14T10:21:10.284Z</time></trkpt><trkpt lat="42.873185" lon="-7.821420"><ele>619.344</ele><time>2024-08-14T10:21:15.284Z</time></trkpt><trkpt lat="42.873173" lon="-7.821487"><ele>620.918</ele><time>2024-08-14T10:21:18.284Z</time></trkpt><trkpt lat="42.873165" lon="-7.821564"><ele>621.109</ele><time>2024-08-14T10:21:22.284Z</time></trkpt><trkpt lat="42.873145" lon="-7.821619"><ele>621.167</ele><time>2024-08-14T10:21:25.284Z</time></trkpt><trkpt lat="42.873120" lon="-7.821671"><ele>621.114</ele><time>2024-08-14T10:21:29.284Z</time></trkpt><trkpt lat="42.873120" lon="-7.821733"><ele>620.456</ele><time>2024-08-14T10:21:32.284Z</time></trkpt><trkpt lat="42.873118" lon="-7.821811"><ele>619.535</ele><time>2024-08-14T10:21:35.284Z</time></trkpt><trkpt lat="42.873108" lon="-7.821871"><ele>618.573</ele><time>2024-08-14T10:21:38.284Z</time></trkpt><trkpt lat="42.873103" lon="-7.821948"><ele>617.020</ele><time>2024-08-14T10:21:42.284Z</time></trkpt><trkpt lat="42.873118" lon="-7.822025"><ele>616.825</ele><time>2024-08-14T10:21:46.284Z</time></trkpt><trkpt lat="42.873110" lon="-7.822087"><ele>616.874</ele><time>2024-08-14T10:21:49.284Z</time></trkpt><trkpt lat="42.873100" lon="-7.822152"><ele>617.095</ele><time>2024-08-14T10:21:53.284Z</time></trkpt><trkpt lat="42.873082" lon="-7.822220"><ele>617.818</ele><time>2024-08-14T10:21:56.284Z</time></trkpt><trkpt lat="42.873069" lon="-7.822282"><ele>618.998</ele><time>2024-08-14T10:21:59.284Z</time></trkpt><trkpt lat="42.873061" lon="-7.822359"><ele>619.517</ele><time>2024-08-14T10:22:07.284Z</time></trkpt><trkpt lat="42.873006" lon="-7.822481"><ele>620.009</ele><time>2024-08-14T10:22:15.284Z</time></trkpt><trkpt lat="42.872989" lon="-7.822556"><ele>620.032</ele><time>2024-08-14T10:22:19.284Z</time></trkpt><trkpt lat="42.872974" lon="-7.822621"><ele>620.019</ele><time>2024-08-14T10:22:22.284Z</time></trkpt><trkpt lat="42.872967" lon="-7.822689"><ele>619.461</ele><time>2024-08-14T10:22:26.284Z</time></trkpt><trkpt lat="42.872955" lon="-7.822752"><ele>615.210</ele><time>2024-08-14T10:22:31.284Z</time></trkpt><trkpt lat="42.872952" lon="-7.822874"><ele>613.988</ele><time>2024-08-14T10:22:37.285Z</time></trkpt><trkpt lat="42.872965" lon="-7.822937"><ele>613.645</ele><time>2024-08-14T10:22:40.285Z</time></trkpt><trkpt lat="42.872977" lon="-7.823014"><ele>614.090</ele><time>2024-08-14T10:22:44.285Z</time></trkpt><trkpt lat="42.872995" lon="-7.823104"><ele>618.699</ele><time>2024-08-14T10:22:50.285Z</time></trkpt><trkpt lat="42.873002" lon="-7.823209"><ele>623.490</ele><time>2024-08-14T10:22:56.285Z</time></trkpt><trkpt lat="42.873010" lon="-7.823284"><ele>625.153</ele><time>2024-08-14T10:22:59.285Z</time></trkpt><trkpt lat="42.873025" lon="-7.823464"><ele>625.904</ele><time>2024-08-14T10:23:11.285Z</time></trkpt><trkpt lat="42.873023" lon="-7.823541"><ele>626.214</ele><time>2024-08-14T10:23:15.285Z</time></trkpt><trkpt lat="42.873008" lon="-7.823601"><ele>625.909</ele><time>2024-08-14T10:23:18.285Z</time></trkpt><trkpt lat="42.873010" lon="-7.823668"><ele>625.966</ele><time>2024-08-14T10:23:21.285Z</time></trkpt><trkpt lat="42.873015" lon="-7.823730"><ele>625.523</ele><time>2024-08-14T10:23:24.285Z</time></trkpt><trkpt lat="42.873022" lon="-7.823798"><ele>621.735</ele><time>2024-08-14T10:23:28.285Z</time></trkpt><trkpt lat="42.873017" lon="-7.823870"><ele>620.194</ele><time>2024-08-14T10:23:32.285Z</time></trkpt><trkpt lat="42.872995" lon="-7.823947"><ele>617.612</ele><time>2024-08-14T10:23:36.285Z</time></trkpt><trkpt lat="42.872977" lon="-7.824015"><ele>617.859</ele><time>2024-08-14T10:23:40.285Z</time></trkpt><trkpt lat="42.872959" lon="-7.824092"><ele>617.864</ele><time>2024-08-14T10:23:44.285Z</time></trkpt><trkpt lat="42.872947" lon="-7.824155"><ele>618.463</ele><time>2024-08-14T10:23:48.285Z</time></trkpt><trkpt lat="42.872949" lon="-7.824227"><ele>619.624</ele><time>2024-08-14T10:23:52.285Z</time></trkpt><trkpt lat="42.872946" lon="-7.824289"><ele>619.831</ele><time>2024-08-14T10:23:56.285Z</time></trkpt><trkpt lat="42.872954" lon="-7.824359"><ele>619.861</ele><time>2024-08-14T10:24:00.285Z</time></trkpt><trkpt lat="42.872954" lon="-7.824447"><ele>620.007</ele><time>2024-08-14T10:24:05.285Z</time></trkpt><trkpt lat="42.872949" lon="-7.824515"><ele>620.009</ele><time>2024-08-14T10:24:08.285Z</time></trkpt><trkpt lat="42.872934" lon="-7.824575"><ele>619.874</ele><time>2024-08-14T10:24:11.285Z</time></trkpt><trkpt lat="42.872936" lon="-7.824682"><ele>619.821</ele><time>2024-08-14T10:24:17.285Z</time></trkpt><trkpt lat="42.872938" lon="-7.824759"><ele>619.863</ele><time>2024-08-14T10:24:21.285Z</time></trkpt><trkpt lat="42.872938" lon="-7.824824"><ele>619.852</ele><time>2024-08-14T10:24:25.285Z</time></trkpt><trkpt lat="42.872973" lon="-7.824961"><ele>617.790</ele><time>2024-08-14T10:24:40.285Z</time></trkpt><trkpt lat="42.872965" lon="-7.825043"><ele>617.297</ele><time>2024-08-14T10:24:45.285Z</time></trkpt><trkpt lat="42.872965" lon="-7.825115"><ele>617.212</ele><time>2024-08-14T10:24:51.285Z</time></trkpt><trkpt lat="42.872997" lon="-7.825175"><ele>617.221</ele><time>2024-08-14T10:24:56.285Z</time></trkpt><trkpt lat="42.873030" lon="-7.825232"><ele>614.332</ele><time>2024-08-14T10:24:59.285Z</time></trkpt><trkpt lat="42.873063" lon="-7.825312"><ele>612.828</ele><time>2024-08-14T10:25:03.285Z</time></trkpt><trkpt lat="42.873055" lon="-7.825389"><ele>612.389</ele><time>2024-08-14T10:25:07.285Z</time></trkpt><trkpt lat="42.873088" lon="-7.825476"><ele>611.217</ele><time>2024-08-14T10:25:19.285Z</time></trkpt><trkpt lat="42.873070" lon="-7.825534"><ele>610.009</ele><time>2024-08-14T10:25:23.285Z</time></trkpt><trkpt lat="42.873090" lon="-7.825589"><ele>610.073</ele><time>2024-08-14T10:25:26.285Z</time></trkpt><trkpt lat="42.873117" lon="-7.825652"><ele>610.050</ele><time>2024-08-14T10:25:30.285Z</time></trkpt><trkpt lat="42.873139" lon="-7.825737"><ele>611.812</ele><time>2024-08-14T10:25:35.285Z</time></trkpt><trkpt lat="42.873156" lon="-7.825804"><ele>613.351</ele><time>2024-08-14T10:25:38.285Z</time></trkpt><trkpt lat="42.873188" lon="-7.825854"><ele>616.649</ele><time>2024-08-14T10:25:44.285Z</time></trkpt><trkpt lat="42.873218" lon="-7.825902"><ele>617.096</ele><time>2024-08-14T10:25:46.285Z</time></trkpt><trkpt lat="42.873270" lon="-7.825959"><ele>617.151</ele><time>2024-08-14T10:25:49.285Z</time></trkpt><trkpt lat="42.873305" lon="-7.826017"><ele>616.810</ele><time>2024-08-14T10:25:51.285Z</time></trkpt><trkpt lat="42.873343" lon="-7.826107"><ele>616.641</ele><time>2024-08-14T10:25:54.285Z</time></trkpt><trkpt lat="42.873388" lon="-7.826077"><ele>616.545</ele><time>2024-08-14T10:26:01.285Z</time></trkpt><trkpt lat="42.873408" lon="-7.826145"><ele>616.447</ele><time>2024-08-14T10:26:12.285Z</time></trkpt><trkpt lat="42.873388" lon="-7.826252"><ele>616.111</ele><time>2024-08-14T10:26:19.285Z</time></trkpt><trkpt lat="42.873408" lon="-7.826322"><ele>616.209</ele><time>2024-08-14T10:26:22.285Z</time></trkpt><trkpt lat="42.873396" lon="-7.826405"><ele>616.145</ele><time>2024-08-14T10:26:24.285Z</time></trkpt><trkpt lat="42.873403" lon="-7.826500"><ele>616.372</ele><time>2024-08-14T10:26:26.285Z</time></trkpt><trkpt lat="42.873405" lon="-7.826562"><ele>616.494</ele><time>2024-08-14T10:26:27.285Z</time></trkpt><trkpt lat="42.873513" lon="-7.826687"><ele>616.993</ele><time>2024-08-14T10:26:33.285Z</time></trkpt><trkpt lat="42.873528" lon="-7.826749"><ele>618.061</ele><time>2024-08-14T10:26:34.285Z</time></trkpt><trkpt lat="42.873555" lon="-7.826839"><ele>618.618</ele><time>2024-08-14T10:26:36.285Z</time></trkpt><trkpt lat="42.873595" lon="-7.826904"><ele>618.763</ele><time>2024-08-14T10:26:39.285Z</time></trkpt><trkpt lat="42.873625" lon="-7.826962"><ele>624.372</ele><time>2024-08-14T10:26:44.285Z</time></trkpt><trkpt lat="42.873660" lon="-7.827012"><ele>625.633</ele><time>2024-08-14T10:26:48.285Z</time></trkpt><trkpt lat="42.873692" lon="-7.827069"><ele>626.091</ele><time>2024-08-14T10:26:50.285Z</time></trkpt><trkpt lat="42.873725" lon="-7.827119"><ele>627.681</ele><time>2024-08-14T10:26:52.285Z</time></trkpt><trkpt lat="42.873745" lon="-7.827202"><ele>631.219</ele><time>2024-08-14T10:26:55.285Z</time></trkpt><trkpt lat="42.873775" lon="-7.827272"><ele>625.509</ele><time>2024-08-14T10:27:04.285Z</time></trkpt><trkpt lat="42.873770" lon="-7.827357"><ele>625.020</ele><time>2024-08-14T10:27:06.285Z</time></trkpt><trkpt lat="42.873827" lon="-7.827432"><ele>624.817</ele><time>2024-08-14T10:27:14.285Z</time></trkpt><trkpt lat="42.873872" lon="-7.827467"><ele>624.959</ele><time>2024-08-14T10:27:17.285Z</time></trkpt><trkpt lat="42.873912" lon="-7.827527"><ele>625.428</ele><time>2024-08-14T10:27:20.285Z</time></trkpt><trkpt lat="42.873967" lon="-7.827502"><ele>625.466</ele><time>2024-08-14T10:27:24.285Z</time></trkpt><trkpt lat="42.874024" lon="-7.827497"><ele>625.463</ele><time>2024-08-14T10:27:26.285Z</time></trkpt><trkpt lat="42.874086" lon="-7.827484"><ele>625.458</ele><time>2024-08-14T10:27:30.285Z</time></trkpt><trkpt lat="42.874094" lon="-7.827569"><ele>625.067</ele><time>2024-08-14T10:27:34.285Z</time></trkpt><trkpt lat="42.874144" lon="-7.827651"><ele>623.698</ele><time>2024-08-14T10:27:40.285Z</time></trkpt><trkpt lat="42.874139" lon="-7.827716"><ele>623.442</ele><time>2024-08-14T10:27:41.285Z</time></trkpt><trkpt lat="42.874141" lon="-7.827793"><ele>623.022</ele><time>2024-08-14T10:27:44.285Z</time></trkpt><trkpt lat="42.874158" lon="-7.827890"><ele>622.514</ele><time>2024-08-14T10:27:47.285Z</time></trkpt><trkpt lat="42.874205" lon="-7.827915"><ele>622.009</ele><time>2024-08-14T10:27:50.285Z</time></trkpt><trkpt lat="42.874222" lon="-7.828020"><ele>621.585</ele><time>2024-08-14T10:27:52.285Z</time></trkpt><trkpt lat="42.874264" lon="-7.828065"><ele>620.942</ele><time>2024-08-14T10:27:55.285Z</time></trkpt><trkpt lat="42.874199" lon="-7.828143"><ele>620.344</ele><time>2024-08-14T10:27:56.285Z</time></trkpt><trkpt lat="42.874211" lon="-7.828240"><ele>614.363</ele><time>2024-08-14T10:28:00.285Z</time></trkpt><trkpt lat="42.874234" lon="-7.828317"><ele>613.231</ele><time>2024-08-14T10:28:04.285Z</time></trkpt><trkpt lat="42.874272" lon="-7.828359"><ele>612.068</ele><time>2024-08-14T10:28:06.285Z</time></trkpt><trkpt lat="42.874319" lon="-7.828422"><ele>612.223</ele><time>2024-08-14T10:28:08.285Z</time></trkpt><trkpt lat="42.874364" lon="-7.828442"><ele>612.362</ele><time>2024-08-14T10:28:12.285Z</time></trkpt><trkpt lat="42.874356" lon="-7.828517"><ele>613.583</ele><time>2024-08-14T10:28:16.285Z</time></trkpt><trkpt lat="42.874399" lon="-7.828462"><ele>614.025</ele><time>2024-08-14T10:28:20.285Z</time></trkpt><trkpt lat="42.874442" lon="-7.828504"><ele>613.726</ele><time>2024-08-14T10:28:26.285Z</time></trkpt><trkpt lat="42.874494" lon="-7.828546"><ele>613.308</ele><time>2024-08-14T10:28:30.285Z</time></trkpt><trkpt lat="42.874544" lon="-7.828703"><ele>612.909</ele><time>2024-08-14T10:28:43.285Z</time></trkpt><trkpt lat="42.874566" lon="-7.828758"><ele>612.933</ele><time>2024-08-14T10:28:45.285Z</time></trkpt><trkpt lat="42.874579" lon="-7.828831"><ele>612.980</ele><time>2024-08-14T10:28:48.285Z</time></trkpt><trkpt lat="42.874614" lon="-7.828883"><ele>612.912</ele><time>2024-08-14T10:28:51.285Z</time></trkpt><trkpt lat="42.874682" lon="-7.828943"><ele>609.971</ele><time>2024-08-14T10:28:57.285Z</time></trkpt><trkpt lat="42.874707" lon="-7.829015"><ele>605.729</ele><time>2024-08-14T10:29:02.285Z</time></trkpt><trkpt lat="42.874757" lon="-7.829048"><ele>604.096</ele><time>2024-08-14T10:29:06.285Z</time></trkpt><trkpt lat="42.874807" lon="-7.829100"><ele>602.351</ele><time>2024-08-14T10:29:10.285Z</time></trkpt><trkpt lat="42.874844" lon="-7.829142"><ele>601.430</ele><time>2024-08-14T10:29:13.285Z</time></trkpt><trkpt lat="42.874881" lon="-7.829180"><ele>601.241</ele><time>2024-08-14T10:29:16.285Z</time></trkpt><trkpt lat="42.874876" lon="-7.829265"><ele>601.257</ele><time>2024-08-14T10:29:22.285Z</time></trkpt><trkpt lat="42.874914" lon="-7.829303"><ele>601.400</ele><time>2024-08-14T10:29:24.285Z</time></trkpt><trkpt lat="42.874962" lon="-7.829275"><ele>601.620</ele><time>2024-08-14T10:29:27.285Z</time></trkpt><trkpt lat="42.875035" lon="-7.829307"><ele>602.009</ele><time>2024-08-14T10:29:30.285Z</time></trkpt><trkpt lat="42.875075" lon="-7.829367"><ele>602.216</ele><time>2024-08-14T10:29:34.285Z</time></trkpt><trkpt lat="42.875092" lon="-7.829447"><ele>603.073</ele><time>2024-08-14T10:29:37.285Z</time></trkpt><trkpt lat="42.875137" lon="-7.829507"><ele>605.125</ele><time>2024-08-14T10:29:40.285Z</time></trkpt><trkpt lat="42.875140" lon="-7.829590"><ele>605.964</ele><time>2024-08-14T10:29:42.285Z</time></trkpt><trkpt lat="42.875182" lon="-7.829615"><ele>606.752</ele><time>2024-08-14T10:29:45.285Z</time></trkpt><trkpt lat="42.875237" lon="-7.829623"><ele>606.839</ele><time>2024-08-14T10:29:49.285Z</time></trkpt><trkpt lat="42.875250" lon="-7.829685"><ele>606.864</ele><time>2024-08-14T10:29:54.285Z</time></trkpt><trkpt lat="42.875242" lon="-7.829755"><ele>606.943</ele><time>2024-08-14T10:29:56.285Z</time></trkpt><trkpt lat="42.875264" lon="-7.829825"><ele>607.064</ele><time>2024-08-14T10:30:00.285Z</time></trkpt><trkpt lat="42.875271" lon="-7.829895"><ele>607.017</ele><time>2024-08-14T10:30:03.285Z</time></trkpt><trkpt lat="42.875236" lon="-7.829950"><ele>607.187</ele><time>2024-08-14T10:30:08.285Z</time></trkpt><trkpt lat="42.875208" lon="-7.830010"><ele>607.115</ele><time>2024-08-14T10:30:11.285Z</time></trkpt><trkpt lat="42.875218" lon="-7.830083"><ele>607.109</ele><time>2024-08-14T10:30:14.285Z</time></trkpt><trkpt lat="42.875268" lon="-7.830121"><ele>607.122</ele><time>2024-08-14T10:30:16.285Z</time></trkpt><trkpt lat="42.875291" lon="-7.830178"><ele>607.179</ele><time>2024-08-14T10:30:19.285Z</time></trkpt><trkpt lat="42.875323" lon="-7.830225"><ele>607.391</ele><time>2024-08-14T10:30:23.285Z</time></trkpt><trkpt lat="42.875336" lon="-7.830322"><ele>607.410</ele><time>2024-08-14T10:30:26.285Z</time></trkpt><trkpt lat="42.875353" lon="-7.830389"><ele>607.448</ele><time>2024-08-14T10:30:28.285Z</time></trkpt><trkpt lat="42.875375" lon="-7.830447"><ele>607.425</ele><time>2024-08-14T10:30:30.285Z</time></trkpt><trkpt lat="42.875420" lon="-7.830495"><ele>607.560</ele><time>2024-08-14T10:30:33.285Z</time></trkpt><trkpt lat="42.875423" lon="-7.830563"><ele>606.799</ele><time>2024-08-14T10:30:42.285Z</time></trkpt><trkpt lat="42.875455" lon="-7.830621"><ele>604.540</ele><time>2024-08-14T10:30:47.285Z</time></trkpt><trkpt lat="42.875493" lon="-7.830669"><ele>603.151</ele><time>2024-08-14T10:30:51.285Z</time></trkpt><trkpt lat="42.875533" lon="-7.830714"><ele>601.301</ele><time>2024-08-14T10:30:54.285Z</time></trkpt><trkpt lat="42.875553" lon="-7.830779"><ele>600.211</ele><time>2024-08-14T10:30:57.285Z</time></trkpt><trkpt lat="42.875585" lon="-7.830841"><ele>599.909</ele><time>2024-08-14T10:31:01.285Z</time></trkpt><trkpt lat="42.875595" lon="-7.830911"><ele>599.866</ele><time>2024-08-14T10:31:02.285Z</time></trkpt><trkpt lat="42.875600" lon="-7.830994"><ele>599.783</ele><time>2024-08-14T10:31:03.285Z</time></trkpt><trkpt lat="42.875603" lon="-7.831067"><ele>598.755</ele><time>2024-08-14T10:31:05.285Z</time></trkpt><trkpt lat="42.875571" lon="-7.831150"><ele>597.794</ele><time>2024-08-14T10:31:13.285Z</time></trkpt><trkpt lat="42.875593" lon="-7.831218"><ele>598.082</ele><time>2024-08-14T10:31:16.285Z</time></trkpt><trkpt lat="42.875623" lon="-7.831273"><ele>598.039</ele><time>2024-08-14T10:31:19.285Z</time></trkpt><trkpt lat="42.875665" lon="-7.831306"><ele>598.664</ele><time>2024-08-14T10:31:22.285Z</time></trkpt><trkpt lat="42.875715" lon="-7.831338"><ele>601.163</ele><time>2024-08-14T10:31:25.285Z</time></trkpt><trkpt lat="42.875730" lon="-7.831400"><ele>602.544</ele><time>2024-08-14T10:31:28.285Z</time></trkpt><trkpt lat="42.875722" lon="-7.831472"><ele>602.497</ele><time>2024-08-14T10:31:33.285Z</time></trkpt><trkpt lat="42.875699" lon="-7.831559"><ele>600.223</ele><time>2024-08-14T10:31:43.285Z</time></trkpt><trkpt lat="42.875694" lon="-7.831626"><ele>599.825</ele><time>2024-08-14T10:31:49.285Z</time></trkpt><trkpt lat="42.875757" lon="-7.831866"><ele>597.809</ele><time>2024-08-14T10:32:02.285Z</time></trkpt><trkpt lat="42.875749" lon="-7.831939"><ele>597.470</ele><time>2024-08-14T10:32:04.285Z</time></trkpt><trkpt lat="42.875774" lon="-7.832001"><ele>597.467</ele><time>2024-08-14T10:32:07.285Z</time></trkpt><trkpt lat="42.875787" lon="-7.832068"><ele>597.699</ele><time>2024-08-14T10:32:09.285Z</time></trkpt><trkpt lat="42.875787" lon="-7.832151"><ele>594.358</ele><time>2024-08-14T10:32:12.285Z</time></trkpt><trkpt lat="42.875777" lon="-7.832234"><ele>593.896</ele><time>2024-08-14T10:32:15.285Z</time></trkpt><trkpt lat="42.875784" lon="-7.832299"><ele>593.223</ele><time>2024-08-14T10:32:18.285Z</time></trkpt><trkpt lat="42.875816" lon="-7.832351"><ele>593.148</ele><time>2024-08-14T10:32:21.285Z</time></trkpt><trkpt lat="42.875833" lon="-7.832411"><ele>592.847</ele><time>2024-08-14T10:32:24.285Z</time></trkpt><trkpt lat="42.875845" lon="-7.832476"><ele>592.488</ele><time>2024-08-14T10:32:27.285Z</time></trkpt><trkpt lat="42.875857" lon="-7.832553"><ele>591.734</ele><time>2024-08-14T10:32:31.285Z</time></trkpt><trkpt lat="42.875887" lon="-7.832618"><ele>591.055</ele><time>2024-08-14T10:32:35.285Z</time></trkpt><trkpt lat="42.875932" lon="-7.832638"><ele>590.610</ele><time>2024-08-14T10:32:39.285Z</time></trkpt><trkpt lat="42.875914" lon="-7.832698"><ele>590.609</ele><time>2024-08-14T10:32:43.285Z</time></trkpt><trkpt lat="42.875927" lon="-7.832771"><ele>590.694</ele><time>2024-08-14T10:32:45.285Z</time></trkpt><trkpt lat="42.875959" lon="-7.832829"><ele>591.071</ele><time>2024-08-14T10:32:48.285Z</time></trkpt><trkpt lat="42.876007" lon="-7.832841"><ele>593.573</ele><time>2024-08-14T10:32:51.285Z</time></trkpt><trkpt lat="42.875939" lon="-7.832964"><ele>597.112</ele><time>2024-08-14T10:32:58.285Z</time></trkpt><trkpt lat="42.875907" lon="-7.833012"><ele>599.750</ele><time>2024-08-14T10:33:00.285Z</time></trkpt><trkpt lat="42.875922" lon="-7.833087"><ele>601.637</ele><time>2024-08-14T10:33:03.285Z</time></trkpt><trkpt lat="42.875922" lon="-7.833152"><ele>602.262</ele><time>2024-08-14T10:33:05.285Z</time></trkpt><trkpt lat="42.875937" lon="-7.833222"><ele>603.721</ele><time>2024-08-14T10:33:08.285Z</time></trkpt><trkpt lat="42.875939" lon="-7.833289"><ele>603.982</ele><time>2024-08-14T10:33:10.285Z</time></trkpt><trkpt lat="42.875921" lon="-7.833357"><ele>603.829</ele><time>2024-08-14T10:33:13.285Z</time></trkpt><trkpt lat="42.875923" lon="-7.833422"><ele>603.800</ele><time>2024-08-14T10:33:15.285Z</time></trkpt><trkpt lat="42.875955" lon="-7.833492"><ele>602.820</ele><time>2024-08-14T10:33:20.285Z</time></trkpt><trkpt lat="42.875980" lon="-7.833575"><ele>601.909</ele><time>2024-08-14T10:33:27.285Z</time></trkpt><trkpt lat="42.875958" lon="-7.833768"><ele>599.063</ele><time>2024-08-14T10:33:38.285Z</time></trkpt><trkpt lat="42.875945" lon="-7.833855"><ele>593.240</ele><time>2024-08-14T10:33:41.285Z</time></trkpt><trkpt lat="42.875950" lon="-7.833917"><ele>592.112</ele><time>2024-08-14T10:33:44.285Z</time></trkpt><trkpt lat="42.875933" lon="-7.833975"><ele>591.381</ele><time>2024-08-14T10:33:47.285Z</time></trkpt><trkpt lat="42.875925" lon="-7.834043"><ele>589.299</ele><time>2024-08-14T10:33:50.285Z</time></trkpt><trkpt lat="42.875993" lon="-7.834146"><ele>589.016</ele><time>2024-08-14T10:33:59.285Z</time></trkpt><trkpt lat="42.876001" lon="-7.834228"><ele>589.091</ele><time>2024-08-14T10:34:02.285Z</time></trkpt><trkpt lat="42.876031" lon="-7.834276"><ele>589.090</ele><time>2024-08-14T10:34:06.285Z</time></trkpt><trkpt lat="42.876023" lon="-7.834351"><ele>589.191</ele><time>2024-08-14T10:34:11.285Z</time></trkpt><trkpt lat="42.876011" lon="-7.834418"><ele>592.725</ele><time>2024-08-14T10:34:15.285Z</time></trkpt><trkpt lat="42.876004" lon="-7.834483"><ele>593.926</ele><time>2024-08-14T10:34:17.285Z</time></trkpt><trkpt lat="42.876012" lon="-7.834556"><ele>594.608</ele><time>2024-08-14T10:34:20.285Z</time></trkpt><trkpt lat="42.876019" lon="-7.834619"><ele>598.509</ele><time>2024-08-14T10:34:23.285Z</time></trkpt><trkpt lat="42.876024" lon="-7.834709"><ele>600.923</ele><time>2024-08-14T10:34:28.285Z</time></trkpt><trkpt lat="42.876012" lon="-7.834791"><ele>602.440</ele><time>2024-08-14T10:34:34.285Z</time></trkpt><trkpt lat="42.875994" lon="-7.834876"><ele>605.082</ele><time>2024-08-14T10:34:39.285Z</time></trkpt><trkpt lat="42.875969" lon="-7.834939"><ele>605.151</ele><time>2024-08-14T10:34:43.285Z</time></trkpt><trkpt lat="42.875969" lon="-7.835012"><ele>605.159</ele><time>2024-08-14T10:34:47.285Z</time></trkpt><trkpt lat="42.875969" lon="-7.835079"><ele>605.186</ele><time>2024-08-14T10:34:51.285Z</time></trkpt><trkpt lat="42.875969" lon="-7.835159"><ele>603.551</ele><time>2024-08-14T10:34:55.285Z</time></trkpt><trkpt lat="42.875954" lon="-7.835236"><ele>603.270</ele><time>2024-08-14T10:34:59.285Z</time></trkpt><trkpt lat="42.876004" lon="-7.835223"><ele>603.021</ele><time>2024-08-14T10:35:02.285Z</time></trkpt><trkpt lat="42.875991" lon="-7.835303"><ele>603.096</ele><time>2024-08-14T10:35:06.285Z</time></trkpt><trkpt lat="42.875979" lon="-7.835373"><ele>603.031</ele><time>2024-08-14T10:35:08.285Z</time></trkpt><trkpt lat="42.875959" lon="-7.835431"><ele>604.924</ele><time>2024-08-14T10:35:12.285Z</time></trkpt><trkpt lat="42.875969" lon="-7.835496"><ele>604.909</ele><time>2024-08-14T10:35:16.285Z</time></trkpt><trkpt lat="42.875969" lon="-7.835576"><ele>603.250</ele><time>2024-08-14T10:35:18.285Z</time></trkpt><trkpt lat="42.875981" lon="-7.835648"><ele>603.227</ele><time>2024-08-14T10:35:21.285Z</time></trkpt><trkpt lat="42.875994" lon="-7.835740"><ele>603.299</ele><time>2024-08-14T10:35:24.285Z</time></trkpt><trkpt lat="42.875972" lon="-7.835807"><ele>604.978</ele><time>2024-08-14T10:35:27.285Z</time></trkpt><trkpt lat="42.875949" lon="-7.835879"><ele>605.996</ele><time>2024-08-14T10:35:31.285Z</time></trkpt><trkpt lat="42.875946" lon="-7.835954"><ele>606.223</ele><time>2024-08-14T10:35:34.285Z</time></trkpt><trkpt lat="42.875918" lon="-7.836027"><ele>606.978</ele><time>2024-08-14T10:35:37.285Z</time></trkpt><trkpt lat="42.875871" lon="-7.836075"><ele>607.447</ele><time>2024-08-14T10:35:40.285Z</time></trkpt><trkpt lat="42.875843" lon="-7.836125"><ele>607.938</ele><time>2024-08-14T10:35:43.285Z</time></trkpt><trkpt lat="42.875828" lon="-7.836217"><ele>615.693</ele><time>2024-08-14T10:36:05.285Z</time></trkpt><trkpt lat="42.875861" lon="-7.836264"><ele>616.465</ele><time>2024-08-14T10:36:08.285Z</time></trkpt><trkpt lat="42.875869" lon="-7.836336"><ele>616.821</ele><time>2024-08-14T10:36:15.285Z</time></trkpt><trkpt lat="42.875882" lon="-7.836398"><ele>616.809</ele><time>2024-08-14T10:36:18.285Z</time></trkpt><trkpt lat="42.875909" lon="-7.836451"><ele>616.860</ele><time>2024-08-14T10:36:21.285Z</time></trkpt><trkpt lat="42.875876" lon="-7.836516"><ele>621.197</ele><time>2024-08-14T10:36:24.285Z</time></trkpt><trkpt lat="42.875833" lon="-7.836499"><ele>622.079</ele><time>2024-08-14T10:36:26.285Z</time></trkpt><trkpt lat="42.875773" lon="-7.836487"><ele>622.638</ele><time>2024-08-14T10:36:27.285Z</time></trkpt><trkpt lat="42.875770" lon="-7.836549"><ele>626.266</ele><time>2024-08-14T10:36:36.285Z</time></trkpt><trkpt lat="42.875790" lon="-7.836461"><ele>629.433</ele><time>2024-08-14T10:36:52.285Z</time></trkpt><trkpt lat="42.875820" lon="-7.836411"><ele>629.548</ele><time>2024-08-14T10:36:54.285Z</time></trkpt><trkpt lat="42.875842" lon="-7.836348"><ele>629.527</ele><time>2024-08-14T10:36:56.285Z</time></trkpt><trkpt lat="42.875879" lon="-7.836300"><ele>629.568</ele><time>2024-08-14T10:37:03.285Z</time></trkpt><trkpt lat="42.875924" lon="-7.836313"><ele>629.193</ele><time>2024-08-14T10:37:12.285Z</time></trkpt><trkpt lat="42.875862" lon="-7.836360"><ele>629.065</ele><time>2024-08-14T10:37:20.285Z</time></trkpt><trkpt lat="42.875895" lon="-7.836157"><ele>629.321</ele><time>2024-08-14T10:37:35.285Z</time></trkpt><trkpt lat="42.875832" lon="-7.836185"><ele>620.309</ele><time>2024-08-14T10:37:49.285Z</time></trkpt><trkpt lat="42.875815" lon="-7.836260"><ele>615.380</ele><time>2024-08-14T10:39:08.285Z</time></trkpt><trkpt lat="42.875828" lon="-7.836345"><ele>615.347</ele><time>2024-08-14T10:39:16.285Z</time></trkpt><trkpt lat="42.875850" lon="-7.836412"><ele>615.389</ele><time>2024-08-14T10:39:18.285Z</time></trkpt><trkpt lat="42.875825" lon="-7.836474"><ele>615.348</ele><time>2024-08-14T10:39:21.285Z</time></trkpt><trkpt lat="42.875847" lon="-7.836537"><ele>607.546</ele><time>2024-08-14T10:39:25.285Z</time></trkpt><trkpt lat="42.875834" lon="-7.836600"><ele>605.923</ele><time>2024-08-14T10:39:29.285Z</time></trkpt><trkpt lat="42.875807" lon="-7.836655"><ele>605.958</ele><time>2024-08-14T10:39:32.285Z</time></trkpt><trkpt lat="42.875797" lon="-7.836717"><ele>606.017</ele><time>2024-08-14T10:39:35.285Z</time></trkpt><trkpt lat="42.875822" lon="-7.836775"><ele>606.178</ele><time>2024-08-14T10:39:42.285Z</time></trkpt><trkpt lat="42.875775" lon="-7.836922"><ele>606.264</ele><time>2024-08-14T10:39:50.285Z</time></trkpt><trkpt lat="42.875748" lon="-7.837007"><ele>606.206</ele><time>2024-08-14T10:39:53.285Z</time></trkpt><trkpt lat="42.875745" lon="-7.837120"><ele>605.716</ele><time>2024-08-14T10:39:59.285Z</time></trkpt><trkpt lat="42.875738" lon="-7.837187"><ele>605.309</ele><time>2024-08-14T10:40:02.285Z</time></trkpt><trkpt lat="42.875711" lon="-7.837285"><ele>605.397</ele><time>2024-08-14T10:40:07.285Z</time></trkpt><trkpt lat="42.875674" lon="-7.837345"><ele>605.394</ele><time>2024-08-14T10:40:10.285Z</time></trkpt><trkpt lat="42.875646" lon="-7.837403"><ele>605.256</ele><time>2024-08-14T10:40:13.285Z</time></trkpt><trkpt lat="42.875611" lon="-7.837476"><ele>605.535</ele><time>2024-08-14T10:40:20.285Z</time></trkpt><trkpt lat="42.875581" lon="-7.837524"><ele>605.793</ele><time>2024-08-14T10:40:25.285Z</time></trkpt><trkpt lat="42.875543" lon="-7.837596"><ele>605.720</ele><time>2024-08-14T10:40:29.285Z</time></trkpt><trkpt lat="42.875476" lon="-7.837746"><ele>606.065</ele><time>2024-08-14T10:40:40.285Z</time></trkpt><trkpt lat="42.875444" lon="-7.837816"><ele>606.034</ele><time>2024-08-14T10:40:43.285Z</time></trkpt><trkpt lat="42.875366" lon="-7.837933"><ele>607.095</ele><time>2024-08-14T10:40:53.285Z</time></trkpt><trkpt lat="42.875329" lon="-7.837995"><ele>608.581</ele><time>2024-08-14T10:40:56.285Z</time></trkpt><trkpt lat="42.875299" lon="-7.838042"><ele>608.661</ele><time>2024-08-14T10:40:58.285Z</time></trkpt><trkpt lat="42.875272" lon="-7.838104"><ele>608.617</ele><time>2024-08-14T10:41:01.285Z</time></trkpt><trkpt lat="42.875237" lon="-7.838167"><ele>611.409</ele><time>2024-08-14T10:41:04.285Z</time></trkpt><trkpt lat="42.875202" lon="-7.838229"><ele>613.089</ele><time>2024-08-14T10:41:07.285Z</time></trkpt><trkpt lat="42.875157" lon="-7.838261"><ele>614.776</ele><time>2024-08-14T10:41:11.285Z</time></trkpt><trkpt lat="42.875124" lon="-7.838309"><ele>616.138</ele><time>2024-08-14T10:41:16.285Z</time></trkpt><trkpt lat="42.875082" lon="-7.838372"><ele>616.067</ele><time>2024-08-14T10:41:20.285Z</time></trkpt><trkpt lat="42.875055" lon="-7.838425"><ele>616.045</ele><time>2024-08-14T10:41:23.285Z</time></trkpt><trkpt lat="42.875042" lon="-7.838492"><ele>615.412</ele><time>2024-08-14T10:41:27.285Z</time></trkpt><trkpt lat="42.875005" lon="-7.838592"><ele>615.427</ele><time>2024-08-14T10:41:35.285Z</time></trkpt><trkpt lat="42.874957" lon="-7.838677"><ele>615.826</ele><time>2024-08-14T10:41:41.285Z</time></trkpt><trkpt lat="42.874939" lon="-7.838735"><ele>616.577</ele><time>2024-08-14T10:41:44.285Z</time></trkpt><trkpt lat="42.874899" lon="-7.838797"><ele>617.958</ele><time>2024-08-14T10:41:48.285Z</time></trkpt><trkpt lat="42.874876" lon="-7.838875"><ele>618.252</ele><time>2024-08-14T10:41:52.285Z</time></trkpt><trkpt lat="42.874848" lon="-7.838953"><ele>618.317</ele><time>2024-08-14T10:41:58.285Z</time></trkpt><trkpt lat="42.874830" lon="-7.839015"><ele>618.509</ele><time>2024-08-14T10:42:01.285Z</time></trkpt><trkpt lat="42.874805" lon="-7.839072"><ele>618.696</ele><time>2024-08-14T10:42:05.285Z</time></trkpt><trkpt lat="42.874777" lon="-7.839127"><ele>619.013</ele><time>2024-08-14T10:42:10.285Z</time></trkpt><trkpt lat="42.874735" lon="-7.839172"><ele>620.185</ele><time>2024-08-14T10:42:14.285Z</time></trkpt><trkpt lat="42.874698" lon="-7.839232"><ele>620.284</ele><time>2024-08-14T10:42:17.285Z</time></trkpt><trkpt lat="42.874651" lon="-7.839280"><ele>620.282</ele><time>2024-08-14T10:42:20.285Z</time></trkpt><trkpt lat="42.874613" lon="-7.839317"><ele>620.179</ele><time>2024-08-14T10:42:23.285Z</time></trkpt><trkpt lat="42.874576" lon="-7.839355"><ele>617.894</ele><time>2024-08-14T10:42:26.285Z</time></trkpt><trkpt lat="42.874539" lon="-7.839420"><ele>617.273</ele><time>2024-08-14T10:42:30.285Z</time></trkpt><trkpt lat="42.874501" lon="-7.839488"><ele>616.694</ele><time>2024-08-14T10:42:35.285Z</time></trkpt><trkpt lat="42.874488" lon="-7.839550"><ele>614.447</ele><time>2024-08-14T10:42:39.285Z</time></trkpt><trkpt lat="42.874473" lon="-7.839623"><ele>612.929</ele><time>2024-08-14T10:42:44.285Z</time></trkpt><trkpt lat="42.874471" lon="-7.839703"><ele>611.421</ele><time>2024-08-14T10:42:48.285Z</time></trkpt><trkpt lat="42.874471" lon="-7.839788"><ele>609.109</ele><time>2024-08-14T10:42:53.285Z</time></trkpt><trkpt lat="42.874468" lon="-7.839861"><ele>608.525</ele><time>2024-08-14T10:42:56.285Z</time></trkpt><trkpt lat="42.874463" lon="-7.839926"><ele>608.582</ele><time>2024-08-14T10:43:00.285Z</time></trkpt><trkpt lat="42.874468" lon="-7.839999"><ele>609.524</ele><time>2024-08-14T10:43:05.285Z</time></trkpt><trkpt lat="42.874440" lon="-7.840051"><ele>610.573</ele><time>2024-08-14T10:43:09.285Z</time></trkpt><trkpt lat="42.874445" lon="-7.840118"><ele>610.811</ele><time>2024-08-14T10:43:12.285Z</time></trkpt><trkpt lat="42.874442" lon="-7.840191"><ele>611.038</ele><time>2024-08-14T10:43:16.285Z</time></trkpt><trkpt lat="42.874457" lon="-7.840283"><ele>611.993</ele><time>2024-08-14T10:43:21.285Z</time></trkpt><trkpt lat="42.874459" lon="-7.840345"><ele>612.782</ele><time>2024-08-14T10:43:24.285Z</time></trkpt><trkpt lat="42.874451" lon="-7.840467"><ele>612.833</ele><time>2024-08-14T10:43:30.285Z</time></trkpt><trkpt lat="42.874449" lon="-7.840540"><ele>612.898</ele><time>2024-08-14T10:43:32.285Z</time></trkpt><trkpt lat="42.874469" lon="-7.840612"><ele>612.815</ele><time>2024-08-14T10:43:35.285Z</time></trkpt><trkpt lat="42.874457" lon="-7.840682"><ele>612.726</ele><time>2024-08-14T10:43:38.285Z</time></trkpt><trkpt lat="42.874465" lon="-7.840747"><ele>612.509</ele><time>2024-08-14T10:43:43.285Z</time></trkpt><trkpt lat="42.874483" lon="-7.840922"><ele>610.840</ele><time>2024-08-14T10:44:02.285Z</time></trkpt><trkpt lat="42.874486" lon="-7.841002"><ele>610.467</ele><time>2024-08-14T10:44:05.285Z</time></trkpt><trkpt lat="42.874453" lon="-7.841044"><ele>610.429</ele><time>2024-08-14T10:44:07.285Z</time></trkpt><trkpt lat="42.874431" lon="-7.841126"><ele>610.418</ele><time>2024-08-14T10:44:09.285Z</time></trkpt><trkpt lat="42.874421" lon="-7.841203"><ele>613.236</ele><time>2024-08-14T10:44:11.285Z</time></trkpt><trkpt lat="42.874444" lon="-7.841270"><ele>614.743</ele><time>2024-08-14T10:44:13.285Z</time></trkpt><trkpt lat="42.874424" lon="-7.841327"><ele>616.028</ele><time>2024-08-14T10:44:15.285Z</time></trkpt><trkpt lat="42.874391" lon="-7.841384"><ele>616.137</ele><time>2024-08-14T10:44:22.285Z</time></trkpt><trkpt lat="42.874363" lon="-7.841459"><ele>616.378</ele><time>2024-08-14T10:44:25.285Z</time></trkpt><trkpt lat="42.874355" lon="-7.841539"><ele>616.936</ele><time>2024-08-14T10:44:28.285Z</time></trkpt><trkpt lat="42.874340" lon="-7.841601"><ele>618.517</ele><time>2024-08-14T10:44:31.285Z</time></trkpt><trkpt lat="42.874337" lon="-7.841676"><ele>618.718</ele><time>2024-08-14T10:44:34.285Z</time></trkpt><trkpt lat="42.874390" lon="-7.841671"><ele>618.809</ele><time>2024-08-14T10:44:38.285Z</time></trkpt><trkpt lat="42.874352" lon="-7.841854"><ele>616.764</ele><time>2024-08-14T10:44:48.285Z</time></trkpt><trkpt lat="42.874339" lon="-7.841947"><ele>613.181</ele><time>2024-08-14T10:44:50.285Z</time></trkpt><trkpt lat="42.874324" lon="-7.842012"><ele>613.073</ele><time>2024-08-14T10:44:52.285Z</time></trkpt><trkpt lat="42.874297" lon="-7.842077"><ele>613.072</ele><time>2024-08-14T10:44:54.285Z</time></trkpt><trkpt lat="42.874280" lon="-7.842149"><ele>614.660</ele><time>2024-08-14T10:44:59.285Z</time></trkpt><trkpt lat="42.874285" lon="-7.842234"><ele>616.527</ele><time>2024-08-14T10:45:05.285Z</time></trkpt><trkpt lat="42.874278" lon="-7.842296"><ele>616.962</ele><time>2024-08-14T10:45:08.285Z</time></trkpt><trkpt lat="42.874310" lon="-7.842361"><ele>617.191</ele><time>2024-08-14T10:45:14.285Z</time></trkpt><trkpt lat="42.874312" lon="-7.842503"><ele>617.522</ele><time>2024-08-14T10:45:23.285Z</time></trkpt><trkpt lat="42.874332" lon="-7.842575"><ele>617.814</ele><time>2024-08-14T10:45:39.285Z</time></trkpt><trkpt lat="42.874332" lon="-7.842738"><ele>617.254</ele><time>2024-08-14T10:45:55.285Z</time></trkpt><trkpt lat="42.874307" lon="-7.842820"><ele>616.609</ele><time>2024-08-14T10:45:58.285Z</time></trkpt><trkpt lat="42.874285" lon="-7.842875"><ele>616.209</ele><time>2024-08-14T10:46:01.285Z</time></trkpt><trkpt lat="42.874290" lon="-7.842948"><ele>616.232</ele><time>2024-08-14T10:46:06.285Z</time></trkpt><trkpt lat="42.874257" lon="-7.843001"><ele>614.789</ele><time>2024-08-14T10:46:09.285Z</time></trkpt><trkpt lat="42.874302" lon="-7.843138"><ele>615.171</ele><time>2024-08-14T10:46:19.285Z</time></trkpt><trkpt lat="42.874319" lon="-7.843198"><ele>615.130</ele><time>2024-08-14T10:46:21.285Z</time></trkpt><trkpt lat="42.874347" lon="-7.843253"><ele>615.568</ele><time>2024-08-14T10:46:25.285Z</time></trkpt><trkpt lat="42.874390" lon="-7.843300"><ele>616.035</ele><time>2024-08-14T10:46:31.285Z</time></trkpt><trkpt lat="42.874402" lon="-7.843380"><ele>616.750</ele><time>2024-08-14T10:46:35.285Z</time></trkpt><trkpt lat="42.874380" lon="-7.843513"><ele>617.599</ele><time>2024-08-14T10:46:46.285Z</time></trkpt><trkpt lat="42.874383" lon="-7.843575"><ele>617.940</ele><time>2024-08-14T10:46:48.285Z</time></trkpt><trkpt lat="42.874401" lon="-7.843673"><ele>618.987</ele><time>2024-08-14T10:46:54.285Z</time></trkpt><trkpt lat="42.874388" lon="-7.843770"><ele>620.042</ele><time>2024-08-14T10:47:01.285Z</time></trkpt><trkpt lat="42.874381" lon="-7.843913"><ele>620.926</ele><time>2024-08-14T10:47:08.285Z</time></trkpt><trkpt lat="42.874374" lon="-7.844000"><ele>620.909</ele><time>2024-08-14T10:47:14.285Z</time></trkpt><trkpt lat="42.874397" lon="-7.844133"><ele>620.799</ele><time>2024-08-14T10:47:25.285Z</time></trkpt><trkpt lat="42.874392" lon="-7.844205"><ele>620.226</ele><time>2024-08-14T10:47:30.285Z</time></trkpt><trkpt lat="42.874412" lon="-7.844383"><ele>620.628</ele><time>2024-08-14T10:47:41.285Z</time></trkpt><trkpt lat="42.874409" lon="-7.844455"><ele>621.627</ele><time>2024-08-14T10:47:44.285Z</time></trkpt><trkpt lat="42.874402" lon="-7.844517"><ele>621.655</ele><time>2024-08-14T10:47:48.285Z</time></trkpt><trkpt lat="42.874385" lon="-7.844692"><ele>623.642</ele><time>2024-08-14T10:48:01.285Z</time></trkpt><trkpt lat="42.874365" lon="-7.844850"><ele>624.127</ele><time>2024-08-14T10:48:11.285Z</time></trkpt><trkpt lat="42.874383" lon="-7.844970"><ele>627.436</ele><time>2024-08-14T10:48:18.285Z</time></trkpt><trkpt lat="42.874360" lon="-7.845035"><ele>628.157</ele><time>2024-08-14T10:48:21.285Z</time></trkpt><trkpt lat="42.874345" lon="-7.845118"><ele>628.836</ele><time>2024-08-14T10:48:24.285Z</time></trkpt><trkpt lat="42.874330" lon="-7.845188"><ele>628.917</ele><time>2024-08-14T10:48:27.285Z</time></trkpt><trkpt lat="42.874350" lon="-7.845266"><ele>628.118</ele><time>2024-08-14T10:48:31.285Z</time></trkpt><trkpt lat="42.874330" lon="-7.845343"><ele>626.009</ele><time>2024-08-14T10:48:34.285Z</time></trkpt><trkpt lat="42.874327" lon="-7.845405"><ele>624.014</ele><time>2024-08-14T10:48:38.285Z</time></trkpt><trkpt lat="42.874339" lon="-7.845570"><ele>619.761</ele><time>2024-08-14T10:48:49.285Z</time></trkpt><trkpt lat="42.874369" lon="-7.845775"><ele>620.183</ele><time>2024-08-14T10:49:03.285Z</time></trkpt><trkpt lat="42.874384" lon="-7.845905"><ele>621.512</ele><time>2024-08-14T10:49:10.285Z</time></trkpt><trkpt lat="42.874386" lon="-7.846007"><ele>628.130</ele><time>2024-08-14T10:49:16.285Z</time></trkpt><trkpt lat="42.874363" lon="-7.846065"><ele>630.677</ele><time>2024-08-14T10:49:19.285Z</time></trkpt><trkpt lat="42.874345" lon="-7.846137"><ele>629.972</ele><time>2024-08-14T10:49:22.285Z</time></trkpt><trkpt lat="42.874337" lon="-7.846199"><ele>630.841</ele><time>2024-08-14T10:49:25.285Z</time></trkpt><trkpt lat="42.874339" lon="-7.846261"><ele>630.292</ele><time>2024-08-14T10:49:28.285Z</time></trkpt><trkpt lat="42.874334" lon="-7.846331"><ele>628.041</ele><time>2024-08-14T10:49:31.285Z</time></trkpt><trkpt lat="42.874331" lon="-7.846394"><ele>624.981</ele><time>2024-08-14T10:49:34.285Z</time></trkpt><trkpt lat="42.874308" lon="-7.846552"><ele>624.309</ele><time>2024-08-14T10:49:44.285Z</time></trkpt><trkpt lat="42.874316" lon="-7.846644"><ele>625.509</ele><time>2024-08-14T10:49:49.285Z</time></trkpt><trkpt lat="42.874311" lon="-7.846706"><ele>625.545</ele><time>2024-08-14T10:49:52.285Z</time></trkpt><trkpt lat="42.874309" lon="-7.846768"><ele>625.582</ele><time>2024-08-14T10:49:55.285Z</time></trkpt><trkpt lat="42.874316" lon="-7.846833"><ele>625.564</ele><time>2024-08-14T10:49:58.285Z</time></trkpt><trkpt lat="42.874316" lon="-7.846896"><ele>623.073</ele><time>2024-08-14T10:50:02.285Z</time></trkpt><trkpt lat="42.874318" lon="-7.846966"><ele>620.511</ele><time>2024-08-14T10:50:05.285Z</time></trkpt><trkpt lat="42.874333" lon="-7.847058"><ele>619.738</ele><time>2024-08-14T10:50:11.285Z</time></trkpt><trkpt lat="42.874348" lon="-7.847135"><ele>619.843</ele><time>2024-08-14T10:50:17.285Z</time></trkpt><trkpt lat="42.874336" lon="-7.847207"><ele>619.962</ele><time>2024-08-14T10:50:21.285Z</time></trkpt><trkpt lat="42.874344" lon="-7.847299"><ele>620.133</ele><time>2024-08-14T10:50:29.285Z</time></trkpt><trkpt lat="42.874357" lon="-7.847374"><ele>620.144</ele><time>2024-08-14T10:50:33.285Z</time></trkpt><trkpt lat="42.874362" lon="-7.847486"><ele>620.105</ele><time>2024-08-14T10:50:41.285Z</time></trkpt><trkpt lat="42.874344" lon="-7.847601"><ele>618.615</ele><time>2024-08-14T10:50:47.285Z</time></trkpt><trkpt lat="42.874319" lon="-7.847699"><ele>618.209</ele><time>2024-08-14T10:50:52.285Z</time></trkpt><trkpt lat="42.874319" lon="-7.847776"><ele>618.245</ele><time>2024-08-14T10:50:55.285Z</time></trkpt><trkpt lat="42.874319" lon="-7.847848"><ele>620.272</ele><time>2024-08-14T10:50:58.285Z</time></trkpt><trkpt lat="42.874316" lon="-7.847928"><ele>620.534</ele><time>2024-08-14T10:51:02.285Z</time></trkpt><trkpt lat="42.874303" lon="-7.848000"><ele>620.813</ele><time>2024-08-14T10:51:07.285Z</time></trkpt><trkpt lat="42.874296" lon="-7.848105"><ele>620.841</ele><time>2024-08-14T10:51:13.285Z</time></trkpt><trkpt lat="42.874308" lon="-7.848250"><ele>621.028</ele><time>2024-08-14T10:51:22.285Z</time></trkpt><trkpt lat="42.874318" lon="-7.848330"><ele>621.073</ele><time>2024-08-14T10:51:26.285Z</time></trkpt><trkpt lat="42.874316" lon="-7.848478"><ele>621.152</ele><time>2024-08-14T10:51:34.285Z</time></trkpt><trkpt lat="42.874326" lon="-7.848540"><ele>621.323</ele><time>2024-08-14T10:51:37.285Z</time></trkpt><trkpt lat="42.874329" lon="-7.848683"><ele>620.052</ele><time>2024-08-14T10:51:43.285Z</time></trkpt><trkpt lat="42.874326" lon="-7.848746"><ele>619.653</ele><time>2024-08-14T10:51:46.285Z</time></trkpt><trkpt lat="42.874319" lon="-7.848814"><ele>619.108</ele><time>2024-08-14T10:51:49.285Z</time></trkpt><trkpt lat="42.874321" lon="-7.848889"><ele>619.309</ele><time>2024-08-14T10:51:52.285Z</time></trkpt><trkpt lat="42.874329" lon="-7.848954"><ele>619.856</ele><time>2024-08-14T10:51:55.285Z</time></trkpt><trkpt lat="42.874357" lon="-7.849004"><ele>621.793</ele><time>2024-08-14T10:51:59.285Z</time></trkpt><trkpt lat="42.874380" lon="-7.849071"><ele>624.155</ele><time>2024-08-14T10:52:04.285Z</time></trkpt><trkpt lat="42.874393" lon="-7.849144"><ele>625.034</ele><time>2024-08-14T10:52:08.285Z</time></trkpt><trkpt lat="42.874383" lon="-7.849219"><ele>626.192</ele><time>2024-08-14T10:52:11.285Z</time></trkpt><trkpt lat="42.874398" lon="-7.849277"><ele>627.229</ele><time>2024-08-14T10:52:14.285Z</time></trkpt><trkpt lat="42.874416" lon="-7.849337"><ele>627.454</ele><time>2024-08-14T10:52:17.285Z</time></trkpt><trkpt lat="42.874419" lon="-7.849412"><ele>627.433</ele><time>2024-08-14T10:52:21.285Z</time></trkpt><trkpt lat="42.874454" lon="-7.849454"><ele>626.694</ele><time>2024-08-14T10:52:25.285Z</time></trkpt><trkpt lat="42.874507" lon="-7.849539"><ele>624.767</ele><time>2024-08-14T10:52:30.285Z</time></trkpt><trkpt lat="42.874527" lon="-7.849602"><ele>622.581</ele><time>2024-08-14T10:52:35.285Z</time></trkpt><trkpt lat="42.874544" lon="-7.849667"><ele>621.719</ele><time>2024-08-14T10:52:38.285Z</time></trkpt><trkpt lat="42.874562" lon="-7.849739"><ele>620.609</ele><time>2024-08-14T10:52:43.285Z</time></trkpt><trkpt lat="42.874577" lon="-7.849806"><ele>620.247</ele><time>2024-08-14T10:52:46.285Z</time></trkpt><trkpt lat="42.874595" lon="-7.849898"><ele>618.854</ele><time>2024-08-14T10:52:52.285Z</time></trkpt><trkpt lat="42.874617" lon="-7.849980"><ele>617.686</ele><time>2024-08-14T10:52:58.285Z</time></trkpt><trkpt lat="42.874640" lon="-7.850045"><ele>617.185</ele><time>2024-08-14T10:53:01.285Z</time></trkpt><trkpt lat="42.874655" lon="-7.850105"><ele>617.083</ele><time>2024-08-14T10:53:03.285Z</time></trkpt><trkpt lat="42.874668" lon="-7.850182"><ele>617.060</ele><time>2024-08-14T10:53:06.285Z</time></trkpt><trkpt lat="42.874676" lon="-7.850249"><ele>616.835</ele><time>2024-08-14T10:53:09.285Z</time></trkpt><trkpt lat="42.874694" lon="-7.850307"><ele>617.774</ele><time>2024-08-14T10:53:12.285Z</time></trkpt><trkpt lat="42.874726" lon="-7.850369"><ele>619.535</ele><time>2024-08-14T10:53:16.285Z</time></trkpt><trkpt lat="42.874748" lon="-7.850426"><ele>621.453</ele><time>2024-08-14T10:53:19.285Z</time></trkpt><trkpt lat="42.874753" lon="-7.850498"><ele>622.104</ele><time>2024-08-14T10:53:22.285Z</time></trkpt><trkpt lat="42.874770" lon="-7.850560"><ele>623.114</ele><time>2024-08-14T10:53:26.285Z</time></trkpt><trkpt lat="42.874773" lon="-7.850627"><ele>623.409</ele><time>2024-08-14T10:53:29.285Z</time></trkpt><trkpt lat="42.874796" lon="-7.850689"><ele>623.476</ele><time>2024-08-14T10:53:34.285Z</time></trkpt><trkpt lat="42.874821" lon="-7.850746"><ele>623.443</ele><time>2024-08-14T10:53:37.285Z</time></trkpt><trkpt lat="42.874848" lon="-7.850804"><ele>623.035</ele><time>2024-08-14T10:53:41.285Z</time></trkpt><trkpt lat="42.874871" lon="-7.850874"><ele>622.494</ele><time>2024-08-14T10:53:45.285Z</time></trkpt><trkpt lat="42.874903" lon="-7.850919"><ele>620.262</ele><time>2024-08-14T10:53:48.285Z</time></trkpt><trkpt lat="42.874915" lon="-7.850982"><ele>618.679</ele><time>2024-08-14T10:53:51.285Z</time></trkpt><trkpt lat="42.874913" lon="-7.851055"><ele>617.684</ele><time>2024-08-14T10:53:55.285Z</time></trkpt><trkpt lat="42.874898" lon="-7.851127"><ele>616.743</ele><time>2024-08-14T10:53:59.285Z</time></trkpt><trkpt lat="42.874886" lon="-7.851195"><ele>614.284</ele><time>2024-08-14T10:54:04.285Z</time></trkpt><trkpt lat="42.874868" lon="-7.851275"><ele>613.625</ele><time>2024-08-14T10:54:09.285Z</time></trkpt><trkpt lat="42.874868" lon="-7.851347"><ele>613.126</ele><time>2024-08-14T10:54:13.285Z</time></trkpt><trkpt lat="42.874850" lon="-7.851477"><ele>612.308</ele><time>2024-08-14T10:54:21.285Z</time></trkpt><trkpt lat="42.874827" lon="-7.851539"><ele>611.609</ele><time>2024-08-14T10:54:24.285Z</time></trkpt><trkpt lat="42.874804" lon="-7.851604"><ele>610.113</ele><time>2024-08-14T10:54:28.285Z</time></trkpt><trkpt lat="42.874766" lon="-7.851661"><ele>609.880</ele><time>2024-08-14T10:54:34.285Z</time></trkpt><trkpt lat="42.874749" lon="-7.851724"><ele>609.872</ele><time>2024-08-14T10:54:38.285Z</time></trkpt><trkpt lat="42.874721" lon="-7.851792"><ele>609.851</ele><time>2024-08-14T10:54:42.285Z</time></trkpt><trkpt lat="42.874699" lon="-7.851860"><ele>610.169</ele><time>2024-08-14T10:54:46.285Z</time></trkpt><trkpt lat="42.874671" lon="-7.851908"><ele>610.066</ele><time>2024-08-14T10:54:51.285Z</time></trkpt><trkpt lat="42.874614" lon="-7.851960"><ele>610.091</ele><time>2024-08-14T10:54:55.285Z</time></trkpt><trkpt lat="42.874571" lon="-7.852020"><ele>609.780</ele><time>2024-08-14T10:55:00.285Z</time></trkpt><trkpt lat="42.874558" lon="-7.852097"><ele>609.771</ele><time>2024-08-14T10:55:03.285Z</time></trkpt><trkpt lat="42.874535" lon="-7.852152"><ele>610.135</ele><time>2024-08-14T10:55:06.285Z</time></trkpt><trkpt lat="42.874502" lon="-7.852212"><ele>610.286</ele><time>2024-08-14T10:55:09.285Z</time></trkpt><trkpt lat="42.874474" lon="-7.852265"><ele>610.214</ele><time>2024-08-14T10:55:12.285Z</time></trkpt><trkpt lat="42.874456" lon="-7.852338"><ele>609.809</ele><time>2024-08-14T10:55:17.285Z</time></trkpt><trkpt lat="42.874434" lon="-7.852463"><ele>608.194</ele><time>2024-08-14T10:55:25.285Z</time></trkpt><trkpt lat="42.874384" lon="-7.852605"><ele>607.941</ele><time>2024-08-14T10:55:36.285Z</time></trkpt><trkpt lat="42.874364" lon="-7.852667"><ele>607.913</ele><time>2024-08-14T10:55:39.285Z</time></trkpt><trkpt lat="42.874341" lon="-7.852730"><ele>607.922</ele><time>2024-08-14T10:55:42.285Z</time></trkpt><trkpt lat="42.874329" lon="-7.852810"><ele>607.940</ele><time>2024-08-14T10:55:48.285Z</time></trkpt><trkpt lat="42.874306" lon="-7.852888"><ele>607.917</ele><time>2024-08-14T10:55:53.285Z</time></trkpt><trkpt lat="42.874271" lon="-7.853045"><ele>611.372</ele><time>2024-08-14T10:56:06.285Z</time></trkpt><trkpt lat="42.874253" lon="-7.853310"><ele>613.341</ele><time>2024-08-14T10:56:17.285Z</time></trkpt><trkpt lat="42.874251" lon="-7.853385"><ele>616.692</ele><time>2024-08-14T10:56:20.285Z</time></trkpt><trkpt lat="42.874239" lon="-7.853447"><ele>616.428</ele><time>2024-08-14T10:56:23.285Z</time></trkpt><trkpt lat="42.874237" lon="-7.853514"><ele>616.489</ele><time>2024-08-14T10:56:26.285Z</time></trkpt><trkpt lat="42.874219" lon="-7.853582"><ele>615.917</ele><time>2024-08-14T10:56:30.285Z</time></trkpt><trkpt lat="42.874199" lon="-7.853650"><ele>616.209</ele><time>2024-08-14T10:56:33.285Z</time></trkpt><trkpt lat="42.874189" lon="-7.853722"><ele>616.263</ele><time>2024-08-14T10:56:36.285Z</time></trkpt><trkpt lat="42.874197" lon="-7.853789"><ele>616.310</ele><time>2024-08-14T10:56:38.285Z</time></trkpt><trkpt lat="42.874189" lon="-7.853922"><ele>615.942</ele><time>2024-08-14T10:56:47.285Z</time></trkpt><trkpt lat="42.874219" lon="-7.854022"><ele>613.421</ele><time>2024-08-14T10:56:54.285Z</time></trkpt><trkpt lat="42.874209" lon="-7.854099"><ele>612.939</ele><time>2024-08-14T10:56:57.285Z</time></trkpt><trkpt lat="42.874191" lon="-7.854169"><ele>609.576</ele><time>2024-08-14T10:57:00.285Z</time></trkpt><trkpt lat="42.874183" lon="-7.854234"><ele>607.521</ele><time>2024-08-14T10:57:03.285Z</time></trkpt><trkpt lat="42.874156" lon="-7.854291"><ele>607.510</ele><time>2024-08-14T10:57:06.285Z</time></trkpt><trkpt lat="42.874123" lon="-7.854356"><ele>607.411</ele><time>2024-08-14T10:57:09.285Z</time></trkpt><trkpt lat="42.874093" lon="-7.854431"><ele>607.855</ele><time>2024-08-14T10:57:13.285Z</time></trkpt><trkpt lat="42.874098" lon="-7.854496"><ele>609.507</ele><time>2024-08-14T10:57:16.285Z</time></trkpt><trkpt lat="42.874096" lon="-7.854566"><ele>610.017</ele><time>2024-08-14T10:57:19.285Z</time></trkpt><trkpt lat="42.874086" lon="-7.854628"><ele>611.809</ele><time>2024-08-14T10:57:22.285Z</time></trkpt><trkpt lat="42.874083" lon="-7.854695"><ele>613.256</ele><time>2024-08-14T10:57:25.285Z</time></trkpt><trkpt lat="42.874058" lon="-7.854753"><ele>615.983</ele><time>2024-08-14T10:57:29.285Z</time></trkpt><trkpt lat="42.874030" lon="-7.854810"><ele>616.025</ele><time>2024-08-14T10:57:33.285Z</time></trkpt><trkpt lat="42.874020" lon="-7.854882"><ele>616.044</ele><time>2024-08-14T10:57:37.285Z</time></trkpt><trkpt lat="42.874022" lon="-7.854955"><ele>616.092</ele><time>2024-08-14T10:57:41.285Z</time></trkpt><trkpt lat="42.874034" lon="-7.855025"><ele>615.949</ele><time>2024-08-14T10:57:45.285Z</time></trkpt><trkpt lat="42.874029" lon="-7.855087"><ele>615.314</ele><time>2024-08-14T10:57:49.285Z</time></trkpt><trkpt lat="42.874026" lon="-7.855152"><ele>613.523</ele><time>2024-08-14T10:57:53.285Z</time></trkpt><trkpt lat="42.874019" lon="-7.855220"><ele>611.194</ele><time>2024-08-14T10:57:57.285Z</time></trkpt><trkpt lat="42.874011" lon="-7.855300"><ele>609.226</ele><time>2024-08-14T10:58:01.285Z</time></trkpt><trkpt lat="42.874016" lon="-7.855368"><ele>607.847</ele><time>2024-08-14T10:58:04.285Z</time></trkpt><trkpt lat="42.874011" lon="-7.855448"><ele>607.111</ele><time>2024-08-14T10:58:08.285Z</time></trkpt><trkpt lat="42.874008" lon="-7.855531"><ele>607.009</ele><time>2024-08-14T10:58:12.285Z</time></trkpt><trkpt lat="42.874008" lon="-7.855609"><ele>606.823</ele><time>2024-08-14T10:58:16.285Z</time></trkpt><trkpt lat="42.874006" lon="-7.855677"><ele>606.780</ele><time>2024-08-14T10:58:20.285Z</time></trkpt><trkpt lat="42.874011" lon="-7.855797"><ele>605.672</ele><time>2024-08-14T10:58:28.285Z</time></trkpt><trkpt lat="42.874023" lon="-7.855859"><ele>604.231</ele><time>2024-08-14T10:58:31.285Z</time></trkpt><trkpt lat="42.874013" lon="-7.855931"><ele>603.839</ele><time>2024-08-14T10:58:35.285Z</time></trkpt><trkpt lat="42.874008" lon="-7.856011"><ele>603.726</ele><time>2024-08-14T10:58:39.285Z</time></trkpt><trkpt lat="42.873998" lon="-7.856088"><ele>603.541</ele><time>2024-08-14T10:58:42.285Z</time></trkpt><trkpt lat="42.873988" lon="-7.856168"><ele>603.550</ele><time>2024-08-14T10:58:46.285Z</time></trkpt><trkpt lat="42.873986" lon="-7.856251"><ele>603.481</ele><time>2024-08-14T10:58:49.285Z</time></trkpt><trkpt lat="42.873978" lon="-7.856324"><ele>603.488</ele><time>2024-08-14T10:58:52.285Z</time></trkpt><trkpt lat="42.873975" lon="-7.856396"><ele>603.624</ele><time>2024-08-14T10:58:56.285Z</time></trkpt><trkpt lat="42.873967" lon="-7.856466"><ele>603.926</ele><time>2024-08-14T10:59:01.285Z</time></trkpt><trkpt lat="42.873965" lon="-7.856574"><ele>603.909</ele><time>2024-08-14T10:59:08.285Z</time></trkpt><trkpt lat="42.873960" lon="-7.856657"><ele>603.889</ele><time>2024-08-14T10:59:11.285Z</time></trkpt><trkpt lat="42.873947" lon="-7.856729"><ele>603.076</ele><time>2024-08-14T10:59:14.285Z</time></trkpt><trkpt lat="42.873949" lon="-7.856796"><ele>602.048</ele><time>2024-08-14T10:59:17.285Z</time></trkpt><trkpt lat="42.873941" lon="-7.856861"><ele>601.737</ele><time>2024-08-14T10:59:21.285Z</time></trkpt><trkpt lat="42.873931" lon="-7.857011"><ele>602.065</ele><time>2024-08-14T10:59:30.285Z</time></trkpt><trkpt lat="42.873928" lon="-7.857123"><ele>603.972</ele><time>2024-08-14T10:59:36.285Z</time></trkpt><trkpt lat="42.873923" lon="-7.857191"><ele>603.917</ele><time>2024-08-14T10:59:39.285Z</time></trkpt><trkpt lat="42.873928" lon="-7.857256"><ele>603.966</ele><time>2024-08-14T10:59:42.285Z</time></trkpt><trkpt lat="42.873931" lon="-7.857326"><ele>602.757</ele><time>2024-08-14T10:59:45.285Z</time></trkpt><trkpt lat="42.873936" lon="-7.857388"><ele>602.224</ele><time>2024-08-14T10:59:48.285Z</time></trkpt><trkpt lat="42.873929" lon="-7.857461"><ele>600.004</ele><time>2024-08-14T10:59:52.285Z</time></trkpt><trkpt lat="42.873939" lon="-7.857536"><ele>599.314</ele><time>2024-08-14T10:59:56.286Z</time></trkpt><trkpt lat="42.873916" lon="-7.857589"><ele>598.109</ele><time>2024-08-14T11:00:02.286Z</time></trkpt><trkpt lat="42.873874" lon="-7.857619"><ele>597.263</ele><time>2024-08-14T11:00:13.286Z</time></trkpt><trkpt lat="42.873826" lon="-7.857567"><ele>591.530</ele><time>2024-08-14T11:00:40.286Z</time></trkpt><trkpt lat="42.873668" lon="-7.857634"><ele>589.372</ele><time>2024-08-14T11:00:44.286Z</time></trkpt><trkpt lat="42.873620" lon="-7.857666"><ele>588.061</ele><time>2024-08-14T11:00:47.286Z</time></trkpt><trkpt lat="42.873573" lon="-7.857668"><ele>586.729</ele><time>2024-08-14T11:00:48.286Z</time></trkpt><trkpt lat="42.873513" lon="-7.857703"><ele>585.486</ele><time>2024-08-14T11:00:49.286Z</time></trkpt><trkpt lat="42.873456" lon="-7.857713"><ele>590.991</ele><time>2024-08-14T11:00:55.286Z</time></trkpt><trkpt lat="42.873419" lon="-7.857591"><ele>591.140</ele><time>2024-08-14T11:01:02.286Z</time></trkpt><trkpt lat="42.873519" lon="-7.857604"><ele>591.171</ele><time>2024-08-14T11:01:15.286Z</time></trkpt><trkpt lat="42.873566" lon="-7.857644"><ele>591.156</ele><time>2024-08-14T11:01:25.286Z</time></trkpt><trkpt lat="42.873744" lon="-7.857679"><ele>589.459</ele><time>2024-08-14T11:01:33.286Z</time></trkpt><trkpt lat="42.873857" lon="-7.857819"><ele>589.514</ele><time>2024-08-14T11:01:42.286Z</time></trkpt><trkpt lat="42.873870" lon="-7.857896"><ele>590.109</ele><time>2024-08-14T11:01:45.286Z</time></trkpt><trkpt lat="42.873870" lon="-7.858101"><ele>589.486</ele><time>2024-08-14T11:01:52.286Z</time></trkpt><trkpt lat="42.873852" lon="-7.858178"><ele>589.413</ele><time>2024-08-14T11:01:56.286Z</time></trkpt><trkpt lat="42.873827" lon="-7.858275"><ele>593.585</ele><time>2024-08-14T11:02:04.286Z</time></trkpt><trkpt lat="42.873809" lon="-7.858352"><ele>595.324</ele><time>2024-08-14T11:02:07.286Z</time></trkpt><trkpt lat="42.873792" lon="-7.858417"><ele>595.462</ele><time>2024-08-14T11:02:11.286Z</time></trkpt><trkpt lat="42.873795" lon="-7.858527"><ele>597.219</ele><time>2024-08-14T11:02:19.286Z</time></trkpt><trkpt lat="42.873777" lon="-7.858700"><ele>597.294</ele><time>2024-08-14T11:02:29.286Z</time></trkpt><trkpt lat="42.873810" lon="-7.858765"><ele>597.133</ele><time>2024-08-14T11:02:32.286Z</time></trkpt><trkpt lat="42.873800" lon="-7.858827"><ele>597.124</ele><time>2024-08-14T11:02:36.286Z</time></trkpt><trkpt lat="42.873748" lon="-7.858999"><ele>594.068</ele><time>2024-08-14T11:02:47.286Z</time></trkpt><trkpt lat="42.873725" lon="-7.859192"><ele>588.642</ele><time>2024-08-14T11:02:57.286Z</time></trkpt><trkpt lat="42.873755" lon="-7.859354"><ele>586.426</ele><time>2024-08-14T11:03:50.286Z</time></trkpt><trkpt lat="42.873733" lon="-7.859444"><ele>586.409</ele><time>2024-08-14T11:03:55.286Z</time></trkpt><trkpt lat="42.873716" lon="-7.859576"><ele>586.477</ele><time>2024-08-14T11:04:06.286Z</time></trkpt><trkpt lat="42.873711" lon="-7.859658"><ele>589.994</ele><time>2024-08-14T11:04:11.286Z</time></trkpt><trkpt lat="42.873706" lon="-7.859735"><ele>589.926</ele><time>2024-08-14T11:04:15.286Z</time></trkpt><trkpt lat="42.873693" lon="-7.859797"><ele>590.095</ele><time>2024-08-14T11:04:19.286Z</time></trkpt><trkpt lat="42.873681" lon="-7.859860"><ele>590.943</ele><time>2024-08-14T11:04:23.286Z</time></trkpt><trkpt lat="42.873669" lon="-7.859958"><ele>591.650</ele><time>2024-08-14T11:04:29.286Z</time></trkpt><trkpt lat="42.873646" lon="-7.860028"><ele>591.945</ele><time>2024-08-14T11:04:33.286Z</time></trkpt><trkpt lat="42.873633" lon="-7.860096"><ele>591.964</ele><time>2024-08-14T11:04:37.286Z</time></trkpt><trkpt lat="42.873620" lon="-7.860166"><ele>591.945</ele><time>2024-08-14T11:04:41.286Z</time></trkpt><trkpt lat="42.873608" lon="-7.860228"><ele>592.996</ele><time>2024-08-14T11:04:45.286Z</time></trkpt><trkpt lat="42.873605" lon="-7.860298"><ele>593.431</ele><time>2024-08-14T11:04:49.286Z</time></trkpt><trkpt lat="42.873617" lon="-7.860375"><ele>593.524</ele><time>2024-08-14T11:04:53.286Z</time></trkpt><trkpt lat="42.873620" lon="-7.860437"><ele>593.509</ele><time>2024-08-14T11:04:56.286Z</time></trkpt><trkpt lat="42.873618" lon="-7.860520"><ele>593.130</ele><time>2024-08-14T11:05:00.286Z</time></trkpt><trkpt lat="42.873616" lon="-7.860592"><ele>593.077</ele><time>2024-08-14T11:05:03.286Z</time></trkpt><trkpt lat="42.873604" lon="-7.860702"><ele>592.349</ele><time>2024-08-14T11:05:09.286Z</time></trkpt><trkpt lat="42.873601" lon="-7.860767"><ele>592.298</ele><time>2024-08-14T11:05:12.286Z</time></trkpt><trkpt lat="42.873593" lon="-7.860839"><ele>592.166</ele><time>2024-08-14T11:05:16.286Z</time></trkpt><trkpt lat="42.873595" lon="-7.860904"><ele>591.493</ele><time>2024-08-14T11:05:20.286Z</time></trkpt><trkpt lat="42.873592" lon="-7.860967"><ele>591.348</ele><time>2024-08-14T11:05:25.286Z</time></trkpt><trkpt lat="42.873587" lon="-7.861042"><ele>591.067</ele><time>2024-08-14T11:05:29.286Z</time></trkpt><trkpt lat="42.873582" lon="-7.861114"><ele>590.418</ele><time>2024-08-14T11:05:33.286Z</time></trkpt><trkpt lat="42.873589" lon="-7.861184"><ele>588.897</ele><time>2024-08-14T11:05:37.286Z</time></trkpt><trkpt lat="42.873572" lon="-7.861302"><ele>587.923</ele><time>2024-08-14T11:05:44.286Z</time></trkpt><trkpt lat="42.873584" lon="-7.861369"><ele>587.325</ele><time>2024-08-14T11:05:47.286Z</time></trkpt><trkpt lat="42.873586" lon="-7.861439"><ele>587.209</ele><time>2024-08-14T11:05:50.286Z</time></trkpt><trkpt lat="42.873573" lon="-7.861511"><ele>586.480</ele><time>2024-08-14T11:05:54.286Z</time></trkpt><trkpt lat="42.873550" lon="-7.861578"><ele>586.187</ele><time>2024-08-14T11:05:59.286Z</time></trkpt><trkpt lat="42.873517" lon="-7.861650"><ele>586.129</ele><time>2024-08-14T11:06:04.286Z</time></trkpt><trkpt lat="42.873507" lon="-7.861723"><ele>586.418</ele><time>2024-08-14T11:06:08.286Z</time></trkpt><trkpt lat="42.873487" lon="-7.861800"><ele>587.826</ele><time>2024-08-14T11:06:14.286Z</time></trkpt><trkpt lat="42.873452" lon="-7.861973"><ele>592.393</ele><time>2024-08-14T11:06:25.286Z</time></trkpt><trkpt lat="42.873415" lon="-7.862075"><ele>593.848</ele><time>2024-08-14T11:06:32.286Z</time></trkpt><trkpt lat="42.873380" lon="-7.862198"><ele>593.897</ele><time>2024-08-14T11:06:40.286Z</time></trkpt><trkpt lat="42.873367" lon="-7.862268"><ele>593.648</ele><time>2024-08-14T11:06:44.286Z</time></trkpt><trkpt lat="42.873357" lon="-7.862328"><ele>593.741</ele><time>2024-08-14T11:06:47.286Z</time></trkpt><trkpt lat="42.873344" lon="-7.862388"><ele>593.681</ele><time>2024-08-14T11:06:50.286Z</time></trkpt><trkpt lat="42.873319" lon="-7.862461"><ele>593.809</ele><time>2024-08-14T11:06:54.286Z</time></trkpt><trkpt lat="42.873309" lon="-7.862536"><ele>594.609</ele><time>2024-08-14T11:06:58.286Z</time></trkpt><trkpt lat="42.873297" lon="-7.862598"><ele>595.935</ele><time>2024-08-14T11:07:01.286Z</time></trkpt><trkpt lat="42.873280" lon="-7.862658"><ele>597.692</ele><time>2024-08-14T11:07:05.286Z</time></trkpt><trkpt lat="42.873277" lon="-7.862725"><ele>598.014</ele><time>2024-08-14T11:07:09.286Z</time></trkpt><trkpt lat="42.873287" lon="-7.862792"><ele>598.043</ele><time>2024-08-14T11:07:12.286Z</time></trkpt><trkpt lat="42.873279" lon="-7.862912"><ele>597.831</ele><time>2024-08-14T11:07:18.286Z</time></trkpt><trkpt lat="42.873301" lon="-7.863034"><ele>596.578</ele><time>2024-08-14T11:07:27.286Z</time></trkpt><trkpt lat="42.873339" lon="-7.863199"><ele>596.863</ele><time>2024-08-14T11:07:38.286Z</time></trkpt><trkpt lat="42.873376" lon="-7.863397"><ele>597.892</ele><time>2024-08-14T11:07:46.286Z</time></trkpt><trkpt lat="42.873388" lon="-7.863469"><ele>600.933</ele><time>2024-08-14T11:07:48.286Z</time></trkpt><trkpt lat="42.873391" lon="-7.863549"><ele>600.912</ele><time>2024-08-14T11:07:51.286Z</time></trkpt><trkpt lat="42.873418" lon="-7.863606"><ele>601.232</ele><time>2024-08-14T11:07:55.286Z</time></trkpt><trkpt lat="42.873426" lon="-7.863684"><ele>601.205</ele><time>2024-08-14T11:07:58.286Z</time></trkpt><trkpt lat="42.873403" lon="-7.863812"><ele>598.609</ele><time>2024-08-14T11:08:10.286Z</time></trkpt><trkpt lat="42.873380" lon="-7.863877"><ele>597.642</ele><time>2024-08-14T11:08:16.286Z</time></trkpt><trkpt lat="42.873332" lon="-7.864000"><ele>596.779</ele><time>2024-08-14T11:08:28.286Z</time></trkpt><trkpt lat="42.873320" lon="-7.864075"><ele>593.951</ele><time>2024-08-14T11:08:32.286Z</time></trkpt><trkpt lat="42.873305" lon="-7.864138"><ele>593.620</ele><time>2024-08-14T11:08:36.286Z</time></trkpt><trkpt lat="42.873288" lon="-7.864248"><ele>592.248</ele><time>2024-08-14T11:08:42.286Z</time></trkpt><trkpt lat="42.873278" lon="-7.864321"><ele>591.565</ele><time>2024-08-14T11:08:45.286Z</time></trkpt><trkpt lat="42.873260" lon="-7.864379"><ele>591.370</ele><time>2024-08-14T11:08:48.286Z</time></trkpt><trkpt lat="42.873232" lon="-7.864441"><ele>591.259</ele><time>2024-08-14T11:08:50.286Z</time></trkpt><trkpt lat="42.873210" lon="-7.864504"><ele>591.160</ele><time>2024-08-14T11:08:53.286Z</time></trkpt><trkpt lat="42.873168" lon="-7.864556"><ele>589.464</ele><time>2024-08-14T11:08:56.286Z</time></trkpt><trkpt lat="42.873128" lon="-7.864601"><ele>585.906</ele><time>2024-08-14T11:09:02.286Z</time></trkpt><trkpt lat="42.873095" lon="-7.864649"><ele>583.816</ele><time>2024-08-14T11:09:06.286Z</time></trkpt><trkpt lat="42.873087" lon="-7.864717"><ele>582.809</ele><time>2024-08-14T11:09:10.286Z</time></trkpt><trkpt lat="42.873067" lon="-7.864774"><ele>581.187</ele><time>2024-08-14T11:09:13.286Z</time></trkpt><trkpt lat="42.873047" lon="-7.864839"><ele>578.694</ele><time>2024-08-14T11:09:18.286Z</time></trkpt><trkpt lat="42.873012" lon="-7.864894"><ele>577.146</ele><time>2024-08-14T11:09:22.286Z</time></trkpt><trkpt lat="42.872972" lon="-7.865007"><ele>576.825</ele><time>2024-08-14T11:09:28.286Z</time></trkpt><trkpt lat="42.872949" lon="-7.865077"><ele>576.993</ele><time>2024-08-14T11:09:32.286Z</time></trkpt><trkpt lat="42.872927" lon="-7.865137"><ele>577.640</ele><time>2024-08-14T11:09:35.286Z</time></trkpt><trkpt lat="42.872897" lon="-7.865189"><ele>577.615</ele><time>2024-08-14T11:09:38.286Z</time></trkpt><trkpt lat="42.872842" lon="-7.865371"><ele>577.844</ele><time>2024-08-14T11:09:51.286Z</time></trkpt><trkpt lat="42.872815" lon="-7.865444"><ele>577.635</ele><time>2024-08-14T11:09:55.286Z</time></trkpt><trkpt lat="42.872808" lon="-7.865556"><ele>577.673</ele><time>2024-08-14T11:10:00.286Z</time></trkpt><trkpt lat="42.872811" lon="-7.865671"><ele>570.085</ele><time>2024-08-14T11:10:07.286Z</time></trkpt><trkpt lat="42.872806" lon="-7.865738"><ele>568.113</ele><time>2024-08-14T11:10:10.286Z</time></trkpt><trkpt lat="42.872803" lon="-7.865800"><ele>567.109</ele><time>2024-08-14T11:10:15.286Z</time></trkpt><trkpt lat="42.872800" lon="-7.865868"><ele>567.098</ele><time>2024-08-14T11:10:18.286Z</time></trkpt><trkpt lat="42.872793" lon="-7.865938"><ele>566.645</ele><time>2024-08-14T11:10:21.286Z</time></trkpt><trkpt lat="42.872788" lon="-7.866011"><ele>566.097</ele><time>2024-08-14T11:10:24.286Z</time></trkpt><trkpt lat="42.872773" lon="-7.866081"><ele>565.876</ele><time>2024-08-14T11:10:27.286Z</time></trkpt><trkpt lat="42.872760" lon="-7.866216"><ele>561.724</ele><time>2024-08-14T11:10:36.286Z</time></trkpt><trkpt lat="42.872773" lon="-7.866283"><ele>561.451</ele><time>2024-08-14T11:10:39.286Z</time></trkpt><trkpt lat="42.872801" lon="-7.866345"><ele>561.436</ele><time>2024-08-14T11:10:43.286Z</time></trkpt><trkpt lat="42.872803" lon="-7.866418"><ele>561.455</ele><time>2024-08-14T11:10:46.286Z</time></trkpt><trkpt lat="42.872858" lon="-7.866595"><ele>564.716</ele><time>2024-08-14T11:10:58.286Z</time></trkpt><trkpt lat="42.872855" lon="-7.866695"><ele>564.715</ele><time>2024-08-14T11:11:04.286Z</time></trkpt><trkpt lat="42.872883" lon="-7.866765"><ele>564.765</ele><time>2024-08-14T11:11:08.286Z</time></trkpt><trkpt lat="42.872888" lon="-7.866838"><ele>561.011</ele><time>2024-08-14T11:11:12.286Z</time></trkpt><trkpt lat="42.872858" lon="-7.866885"><ele>560.009</ele><time>2024-08-14T11:11:16.286Z</time></trkpt><trkpt lat="42.872840" lon="-7.866948"><ele>558.282</ele><time>2024-08-14T11:11:21.286Z</time></trkpt><trkpt lat="42.872815" lon="-7.867001"><ele>555.949</ele><time>2024-08-14T11:11:25.286Z</time></trkpt><trkpt lat="42.872808" lon="-7.867069"><ele>554.451</ele><time>2024-08-14T11:11:28.286Z</time></trkpt><trkpt lat="42.872783" lon="-7.867176"><ele>552.610</ele><time>2024-08-14T11:11:35.286Z</time></trkpt><trkpt lat="42.872786" lon="-7.867344"><ele>552.788</ele><time>2024-08-14T11:11:45.286Z</time></trkpt><trkpt lat="42.872798" lon="-7.867529"><ele>553.445</ele><time>2024-08-14T11:11:58.286Z</time></trkpt><trkpt lat="42.872720" lon="-7.867661"><ele>557.760</ele><time>2024-08-14T11:12:30.286Z</time></trkpt><trkpt lat="42.872678" lon="-7.867711"><ele>557.799</ele><time>2024-08-14T11:12:34.286Z</time></trkpt><trkpt lat="42.872623" lon="-7.867889"><ele>557.730</ele><time>2024-08-14T11:12:46.286Z</time></trkpt><trkpt lat="42.872596" lon="-7.867956"><ele>557.872</ele><time>2024-08-14T11:12:50.286Z</time></trkpt><trkpt lat="42.872556" lon="-7.867993"><ele>557.813</ele><time>2024-08-14T11:12:53.286Z</time></trkpt><trkpt lat="42.872521" lon="-7.868043"><ele>557.814</ele><time>2024-08-14T11:12:58.286Z</time></trkpt><trkpt lat="42.872479" lon="-7.868088"><ele>559.209</ele><time>2024-08-14T11:13:03.286Z</time></trkpt><trkpt lat="42.872509" lon="-7.868196"><ele>565.398</ele><time>2024-08-14T11:13:26.286Z</time></trkpt><trkpt lat="42.872612" lon="-7.868214"><ele>565.445</ele><time>2024-08-14T11:13:49.286Z</time></trkpt><trkpt lat="42.872689" lon="-7.868281"><ele>565.447</ele><time>2024-08-14T11:13:59.286Z</time></trkpt><trkpt lat="42.872737" lon="-7.868298"><ele>566.226</ele><time>2024-08-14T11:14:03.286Z</time></trkpt><trkpt lat="42.872792" lon="-7.868311"><ele>562.974</ele><time>2024-08-14T11:14:09.286Z</time></trkpt><trkpt lat="42.872840" lon="-7.868333"><ele>561.541</ele><time>2024-08-14T11:14:13.286Z</time></trkpt><trkpt lat="42.872942" lon="-7.868446"><ele>556.076</ele><time>2024-08-14T11:14:27.286Z</time></trkpt><trkpt lat="42.873032" lon="-7.868528"><ele>554.755</ele><time>2024-08-14T11:14:47.286Z</time></trkpt><trkpt lat="42.873149" lon="-7.868695"><ele>554.776</ele><time>2024-08-14T11:15:01.286Z</time></trkpt><trkpt lat="42.873199" lon="-7.868775"><ele>557.797</ele><time>2024-08-14T11:15:06.286Z</time></trkpt><trkpt lat="42.873252" lon="-7.868803"><ele>557.723</ele><time>2024-08-14T11:15:10.286Z</time></trkpt><trkpt lat="42.873279" lon="-7.868855"><ele>553.525</ele><time>2024-08-14T11:15:14.286Z</time></trkpt><trkpt lat="42.873304" lon="-7.869015"><ele>552.709</ele><time>2024-08-14T11:15:23.286Z</time></trkpt><trkpt lat="42.873301" lon="-7.869187"><ele>550.180</ele><time>2024-08-14T11:15:34.286Z</time></trkpt><trkpt lat="42.873333" lon="-7.869259"><ele>545.767</ele><time>2024-08-14T11:15:40.286Z</time></trkpt><trkpt lat="42.873341" lon="-7.869414"><ele>545.739</ele><time>2024-08-14T11:15:59.286Z</time></trkpt><trkpt lat="42.873331" lon="-7.869479"><ele>545.588</ele><time>2024-08-14T11:16:02.286Z</time></trkpt></trkseg></trk></gpx>