<?xml version="1.0" encoding="UTF-8"?><gpx creator="Wikiloc - https://www.wikiloc.com" version="1.1" xmlns="http://www.topografix.com/GPX/1/1" xmlns:xsi="http://www.w3.org/2001/XMLSchema-instance" xsi:schemaLocation="http://www.topografix.com/GPX/1/1 http://www.topografix.com/GPX/1/1/gpx.xsd"><metadata><name>Wikiloc - Melide - Arzúa - Camino de Santiago Francés</name><author><name>Pepe Patio</name><link href="https://www.wikiloc.com/wikiloc/user.do?id=2162040"><text>Pepe Patio on Wikiloc</text></link></author><link href="https://www.wikiloc.com/hiking-trails/melide-arzua-camino-de-santiago-frances-175004319"><text>Melide - Arzúa - Camino de Santiago Francés on Wikiloc</text></link><time>2024-06-22T11:31:47.064Z</time></metadata><trk><name>Melide - Arzúa - Camino de Santiago Francés - Wikiloc</name><cmt></cmt><desc></desc><trkseg><trkpt lat="42.914697" lon="-8.017557"><ele>461.699</ele><time>2024-06-22T06:37:44.092Z</time></trkpt><trkpt lat="42.914682" lon="-8.017624"><ele>460.007</ele><time>2024-06-22T06:37:57.092Z</time></trkpt><trkpt lat="42.914648" lon="-8.017675"><ele>458.127</ele><time>2024-06-22T06:38:03.092Z</time></trkpt><trkpt lat="42.914652" lon="-8.017741"><ele>457.909</ele><time>2024-06-22T06:38:09.092Z</time></trkpt><trkpt lat="42.914644" lon="-8.017806"><ele>457.590</ele><time>2024-06-22T06:38:15.092Z</time></trkpt><trkpt lat="42.914636" lon="-8.017872"><ele>457.136</ele><time>2024-06-22T06:38:21.092Z</time></trkpt><trkpt lat="42.914612" lon="-8.017930"><ele>456.544</ele><time>2024-06-22T06:38:26.092Z</time></trkpt><trkpt lat="42.914598" lon="-8.018010"><ele>455.889</ele><time>2024-06-22T06:38:31.092Z</time></trkpt><trkpt lat="42.914591" lon="-8.018078"><ele>454.959</ele><time>2024-06-22T06:38:36.094Z</time></trkpt><trkpt lat="42.914571" lon="-8.018146"><ele>454.583</ele><time>2024-06-22T06:38:41.098Z</time></trkpt><trkpt lat="42.914557" lon="-8.018206"><ele>454.042</ele><time>2024-06-22T06:38:46.101Z</time></trkpt><trkpt lat="42.914546" lon="-8.018267"><ele>453.830</ele><time>2024-06-22T06:38:50.109Z</time></trkpt><trkpt lat="42.914517" lon="-8.018337"><ele>453.948</ele><time>2024-06-22T06:38:55.108Z</time></trkpt><trkpt lat="42.914465" lon="-8.018366"><ele>453.981</ele><time>2024-06-22T06:39:00.110Z</time></trkpt><trkpt lat="42.914420" lon="-8.018351"><ele>454.061</ele><time>2024-06-22T06:39:03.093Z</time></trkpt><trkpt lat="42.914375" lon="-8.018331"><ele>454.417</ele><time>2024-06-22T06:39:08.094Z</time></trkpt><trkpt lat="42.914333" lon="-8.018302"><ele>455.709</ele><time>2024-06-22T06:39:12.103Z</time></trkpt><trkpt lat="42.914294" lon="-8.018266"><ele>455.849</ele><time>2024-06-22T06:39:16.108Z</time></trkpt><trkpt lat="42.914253" lon="-8.018237"><ele>455.885</ele><time>2024-06-22T06:39:20.109Z</time></trkpt><trkpt lat="42.914207" lon="-8.018210"><ele>455.813</ele><time>2024-06-22T06:39:24.171Z</time></trkpt><trkpt lat="42.914161" lon="-8.018174"><ele>455.768</ele><time>2024-06-22T06:39:29.112Z</time></trkpt><trkpt lat="42.914112" lon="-8.018146"><ele>454.348</ele><time>2024-06-22T06:39:34.143Z</time></trkpt><trkpt lat="42.914063" lon="-8.018110"><ele>453.112</ele><time>2024-06-22T06:39:39.145Z</time></trkpt><trkpt lat="42.914016" lon="-8.018087"><ele>453.151</ele><time>2024-06-22T06:39:44.108Z</time></trkpt><trkpt lat="42.913963" lon="-8.018091"><ele>453.129</ele><time>2024-06-22T06:39:49.164Z</time></trkpt><trkpt lat="42.913933" lon="-8.018152"><ele>453.197</ele><time>2024-06-22T06:39:54.148Z</time></trkpt><trkpt lat="42.913926" lon="-8.018220"><ele>453.667</ele><time>2024-06-22T06:39:59.109Z</time></trkpt><trkpt lat="42.913916" lon="-8.018286"><ele>454.081</ele><time>2024-06-22T06:40:04.136Z</time></trkpt><trkpt lat="42.913905" lon="-8.018348"><ele>455.719</ele><time>2024-06-22T06:40:09.148Z</time></trkpt><trkpt lat="42.913900" lon="-8.018417"><ele>457.309</ele><time>2024-06-22T06:40:14.139Z</time></trkpt><trkpt lat="42.913892" lon="-8.018484"><ele>457.517</ele><time>2024-06-22T06:40:19.136Z</time></trkpt><trkpt lat="42.913880" lon="-8.018553"><ele>457.943</ele><time>2024-06-22T06:40:24.157Z</time></trkpt><trkpt lat="42.913869" lon="-8.018614"><ele>459.481</ele><time>2024-06-22T06:40:29.154Z</time></trkpt><trkpt lat="42.913862" lon="-8.018678"><ele>459.856</ele><time>2024-06-22T06:40:34.145Z</time></trkpt><trkpt lat="42.913850" lon="-8.018738"><ele>460.876</ele><time>2024-06-22T06:40:39.143Z</time></trkpt><trkpt lat="42.913831" lon="-8.018795"><ele>461.040</ele><time>2024-06-22T06:40:44.145Z</time></trkpt><trkpt lat="42.913802" lon="-8.018855"><ele>461.689</ele><time>2024-06-22T06:40:50.125Z</time></trkpt><trkpt lat="42.913752" lon="-8.018875"><ele>462.037</ele><time>2024-06-22T06:40:56.100Z</time></trkpt><trkpt lat="42.913707" lon="-8.018843"><ele>464.285</ele><time>2024-06-22T06:41:03.100Z</time></trkpt><trkpt lat="42.913666" lon="-8.018800"><ele>465.918</ele><time>2024-06-22T06:41:09.110Z</time></trkpt><trkpt lat="42.913623" lon="-8.018774"><ele>467.998</ele><time>2024-06-22T06:41:14.148Z</time></trkpt><trkpt lat="42.913572" lon="-8.018747"><ele>468.617</ele><time>2024-06-22T06:41:20.137Z</time></trkpt><trkpt lat="42.913534" lon="-8.018787"><ele>468.709</ele><time>2024-06-22T06:41:26.144Z</time></trkpt><trkpt lat="42.913487" lon="-8.018814"><ele>468.842</ele><time>2024-06-22T06:41:32.108Z</time></trkpt><trkpt lat="42.913449" lon="-8.018780"><ele>469.698</ele><time>2024-06-22T06:41:54.092Z</time></trkpt><trkpt lat="42.913423" lon="-8.018729"><ele>470.696</ele><time>2024-06-22T06:42:00.093Z</time></trkpt><trkpt lat="42.913446" lon="-8.018667"><ele>470.621</ele><time>2024-06-22T06:42:05.091Z</time></trkpt><trkpt lat="42.913468" lon="-8.018608"><ele>470.671</ele><time>2024-06-22T06:42:10.093Z</time></trkpt><trkpt lat="42.913438" lon="-8.018551"><ele>470.625</ele><time>2024-06-22T06:42:16.109Z</time></trkpt><trkpt lat="42.913464" lon="-8.018497"><ele>469.794</ele><time>2024-06-22T06:42:22.106Z</time></trkpt><trkpt lat="42.913509" lon="-8.018502"><ele>468.942</ele><time>2024-06-22T06:42:26.092Z</time></trkpt><trkpt lat="42.913552" lon="-8.018482"><ele>468.870</ele><time>2024-06-22T06:42:31.094Z</time></trkpt><trkpt lat="42.913593" lon="-8.018511"><ele>468.983</ele><time>2024-06-22T06:42:38.092Z</time></trkpt><trkpt lat="42.913623" lon="-8.018567"><ele>468.925</ele><time>2024-06-22T06:42:43.091Z</time></trkpt><trkpt lat="42.913603" lon="-8.018632"><ele>469.417</ele><time>2024-06-22T06:42:49.092Z</time></trkpt><trkpt lat="42.913585" lon="-8.018689"><ele>469.409</ele><time>2024-06-22T06:42:54.092Z</time></trkpt><trkpt lat="42.913584" lon="-8.018754"><ele>469.369</ele><time>2024-06-22T06:42:58.092Z</time></trkpt><trkpt lat="42.913634" lon="-8.018773"><ele>469.035</ele><time>2024-06-22T06:43:03.109Z</time></trkpt><trkpt lat="42.913681" lon="-8.018797"><ele>468.643</ele><time>2024-06-22T06:43:09.090Z</time></trkpt><trkpt lat="42.913725" lon="-8.018823"><ele>468.368</ele><time>2024-06-22T06:43:25.093Z</time></trkpt><trkpt lat="42.913767" lon="-8.018855"><ele>467.768</ele><time>2024-06-22T06:43:47.124Z</time></trkpt><trkpt lat="42.913806" lon="-8.018892"><ele>467.432</ele><time>2024-06-22T06:43:53.145Z</time></trkpt><trkpt lat="42.913805" lon="-8.018961"><ele>467.431</ele><time>2024-06-22T06:43:59.104Z</time></trkpt><trkpt lat="42.913797" lon="-8.019025"><ele>467.669</ele><time>2024-06-22T06:44:04.097Z</time></trkpt><trkpt lat="42.913786" lon="-8.019090"><ele>467.627</ele><time>2024-06-22T06:44:09.207Z</time></trkpt><trkpt lat="42.913765" lon="-8.019155"><ele>467.313</ele><time>2024-06-22T06:44:14.103Z</time></trkpt><trkpt lat="42.913762" lon="-8.019226"><ele>470.243</ele><time>2024-06-22T06:45:03.088Z</time></trkpt><trkpt lat="42.913753" lon="-8.019297"><ele>470.207</ele><time>2024-06-22T06:45:08.089Z</time></trkpt><trkpt lat="42.913731" lon="-8.019359"><ele>470.209</ele><time>2024-06-22T06:45:12.088Z</time></trkpt><trkpt lat="42.913706" lon="-8.019414"><ele>470.292</ele><time>2024-06-22T06:45:16.090Z</time></trkpt><trkpt lat="42.913677" lon="-8.019470"><ele>470.288</ele><time>2024-06-22T06:45:21.090Z</time></trkpt><trkpt lat="42.913655" lon="-8.019527"><ele>470.516</ele><time>2024-06-22T06:45:26.178Z</time></trkpt><trkpt lat="42.913628" lon="-8.019580"><ele>470.891</ele><time>2024-06-22T06:45:31.091Z</time></trkpt><trkpt lat="42.913610" lon="-8.019649"><ele>471.031</ele><time>2024-06-22T06:45:36.091Z</time></trkpt><trkpt lat="42.913587" lon="-8.019712"><ele>471.275</ele><time>2024-06-22T06:45:41.090Z</time></trkpt><trkpt lat="42.913554" lon="-8.019759"><ele>471.414</ele><time>2024-06-22T06:45:45.089Z</time></trkpt><trkpt lat="42.913535" lon="-8.019821"><ele>471.472</ele><time>2024-06-22T06:45:49.090Z</time></trkpt><trkpt lat="42.913502" lon="-8.019879"><ele>471.560</ele><time>2024-06-22T06:45:54.119Z</time></trkpt><trkpt lat="42.913467" lon="-8.019934"><ele>470.054</ele><time>2024-06-22T06:45:59.119Z</time></trkpt><trkpt lat="42.913422" lon="-8.019971"><ele>467.856</ele><time>2024-06-22T06:46:04.119Z</time></trkpt><trkpt lat="42.913382" lon="-8.020016"><ele>466.611</ele><time>2024-06-22T06:46:09.119Z</time></trkpt><trkpt lat="42.913353" lon="-8.020076"><ele>466.409</ele><time>2024-06-22T06:46:14.119Z</time></trkpt><trkpt lat="42.913329" lon="-8.020132"><ele>465.496</ele><time>2024-06-22T06:46:19.119Z</time></trkpt><trkpt lat="42.913306" lon="-8.020189"><ele>464.552</ele><time>2024-06-22T06:46:24.119Z</time></trkpt><trkpt lat="42.913283" lon="-8.020246"><ele>464.540</ele><time>2024-06-22T06:46:29.119Z</time></trkpt><trkpt lat="42.913274" lon="-8.020307"><ele>464.615</ele><time>2024-06-22T06:46:34.119Z</time></trkpt><trkpt lat="42.913252" lon="-8.020363"><ele>464.955</ele><time>2024-06-22T06:46:39.119Z</time></trkpt><trkpt lat="42.913210" lon="-8.020401"><ele>466.589</ele><time>2024-06-22T06:46:50.119Z</time></trkpt><trkpt lat="42.913181" lon="-8.020456"><ele>467.118</ele><time>2024-06-22T06:46:55.119Z</time></trkpt><trkpt lat="42.913157" lon="-8.020520"><ele>467.266</ele><time>2024-06-22T06:47:00.119Z</time></trkpt><trkpt lat="42.913118" lon="-8.020568"><ele>467.264</ele><time>2024-06-22T06:47:05.119Z</time></trkpt><trkpt lat="42.913091" lon="-8.020623"><ele>467.245</ele><time>2024-06-22T06:47:09.119Z</time></trkpt><trkpt lat="42.913063" lon="-8.020687"><ele>467.047</ele><time>2024-06-22T06:47:14.119Z</time></trkpt><trkpt lat="42.913039" lon="-8.020750"><ele>466.211</ele><time>2024-06-22T06:47:19.119Z</time></trkpt><trkpt lat="42.913021" lon="-8.020808"><ele>465.409</ele><time>2024-06-22T06:47:23.119Z</time></trkpt><trkpt lat="42.912994" lon="-8.020863"><ele>464.285</ele><time>2024-06-22T06:47:28.119Z</time></trkpt><trkpt lat="42.912975" lon="-8.020920"><ele>462.991</ele><time>2024-06-22T06:47:33.119Z</time></trkpt><trkpt lat="42.912946" lon="-8.020984"><ele>461.569</ele><time>2024-06-22T06:47:38.119Z</time></trkpt><trkpt lat="42.912932" lon="-8.021053"><ele>460.424</ele><time>2024-06-22T06:47:44.119Z</time></trkpt><trkpt lat="42.912918" lon="-8.021115"><ele>457.984</ele><time>2024-06-22T06:48:00.119Z</time></trkpt><trkpt lat="42.912881" lon="-8.021166"><ele>456.478</ele><time>2024-06-22T06:48:44.119Z</time></trkpt><trkpt lat="42.912862" lon="-8.021229"><ele>456.457</ele><time>2024-06-22T06:48:49.119Z</time></trkpt><trkpt lat="42.912841" lon="-8.021291"><ele>456.445</ele><time>2024-06-22T06:48:55.119Z</time></trkpt><trkpt lat="42.912820" lon="-8.021345"><ele>456.423</ele><time>2024-06-22T06:48:59.119Z</time></trkpt><trkpt lat="42.912795" lon="-8.021411"><ele>456.437</ele><time>2024-06-22T06:49:04.119Z</time></trkpt><trkpt lat="42.912769" lon="-8.021468"><ele>453.049</ele><time>2024-06-22T06:49:09.119Z</time></trkpt><trkpt lat="42.912737" lon="-8.021520"><ele>451.513</ele><time>2024-06-22T06:49:16.119Z</time></trkpt><trkpt lat="42.912710" lon="-8.021584"><ele>449.809</ele><time>2024-06-22T06:49:22.119Z</time></trkpt><trkpt lat="42.912700" lon="-8.021655"><ele>448.544</ele><time>2024-06-22T06:49:27.119Z</time></trkpt><trkpt lat="42.912692" lon="-8.021725"><ele>446.850</ele><time>2024-06-22T06:49:32.119Z</time></trkpt><trkpt lat="42.912671" lon="-8.021784"><ele>444.868</ele><time>2024-06-22T06:49:36.119Z</time></trkpt><trkpt lat="42.912638" lon="-8.021836"><ele>442.723</ele><time>2024-06-22T06:49:40.119Z</time></trkpt><trkpt lat="42.912606" lon="-8.021902"><ele>442.243</ele><time>2024-06-22T06:49:45.119Z</time></trkpt><trkpt lat="42.912584" lon="-8.021956"><ele>442.137</ele><time>2024-06-22T06:49:49.119Z</time></trkpt><trkpt lat="42.912551" lon="-8.022009"><ele>442.096</ele><time>2024-06-22T06:49:54.119Z</time></trkpt><trkpt lat="42.912524" lon="-8.022066"><ele>442.074</ele><time>2024-06-22T06:49:59.119Z</time></trkpt><trkpt lat="42.912516" lon="-8.022139"><ele>441.812</ele><time>2024-06-22T06:50:07.119Z</time></trkpt><trkpt lat="42.912481" lon="-8.022191"><ele>441.646</ele><time>2024-06-22T06:50:29.119Z</time></trkpt><trkpt lat="42.912440" lon="-8.022234"><ele>441.688</ele><time>2024-06-22T06:50:34.119Z</time></trkpt><trkpt lat="42.912413" lon="-8.022285"><ele>441.416</ele><time>2024-06-22T06:50:38.119Z</time></trkpt><trkpt lat="42.912397" lon="-8.022352"><ele>441.109</ele><time>2024-06-22T06:50:43.119Z</time></trkpt><trkpt lat="42.912367" lon="-8.022419"><ele>441.085</ele><time>2024-06-22T06:50:48.119Z</time></trkpt><trkpt lat="42.912339" lon="-8.022470"><ele>440.721</ele><time>2024-06-22T06:50:52.119Z</time></trkpt><trkpt lat="42.912305" lon="-8.022528"><ele>440.039</ele><time>2024-06-22T06:50:57.119Z</time></trkpt><trkpt lat="42.912267" lon="-8.022583"><ele>439.994</ele><time>2024-06-22T06:51:02.119Z</time></trkpt><trkpt lat="42.912230" lon="-8.022636"><ele>439.474</ele><time>2024-06-22T06:51:07.119Z</time></trkpt><trkpt lat="42.912195" lon="-8.022690"><ele>438.458</ele><time>2024-06-22T06:51:12.119Z</time></trkpt><trkpt lat="42.912164" lon="-8.022744"><ele>437.917</ele><time>2024-06-22T06:51:17.119Z</time></trkpt><trkpt lat="42.912127" lon="-8.022800"><ele>437.475</ele><time>2024-06-22T06:51:22.119Z</time></trkpt><trkpt lat="42.912092" lon="-8.022857"><ele>437.033</ele><time>2024-06-22T06:51:27.119Z</time></trkpt><trkpt lat="42.912056" lon="-8.022909"><ele>436.169</ele><time>2024-06-22T06:51:32.119Z</time></trkpt><trkpt lat="42.912014" lon="-8.022958"><ele>435.404</ele><time>2024-06-22T06:51:37.119Z</time></trkpt><trkpt lat="42.911975" lon="-8.023009"><ele>434.924</ele><time>2024-06-22T06:51:42.119Z</time></trkpt><trkpt lat="42.911945" lon="-8.023058"><ele>434.909</ele><time>2024-06-22T06:51:46.119Z</time></trkpt><trkpt lat="42.911912" lon="-8.023102"><ele>434.917</ele><time>2024-06-22T06:51:50.119Z</time></trkpt><trkpt lat="42.911875" lon="-8.023155"><ele>434.963</ele><time>2024-06-22T06:51:54.119Z</time></trkpt><trkpt lat="42.911843" lon="-8.023220"><ele>435.471</ele><time>2024-06-22T06:51:58.119Z</time></trkpt><trkpt lat="42.911807" lon="-8.023276"><ele>435.536</ele><time>2024-06-22T06:52:02.119Z</time></trkpt><trkpt lat="42.911771" lon="-8.023331"><ele>436.146</ele><time>2024-06-22T06:52:06.119Z</time></trkpt><trkpt lat="42.911739" lon="-8.023380"><ele>436.850</ele><time>2024-06-22T06:52:10.119Z</time></trkpt><trkpt lat="42.911707" lon="-8.023435"><ele>437.419</ele><time>2024-06-22T06:52:14.119Z</time></trkpt><trkpt lat="42.911672" lon="-8.023494"><ele>437.577</ele><time>2024-06-22T06:52:19.119Z</time></trkpt><trkpt lat="42.911645" lon="-8.023544"><ele>437.595</ele><time>2024-06-22T06:52:23.119Z</time></trkpt><trkpt lat="42.911617" lon="-8.023599"><ele>437.516</ele><time>2024-06-22T06:52:27.119Z</time></trkpt><trkpt lat="42.911583" lon="-8.023659"><ele>437.476</ele><time>2024-06-22T06:52:32.119Z</time></trkpt><trkpt lat="42.911555" lon="-8.023711"><ele>437.413</ele><time>2024-06-22T06:52:36.119Z</time></trkpt><trkpt lat="42.911520" lon="-8.023756"><ele>437.409</ele><time>2024-06-22T06:52:40.119Z</time></trkpt><trkpt lat="42.911487" lon="-8.023814"><ele>437.362</ele><time>2024-06-22T06:52:45.119Z</time></trkpt><trkpt lat="42.911458" lon="-8.023863"><ele>437.238</ele><time>2024-06-22T06:52:49.119Z</time></trkpt><trkpt lat="42.911424" lon="-8.023911"><ele>436.746</ele><time>2024-06-22T06:52:54.119Z</time></trkpt><trkpt lat="42.911388" lon="-8.023968"><ele>436.691</ele><time>2024-06-22T06:52:59.119Z</time></trkpt><trkpt lat="42.911356" lon="-8.024015"><ele>436.521</ele><time>2024-06-22T06:53:03.119Z</time></trkpt><trkpt lat="42.911322" lon="-8.024058"><ele>436.525</ele><time>2024-06-22T06:53:07.119Z</time></trkpt><trkpt lat="42.911288" lon="-8.024112"><ele>436.514</ele><time>2024-06-22T06:53:12.119Z</time></trkpt><trkpt lat="42.911256" lon="-8.024169"><ele>436.442</ele><time>2024-06-22T06:53:17.119Z</time></trkpt><trkpt lat="42.911222" lon="-8.024228"><ele>434.130</ele><time>2024-06-22T06:53:22.119Z</time></trkpt><trkpt lat="42.911197" lon="-8.024281"><ele>432.536</ele><time>2024-06-22T06:53:26.119Z</time></trkpt><trkpt lat="42.911179" lon="-8.024340"><ele>432.117</ele><time>2024-06-22T06:53:30.119Z</time></trkpt><trkpt lat="42.911172" lon="-8.024408"><ele>430.418</ele><time>2024-06-22T06:53:35.119Z</time></trkpt><trkpt lat="42.911177" lon="-8.024482"><ele>429.709</ele><time>2024-06-22T06:53:40.119Z</time></trkpt><trkpt lat="42.911197" lon="-8.024542"><ele>429.354</ele><time>2024-06-22T06:53:44.119Z</time></trkpt><trkpt lat="42.911211" lon="-8.024609"><ele>429.310</ele><time>2024-06-22T06:53:48.119Z</time></trkpt><trkpt lat="42.911199" lon="-8.024675"><ele>429.798</ele><time>2024-06-22T06:53:53.119Z</time></trkpt><trkpt lat="42.911199" lon="-8.024742"><ele>429.793</ele><time>2024-06-22T06:53:58.119Z</time></trkpt><trkpt lat="42.911219" lon="-8.024802"><ele>429.893</ele><time>2024-06-22T06:54:02.119Z</time></trkpt><trkpt lat="42.911240" lon="-8.024870"><ele>430.037</ele><time>2024-06-22T06:54:07.119Z</time></trkpt><trkpt lat="42.911278" lon="-8.024911"><ele>430.146</ele><time>2024-06-22T06:54:11.119Z</time></trkpt><trkpt lat="42.911307" lon="-8.024974"><ele>430.724</ele><time>2024-06-22T06:54:16.119Z</time></trkpt><trkpt lat="42.911320" lon="-8.025040"><ele>432.792</ele><time>2024-06-22T06:54:20.119Z</time></trkpt><trkpt lat="42.911325" lon="-8.025117"><ele>433.487</ele><time>2024-06-22T06:54:25.119Z</time></trkpt><trkpt lat="42.911333" lon="-8.025183"><ele>433.842</ele><time>2024-06-22T06:54:30.119Z</time></trkpt><trkpt lat="42.911351" lon="-8.025239"><ele>433.726</ele><time>2024-06-22T06:54:35.119Z</time></trkpt><trkpt lat="42.911372" lon="-8.025299"><ele>433.009</ele><time>2024-06-22T06:54:40.119Z</time></trkpt><trkpt lat="42.911394" lon="-8.025354"><ele>430.289</ele><time>2024-06-22T06:54:53.119Z</time></trkpt><trkpt lat="42.911415" lon="-8.025415"><ele>429.235</ele><time>2024-06-22T06:55:10.119Z</time></trkpt><trkpt lat="42.911430" lon="-8.025485"><ele>429.253</ele><time>2024-06-22T06:55:20.119Z</time></trkpt><trkpt lat="42.911448" lon="-8.025542"><ele>429.238</ele><time>2024-06-22T06:55:25.119Z</time></trkpt><trkpt lat="42.911476" lon="-8.025593"><ele>428.728</ele><time>2024-06-22T06:55:36.119Z</time></trkpt><trkpt lat="42.911511" lon="-8.025635"><ele>428.822</ele><time>2024-06-22T06:55:42.119Z</time></trkpt><trkpt lat="42.911538" lon="-8.025690"><ele>427.471</ele><time>2024-06-22T06:55:47.119Z</time></trkpt><trkpt lat="42.911554" lon="-8.025759"><ele>427.029</ele><time>2024-06-22T06:55:52.119Z</time></trkpt><trkpt lat="42.911574" lon="-8.025823"><ele>426.877</ele><time>2024-06-22T06:55:57.119Z</time></trkpt><trkpt lat="42.911586" lon="-8.025887"><ele>426.263</ele><time>2024-06-22T06:56:01.119Z</time></trkpt><trkpt lat="42.911596" lon="-8.025959"><ele>423.944</ele><time>2024-06-22T06:56:07.119Z</time></trkpt><trkpt lat="42.911612" lon="-8.026023"><ele>422.418</ele><time>2024-06-22T06:56:12.119Z</time></trkpt><trkpt lat="42.911621" lon="-8.026092"><ele>421.909</ele><time>2024-06-22T06:56:17.119Z</time></trkpt><trkpt lat="42.911634" lon="-8.026155"><ele>421.747</ele><time>2024-06-22T06:56:22.119Z</time></trkpt><trkpt lat="42.911646" lon="-8.026218"><ele>421.723</ele><time>2024-06-22T06:56:27.119Z</time></trkpt><trkpt lat="42.911652" lon="-8.026291"><ele>421.751</ele><time>2024-06-22T06:56:33.119Z</time></trkpt><trkpt lat="42.911648" lon="-8.026357"><ele>421.946</ele><time>2024-06-22T06:56:37.119Z</time></trkpt><trkpt lat="42.911662" lon="-8.026415"><ele>423.366</ele><time>2024-06-22T06:56:40.119Z</time></trkpt><trkpt lat="42.911689" lon="-8.026464"><ele>423.930</ele><time>2024-06-22T06:56:43.119Z</time></trkpt><trkpt lat="42.911723" lon="-8.026516"><ele>425.199</ele><time>2024-06-22T06:56:48.119Z</time></trkpt><trkpt lat="42.911743" lon="-8.026588"><ele>426.017</ele><time>2024-06-22T06:56:52.119Z</time></trkpt><trkpt lat="42.911767" lon="-8.026661"><ele>426.295</ele><time>2024-06-22T06:56:56.119Z</time></trkpt><trkpt lat="42.911784" lon="-8.026726"><ele>425.725</ele><time>2024-06-22T06:57:00.119Z</time></trkpt><trkpt lat="42.911808" lon="-8.026781"><ele>425.126</ele><time>2024-06-22T06:57:04.119Z</time></trkpt><trkpt lat="42.911837" lon="-8.026834"><ele>424.608</ele><time>2024-06-22T06:57:08.119Z</time></trkpt><trkpt lat="42.911857" lon="-8.026889"><ele>423.709</ele><time>2024-06-22T06:57:12.119Z</time></trkpt><trkpt lat="42.911879" lon="-8.026953"><ele>421.573</ele><time>2024-06-22T06:57:17.119Z</time></trkpt><trkpt lat="42.911908" lon="-8.027012"><ele>420.319</ele><time>2024-06-22T06:57:22.119Z</time></trkpt><trkpt lat="42.911937" lon="-8.027075"><ele>419.977</ele><time>2024-06-22T06:57:27.119Z</time></trkpt><trkpt lat="42.911981" lon="-8.027126"><ele>419.042</ele><time>2024-06-22T06:57:32.119Z</time></trkpt><trkpt lat="42.911979" lon="-8.027193"><ele>418.992</ele><time>2024-06-22T06:57:36.119Z</time></trkpt><trkpt lat="42.912006" lon="-8.027252"><ele>419.756</ele><time>2024-06-22T06:57:47.119Z</time></trkpt><trkpt lat="42.912054" lon="-8.027255"><ele>419.725</ele><time>2024-06-22T06:57:54.119Z</time></trkpt><trkpt lat="42.912047" lon="-8.027323"><ele>419.093</ele><time>2024-06-22T06:58:40.119Z</time></trkpt><trkpt lat="42.912022" lon="-8.027395"><ele>418.721</ele><time>2024-06-22T06:59:03.119Z</time></trkpt><trkpt lat="42.912014" lon="-8.027457"><ele>418.936</ele><time>2024-06-22T06:59:08.119Z</time></trkpt><trkpt lat="42.912010" lon="-8.027519"><ele>418.417</ele><time>2024-06-22T06:59:13.119Z</time></trkpt><trkpt lat="42.912025" lon="-8.027581"><ele>417.618</ele><time>2024-06-22T06:59:18.119Z</time></trkpt><trkpt lat="42.912029" lon="-8.027645"><ele>417.509</ele><time>2024-06-22T06:59:22.119Z</time></trkpt><trkpt lat="42.912033" lon="-8.027725"><ele>418.244</ele><time>2024-06-22T06:59:27.119Z</time></trkpt><trkpt lat="42.912035" lon="-8.027791"><ele>418.710</ele><time>2024-06-22T06:59:31.119Z</time></trkpt><trkpt lat="42.912036" lon="-8.027867"><ele>418.758</ele><time>2024-06-22T06:59:36.119Z</time></trkpt><trkpt lat="42.912036" lon="-8.027938"><ele>419.693</ele><time>2024-06-22T06:59:41.119Z</time></trkpt><trkpt lat="42.912034" lon="-8.028000"><ele>419.943</ele><time>2024-06-22T06:59:45.119Z</time></trkpt><trkpt lat="42.912035" lon="-8.028075"><ele>420.767</ele><time>2024-06-22T06:59:50.119Z</time></trkpt><trkpt lat="42.912048" lon="-8.028141"><ele>420.946</ele><time>2024-06-22T06:59:54.119Z</time></trkpt><trkpt lat="42.912060" lon="-8.028217"><ele>421.294</ele><time>2024-06-22T06:59:59.119Z</time></trkpt><trkpt lat="42.912068" lon="-8.028280"><ele>421.632</ele><time>2024-06-22T07:00:03.119Z</time></trkpt><trkpt lat="42.912076" lon="-8.028349"><ele>422.288</ele><time>2024-06-22T07:00:07.119Z</time></trkpt><trkpt lat="42.912086" lon="-8.028423"><ele>422.424</ele><time>2024-06-22T07:00:11.119Z</time></trkpt><trkpt lat="42.912099" lon="-8.028496"><ele>422.826</ele><time>2024-06-22T07:00:16.119Z</time></trkpt><trkpt lat="42.912108" lon="-8.028558"><ele>422.909</ele><time>2024-06-22T07:00:20.119Z</time></trkpt><trkpt lat="42.912107" lon="-8.028622"><ele>422.729</ele><time>2024-06-22T07:00:24.119Z</time></trkpt><trkpt lat="42.912123" lon="-8.028690"><ele>423.115</ele><time>2024-06-22T07:00:33.119Z</time></trkpt><trkpt lat="42.912125" lon="-8.028762"><ele>423.443</ele><time>2024-06-22T07:00:38.119Z</time></trkpt><trkpt lat="42.912142" lon="-8.028825"><ele>423.618</ele><time>2024-06-22T07:00:42.119Z</time></trkpt><trkpt lat="42.912155" lon="-8.028891"><ele>424.048</ele><time>2024-06-22T07:00:47.119Z</time></trkpt><trkpt lat="42.912162" lon="-8.028958"><ele>424.452</ele><time>2024-06-22T07:00:52.119Z</time></trkpt><trkpt lat="42.912173" lon="-8.029029"><ele>425.061</ele><time>2024-06-22T07:00:57.119Z</time></trkpt><trkpt lat="42.912180" lon="-8.029091"><ele>425.049</ele><time>2024-06-22T07:01:01.119Z</time></trkpt><trkpt lat="42.912189" lon="-8.029155"><ele>424.997</ele><time>2024-06-22T07:01:05.119Z</time></trkpt><trkpt lat="42.912199" lon="-8.029230"><ele>424.356</ele><time>2024-06-22T07:01:10.119Z</time></trkpt><trkpt lat="42.912204" lon="-8.029300"><ele>424.259</ele><time>2024-06-22T07:01:14.119Z</time></trkpt><trkpt lat="42.912204" lon="-8.029365"><ele>424.114</ele><time>2024-06-22T07:01:18.119Z</time></trkpt><trkpt lat="42.912196" lon="-8.029442"><ele>424.109</ele><time>2024-06-22T07:01:23.119Z</time></trkpt><trkpt lat="42.912193" lon="-8.029509"><ele>424.466</ele><time>2024-06-22T07:01:27.119Z</time></trkpt><trkpt lat="42.912187" lon="-8.029581"><ele>424.712</ele><time>2024-06-22T07:01:32.119Z</time></trkpt><trkpt lat="42.912204" lon="-8.029651"><ele>424.970</ele><time>2024-06-22T07:01:37.119Z</time></trkpt><trkpt lat="42.912198" lon="-8.029724"><ele>425.065</ele><time>2024-06-22T07:01:42.119Z</time></trkpt><trkpt lat="42.912182" lon="-8.029792"><ele>424.435</ele><time>2024-06-22T07:01:55.119Z</time></trkpt><trkpt lat="42.912189" lon="-8.029856"><ele>423.279</ele><time>2024-06-22T07:02:03.119Z</time></trkpt><trkpt lat="42.912191" lon="-8.029929"><ele>422.888</ele><time>2024-06-22T07:02:08.119Z</time></trkpt><trkpt lat="42.912179" lon="-8.029995"><ele>422.716</ele><time>2024-06-22T07:02:17.119Z</time></trkpt><trkpt lat="42.912185" lon="-8.030061"><ele>422.634</ele><time>2024-06-22T07:02:24.119Z</time></trkpt><trkpt lat="42.912194" lon="-8.030128"><ele>422.629</ele><time>2024-06-22T07:02:29.119Z</time></trkpt><trkpt lat="42.912193" lon="-8.030193"><ele>422.600</ele><time>2024-06-22T07:02:33.119Z</time></trkpt><trkpt lat="42.912197" lon="-8.030267"><ele>422.520</ele><time>2024-06-22T07:02:38.119Z</time></trkpt><trkpt lat="42.912201" lon="-8.030343"><ele>422.209</ele><time>2024-06-22T07:02:43.119Z</time></trkpt><trkpt lat="42.912202" lon="-8.030406"><ele>421.963</ele><time>2024-06-22T07:02:47.119Z</time></trkpt><trkpt lat="42.912201" lon="-8.030475"><ele>421.849</ele><time>2024-06-22T07:02:51.119Z</time></trkpt><trkpt lat="42.912200" lon="-8.030539"><ele>421.777</ele><time>2024-06-22T07:02:55.119Z</time></trkpt><trkpt lat="42.912201" lon="-8.030614"><ele>421.652</ele><time>2024-06-22T07:03:00.119Z</time></trkpt><trkpt lat="42.912187" lon="-8.030683"><ele>421.682</ele><time>2024-06-22T07:03:04.119Z</time></trkpt><trkpt lat="42.912177" lon="-8.030744"><ele>421.756</ele><time>2024-06-22T07:03:08.119Z</time></trkpt><trkpt lat="42.912198" lon="-8.030803"><ele>423.175</ele><time>2024-06-22T07:03:40.119Z</time></trkpt><trkpt lat="42.912176" lon="-8.030865"><ele>423.293</ele><time>2024-06-22T07:03:46.119Z</time></trkpt><trkpt lat="42.912167" lon="-8.030930"><ele>423.141</ele><time>2024-06-22T07:03:56.119Z</time></trkpt><trkpt lat="42.912154" lon="-8.031001"><ele>423.042</ele><time>2024-06-22T07:04:02.119Z</time></trkpt><trkpt lat="42.912149" lon="-8.031070"><ele>421.922</ele><time>2024-06-22T07:04:07.119Z</time></trkpt><trkpt lat="42.912146" lon="-8.031138"><ele>421.514</ele><time>2024-06-22T07:04:12.119Z</time></trkpt><trkpt lat="42.912134" lon="-8.031204"><ele>420.709</ele><time>2024-06-22T07:04:17.119Z</time></trkpt><trkpt lat="42.912121" lon="-8.031272"><ele>420.315</ele><time>2024-06-22T07:04:22.119Z</time></trkpt><trkpt lat="42.912108" lon="-8.031332"><ele>420.251</ele><time>2024-06-22T07:04:26.119Z</time></trkpt><trkpt lat="42.912098" lon="-8.031395"><ele>420.199</ele><time>2024-06-22T07:04:30.119Z</time></trkpt><trkpt lat="42.912085" lon="-8.031457"><ele>420.014</ele><time>2024-06-22T07:04:34.119Z</time></trkpt><trkpt lat="42.912073" lon="-8.031516"><ele>420.044</ele><time>2024-06-22T07:04:38.119Z</time></trkpt><trkpt lat="42.912062" lon="-8.031579"><ele>419.328</ele><time>2024-06-22T07:04:42.119Z</time></trkpt><trkpt lat="42.912052" lon="-8.031644"><ele>418.977</ele><time>2024-06-22T07:04:46.119Z</time></trkpt><trkpt lat="42.912042" lon="-8.031714"><ele>418.265</ele><time>2024-06-22T07:04:51.119Z</time></trkpt><trkpt lat="42.912039" lon="-8.031791"><ele>417.173</ele><time>2024-06-22T07:04:56.119Z</time></trkpt><trkpt lat="42.912037" lon="-8.031855"><ele>417.156</ele><time>2024-06-22T07:05:00.119Z</time></trkpt><trkpt lat="42.912038" lon="-8.031918"><ele>417.159</ele><time>2024-06-22T07:05:04.119Z</time></trkpt><trkpt lat="42.912044" lon="-8.031991"><ele>417.114</ele><time>2024-06-22T07:05:09.119Z</time></trkpt><trkpt lat="42.912054" lon="-8.032067"><ele>417.209</ele><time>2024-06-22T07:05:14.119Z</time></trkpt><trkpt lat="42.912060" lon="-8.032128"><ele>417.476</ele><time>2024-06-22T07:05:18.119Z</time></trkpt><trkpt lat="42.912064" lon="-8.032190"><ele>418.162</ele><time>2024-06-22T07:05:22.119Z</time></trkpt><trkpt lat="42.912075" lon="-8.032264"><ele>418.450</ele><time>2024-06-22T07:05:27.119Z</time></trkpt><trkpt lat="42.912083" lon="-8.032332"><ele>418.455</ele><time>2024-06-22T07:05:31.119Z</time></trkpt><trkpt lat="42.912083" lon="-8.032395"><ele>418.325</ele><time>2024-06-22T07:05:35.119Z</time></trkpt><trkpt lat="42.912076" lon="-8.032460"><ele>418.339</ele><time>2024-06-22T07:05:39.119Z</time></trkpt><trkpt lat="42.912054" lon="-8.032518"><ele>418.318</ele><time>2024-06-22T07:05:52.119Z</time></trkpt><trkpt lat="42.912057" lon="-8.032579"><ele>418.416</ele><time>2024-06-22T07:05:56.119Z</time></trkpt><trkpt lat="42.912042" lon="-8.032647"><ele>420.094</ele><time>2024-06-22T07:06:01.119Z</time></trkpt><trkpt lat="42.912024" lon="-8.032719"><ele>421.455</ele><time>2024-06-22T07:06:05.119Z</time></trkpt><trkpt lat="42.912014" lon="-8.032792"><ele>421.507</ele><time>2024-06-22T07:06:09.119Z</time></trkpt><trkpt lat="42.912017" lon="-8.032872"><ele>422.717</ele><time>2024-06-22T07:06:13.119Z</time></trkpt><trkpt lat="42.912019" lon="-8.032945"><ele>424.909</ele><time>2024-06-22T07:06:17.119Z</time></trkpt><trkpt lat="42.912020" lon="-8.033011"><ele>425.126</ele><time>2024-06-22T07:06:21.119Z</time></trkpt><trkpt lat="42.912031" lon="-8.033081"><ele>425.082</ele><time>2024-06-22T07:06:26.119Z</time></trkpt><trkpt lat="42.912032" lon="-8.033144"><ele>424.890</ele><time>2024-06-22T07:06:30.119Z</time></trkpt><trkpt lat="42.912032" lon="-8.033214"><ele>424.695</ele><time>2024-06-22T07:06:34.119Z</time></trkpt><trkpt lat="42.912032" lon="-8.033283"><ele>424.445</ele><time>2024-06-22T07:06:38.119Z</time></trkpt><trkpt lat="42.912032" lon="-8.033348"><ele>424.429</ele><time>2024-06-22T07:06:42.119Z</time></trkpt><trkpt lat="42.912038" lon="-8.033426"><ele>424.478</ele><time>2024-06-22T07:06:47.119Z</time></trkpt><trkpt lat="42.912041" lon="-8.033497"><ele>424.486</ele><time>2024-06-22T07:06:51.119Z</time></trkpt><trkpt lat="42.912047" lon="-8.033570"><ele>424.284</ele><time>2024-06-22T07:06:55.119Z</time></trkpt><trkpt lat="42.912050" lon="-8.033645"><ele>423.293</ele><time>2024-06-22T07:07:00.119Z</time></trkpt><trkpt lat="42.912068" lon="-8.033717"><ele>423.365</ele><time>2024-06-22T07:07:05.119Z</time></trkpt><trkpt lat="42.912079" lon="-8.033789"><ele>423.221</ele><time>2024-06-22T07:07:09.119Z</time></trkpt><trkpt lat="42.912055" lon="-8.033842"><ele>426.109</ele><time>2024-06-22T07:07:34.119Z</time></trkpt><trkpt lat="42.912075" lon="-8.033901"><ele>426.110</ele><time>2024-06-22T07:07:39.119Z</time></trkpt><trkpt lat="42.912101" lon="-8.033968"><ele>426.196</ele><time>2024-06-22T07:07:43.119Z</time></trkpt><trkpt lat="42.912103" lon="-8.034035"><ele>426.164</ele><time>2024-06-22T07:07:47.119Z</time></trkpt><trkpt lat="42.912108" lon="-8.034110"><ele>426.129</ele><time>2024-06-22T07:07:51.119Z</time></trkpt><trkpt lat="42.912123" lon="-8.034179"><ele>426.279</ele><time>2024-06-22T07:07:56.119Z</time></trkpt><trkpt lat="42.912133" lon="-8.034241"><ele>426.413</ele><time>2024-06-22T07:08:00.119Z</time></trkpt><trkpt lat="42.912144" lon="-8.034304"><ele>426.692</ele><time>2024-06-22T07:08:05.119Z</time></trkpt><trkpt lat="42.912155" lon="-8.034372"><ele>427.060</ele><time>2024-06-22T07:08:10.119Z</time></trkpt><trkpt lat="42.912169" lon="-8.034440"><ele>427.638</ele><time>2024-06-22T07:08:15.119Z</time></trkpt><trkpt lat="42.912185" lon="-8.034506"><ele>427.985</ele><time>2024-06-22T07:08:20.119Z</time></trkpt><trkpt lat="42.912202" lon="-8.034565"><ele>428.489</ele><time>2024-06-22T07:08:24.119Z</time></trkpt><trkpt lat="42.912212" lon="-8.034632"><ele>428.817</ele><time>2024-06-22T07:08:28.119Z</time></trkpt><trkpt lat="42.912219" lon="-8.034704"><ele>429.109</ele><time>2024-06-22T07:08:32.119Z</time></trkpt><trkpt lat="42.912239" lon="-8.034759"><ele>429.389</ele><time>2024-06-22T07:08:36.119Z</time></trkpt><trkpt lat="42.912252" lon="-8.034822"><ele>429.555</ele><time>2024-06-22T07:08:41.119Z</time></trkpt><trkpt lat="42.912266" lon="-8.034884"><ele>429.743</ele><time>2024-06-22T07:08:46.119Z</time></trkpt><trkpt lat="42.912284" lon="-8.034950"><ele>429.798</ele><time>2024-06-22T07:08:53.119Z</time></trkpt><trkpt lat="42.912301" lon="-8.035020"><ele>429.818</ele><time>2024-06-22T07:08:58.119Z</time></trkpt><trkpt lat="42.912320" lon="-8.035081"><ele>430.032</ele><time>2024-06-22T07:09:03.119Z</time></trkpt><trkpt lat="42.912332" lon="-8.035141"><ele>430.071</ele><time>2024-06-22T07:09:08.119Z</time></trkpt><trkpt lat="42.912344" lon="-8.035205"><ele>430.039</ele><time>2024-06-22T07:09:14.119Z</time></trkpt><trkpt lat="42.912362" lon="-8.035275"><ele>430.297</ele><time>2024-06-22T07:09:20.119Z</time></trkpt><trkpt lat="42.912388" lon="-8.035333"><ele>430.342</ele><time>2024-06-22T07:09:25.119Z</time></trkpt><trkpt lat="42.912407" lon="-8.035404"><ele>430.222</ele><time>2024-06-22T07:09:30.119Z</time></trkpt><trkpt lat="42.912423" lon="-8.035464"><ele>430.114</ele><time>2024-06-22T07:09:35.119Z</time></trkpt><trkpt lat="42.912437" lon="-8.035529"><ele>429.709</ele><time>2024-06-22T07:09:40.119Z</time></trkpt><trkpt lat="42.912456" lon="-8.035585"><ele>428.195</ele><time>2024-06-22T07:09:45.119Z</time></trkpt><trkpt lat="42.912468" lon="-8.035653"><ele>428.021</ele><time>2024-06-22T07:09:50.119Z</time></trkpt><trkpt lat="42.912490" lon="-8.035710"><ele>428.049</ele><time>2024-06-22T07:09:55.119Z</time></trkpt><trkpt lat="42.912513" lon="-8.035778"><ele>428.074</ele><time>2024-06-22T07:10:01.119Z</time></trkpt><trkpt lat="42.912526" lon="-8.035837"><ele>428.374</ele><time>2024-06-22T07:10:06.119Z</time></trkpt><trkpt lat="42.912544" lon="-8.035909"><ele>428.878</ele><time>2024-06-22T07:10:11.119Z</time></trkpt><trkpt lat="42.912553" lon="-8.035973"><ele>429.137</ele><time>2024-06-22T07:10:16.119Z</time></trkpt><trkpt lat="42.912565" lon="-8.036039"><ele>429.345</ele><time>2024-06-22T07:10:21.119Z</time></trkpt><trkpt lat="42.912557" lon="-8.036101"><ele>429.673</ele><time>2024-06-22T07:10:25.119Z</time></trkpt><trkpt lat="42.912565" lon="-8.036173"><ele>429.482</ele><time>2024-06-22T07:10:30.119Z</time></trkpt><trkpt lat="42.912570" lon="-8.036248"><ele>429.443</ele><time>2024-06-22T07:10:35.119Z</time></trkpt><trkpt lat="42.912569" lon="-8.036313"><ele>427.817</ele><time>2024-06-22T07:10:40.119Z</time></trkpt><trkpt lat="42.912560" lon="-8.036382"><ele>427.609</ele><time>2024-06-22T07:10:46.119Z</time></trkpt><trkpt lat="42.912559" lon="-8.036448"><ele>427.559</ele><time>2024-06-22T07:10:51.119Z</time></trkpt><trkpt lat="42.912562" lon="-8.036520"><ele>427.575</ele><time>2024-06-22T07:10:56.119Z</time></trkpt><trkpt lat="42.912565" lon="-8.036589"><ele>427.473</ele><time>2024-06-22T07:11:01.119Z</time></trkpt><trkpt lat="42.912571" lon="-8.036654"><ele>426.918</ele><time>2024-06-22T07:11:06.119Z</time></trkpt><trkpt lat="42.912583" lon="-8.036726"><ele>426.028</ele><time>2024-06-22T07:11:11.119Z</time></trkpt><trkpt lat="42.912593" lon="-8.036788"><ele>425.672</ele><time>2024-06-22T07:11:15.119Z</time></trkpt><trkpt lat="42.912598" lon="-8.036858"><ele>425.641</ele><time>2024-06-22T07:11:19.119Z</time></trkpt><trkpt lat="42.912606" lon="-8.036921"><ele>425.529</ele><time>2024-06-22T07:11:23.119Z</time></trkpt><trkpt lat="42.912616" lon="-8.036994"><ele>425.827</ele><time>2024-06-22T07:11:28.119Z</time></trkpt><trkpt lat="42.912634" lon="-8.037066"><ele>425.982</ele><time>2024-06-22T07:11:33.119Z</time></trkpt><trkpt lat="42.912651" lon="-8.037139"><ele>426.243</ele><time>2024-06-22T07:11:38.119Z</time></trkpt><trkpt lat="42.912672" lon="-8.037210"><ele>426.617</ele><time>2024-06-22T07:11:43.119Z</time></trkpt><trkpt lat="42.912696" lon="-8.037279"><ele>427.109</ele><time>2024-06-22T07:11:48.119Z</time></trkpt><trkpt lat="42.912720" lon="-8.037342"><ele>427.349</ele><time>2024-06-22T07:11:53.119Z</time></trkpt><trkpt lat="42.912741" lon="-8.037407"><ele>427.665</ele><time>2024-06-22T07:11:58.119Z</time></trkpt><trkpt lat="42.912771" lon="-8.037471"><ele>427.993</ele><time>2024-06-22T07:12:03.119Z</time></trkpt><trkpt lat="42.912797" lon="-8.037533"><ele>428.218</ele><time>2024-06-22T07:12:08.119Z</time></trkpt><trkpt lat="42.912821" lon="-8.037590"><ele>428.468</ele><time>2024-06-22T07:12:13.119Z</time></trkpt><trkpt lat="42.912824" lon="-8.037652"><ele>428.552</ele><time>2024-06-22T07:12:23.119Z</time></trkpt><trkpt lat="42.912783" lon="-8.037607"><ele>427.541</ele><time>2024-06-22T07:13:05.119Z</time></trkpt><trkpt lat="42.912805" lon="-8.037664"><ele>427.529</ele><time>2024-06-22T07:13:15.119Z</time></trkpt><trkpt lat="42.912854" lon="-8.037660"><ele>427.437</ele><time>2024-06-22T07:13:52.119Z</time></trkpt><trkpt lat="42.912881" lon="-8.037710"><ele>427.566</ele><time>2024-06-22T07:13:58.119Z</time></trkpt><trkpt lat="42.912907" lon="-8.037761"><ele>427.629</ele><time>2024-06-22T07:14:03.119Z</time></trkpt><trkpt lat="42.912924" lon="-8.037820"><ele>427.621</ele><time>2024-06-22T07:14:08.119Z</time></trkpt><trkpt lat="42.912954" lon="-8.037872"><ele>427.609</ele><time>2024-06-22T07:14:13.119Z</time></trkpt><trkpt lat="42.912982" lon="-8.037926"><ele>428.097</ele><time>2024-06-22T07:14:18.119Z</time></trkpt><trkpt lat="42.913011" lon="-8.037980"><ele>428.573</ele><time>2024-06-22T07:14:24.119Z</time></trkpt><trkpt lat="42.913035" lon="-8.038038"><ele>428.611</ele><time>2024-06-22T07:14:29.119Z</time></trkpt><trkpt lat="42.913053" lon="-8.038104"><ele>428.846</ele><time>2024-06-22T07:14:34.119Z</time></trkpt><trkpt lat="42.913078" lon="-8.038169"><ele>429.616</ele><time>2024-06-22T07:14:40.119Z</time></trkpt><trkpt lat="42.913098" lon="-8.038225"><ele>430.260</ele><time>2024-06-22T07:14:45.119Z</time></trkpt><trkpt lat="42.913118" lon="-8.038281"><ele>430.589</ele><time>2024-06-22T07:14:50.119Z</time></trkpt><trkpt lat="42.913142" lon="-8.038343"><ele>430.777</ele><time>2024-06-22T07:14:55.119Z</time></trkpt><trkpt lat="42.913159" lon="-8.038400"><ele>431.185</ele><time>2024-06-22T07:15:00.119Z</time></trkpt><trkpt lat="42.913175" lon="-8.038464"><ele>431.249</ele><time>2024-06-22T07:15:06.119Z</time></trkpt><trkpt lat="42.913191" lon="-8.038523"><ele>431.802</ele><time>2024-06-22T07:15:11.119Z</time></trkpt><trkpt lat="42.913216" lon="-8.038584"><ele>432.822</ele><time>2024-06-22T07:15:17.119Z</time></trkpt><trkpt lat="42.913243" lon="-8.038640"><ele>433.309</ele><time>2024-06-22T07:15:22.119Z</time></trkpt><trkpt lat="42.913264" lon="-8.038696"><ele>434.225</ele><time>2024-06-22T07:15:27.119Z</time></trkpt><trkpt lat="42.913289" lon="-8.038753"><ele>434.381</ele><time>2024-06-22T07:15:32.119Z</time></trkpt><trkpt lat="42.913313" lon="-8.038814"><ele>434.999</ele><time>2024-06-22T07:15:37.119Z</time></trkpt><trkpt lat="42.913331" lon="-8.038873"><ele>435.184</ele><time>2024-06-22T07:15:42.119Z</time></trkpt><trkpt lat="42.913357" lon="-8.038936"><ele>435.284</ele><time>2024-06-22T07:15:47.119Z</time></trkpt><trkpt lat="42.913377" lon="-8.038998"><ele>435.288</ele><time>2024-06-22T07:15:52.119Z</time></trkpt><trkpt lat="42.913400" lon="-8.039051"><ele>435.397</ele><time>2024-06-22T07:15:56.119Z</time></trkpt><trkpt lat="42.913426" lon="-8.039117"><ele>435.595</ele><time>2024-06-22T07:16:01.119Z</time></trkpt><trkpt lat="42.913462" lon="-8.039168"><ele>435.623</ele><time>2024-06-22T07:16:07.119Z</time></trkpt><trkpt lat="42.913491" lon="-8.039216"><ele>435.973</ele><time>2024-06-22T07:16:12.119Z</time></trkpt><trkpt lat="42.913524" lon="-8.039263"><ele>435.985</ele><time>2024-06-22T07:16:18.119Z</time></trkpt><trkpt lat="42.913567" lon="-8.039301"><ele>435.913</ele><time>2024-06-22T07:16:23.119Z</time></trkpt><trkpt lat="42.913611" lon="-8.039336"><ele>435.109</ele><time>2024-06-22T07:16:29.119Z</time></trkpt><trkpt lat="42.913649" lon="-8.039370"><ele>433.998</ele><time>2024-06-22T07:16:33.119Z</time></trkpt><trkpt lat="42.913692" lon="-8.039405"><ele>433.734</ele><time>2024-06-22T07:16:39.119Z</time></trkpt><trkpt lat="42.913739" lon="-8.039425"><ele>433.592</ele><time>2024-06-22T07:16:45.119Z</time></trkpt><trkpt lat="42.913785" lon="-8.039448"><ele>433.237</ele><time>2024-06-22T07:16:50.119Z</time></trkpt><trkpt lat="42.913825" lon="-8.039481"><ele>432.927</ele><time>2024-06-22T07:16:55.119Z</time></trkpt><trkpt lat="42.913861" lon="-8.039526"><ele>432.771</ele><time>2024-06-22T07:17:00.119Z</time></trkpt><trkpt lat="42.913899" lon="-8.039569"><ele>431.640</ele><time>2024-06-22T07:17:05.119Z</time></trkpt><trkpt lat="42.913937" lon="-8.039615"><ele>430.728</ele><time>2024-06-22T07:17:10.119Z</time></trkpt><trkpt lat="42.913974" lon="-8.039663"><ele>430.576</ele><time>2024-06-22T07:17:15.119Z</time></trkpt><trkpt lat="42.914011" lon="-8.039707"><ele>430.448</ele><time>2024-06-22T07:17:20.119Z</time></trkpt><trkpt lat="42.914048" lon="-8.039757"><ele>430.361</ele><time>2024-06-22T07:17:25.119Z</time></trkpt><trkpt lat="42.914088" lon="-8.039807"><ele>429.517</ele><time>2024-06-22T07:17:30.119Z</time></trkpt><trkpt lat="42.914129" lon="-8.039860"><ele>428.909</ele><time>2024-06-22T07:17:35.119Z</time></trkpt><trkpt lat="42.914162" lon="-8.039908"><ele>428.725</ele><time>2024-06-22T07:17:39.119Z</time></trkpt><trkpt lat="42.914202" lon="-8.039953"><ele>428.771</ele><time>2024-06-22T07:17:44.119Z</time></trkpt><trkpt lat="42.914243" lon="-8.039994"><ele>429.029</ele><time>2024-06-22T07:17:49.119Z</time></trkpt><trkpt lat="42.914278" lon="-8.040036"><ele>429.684</ele><time>2024-06-22T07:18:09.119Z</time></trkpt><trkpt lat="42.914325" lon="-8.040064"><ele>431.024</ele><time>2024-06-22T07:18:26.119Z</time></trkpt><trkpt lat="42.914370" lon="-8.040096"><ele>431.078</ele><time>2024-06-22T07:18:31.119Z</time></trkpt><trkpt lat="42.914414" lon="-8.040126"><ele>431.087</ele><time>2024-06-22T07:18:36.119Z</time></trkpt><trkpt lat="42.914442" lon="-8.040184"><ele>430.725</ele><time>2024-06-22T07:18:51.119Z</time></trkpt><trkpt lat="42.914474" lon="-8.040232"><ele>428.563</ele><time>2024-06-22T07:18:56.119Z</time></trkpt><trkpt lat="42.914513" lon="-8.040273"><ele>427.316</ele><time>2024-06-22T07:19:01.119Z</time></trkpt><trkpt lat="42.914548" lon="-8.040314"><ele>427.376</ele><time>2024-06-22T07:19:07.119Z</time></trkpt><trkpt lat="42.914586" lon="-8.040354"><ele>427.313</ele><time>2024-06-22T07:19:13.119Z</time></trkpt><trkpt lat="42.914620" lon="-8.040404"><ele>427.609</ele><time>2024-06-22T07:19:20.119Z</time></trkpt><trkpt lat="42.914660" lon="-8.040451"><ele>428.182</ele><time>2024-06-22T07:19:27.119Z</time></trkpt><trkpt lat="42.914697" lon="-8.040491"><ele>428.368</ele><time>2024-06-22T07:19:32.119Z</time></trkpt><trkpt lat="42.914734" lon="-8.040533"><ele>429.076</ele><time>2024-06-22T07:19:37.119Z</time></trkpt><trkpt lat="42.914773" lon="-8.040572"><ele>429.451</ele><time>2024-06-22T07:19:42.119Z</time></trkpt><trkpt lat="42.914817" lon="-8.040591"><ele>429.731</ele><time>2024-06-22T07:19:46.119Z</time></trkpt><trkpt lat="42.914853" lon="-8.040628"><ele>430.025</ele><time>2024-06-22T07:19:50.119Z</time></trkpt><trkpt lat="42.914883" lon="-8.040680"><ele>430.024</ele><time>2024-06-22T07:19:57.119Z</time></trkpt><trkpt lat="42.914909" lon="-8.040731"><ele>429.972</ele><time>2024-06-22T07:20:03.119Z</time></trkpt><trkpt lat="42.914949" lon="-8.040784"><ele>429.680</ele><time>2024-06-22T07:20:08.119Z</time></trkpt><trkpt lat="42.914985" lon="-8.040838"><ele>429.025</ele><time>2024-06-22T07:20:13.119Z</time></trkpt><trkpt lat="42.915018" lon="-8.040881"><ele>428.326</ele><time>2024-06-22T07:20:17.119Z</time></trkpt><trkpt lat="42.915057" lon="-8.040924"><ele>427.708</ele><time>2024-06-22T07:20:22.119Z</time></trkpt><trkpt lat="42.915083" lon="-8.040977"><ele>427.409</ele><time>2024-06-22T07:20:28.119Z</time></trkpt><trkpt lat="42.915106" lon="-8.041037"><ele>424.933</ele><time>2024-06-22T07:20:34.119Z</time></trkpt><trkpt lat="42.915135" lon="-8.041087"><ele>424.429</ele><time>2024-06-22T07:20:40.119Z</time></trkpt><trkpt lat="42.915159" lon="-8.041142"><ele>424.377</ele><time>2024-06-22T07:20:45.119Z</time></trkpt><trkpt lat="42.915181" lon="-8.041196"><ele>424.232</ele><time>2024-06-22T07:20:50.119Z</time></trkpt><trkpt lat="42.915204" lon="-8.041251"><ele>424.052</ele><time>2024-06-22T07:20:55.119Z</time></trkpt><trkpt lat="42.915239" lon="-8.041296"><ele>423.146</ele><time>2024-06-22T07:21:01.119Z</time></trkpt><trkpt lat="42.915278" lon="-8.041330"><ele>420.535</ele><time>2024-06-22T07:21:48.119Z</time></trkpt><trkpt lat="42.915291" lon="-8.041402"><ele>420.313</ele><time>2024-06-22T07:21:55.119Z</time></trkpt><trkpt lat="42.915294" lon="-8.041473"><ele>420.261</ele><time>2024-06-22T07:22:00.119Z</time></trkpt><trkpt lat="42.915315" lon="-8.041543"><ele>420.262</ele><time>2024-06-22T07:22:06.119Z</time></trkpt><trkpt lat="42.915336" lon="-8.041601"><ele>420.183</ele><time>2024-06-22T07:22:11.119Z</time></trkpt><trkpt lat="42.915346" lon="-8.041661"><ele>419.311</ele><time>2024-06-22T07:22:30.119Z</time></trkpt><trkpt lat="42.915328" lon="-8.041724"><ele>418.409</ele><time>2024-06-22T07:23:15.119Z</time></trkpt><trkpt lat="42.915355" lon="-8.041780"><ele>417.787</ele><time>2024-06-22T07:23:45.119Z</time></trkpt><trkpt lat="42.915367" lon="-8.041848"><ele>415.913</ele><time>2024-06-22T07:24:04.119Z</time></trkpt><trkpt lat="42.915336" lon="-8.041801"><ele>415.651</ele><time>2024-06-22T07:24:23.119Z</time></trkpt><trkpt lat="42.915328" lon="-8.041737"><ele>415.576</ele><time>2024-06-22T07:24:28.119Z</time></trkpt><trkpt lat="42.915372" lon="-8.041759"><ele>419.586</ele><time>2024-06-22T07:25:45.119Z</time></trkpt><trkpt lat="42.915398" lon="-8.041823"><ele>419.720</ele><time>2024-06-22T07:25:50.119Z</time></trkpt><trkpt lat="42.915410" lon="-8.041888"><ele>419.789</ele><time>2024-06-22T07:25:55.119Z</time></trkpt><trkpt lat="42.915430" lon="-8.041949"><ele>419.937</ele><time>2024-06-22T07:26:04.119Z</time></trkpt><trkpt lat="42.915461" lon="-8.041998"><ele>420.085</ele><time>2024-06-22T07:26:10.119Z</time></trkpt><trkpt lat="42.915492" lon="-8.042044"><ele>417.118</ele><time>2024-06-22T07:26:18.119Z</time></trkpt><trkpt lat="42.915535" lon="-8.042078"><ele>417.198</ele><time>2024-06-22T07:26:24.119Z</time></trkpt><trkpt lat="42.915578" lon="-8.042107"><ele>417.117</ele><time>2024-06-22T07:26:29.119Z</time></trkpt><trkpt lat="42.915621" lon="-8.042134"><ele>417.309</ele><time>2024-06-22T07:26:34.119Z</time></trkpt><trkpt lat="42.915663" lon="-8.042157"><ele>417.662</ele><time>2024-06-22T07:26:39.119Z</time></trkpt><trkpt lat="42.915707" lon="-8.042194"><ele>417.918</ele><time>2024-06-22T07:26:45.119Z</time></trkpt><trkpt lat="42.915755" lon="-8.042224"><ele>420.296</ele><time>2024-06-22T07:26:52.119Z</time></trkpt><trkpt lat="42.915797" lon="-8.042247"><ele>421.141</ele><time>2024-06-22T07:27:05.119Z</time></trkpt><trkpt lat="42.915850" lon="-8.042273"><ele>421.991</ele><time>2024-06-22T07:27:10.119Z</time></trkpt><trkpt lat="42.915900" lon="-8.042298"><ele>422.385</ele><time>2024-06-22T07:27:16.119Z</time></trkpt><trkpt lat="42.915943" lon="-8.042328"><ele>421.824</ele><time>2024-06-22T07:27:21.119Z</time></trkpt><trkpt lat="42.915986" lon="-8.042355"><ele>421.252</ele><time>2024-06-22T07:27:27.119Z</time></trkpt><trkpt lat="42.916018" lon="-8.042402"><ele>420.940</ele><time>2024-06-22T07:27:33.119Z</time></trkpt><trkpt lat="42.916063" lon="-8.042426"><ele>421.467</ele><time>2024-06-22T07:27:40.119Z</time></trkpt><trkpt lat="42.916105" lon="-8.042456"><ele>421.981</ele><time>2024-06-22T07:27:46.119Z</time></trkpt><trkpt lat="42.916145" lon="-8.042485"><ele>423.619</ele><time>2024-06-22T07:27:50.119Z</time></trkpt><trkpt lat="42.916198" lon="-8.042516"><ele>424.809</ele><time>2024-06-22T07:27:55.119Z</time></trkpt><trkpt lat="42.916245" lon="-8.042562"><ele>425.897</ele><time>2024-06-22T07:28:00.119Z</time></trkpt><trkpt lat="42.916284" lon="-8.042611"><ele>426.053</ele><time>2024-06-22T07:28:04.119Z</time></trkpt><trkpt lat="42.916322" lon="-8.042652"><ele>426.111</ele><time>2024-06-22T07:28:08.119Z</time></trkpt><trkpt lat="42.916366" lon="-8.042608"><ele>426.796</ele><time>2024-06-22T07:28:48.119Z</time></trkpt><trkpt lat="42.916369" lon="-8.042540"><ele>426.816</ele><time>2024-06-22T07:28:52.119Z</time></trkpt><trkpt lat="42.916380" lon="-8.042476"><ele>426.860</ele><time>2024-06-22T07:28:57.119Z</time></trkpt><trkpt lat="42.916362" lon="-8.042552"><ele>426.769</ele><time>2024-06-22T07:29:15.119Z</time></trkpt><trkpt lat="42.916324" lon="-8.042602"><ele>430.257</ele><time>2024-06-22T07:29:20.119Z</time></trkpt><trkpt lat="42.916272" lon="-8.042634"><ele>430.245</ele><time>2024-06-22T07:29:36.119Z</time></trkpt><trkpt lat="42.916298" lon="-8.042581"><ele>430.743</ele><time>2024-06-22T07:30:33.119Z</time></trkpt><trkpt lat="42.916325" lon="-8.042637"><ele>431.264</ele><time>2024-06-22T07:31:27.119Z</time></trkpt><trkpt lat="42.916313" lon="-8.042700"><ele>431.110</ele><time>2024-06-22T07:32:23.119Z</time></trkpt><trkpt lat="42.916296" lon="-8.042763"><ele>431.109</ele><time>2024-06-22T07:32:30.119Z</time></trkpt><trkpt lat="42.916271" lon="-8.042827"><ele>429.565</ele><time>2024-06-22T07:32:35.119Z</time></trkpt><trkpt lat="42.916267" lon="-8.042888"><ele>428.911</ele><time>2024-06-22T07:32:44.119Z</time></trkpt><trkpt lat="42.916253" lon="-8.042948"><ele>428.589</ele><time>2024-06-22T07:32:51.119Z</time></trkpt><trkpt lat="42.916257" lon="-8.043015"><ele>428.774</ele><time>2024-06-22T07:33:00.119Z</time></trkpt><trkpt lat="42.916233" lon="-8.043070"><ele>432.124</ele><time>2024-06-22T07:33:16.119Z</time></trkpt><trkpt lat="42.916256" lon="-8.043143"><ele>434.188</ele><time>2024-06-22T07:33:21.092Z</time></trkpt><trkpt lat="42.916279" lon="-8.043216"><ele>434.467</ele><time>2024-06-22T07:33:25.087Z</time></trkpt><trkpt lat="42.916304" lon="-8.043276"><ele>434.525</ele><time>2024-06-22T07:33:29.090Z</time></trkpt><trkpt lat="42.916329" lon="-8.043332"><ele>434.443</ele><time>2024-06-22T07:33:33.090Z</time></trkpt><trkpt lat="42.916342" lon="-8.043403"><ele>433.375</ele><time>2024-06-22T07:33:37.090Z</time></trkpt><trkpt lat="42.916355" lon="-8.043482"><ele>431.528</ele><time>2024-06-22T07:33:41.090Z</time></trkpt><trkpt lat="42.916347" lon="-8.043546"><ele>430.220</ele><time>2024-06-22T07:33:44.090Z</time></trkpt><trkpt lat="42.916337" lon="-8.043609"><ele>430.709</ele><time>2024-06-22T07:33:49.090Z</time></trkpt><trkpt lat="42.916329" lon="-8.043673"><ele>430.818</ele><time>2024-06-22T07:33:55.090Z</time></trkpt><trkpt lat="42.916304" lon="-8.043735"><ele>435.384</ele><time>2024-06-22T07:34:30.090Z</time></trkpt><trkpt lat="42.916304" lon="-8.043810"><ele>435.332</ele><time>2024-06-22T07:34:34.090Z</time></trkpt><trkpt lat="42.916322" lon="-8.043875"><ele>435.377</ele><time>2024-06-22T07:34:41.090Z</time></trkpt><trkpt lat="42.916341" lon="-8.043941"><ele>435.317</ele><time>2024-06-22T07:34:45.090Z</time></trkpt><trkpt lat="42.916360" lon="-8.044005"><ele>438.541</ele><time>2024-06-22T07:34:50.090Z</time></trkpt><trkpt lat="42.916357" lon="-8.044068"><ele>441.290</ele><time>2024-06-22T07:34:55.090Z</time></trkpt><trkpt lat="42.916372" lon="-8.044138"><ele>441.178</ele><time>2024-06-22T07:35:00.090Z</time></trkpt><trkpt lat="42.916384" lon="-8.044213"><ele>441.676</ele><time>2024-06-22T07:35:05.090Z</time></trkpt><trkpt lat="42.916390" lon="-8.044279"><ele>441.123</ele><time>2024-06-22T07:35:10.090Z</time></trkpt><trkpt lat="42.916395" lon="-8.044343"><ele>441.383</ele><time>2024-06-22T07:35:15.090Z</time></trkpt><trkpt lat="42.916398" lon="-8.044415"><ele>441.511</ele><time>2024-06-22T07:35:21.090Z</time></trkpt><trkpt lat="42.916398" lon="-8.044477"><ele>442.509</ele><time>2024-06-22T07:35:25.090Z</time></trkpt><trkpt lat="42.916393" lon="-8.044539"><ele>442.743</ele><time>2024-06-22T07:35:29.090Z</time></trkpt><trkpt lat="42.916393" lon="-8.044606"><ele>443.349</ele><time>2024-06-22T07:35:35.090Z</time></trkpt><trkpt lat="42.916406" lon="-8.044674"><ele>443.797</ele><time>2024-06-22T07:35:40.090Z</time></trkpt><trkpt lat="42.916375" lon="-8.044722"><ele>443.782</ele><time>2024-06-22T07:35:47.090Z</time></trkpt><trkpt lat="42.916348" lon="-8.044777"><ele>443.962</ele><time>2024-06-22T07:35:54.090Z</time></trkpt><trkpt lat="42.916337" lon="-8.044848"><ele>443.796</ele><time>2024-06-22T07:36:00.090Z</time></trkpt><trkpt lat="42.916333" lon="-8.044910"><ele>444.125</ele><time>2024-06-22T07:36:05.090Z</time></trkpt><trkpt lat="42.916318" lon="-8.044986"><ele>443.733</ele><time>2024-06-22T07:36:10.090Z</time></trkpt><trkpt lat="42.916295" lon="-8.045057"><ele>443.741</ele><time>2024-06-22T07:36:14.090Z</time></trkpt><trkpt lat="42.916281" lon="-8.045129"><ele>443.694</ele><time>2024-06-22T07:36:18.090Z</time></trkpt><trkpt lat="42.916268" lon="-8.045205"><ele>443.857</ele><time>2024-06-22T07:36:23.090Z</time></trkpt><trkpt lat="42.916269" lon="-8.045282"><ele>443.322</ele><time>2024-06-22T07:36:28.090Z</time></trkpt><trkpt lat="42.916262" lon="-8.045356"><ele>443.709</ele><time>2024-06-22T07:36:32.090Z</time></trkpt><trkpt lat="42.916262" lon="-8.045417"><ele>443.870</ele><time>2024-06-22T07:36:35.090Z</time></trkpt><trkpt lat="42.916262" lon="-8.045480"><ele>444.496</ele><time>2024-06-22T07:36:38.090Z</time></trkpt><trkpt lat="42.916261" lon="-8.045554"><ele>445.554</ele><time>2024-06-22T07:36:42.090Z</time></trkpt><trkpt lat="42.916255" lon="-8.045627"><ele>447.939</ele><time>2024-06-22T07:36:47.090Z</time></trkpt><trkpt lat="42.916239" lon="-8.045691"><ele>451.979</ele><time>2024-06-22T07:36:54.090Z</time></trkpt><trkpt lat="42.916218" lon="-8.045763"><ele>453.023</ele><time>2024-06-22T07:37:00.090Z</time></trkpt><trkpt lat="42.916197" lon="-8.045826"><ele>453.822</ele><time>2024-06-22T07:37:04.090Z</time></trkpt><trkpt lat="42.916177" lon="-8.045889"><ele>454.210</ele><time>2024-06-22T07:37:09.090Z</time></trkpt><trkpt lat="42.916156" lon="-8.045953"><ele>454.988</ele><time>2024-06-22T07:37:14.090Z</time></trkpt><trkpt lat="42.916146" lon="-8.046025"><ele>455.732</ele><time>2024-06-22T07:37:18.090Z</time></trkpt><trkpt lat="42.916128" lon="-8.046086"><ele>456.892</ele><time>2024-06-22T07:37:22.090Z</time></trkpt><trkpt lat="42.916112" lon="-8.046145"><ele>457.311</ele><time>2024-06-22T07:37:27.090Z</time></trkpt><trkpt lat="42.916097" lon="-8.046210"><ele>457.909</ele><time>2024-06-22T07:37:32.090Z</time></trkpt><trkpt lat="42.916073" lon="-8.046269"><ele>458.184</ele><time>2024-06-22T07:37:36.090Z</time></trkpt><trkpt lat="42.916059" lon="-8.046341"><ele>458.110</ele><time>2024-06-22T07:37:41.090Z</time></trkpt><trkpt lat="42.916043" lon="-8.046400"><ele>458.168</ele><time>2024-06-22T07:37:45.090Z</time></trkpt><trkpt lat="42.916054" lon="-8.046462"><ele>458.113</ele><time>2024-06-22T07:37:49.090Z</time></trkpt><trkpt lat="42.916072" lon="-8.046531"><ele>457.133</ele><time>2024-06-22T07:37:53.090Z</time></trkpt><trkpt lat="42.916094" lon="-8.046591"><ele>456.227</ele><time>2024-06-22T07:37:57.090Z</time></trkpt><trkpt lat="42.916111" lon="-8.046658"><ele>455.476</ele><time>2024-06-22T07:38:02.090Z</time></trkpt><trkpt lat="42.916131" lon="-8.046724"><ele>456.294</ele><time>2024-06-22T07:38:07.090Z</time></trkpt><trkpt lat="42.916152" lon="-8.046790"><ele>455.642</ele><time>2024-06-22T07:38:12.090Z</time></trkpt><trkpt lat="42.916177" lon="-8.046844"><ele>455.039</ele><time>2024-06-22T07:38:16.090Z</time></trkpt><trkpt lat="42.916213" lon="-8.046896"><ele>455.101</ele><time>2024-06-22T07:38:21.090Z</time></trkpt><trkpt lat="42.916243" lon="-8.046955"><ele>455.121</ele><time>2024-06-22T07:38:26.090Z</time></trkpt><trkpt lat="42.916285" lon="-8.047002"><ele>454.909</ele><time>2024-06-22T07:38:31.090Z</time></trkpt><trkpt lat="42.916323" lon="-8.047044"><ele>454.884</ele><time>2024-06-22T07:38:35.090Z</time></trkpt><trkpt lat="42.916356" lon="-8.047095"><ele>454.720</ele><time>2024-06-22T07:38:39.090Z</time></trkpt><trkpt lat="42.916391" lon="-8.047152"><ele>454.358</ele><time>2024-06-22T07:38:44.090Z</time></trkpt><trkpt lat="42.916421" lon="-8.047206"><ele>453.943</ele><time>2024-06-22T07:38:48.090Z</time></trkpt><trkpt lat="42.916448" lon="-8.047256"><ele>453.683</ele><time>2024-06-22T07:38:52.090Z</time></trkpt><trkpt lat="42.916477" lon="-8.047308"><ele>452.897</ele><time>2024-06-22T07:38:56.090Z</time></trkpt><trkpt lat="42.916503" lon="-8.047365"><ele>452.466</ele><time>2024-06-22T07:39:00.090Z</time></trkpt><trkpt lat="42.916536" lon="-8.047422"><ele>452.454</ele><time>2024-06-22T07:39:04.090Z</time></trkpt><trkpt lat="42.916566" lon="-8.047476"><ele>452.522</ele><time>2024-06-22T07:39:08.090Z</time></trkpt><trkpt lat="42.916590" lon="-8.047532"><ele>452.639</ele><time>2024-06-22T07:39:12.090Z</time></trkpt><trkpt lat="42.916616" lon="-8.047593"><ele>452.901</ele><time>2024-06-22T07:39:16.090Z</time></trkpt><trkpt lat="42.916639" lon="-8.047651"><ele>453.121</ele><time>2024-06-22T07:39:20.090Z</time></trkpt><trkpt lat="42.916664" lon="-8.047710"><ele>453.409</ele><time>2024-06-22T07:39:24.090Z</time></trkpt><trkpt lat="42.916689" lon="-8.047771"><ele>454.044</ele><time>2024-06-22T07:39:28.090Z</time></trkpt><trkpt lat="42.916709" lon="-8.047835"><ele>454.520</ele><time>2024-06-22T07:39:32.090Z</time></trkpt><trkpt lat="42.916726" lon="-8.047898"><ele>454.758</ele><time>2024-06-22T07:39:36.090Z</time></trkpt><trkpt lat="42.916737" lon="-8.047966"><ele>454.973</ele><time>2024-06-22T07:39:40.090Z</time></trkpt><trkpt lat="42.916746" lon="-8.048034"><ele>455.153</ele><time>2024-06-22T07:39:44.090Z</time></trkpt><trkpt lat="42.916748" lon="-8.048108"><ele>455.437</ele><time>2024-06-22T07:39:48.090Z</time></trkpt><trkpt lat="42.916746" lon="-8.048173"><ele>455.556</ele><time>2024-06-22T07:39:52.090Z</time></trkpt><trkpt lat="42.916755" lon="-8.048246"><ele>455.764</ele><time>2024-06-22T07:39:56.090Z</time></trkpt><trkpt lat="42.916757" lon="-8.048312"><ele>456.092</ele><time>2024-06-22T07:40:00.090Z</time></trkpt><trkpt lat="42.916741" lon="-8.048376"><ele>456.178</ele><time>2024-06-22T07:40:04.090Z</time></trkpt><trkpt lat="42.916724" lon="-8.048434"><ele>456.233</ele><time>2024-06-22T07:40:08.090Z</time></trkpt><trkpt lat="42.916705" lon="-8.048490"><ele>456.326</ele><time>2024-06-22T07:40:12.090Z</time></trkpt><trkpt lat="42.916682" lon="-8.048547"><ele>456.909</ele><time>2024-06-22T07:40:16.090Z</time></trkpt><trkpt lat="42.916658" lon="-8.048601"><ele>457.028</ele><time>2024-06-22T07:40:20.090Z</time></trkpt><trkpt lat="42.916634" lon="-8.048666"><ele>457.094</ele><time>2024-06-22T07:40:24.090Z</time></trkpt><trkpt lat="42.916613" lon="-8.048724"><ele>457.082</ele><time>2024-06-22T07:40:28.090Z</time></trkpt><trkpt lat="42.916599" lon="-8.048788"><ele>456.637</ele><time>2024-06-22T07:40:32.090Z</time></trkpt><trkpt lat="42.916599" lon="-8.048853"><ele>455.897</ele><time>2024-06-22T07:40:36.090Z</time></trkpt><trkpt lat="42.916624" lon="-8.048914"><ele>455.551</ele><time>2024-06-22T07:40:40.090Z</time></trkpt><trkpt lat="42.916657" lon="-8.048959"><ele>455.520</ele><time>2024-06-22T07:40:44.090Z</time></trkpt><trkpt lat="42.916708" lon="-8.048993"><ele>455.348</ele><time>2024-06-22T07:40:49.090Z</time></trkpt><trkpt lat="42.916752" lon="-8.049029"><ele>455.246</ele><time>2024-06-22T07:40:53.090Z</time></trkpt><trkpt lat="42.916794" lon="-8.049068"><ele>455.127</ele><time>2024-06-22T07:40:57.090Z</time></trkpt><trkpt lat="42.916837" lon="-8.049108"><ele>455.168</ele><time>2024-06-22T07:41:01.090Z</time></trkpt><trkpt lat="42.916877" lon="-8.049143"><ele>455.114</ele><time>2024-06-22T07:41:05.090Z</time></trkpt><trkpt lat="42.916911" lon="-8.049188"><ele>455.009</ele><time>2024-06-22T07:41:09.090Z</time></trkpt><trkpt lat="42.916952" lon="-8.049226"><ele>455.053</ele><time>2024-06-22T07:41:13.090Z</time></trkpt><trkpt lat="42.916990" lon="-8.049268"><ele>455.069</ele><time>2024-06-22T07:41:17.090Z</time></trkpt><trkpt lat="42.917028" lon="-8.049317"><ele>454.867</ele><time>2024-06-22T07:41:21.090Z</time></trkpt><trkpt lat="42.917070" lon="-8.049363"><ele>454.372</ele><time>2024-06-22T07:41:25.090Z</time></trkpt><trkpt lat="42.917111" lon="-8.049423"><ele>454.212</ele><time>2024-06-22T07:41:29.090Z</time></trkpt><trkpt lat="42.917152" lon="-8.049474"><ele>454.386</ele><time>2024-06-22T07:41:33.090Z</time></trkpt><trkpt lat="42.917178" lon="-8.049525"><ele>454.345</ele><time>2024-06-22T07:41:37.090Z</time></trkpt><trkpt lat="42.917206" lon="-8.049588"><ele>455.213</ele><time>2024-06-22T07:41:42.090Z</time></trkpt><trkpt lat="42.917234" lon="-8.049638"><ele>455.421</ele><time>2024-06-22T07:41:46.090Z</time></trkpt><trkpt lat="42.917269" lon="-8.049688"><ele>455.562</ele><time>2024-06-22T07:41:50.090Z</time></trkpt><trkpt lat="42.917303" lon="-8.049734"><ele>455.783</ele><time>2024-06-22T07:41:54.090Z</time></trkpt><trkpt lat="42.917331" lon="-8.049787"><ele>455.711</ele><time>2024-06-22T07:41:58.090Z</time></trkpt><trkpt lat="42.917363" lon="-8.049843"><ele>455.709</ele><time>2024-06-22T07:42:02.090Z</time></trkpt><trkpt lat="42.917392" lon="-8.049896"><ele>455.987</ele><time>2024-06-22T07:42:06.090Z</time></trkpt><trkpt lat="42.917421" lon="-8.049956"><ele>456.343</ele><time>2024-06-22T07:42:11.090Z</time></trkpt><trkpt lat="42.917422" lon="-8.050021"><ele>456.841</ele><time>2024-06-22T07:42:17.090Z</time></trkpt><trkpt lat="42.917424" lon="-8.050091"><ele>458.466</ele><time>2024-06-22T07:42:23.090Z</time></trkpt><trkpt lat="42.917431" lon="-8.050156"><ele>459.096</ele><time>2024-06-22T07:42:28.090Z</time></trkpt><trkpt lat="42.917437" lon="-8.050220"><ele>459.020</ele><time>2024-06-22T07:42:33.090Z</time></trkpt><trkpt lat="42.917442" lon="-8.050285"><ele>459.099</ele><time>2024-06-22T07:42:38.090Z</time></trkpt><trkpt lat="42.917454" lon="-8.050350"><ele>459.097</ele><time>2024-06-22T07:42:43.090Z</time></trkpt><trkpt lat="42.917471" lon="-8.050419"><ele>458.985</ele><time>2024-06-22T07:42:48.090Z</time></trkpt><trkpt lat="42.917481" lon="-8.050492"><ele>458.775</ele><time>2024-06-22T07:42:53.090Z</time></trkpt><trkpt lat="42.917487" lon="-8.050564"><ele>458.528</ele><time>2024-06-22T07:42:58.090Z</time></trkpt><trkpt lat="42.917498" lon="-8.050631"><ele>458.020</ele><time>2024-06-22T07:43:03.090Z</time></trkpt><trkpt lat="42.917505" lon="-8.050702"><ele>457.909</ele><time>2024-06-22T07:43:08.090Z</time></trkpt><trkpt lat="42.917511" lon="-8.050776"><ele>457.958</ele><time>2024-06-22T07:43:13.090Z</time></trkpt><trkpt lat="42.917515" lon="-8.050847"><ele>457.994</ele><time>2024-06-22T07:43:18.090Z</time></trkpt><trkpt lat="42.917519" lon="-8.050922"><ele>457.942</ele><time>2024-06-22T07:43:23.090Z</time></trkpt><trkpt lat="42.917521" lon="-8.050985"><ele>458.017</ele><time>2024-06-22T07:43:27.090Z</time></trkpt><trkpt lat="42.917529" lon="-8.051049"><ele>458.247</ele><time>2024-06-22T07:43:32.090Z</time></trkpt><trkpt lat="42.917538" lon="-8.051119"><ele>458.241</ele><time>2024-06-22T07:43:37.090Z</time></trkpt><trkpt lat="42.917556" lon="-8.051190"><ele>458.110</ele><time>2024-06-22T07:43:42.090Z</time></trkpt><trkpt lat="42.917566" lon="-8.051252"><ele>458.278</ele><time>2024-06-22T07:43:46.090Z</time></trkpt><trkpt lat="42.917573" lon="-8.051315"><ele>458.556</ele><time>2024-06-22T07:43:50.090Z</time></trkpt><trkpt lat="42.917585" lon="-8.051381"><ele>458.616</ele><time>2024-06-22T07:43:54.090Z</time></trkpt><trkpt lat="42.917593" lon="-8.051442"><ele>459.076</ele><time>2024-06-22T07:43:58.090Z</time></trkpt><trkpt lat="42.917600" lon="-8.051504"><ele>460.013</ele><time>2024-06-22T07:44:02.090Z</time></trkpt><trkpt lat="42.917603" lon="-8.051566"><ele>460.709</ele><time>2024-06-22T07:44:06.090Z</time></trkpt><trkpt lat="42.917601" lon="-8.051644"><ele>461.142</ele><time>2024-06-22T07:44:11.090Z</time></trkpt><trkpt lat="42.917593" lon="-8.051707"><ele>461.238</ele><time>2024-06-22T07:44:15.090Z</time></trkpt><trkpt lat="42.917538" lon="-8.051722"><ele>461.456</ele><time>2024-06-22T07:44:19.090Z</time></trkpt><trkpt lat="42.917494" lon="-8.051747"><ele>461.451</ele><time>2024-06-22T07:44:23.090Z</time></trkpt><trkpt lat="42.917446" lon="-8.051779"><ele>461.431</ele><time>2024-06-22T07:44:28.090Z</time></trkpt><trkpt lat="42.917402" lon="-8.051799"><ele>461.275</ele><time>2024-06-22T07:44:32.090Z</time></trkpt><trkpt lat="42.917358" lon="-8.051827"><ele>460.964</ele><time>2024-06-22T07:44:36.090Z</time></trkpt><trkpt lat="42.917312" lon="-8.051864"><ele>460.512</ele><time>2024-06-22T07:44:41.090Z</time></trkpt><trkpt lat="42.917266" lon="-8.051891"><ele>460.090</ele><time>2024-06-22T07:44:46.090Z</time></trkpt><trkpt lat="42.917223" lon="-8.051926"><ele>459.499</ele><time>2024-06-22T07:44:51.090Z</time></trkpt><trkpt lat="42.917182" lon="-8.051962"><ele>459.207</ele><time>2024-06-22T07:44:56.090Z</time></trkpt><trkpt lat="42.917140" lon="-8.051990"><ele>458.927</ele><time>2024-06-22T07:45:01.090Z</time></trkpt><trkpt lat="42.917098" lon="-8.052027"><ele>458.809</ele><time>2024-06-22T07:45:07.090Z</time></trkpt><trkpt lat="42.917096" lon="-8.052099"><ele>458.510</ele><time>2024-06-22T07:45:15.090Z</time></trkpt><trkpt lat="42.917050" lon="-8.052107"><ele>458.496</ele><time>2024-06-22T07:45:19.090Z</time></trkpt><trkpt lat="42.916996" lon="-8.052110"><ele>458.464</ele><time>2024-06-22T07:45:25.090Z</time></trkpt><trkpt lat="42.916948" lon="-8.052129"><ele>458.419</ele><time>2024-06-22T07:45:32.090Z</time></trkpt><trkpt lat="42.916914" lon="-8.052172"><ele>458.639</ele><time>2024-06-22T07:45:38.090Z</time></trkpt><trkpt lat="42.916895" lon="-8.052234"><ele>458.833</ele><time>2024-06-22T07:45:44.090Z</time></trkpt><trkpt lat="42.916880" lon="-8.052304"><ele>459.772</ele><time>2024-06-22T07:45:50.090Z</time></trkpt><trkpt lat="42.916852" lon="-8.052354"><ele>459.820</ele><time>2024-06-22T07:45:54.090Z</time></trkpt><trkpt lat="42.916835" lon="-8.052414"><ele>459.788</ele><time>2024-06-22T07:45:59.090Z</time></trkpt><trkpt lat="42.916826" lon="-8.052485"><ele>459.627</ele><time>2024-06-22T07:46:05.090Z</time></trkpt><trkpt lat="42.916820" lon="-8.052560"><ele>459.068</ele><time>2024-06-22T07:46:10.090Z</time></trkpt><trkpt lat="42.916809" lon="-8.052631"><ele>458.914</ele><time>2024-06-22T07:46:15.090Z</time></trkpt><trkpt lat="42.916792" lon="-8.052688"><ele>458.909</ele><time>2024-06-22T07:46:19.090Z</time></trkpt><trkpt lat="42.916779" lon="-8.052751"><ele>459.473</ele><time>2024-06-22T07:46:23.090Z</time></trkpt><trkpt lat="42.916774" lon="-8.052813"><ele>460.479</ele><time>2024-06-22T07:46:27.090Z</time></trkpt><trkpt lat="42.916748" lon="-8.052870"><ele>460.847</ele><time>2024-06-22T07:46:31.090Z</time></trkpt><trkpt lat="42.916720" lon="-8.052935"><ele>461.382</ele><time>2024-06-22T07:46:36.090Z</time></trkpt><trkpt lat="42.916705" lon="-8.052995"><ele>461.592</ele><time>2024-06-22T07:46:40.090Z</time></trkpt><trkpt lat="42.916672" lon="-8.053037"><ele>461.566</ele><time>2024-06-22T07:46:45.090Z</time></trkpt><trkpt lat="42.916654" lon="-8.053099"><ele>462.735</ele><time>2024-06-22T07:47:07.090Z</time></trkpt><trkpt lat="42.916618" lon="-8.053141"><ele>462.813</ele><time>2024-06-22T07:47:12.090Z</time></trkpt><trkpt lat="42.916611" lon="-8.053202"><ele>462.861</ele><time>2024-06-22T07:47:18.090Z</time></trkpt><trkpt lat="42.916586" lon="-8.053269"><ele>462.891</ele><time>2024-06-22T07:47:25.090Z</time></trkpt><trkpt lat="42.916550" lon="-8.053316"><ele>462.881</ele><time>2024-06-22T07:47:30.090Z</time></trkpt><trkpt lat="42.916523" lon="-8.053372"><ele>460.519</ele><time>2024-06-22T07:47:36.090Z</time></trkpt><trkpt lat="42.916486" lon="-8.053409"><ele>460.809</ele><time>2024-06-22T07:47:51.090Z</time></trkpt><trkpt lat="42.916460" lon="-8.053461"><ele>461.630</ele><time>2024-06-22T07:48:14.090Z</time></trkpt><trkpt lat="42.916432" lon="-8.053522"><ele>461.666</ele><time>2024-06-22T07:48:18.090Z</time></trkpt><trkpt lat="42.916411" lon="-8.053584"><ele>462.064</ele><time>2024-06-22T07:48:26.090Z</time></trkpt><trkpt lat="42.916381" lon="-8.053635"><ele>462.089</ele><time>2024-06-22T07:48:32.090Z</time></trkpt><trkpt lat="42.916359" lon="-8.053702"><ele>462.159</ele><time>2024-06-22T07:48:40.090Z</time></trkpt><trkpt lat="42.916343" lon="-8.053767"><ele>463.323</ele><time>2024-06-22T07:48:45.090Z</time></trkpt><trkpt lat="42.916319" lon="-8.053830"><ele>463.412</ele><time>2024-06-22T07:48:51.090Z</time></trkpt><trkpt lat="42.916295" lon="-8.053888"><ele>463.470</ele><time>2024-06-22T07:48:56.090Z</time></trkpt><trkpt lat="42.916282" lon="-8.053956"><ele>463.498</ele><time>2024-06-22T07:49:01.090Z</time></trkpt><trkpt lat="42.916256" lon="-8.054017"><ele>463.849</ele><time>2024-06-22T07:49:06.090Z</time></trkpt><trkpt lat="42.916235" lon="-8.054086"><ele>463.702</ele><time>2024-06-22T07:49:11.090Z</time></trkpt><trkpt lat="42.916205" lon="-8.054141"><ele>464.222</ele><time>2024-06-22T07:49:16.090Z</time></trkpt><trkpt lat="42.916187" lon="-8.054204"><ele>464.909</ele><time>2024-06-22T07:49:21.090Z</time></trkpt><trkpt lat="42.916170" lon="-8.054266"><ele>464.985</ele><time>2024-06-22T07:49:26.090Z</time></trkpt><trkpt lat="42.916139" lon="-8.054310"><ele>464.981</ele><time>2024-06-22T07:49:31.090Z</time></trkpt><trkpt lat="42.916116" lon="-8.054370"><ele>464.819</ele><time>2024-06-22T07:49:36.090Z</time></trkpt><trkpt lat="42.916070" lon="-8.054371"><ele>464.164</ele><time>2024-06-22T07:49:48.090Z</time></trkpt><trkpt lat="42.916055" lon="-8.054437"><ele>464.454</ele><time>2024-06-22T07:50:09.090Z</time></trkpt><trkpt lat="42.916026" lon="-8.054492"><ele>464.418</ele><time>2024-06-22T07:50:15.090Z</time></trkpt><trkpt lat="42.916014" lon="-8.054560"><ele>464.487</ele><time>2024-06-22T07:50:20.090Z</time></trkpt><trkpt lat="42.915998" lon="-8.054630"><ele>464.445</ele><time>2024-06-22T07:50:26.090Z</time></trkpt><trkpt lat="42.915971" lon="-8.054689"><ele>463.343</ele><time>2024-06-22T07:50:32.090Z</time></trkpt><trkpt lat="42.915934" lon="-8.054734"><ele>463.583</ele><time>2024-06-22T07:50:38.090Z</time></trkpt><trkpt lat="42.915913" lon="-8.054794"><ele>463.325</ele><time>2024-06-22T07:50:44.090Z</time></trkpt><trkpt lat="42.915901" lon="-8.054866"><ele>464.517</ele><time>2024-06-22T07:50:50.090Z</time></trkpt><trkpt lat="42.915877" lon="-8.054920"><ele>465.609</ele><time>2024-06-22T07:50:55.090Z</time></trkpt><trkpt lat="42.915869" lon="-8.054983"><ele>466.039</ele><time>2024-06-22T07:51:01.090Z</time></trkpt><trkpt lat="42.915849" lon="-8.055049"><ele>466.055</ele><time>2024-06-22T07:51:07.090Z</time></trkpt><trkpt lat="42.915804" lon="-8.055061"><ele>464.653</ele><time>2024-06-22T07:51:35.090Z</time></trkpt><trkpt lat="42.915796" lon="-8.055130"><ele>463.788</ele><time>2024-06-22T07:51:42.090Z</time></trkpt><trkpt lat="42.915799" lon="-8.055195"><ele>463.648</ele><time>2024-06-22T07:51:49.090Z</time></trkpt><trkpt lat="42.915789" lon="-8.055260"><ele>460.822</ele><time>2024-06-22T07:51:56.090Z</time></trkpt><trkpt lat="42.915747" lon="-8.055289"><ele>460.621</ele><time>2024-06-22T07:52:02.090Z</time></trkpt><trkpt lat="42.915744" lon="-8.055364"><ele>462.939</ele><time>2024-06-22T07:53:30.090Z</time></trkpt><trkpt lat="42.915742" lon="-8.055431"><ele>462.917</ele><time>2024-06-22T07:53:35.090Z</time></trkpt><trkpt lat="42.915724" lon="-8.055503"><ele>462.918</ele><time>2024-06-22T07:53:41.090Z</time></trkpt><trkpt lat="42.915713" lon="-8.055567"><ele>462.998</ele><time>2024-06-22T07:53:45.090Z</time></trkpt><trkpt lat="42.915706" lon="-8.055636"><ele>462.917</ele><time>2024-06-22T07:53:51.090Z</time></trkpt><trkpt lat="42.915691" lon="-8.055703"><ele>460.609</ele><time>2024-06-22T07:54:22.090Z</time></trkpt><trkpt lat="42.915677" lon="-8.055774"><ele>460.582</ele><time>2024-06-22T07:54:27.090Z</time></trkpt><trkpt lat="42.915650" lon="-8.055826"><ele>460.258</ele><time>2024-06-22T07:54:33.090Z</time></trkpt><trkpt lat="42.915653" lon="-8.055897"><ele>459.996</ele><time>2024-06-22T07:54:38.090Z</time></trkpt><trkpt lat="42.915644" lon="-8.055958"><ele>460.221</ele><time>2024-06-22T07:54:42.090Z</time></trkpt><trkpt lat="42.915629" lon="-8.056022"><ele>459.991</ele><time>2024-06-22T07:54:47.090Z</time></trkpt><trkpt lat="42.915619" lon="-8.056090"><ele>460.675</ele><time>2024-06-22T07:54:52.090Z</time></trkpt><trkpt lat="42.915615" lon="-8.056154"><ele>462.274</ele><time>2024-06-22T07:54:56.090Z</time></trkpt><trkpt lat="42.915610" lon="-8.056226"><ele>462.352</ele><time>2024-06-22T07:55:01.090Z</time></trkpt><trkpt lat="42.915609" lon="-8.056292"><ele>462.310</ele><time>2024-06-22T07:55:06.090Z</time></trkpt><trkpt lat="42.915598" lon="-8.056364"><ele>462.487</ele><time>2024-06-22T07:55:11.090Z</time></trkpt><trkpt lat="42.915611" lon="-8.056430"><ele>462.542</ele><time>2024-06-22T07:55:16.090Z</time></trkpt><trkpt lat="42.915583" lon="-8.056491"><ele>462.526</ele><time>2024-06-22T07:55:21.090Z</time></trkpt><trkpt lat="42.915570" lon="-8.056556"><ele>462.509</ele><time>2024-06-22T07:55:25.090Z</time></trkpt><trkpt lat="42.915567" lon="-8.056626"><ele>462.479</ele><time>2024-06-22T07:55:30.090Z</time></trkpt><trkpt lat="42.915547" lon="-8.056700"><ele>462.315</ele><time>2024-06-22T07:55:34.090Z</time></trkpt><trkpt lat="42.915531" lon="-8.056761"><ele>462.393</ele><time>2024-06-22T07:55:39.090Z</time></trkpt><trkpt lat="42.915511" lon="-8.056821"><ele>462.268</ele><time>2024-06-22T07:55:44.090Z</time></trkpt><trkpt lat="42.915503" lon="-8.056896"><ele>462.238</ele><time>2024-06-22T07:55:49.090Z</time></trkpt><trkpt lat="42.915492" lon="-8.056958"><ele>461.922</ele><time>2024-06-22T07:55:53.090Z</time></trkpt><trkpt lat="42.915479" lon="-8.057033"><ele>459.851</ele><time>2024-06-22T07:55:58.090Z</time></trkpt><trkpt lat="42.915461" lon="-8.057105"><ele>459.589</ele><time>2024-06-22T07:56:02.090Z</time></trkpt><trkpt lat="42.915450" lon="-8.057167"><ele>459.547</ele><time>2024-06-22T07:56:06.090Z</time></trkpt><trkpt lat="42.915435" lon="-8.057230"><ele>459.574</ele><time>2024-06-22T07:56:10.090Z</time></trkpt><trkpt lat="42.915424" lon="-8.057293"><ele>459.656</ele><time>2024-06-22T07:56:14.090Z</time></trkpt><trkpt lat="42.915411" lon="-8.057356"><ele>460.021</ele><time>2024-06-22T07:56:18.090Z</time></trkpt><trkpt lat="42.915382" lon="-8.057404"><ele>460.209</ele><time>2024-06-22T07:56:32.090Z</time></trkpt><trkpt lat="42.915368" lon="-8.057467"><ele>460.438</ele><time>2024-06-22T07:56:38.090Z</time></trkpt><trkpt lat="42.915358" lon="-8.057530"><ele>460.734</ele><time>2024-06-22T07:56:44.090Z</time></trkpt><trkpt lat="42.915360" lon="-8.057602"><ele>460.942</ele><time>2024-06-22T07:56:50.090Z</time></trkpt><trkpt lat="42.915365" lon="-8.057668"><ele>460.987</ele><time>2024-06-22T07:56:55.090Z</time></trkpt><trkpt lat="42.915365" lon="-8.057730"><ele>460.867</ele><time>2024-06-22T07:57:00.090Z</time></trkpt><trkpt lat="42.915361" lon="-8.057794"><ele>461.471</ele><time>2024-06-22T07:57:52.090Z</time></trkpt><trkpt lat="42.915363" lon="-8.057857"><ele>461.380</ele><time>2024-06-22T07:58:40.090Z</time></trkpt><trkpt lat="42.915368" lon="-8.057924"><ele>461.348</ele><time>2024-06-22T07:58:45.090Z</time></trkpt><trkpt lat="42.915375" lon="-8.057992"><ele>460.836</ele><time>2024-06-22T07:58:50.090Z</time></trkpt><trkpt lat="42.915379" lon="-8.058059"><ele>460.099</ele><time>2024-06-22T07:58:55.090Z</time></trkpt><trkpt lat="42.915389" lon="-8.058131"><ele>459.907</ele><time>2024-06-22T07:59:00.090Z</time></trkpt><trkpt lat="42.915387" lon="-8.058197"><ele>460.127</ele><time>2024-06-22T07:59:05.090Z</time></trkpt><trkpt lat="42.915390" lon="-8.058259"><ele>460.209</ele><time>2024-06-22T07:59:10.090Z</time></trkpt><trkpt lat="42.915397" lon="-8.058324"><ele>460.350</ele><time>2024-06-22T07:59:15.090Z</time></trkpt><trkpt lat="42.915410" lon="-8.058394"><ele>460.336</ele><time>2024-06-22T07:59:20.090Z</time></trkpt><trkpt lat="42.915418" lon="-8.058465"><ele>460.234</ele><time>2024-06-22T07:59:24.090Z</time></trkpt><trkpt lat="42.915422" lon="-8.058542"><ele>459.959</ele><time>2024-06-22T07:59:29.090Z</time></trkpt><trkpt lat="42.915421" lon="-8.058606"><ele>459.619</ele><time>2024-06-22T07:59:33.090Z</time></trkpt><trkpt lat="42.915431" lon="-8.058680"><ele>459.483</ele><time>2024-06-22T07:59:38.090Z</time></trkpt><trkpt lat="42.915438" lon="-8.058747"><ele>459.432</ele><time>2024-06-22T07:59:42.090Z</time></trkpt><trkpt lat="42.915440" lon="-8.058811"><ele>459.810</ele><time>2024-06-22T07:59:46.090Z</time></trkpt><trkpt lat="42.915446" lon="-8.058874"><ele>459.998</ele><time>2024-06-22T07:59:50.090Z</time></trkpt><trkpt lat="42.915453" lon="-8.058947"><ele>460.182</ele><time>2024-06-22T07:59:55.090Z</time></trkpt><trkpt lat="42.915451" lon="-8.059019"><ele>460.343</ele><time>2024-06-22T07:59:59.090Z</time></trkpt><trkpt lat="42.915445" lon="-8.059090"><ele>460.317</ele><time>2024-06-22T08:00:03.090Z</time></trkpt><trkpt lat="42.915433" lon="-8.059156"><ele>460.309</ele><time>2024-06-22T08:00:07.090Z</time></trkpt><trkpt lat="42.915438" lon="-8.059222"><ele>459.739</ele><time>2024-06-22T08:00:11.090Z</time></trkpt><trkpt lat="42.915442" lon="-8.059289"><ele>458.915</ele><time>2024-06-22T08:00:15.090Z</time></trkpt><trkpt lat="42.915442" lon="-8.059361"><ele>458.183</ele><time>2024-06-22T08:00:20.090Z</time></trkpt><trkpt lat="42.915457" lon="-8.059423"><ele>457.848</ele><time>2024-06-22T08:00:28.090Z</time></trkpt><trkpt lat="42.915458" lon="-8.059492"><ele>457.738</ele><time>2024-06-22T08:00:33.090Z</time></trkpt><trkpt lat="42.915462" lon="-8.059554"><ele>457.622</ele><time>2024-06-22T08:00:37.090Z</time></trkpt><trkpt lat="42.915458" lon="-8.059626"><ele>457.661</ele><time>2024-06-22T08:00:41.090Z</time></trkpt><trkpt lat="42.915459" lon="-8.059692"><ele>457.569</ele><time>2024-06-22T08:00:46.090Z</time></trkpt><trkpt lat="42.915465" lon="-8.059759"><ele>457.157</ele><time>2024-06-22T08:00:51.090Z</time></trkpt><trkpt lat="42.915471" lon="-8.059832"><ele>457.057</ele><time>2024-06-22T08:00:56.090Z</time></trkpt><trkpt lat="42.915481" lon="-8.059902"><ele>456.700</ele><time>2024-06-22T08:01:01.090Z</time></trkpt><trkpt lat="42.915495" lon="-8.059971"><ele>456.420</ele><time>2024-06-22T08:01:06.090Z</time></trkpt><trkpt lat="42.915514" lon="-8.060037"><ele>456.209</ele><time>2024-06-22T08:01:11.090Z</time></trkpt><trkpt lat="42.915531" lon="-8.060106"><ele>456.016</ele><time>2024-06-22T08:01:16.090Z</time></trkpt><trkpt lat="42.915548" lon="-8.060163"><ele>456.182</ele><time>2024-06-22T08:01:20.090Z</time></trkpt><trkpt lat="42.915568" lon="-8.060232"><ele>456.110</ele><time>2024-06-22T08:01:25.090Z</time></trkpt><trkpt lat="42.915582" lon="-8.060297"><ele>456.265</ele><time>2024-06-22T08:01:30.090Z</time></trkpt><trkpt lat="42.915600" lon="-8.060356"><ele>456.455</ele><time>2024-06-22T08:01:34.090Z</time></trkpt><trkpt lat="42.915610" lon="-8.060427"><ele>456.649</ele><time>2024-06-22T08:01:39.090Z</time></trkpt><trkpt lat="42.915629" lon="-8.060484"><ele>456.518</ele><time>2024-06-22T08:01:43.090Z</time></trkpt><trkpt lat="42.915652" lon="-8.060544"><ele>456.536</ele><time>2024-06-22T08:01:47.090Z</time></trkpt><trkpt lat="42.915675" lon="-8.060598"><ele>456.034</ele><time>2024-06-22T08:01:51.090Z</time></trkpt><trkpt lat="42.915693" lon="-8.060669"><ele>455.443</ele><time>2024-06-22T08:01:56.090Z</time></trkpt><trkpt lat="42.915716" lon="-8.060724"><ele>455.364</ele><time>2024-06-22T08:02:00.090Z</time></trkpt><trkpt lat="42.915739" lon="-8.060790"><ele>455.210</ele><time>2024-06-22T08:02:05.090Z</time></trkpt><trkpt lat="42.915761" lon="-8.060857"><ele>455.209</ele><time>2024-06-22T08:02:10.090Z</time></trkpt><trkpt lat="42.915782" lon="-8.060914"><ele>455.235</ele><time>2024-06-22T08:02:14.090Z</time></trkpt><trkpt lat="42.915802" lon="-8.060983"><ele>455.071</ele><time>2024-06-22T08:02:19.090Z</time></trkpt><trkpt lat="42.915831" lon="-8.061038"><ele>454.769</ele><time>2024-06-22T08:02:23.090Z</time></trkpt><trkpt lat="42.915848" lon="-8.061096"><ele>454.914</ele><time>2024-06-22T08:02:28.090Z</time></trkpt><trkpt lat="42.915855" lon="-8.061158"><ele>454.674</ele><time>2024-06-22T08:02:34.090Z</time></trkpt><trkpt lat="42.915865" lon="-8.061221"><ele>454.238</ele><time>2024-06-22T08:02:39.090Z</time></trkpt><trkpt lat="42.915882" lon="-8.061287"><ele>453.267</ele><time>2024-06-22T08:02:43.090Z</time></trkpt><trkpt lat="42.915907" lon="-8.061345"><ele>450.865</ele><time>2024-06-22T08:02:47.090Z</time></trkpt><trkpt lat="42.915934" lon="-8.061401"><ele>449.263</ele><time>2024-06-22T08:02:50.090Z</time></trkpt><trkpt lat="42.915959" lon="-8.061469"><ele>448.822</ele><time>2024-06-22T08:02:54.090Z</time></trkpt><trkpt lat="42.915988" lon="-8.061522"><ele>448.862</ele><time>2024-06-22T08:02:58.090Z</time></trkpt><trkpt lat="42.916020" lon="-8.061577"><ele>449.408</ele><time>2024-06-22T08:03:02.090Z</time></trkpt><trkpt lat="42.916062" lon="-8.061629"><ele>450.009</ele><time>2024-06-22T08:03:06.090Z</time></trkpt><trkpt lat="42.916094" lon="-8.061676"><ele>450.263</ele><time>2024-06-22T08:03:09.090Z</time></trkpt><trkpt lat="42.916126" lon="-8.061739"><ele>450.589</ele><time>2024-06-22T08:03:14.090Z</time></trkpt><trkpt lat="42.916164" lon="-8.061787"><ele>450.697</ele><time>2024-06-22T08:03:18.090Z</time></trkpt><trkpt lat="42.916193" lon="-8.061841"><ele>451.092</ele><time>2024-06-22T08:03:22.090Z</time></trkpt><trkpt lat="42.916226" lon="-8.061895"><ele>451.672</ele><time>2024-06-22T08:03:26.090Z</time></trkpt><trkpt lat="42.916259" lon="-8.061952"><ele>451.736</ele><time>2024-06-22T08:03:30.090Z</time></trkpt><trkpt lat="42.916263" lon="-8.062021"><ele>451.875</ele><time>2024-06-22T08:03:34.090Z</time></trkpt><trkpt lat="42.916270" lon="-8.062094"><ele>451.893</ele><time>2024-06-22T08:03:38.090Z</time></trkpt><trkpt lat="42.916276" lon="-8.062164"><ele>451.161</ele><time>2024-06-22T08:03:42.090Z</time></trkpt><trkpt lat="42.916284" lon="-8.062232"><ele>450.042</ele><time>2024-06-22T08:03:46.090Z</time></trkpt><trkpt lat="42.916301" lon="-8.062295"><ele>449.622</ele><time>2024-06-22T08:03:50.090Z</time></trkpt><trkpt lat="42.916319" lon="-8.062353"><ele>448.214</ele><time>2024-06-22T08:03:54.090Z</time></trkpt><trkpt lat="42.916341" lon="-8.062409"><ele>447.109</ele><time>2024-06-22T08:03:58.090Z</time></trkpt><trkpt lat="42.916354" lon="-8.062483"><ele>447.265</ele><time>2024-06-22T08:04:03.090Z</time></trkpt><trkpt lat="42.916360" lon="-8.062547"><ele>447.051</ele><time>2024-06-22T08:04:07.090Z</time></trkpt><trkpt lat="42.916375" lon="-8.062609"><ele>446.789</ele><time>2024-06-22T08:04:11.090Z</time></trkpt><trkpt lat="42.916376" lon="-8.062676"><ele>446.544</ele><time>2024-06-22T08:04:15.090Z</time></trkpt><trkpt lat="42.916387" lon="-8.062744"><ele>446.374</ele><time>2024-06-22T08:04:19.090Z</time></trkpt><trkpt lat="42.916414" lon="-8.062806"><ele>445.728</ele><time>2024-06-22T08:04:23.090Z</time></trkpt><trkpt lat="42.916425" lon="-8.062866"><ele>444.657</ele><time>2024-06-22T08:04:27.090Z</time></trkpt><trkpt lat="42.916448" lon="-8.062926"><ele>443.955</ele><time>2024-06-22T08:04:31.090Z</time></trkpt><trkpt lat="42.916455" lon="-8.062994"><ele>443.983</ele><time>2024-06-22T08:04:36.090Z</time></trkpt><trkpt lat="42.916469" lon="-8.063059"><ele>443.751</ele><time>2024-06-22T08:04:40.090Z</time></trkpt><trkpt lat="42.916489" lon="-8.063115"><ele>443.401</ele><time>2024-06-22T08:04:44.090Z</time></trkpt><trkpt lat="42.916498" lon="-8.063189"><ele>443.011</ele><time>2024-06-22T08:04:49.090Z</time></trkpt><trkpt lat="42.916504" lon="-8.063262"><ele>441.409</ele><time>2024-06-22T08:04:54.090Z</time></trkpt><trkpt lat="42.916519" lon="-8.063334"><ele>440.626</ele><time>2024-06-22T08:04:59.090Z</time></trkpt><trkpt lat="42.916531" lon="-8.063395"><ele>439.552</ele><time>2024-06-22T08:05:03.090Z</time></trkpt><trkpt lat="42.916538" lon="-8.063461"><ele>439.070</ele><time>2024-06-22T08:05:07.090Z</time></trkpt><trkpt lat="42.916552" lon="-8.063524"><ele>438.765</ele><time>2024-06-22T08:05:11.090Z</time></trkpt><trkpt lat="42.916576" lon="-8.063584"><ele>438.665</ele><time>2024-06-22T08:05:16.090Z</time></trkpt><trkpt lat="42.916571" lon="-8.063648"><ele>438.439</ele><time>2024-06-22T08:05:22.090Z</time></trkpt><trkpt lat="42.916605" lon="-8.063702"><ele>437.668</ele><time>2024-06-22T08:05:28.090Z</time></trkpt><trkpt lat="42.916625" lon="-8.063762"><ele>435.996</ele><time>2024-06-22T08:05:33.090Z</time></trkpt><trkpt lat="42.916652" lon="-8.063826"><ele>434.324</ele><time>2024-06-22T08:05:38.090Z</time></trkpt><trkpt lat="42.916687" lon="-8.063883"><ele>433.983</ele><time>2024-06-22T08:05:43.090Z</time></trkpt><trkpt lat="42.916724" lon="-8.063930"><ele>433.725</ele><time>2024-06-22T08:05:48.090Z</time></trkpt><trkpt lat="42.916766" lon="-8.063983"><ele>433.617</ele><time>2024-06-22T08:05:52.090Z</time></trkpt><trkpt lat="42.916810" lon="-8.064012"><ele>431.809</ele><time>2024-06-22T08:05:59.090Z</time></trkpt><trkpt lat="42.916863" lon="-8.064026"><ele>430.749</ele><time>2024-06-22T08:06:04.090Z</time></trkpt><trkpt lat="42.916916" lon="-8.064037"><ele>429.395</ele><time>2024-06-22T08:06:09.090Z</time></trkpt><trkpt lat="42.916971" lon="-8.064049"><ele>427.573</ele><time>2024-06-22T08:06:14.090Z</time></trkpt><trkpt lat="42.917013" lon="-8.064086"><ele>426.958</ele><time>2024-06-22T08:06:19.090Z</time></trkpt><trkpt lat="42.917042" lon="-8.064139"><ele>426.378</ele><time>2024-06-22T08:06:23.090Z</time></trkpt><trkpt lat="42.917049" lon="-8.064212"><ele>424.852</ele><time>2024-06-22T08:06:28.090Z</time></trkpt><trkpt lat="42.917047" lon="-8.064278"><ele>423.441</ele><time>2024-06-22T08:06:33.090Z</time></trkpt><trkpt lat="42.917048" lon="-8.064349"><ele>422.729</ele><time>2024-06-22T08:06:38.090Z</time></trkpt><trkpt lat="42.917047" lon="-8.064416"><ele>421.047</ele><time>2024-06-22T08:06:42.090Z</time></trkpt><trkpt lat="42.917030" lon="-8.064476"><ele>419.871</ele><time>2024-06-22T08:06:46.090Z</time></trkpt><trkpt lat="42.917012" lon="-8.064537"><ele>419.641</ele><time>2024-06-22T08:06:50.090Z</time></trkpt><trkpt lat="42.917001" lon="-8.064597"><ele>419.215</ele><time>2024-06-22T08:06:54.090Z</time></trkpt><trkpt lat="42.916989" lon="-8.064662"><ele>419.209</ele><time>2024-06-22T08:06:58.090Z</time></trkpt><trkpt lat="42.916978" lon="-8.064729"><ele>419.488</ele><time>2024-06-22T08:07:02.090Z</time></trkpt><trkpt lat="42.916967" lon="-8.064791"><ele>419.734</ele><time>2024-06-22T08:07:06.090Z</time></trkpt><trkpt lat="42.916933" lon="-8.064843"><ele>419.692</ele><time>2024-06-22T08:07:11.090Z</time></trkpt><trkpt lat="42.916929" lon="-8.064780"><ele>419.547</ele><time>2024-06-22T08:07:15.090Z</time></trkpt><trkpt lat="42.916945" lon="-8.064844"><ele>419.537</ele><time>2024-06-22T08:07:27.090Z</time></trkpt><trkpt lat="42.916923" lon="-8.064909"><ele>419.241</ele><time>2024-06-22T08:07:31.090Z</time></trkpt><trkpt lat="42.916897" lon="-8.064977"><ele>418.860</ele><time>2024-06-22T08:07:36.090Z</time></trkpt><trkpt lat="42.916871" lon="-8.065028"><ele>418.948</ele><time>2024-06-22T08:07:42.090Z</time></trkpt><trkpt lat="42.916839" lon="-8.065085"><ele>419.676</ele><time>2024-06-22T08:07:55.090Z</time></trkpt><trkpt lat="42.916842" lon="-8.065154"><ele>420.056</ele><time>2024-06-22T08:08:01.090Z</time></trkpt><trkpt lat="42.916832" lon="-8.065217"><ele>420.059</ele><time>2024-06-22T08:08:10.090Z</time></trkpt><trkpt lat="42.916798" lon="-8.065271"><ele>419.514</ele><time>2024-06-22T08:09:09.090Z</time></trkpt><trkpt lat="42.916759" lon="-8.065312"><ele>417.409</ele><time>2024-06-22T08:09:15.090Z</time></trkpt><trkpt lat="42.916734" lon="-8.065368"><ele>416.976</ele><time>2024-06-22T08:09:21.090Z</time></trkpt><trkpt lat="42.916705" lon="-8.065430"><ele>416.852</ele><time>2024-06-22T08:09:26.090Z</time></trkpt><trkpt lat="42.916682" lon="-8.065497"><ele>416.440</ele><time>2024-06-22T08:09:31.090Z</time></trkpt><trkpt lat="42.916657" lon="-8.065555"><ele>417.295</ele><time>2024-06-22T08:09:36.090Z</time></trkpt><trkpt lat="42.916632" lon="-8.065610"><ele>417.335</ele><time>2024-06-22T08:09:41.090Z</time></trkpt><trkpt lat="42.916608" lon="-8.065666"><ele>417.569</ele><time>2024-06-22T08:09:46.090Z</time></trkpt><trkpt lat="42.916589" lon="-8.065729"><ele>417.518</ele><time>2024-06-22T08:09:51.090Z</time></trkpt><trkpt lat="42.916578" lon="-8.065792"><ele>417.576</ele><time>2024-06-22T08:09:56.090Z</time></trkpt><trkpt lat="42.916565" lon="-8.065855"><ele>417.774</ele><time>2024-06-22T08:10:01.090Z</time></trkpt><trkpt lat="42.916551" lon="-8.065927"><ele>418.991</ele><time>2024-06-22T08:10:07.090Z</time></trkpt><trkpt lat="42.916546" lon="-8.065992"><ele>419.981</ele><time>2024-06-22T08:10:12.090Z</time></trkpt><trkpt lat="42.916538" lon="-8.066061"><ele>420.019</ele><time>2024-06-22T08:10:17.090Z</time></trkpt><trkpt lat="42.916528" lon="-8.066131"><ele>420.009</ele><time>2024-06-22T08:10:22.090Z</time></trkpt><trkpt lat="42.916512" lon="-8.066195"><ele>419.710</ele><time>2024-06-22T08:10:27.090Z</time></trkpt><trkpt lat="42.916502" lon="-8.066261"><ele>418.486</ele><time>2024-06-22T08:10:32.090Z</time></trkpt><trkpt lat="42.916484" lon="-8.066324"><ele>417.634</ele><time>2024-06-22T08:10:36.090Z</time></trkpt><trkpt lat="42.916462" lon="-8.066379"><ele>417.449</ele><time>2024-06-22T08:10:40.090Z</time></trkpt><trkpt lat="42.916448" lon="-8.066443"><ele>417.169</ele><time>2024-06-22T08:10:44.090Z</time></trkpt><trkpt lat="42.916438" lon="-8.066504"><ele>417.123</ele><time>2024-06-22T08:10:48.090Z</time></trkpt><trkpt lat="42.916444" lon="-8.066572"><ele>417.162</ele><time>2024-06-22T08:10:53.090Z</time></trkpt><trkpt lat="42.916447" lon="-8.066635"><ele>417.270</ele><time>2024-06-22T08:10:57.090Z</time></trkpt><trkpt lat="42.916440" lon="-8.066711"><ele>417.668</ele><time>2024-06-22T08:11:02.090Z</time></trkpt><trkpt lat="42.916436" lon="-8.066783"><ele>417.724</ele><time>2024-06-22T08:11:06.090Z</time></trkpt><trkpt lat="42.916424" lon="-8.066848"><ele>417.904</ele><time>2024-06-22T08:11:10.090Z</time></trkpt><trkpt lat="42.916408" lon="-8.066913"><ele>418.114</ele><time>2024-06-22T08:11:14.090Z</time></trkpt><trkpt lat="42.916388" lon="-8.066974"><ele>418.109</ele><time>2024-06-22T08:11:18.090Z</time></trkpt><trkpt lat="42.916372" lon="-8.067037"><ele>418.463</ele><time>2024-06-22T08:11:22.090Z</time></trkpt><trkpt lat="42.916346" lon="-8.067098"><ele>418.449</ele><time>2024-06-22T08:11:26.090Z</time></trkpt><trkpt lat="42.916315" lon="-8.067157"><ele>418.477</ele><time>2024-06-22T08:11:30.090Z</time></trkpt><trkpt lat="42.916286" lon="-8.067215"><ele>418.492</ele><time>2024-06-22T08:11:34.090Z</time></trkpt><trkpt lat="42.916267" lon="-8.067277"><ele>418.432</ele><time>2024-06-22T08:11:38.090Z</time></trkpt><trkpt lat="42.916255" lon="-8.067343"><ele>418.436</ele><time>2024-06-22T08:11:42.090Z</time></trkpt><trkpt lat="42.916247" lon="-8.067408"><ele>418.485</ele><time>2024-06-22T08:11:46.090Z</time></trkpt><trkpt lat="42.916236" lon="-8.067474"><ele>418.683</ele><time>2024-06-22T08:11:50.090Z</time></trkpt><trkpt lat="42.916228" lon="-8.067542"><ele>418.861</ele><time>2024-06-22T08:11:54.090Z</time></trkpt><trkpt lat="42.916223" lon="-8.067603"><ele>419.151</ele><time>2024-06-22T08:11:58.090Z</time></trkpt><trkpt lat="42.916222" lon="-8.067674"><ele>419.101</ele><time>2024-06-22T08:12:03.090Z</time></trkpt><trkpt lat="42.916210" lon="-8.067742"><ele>418.811</ele><time>2024-06-22T08:12:32.090Z</time></trkpt><trkpt lat="42.916188" lon="-8.067802"><ele>418.909</ele><time>2024-06-22T08:12:39.090Z</time></trkpt><trkpt lat="42.916181" lon="-8.067863"><ele>419.066</ele><time>2024-06-22T08:12:47.090Z</time></trkpt><trkpt lat="42.916172" lon="-8.067927"><ele>419.352</ele><time>2024-06-22T08:12:54.090Z</time></trkpt><trkpt lat="42.916171" lon="-8.067994"><ele>420.020</ele><time>2024-06-22T08:13:01.090Z</time></trkpt><trkpt lat="42.916158" lon="-8.068063"><ele>420.115</ele><time>2024-06-22T08:13:07.090Z</time></trkpt><trkpt lat="42.916143" lon="-8.068132"><ele>420.185</ele><time>2024-06-22T08:13:13.090Z</time></trkpt><trkpt lat="42.916138" lon="-8.068199"><ele>420.239</ele><time>2024-06-22T08:13:18.090Z</time></trkpt><trkpt lat="42.916127" lon="-8.068263"><ele>420.118</ele><time>2024-06-22T08:13:23.090Z</time></trkpt><trkpt lat="42.916125" lon="-8.068334"><ele>420.856</ele><time>2024-06-22T08:13:28.090Z</time></trkpt><trkpt lat="42.916116" lon="-8.068400"><ele>421.114</ele><time>2024-06-22T08:13:33.090Z</time></trkpt><trkpt lat="42.916113" lon="-8.068472"><ele>421.979</ele><time>2024-06-22T08:13:38.090Z</time></trkpt><trkpt lat="42.916105" lon="-8.068547"><ele>422.105</ele><time>2024-06-22T08:13:43.090Z</time></trkpt><trkpt lat="42.916092" lon="-8.068615"><ele>422.625</ele><time>2024-06-22T08:13:48.090Z</time></trkpt><trkpt lat="42.916083" lon="-8.068685"><ele>422.709</ele><time>2024-06-22T08:13:54.090Z</time></trkpt><trkpt lat="42.916096" lon="-8.068747"><ele>422.768</ele><time>2024-06-22T08:14:02.090Z</time></trkpt><trkpt lat="42.916076" lon="-8.068813"><ele>422.824</ele><time>2024-06-22T08:14:07.090Z</time></trkpt><trkpt lat="42.916051" lon="-8.068867"><ele>423.042</ele><time>2024-06-22T08:14:11.090Z</time></trkpt><trkpt lat="42.916038" lon="-8.068928"><ele>423.237</ele><time>2024-06-22T08:14:15.090Z</time></trkpt><trkpt lat="42.916018" lon="-8.069000"><ele>423.737</ele><time>2024-06-22T08:14:20.090Z</time></trkpt><trkpt lat="42.915998" lon="-8.069062"><ele>424.151</ele><time>2024-06-22T08:14:24.090Z</time></trkpt><trkpt lat="42.915979" lon="-8.069123"><ele>424.390</ele><time>2024-06-22T08:14:28.090Z</time></trkpt><trkpt lat="42.915961" lon="-8.069189"><ele>424.298</ele><time>2024-06-22T08:14:32.090Z</time></trkpt><trkpt lat="42.915935" lon="-8.069256"><ele>424.266</ele><time>2024-06-22T08:14:36.090Z</time></trkpt><trkpt lat="42.915917" lon="-8.069320"><ele>424.299</ele><time>2024-06-22T08:14:40.090Z</time></trkpt><trkpt lat="42.915897" lon="-8.069378"><ele>424.507</ele><time>2024-06-22T08:14:44.090Z</time></trkpt><trkpt lat="42.915869" lon="-8.069434"><ele>424.927</ele><time>2024-06-22T08:14:48.090Z</time></trkpt><trkpt lat="42.915856" lon="-8.069498"><ele>425.009</ele><time>2024-06-22T08:14:52.090Z</time></trkpt><trkpt lat="42.915843" lon="-8.069558"><ele>425.240</ele><time>2024-06-22T08:14:56.090Z</time></trkpt><trkpt lat="42.915831" lon="-8.069625"><ele>425.376</ele><time>2024-06-22T08:15:00.090Z</time></trkpt><trkpt lat="42.915819" lon="-8.069691"><ele>425.444</ele><time>2024-06-22T08:15:04.090Z</time></trkpt><trkpt lat="42.915803" lon="-8.069756"><ele>425.469</ele><time>2024-06-22T08:15:08.090Z</time></trkpt><trkpt lat="42.915792" lon="-8.069818"><ele>425.459</ele><time>2024-06-22T08:15:12.090Z</time></trkpt><trkpt lat="42.915784" lon="-8.069881"><ele>425.523</ele><time>2024-06-22T08:15:16.090Z</time></trkpt><trkpt lat="42.915770" lon="-8.069946"><ele>425.542</ele><time>2024-06-22T08:15:20.090Z</time></trkpt><trkpt lat="42.915755" lon="-8.070012"><ele>425.480</ele><time>2024-06-22T08:15:24.090Z</time></trkpt><trkpt lat="42.915754" lon="-8.070077"><ele>425.488</ele><time>2024-06-22T08:15:28.090Z</time></trkpt><trkpt lat="42.915747" lon="-8.070150"><ele>425.154</ele><time>2024-06-22T08:15:32.090Z</time></trkpt><trkpt lat="42.915746" lon="-8.070226"><ele>424.856</ele><time>2024-06-22T08:15:36.090Z</time></trkpt><trkpt lat="42.915753" lon="-8.070298"><ele>424.711</ele><time>2024-06-22T08:15:40.090Z</time></trkpt><trkpt lat="42.915760" lon="-8.070370"><ele>424.709</ele><time>2024-06-22T08:15:44.090Z</time></trkpt><trkpt lat="42.915774" lon="-8.070431"><ele>424.976</ele><time>2024-06-22T08:15:48.090Z</time></trkpt><trkpt lat="42.915780" lon="-8.070497"><ele>425.642</ele><time>2024-06-22T08:15:52.090Z</time></trkpt><trkpt lat="42.915790" lon="-8.070565"><ele>425.640</ele><time>2024-06-22T08:15:56.090Z</time></trkpt><trkpt lat="42.915804" lon="-8.070631"><ele>425.775</ele><time>2024-06-22T08:16:00.090Z</time></trkpt><trkpt lat="42.915814" lon="-8.070703"><ele>425.825</ele><time>2024-06-22T08:16:04.090Z</time></trkpt><trkpt lat="42.915817" lon="-8.070770"><ele>425.849</ele><time>2024-06-22T08:16:08.090Z</time></trkpt><trkpt lat="42.915825" lon="-8.070832"><ele>425.578</ele><time>2024-06-22T08:16:12.090Z</time></trkpt><trkpt lat="42.915825" lon="-8.070899"><ele>425.486</ele><time>2024-06-22T08:16:16.090Z</time></trkpt><trkpt lat="42.915824" lon="-8.070972"><ele>425.234</ele><time>2024-06-22T08:16:20.090Z</time></trkpt><trkpt lat="42.915820" lon="-8.071040"><ele>425.226</ele><time>2024-06-22T08:16:24.090Z</time></trkpt><trkpt lat="42.915819" lon="-8.071108"><ele>425.247</ele><time>2024-06-22T08:16:28.090Z</time></trkpt><trkpt lat="42.915815" lon="-8.071173"><ele>425.411</ele><time>2024-06-22T08:16:32.090Z</time></trkpt><trkpt lat="42.915809" lon="-8.071239"><ele>425.909</ele><time>2024-06-22T08:16:36.090Z</time></trkpt><trkpt lat="42.915787" lon="-8.071298"><ele>426.693</ele><time>2024-06-22T08:16:40.090Z</time></trkpt><trkpt lat="42.915774" lon="-8.071371"><ele>426.669</ele><time>2024-06-22T08:16:45.090Z</time></trkpt><trkpt lat="42.915768" lon="-8.071435"><ele>426.627</ele><time>2024-06-22T08:16:49.090Z</time></trkpt><trkpt lat="42.915765" lon="-8.071501"><ele>426.222</ele><time>2024-06-22T08:16:53.090Z</time></trkpt><trkpt lat="42.915776" lon="-8.071569"><ele>425.942</ele><time>2024-06-22T08:16:58.090Z</time></trkpt><trkpt lat="42.915788" lon="-8.071630"><ele>425.246</ele><time>2024-06-22T08:17:02.090Z</time></trkpt><trkpt lat="42.915799" lon="-8.071694"><ele>425.225</ele><time>2024-06-22T08:17:06.090Z</time></trkpt><trkpt lat="42.915810" lon="-8.071756"><ele>425.143</ele><time>2024-06-22T08:17:10.090Z</time></trkpt><trkpt lat="42.915817" lon="-8.071818"><ele>424.931</ele><time>2024-06-22T08:17:17.090Z</time></trkpt><trkpt lat="42.915844" lon="-8.071871"><ele>424.847</ele><time>2024-06-22T08:17:22.090Z</time></trkpt><trkpt lat="42.915878" lon="-8.071922"><ele>424.729</ele><time>2024-06-22T08:17:27.090Z</time></trkpt><trkpt lat="42.915897" lon="-8.071981"><ele>424.521</ele><time>2024-06-22T08:17:32.090Z</time></trkpt><trkpt lat="42.915920" lon="-8.072046"><ele>424.009</ele><time>2024-06-22T08:17:37.090Z</time></trkpt><trkpt lat="42.915936" lon="-8.072107"><ele>423.865</ele><time>2024-06-22T08:17:42.090Z</time></trkpt><trkpt lat="42.915950" lon="-8.072166"><ele>423.681</ele><time>2024-06-22T08:17:47.090Z</time></trkpt><trkpt lat="42.915957" lon="-8.072230"><ele>422.869</ele><time>2024-06-22T08:17:56.090Z</time></trkpt><trkpt lat="42.915948" lon="-8.072294"><ele>422.894</ele><time>2024-06-22T08:18:01.090Z</time></trkpt><trkpt lat="42.915940" lon="-8.072361"><ele>423.654</ele><time>2024-06-22T08:18:06.090Z</time></trkpt><trkpt lat="42.915923" lon="-8.072431"><ele>423.758</ele><time>2024-06-22T08:18:12.090Z</time></trkpt><trkpt lat="42.915916" lon="-8.072497"><ele>423.767</ele><time>2024-06-22T08:18:17.090Z</time></trkpt><trkpt lat="42.915897" lon="-8.072556"><ele>423.795</ele><time>2024-06-22T08:18:21.090Z</time></trkpt><trkpt lat="42.915877" lon="-8.072623"><ele>423.653</ele><time>2024-06-22T08:18:26.090Z</time></trkpt><trkpt lat="42.915857" lon="-8.072690"><ele>422.498</ele><time>2024-06-22T08:18:31.090Z</time></trkpt><trkpt lat="42.915832" lon="-8.072756"><ele>421.915</ele><time>2024-06-22T08:18:36.090Z</time></trkpt><trkpt lat="42.915820" lon="-8.072820"><ele>420.926</ele><time>2024-06-22T08:18:41.090Z</time></trkpt><trkpt lat="42.915803" lon="-8.072882"><ele>420.609</ele><time>2024-06-22T08:18:47.090Z</time></trkpt><trkpt lat="42.915765" lon="-8.072928"><ele>420.380</ele><time>2024-06-22T08:18:52.090Z</time></trkpt><trkpt lat="42.915737" lon="-8.072981"><ele>419.976</ele><time>2024-06-22T08:18:56.090Z</time></trkpt><trkpt lat="42.915716" lon="-8.073035"><ele>419.714</ele><time>2024-06-22T08:19:01.090Z</time></trkpt><trkpt lat="42.915706" lon="-8.073097"><ele>419.759</ele><time>2024-06-22T08:19:05.090Z</time></trkpt><trkpt lat="42.915687" lon="-8.073164"><ele>419.729</ele><time>2024-06-22T08:19:10.090Z</time></trkpt><trkpt lat="42.915654" lon="-8.073211"><ele>419.783</ele><time>2024-06-22T08:19:15.090Z</time></trkpt><trkpt lat="42.915623" lon="-8.073270"><ele>419.812</ele><time>2024-06-22T08:19:20.090Z</time></trkpt><trkpt lat="42.915589" lon="-8.073330"><ele>419.980</ele><time>2024-06-22T08:19:25.090Z</time></trkpt><trkpt lat="42.915560" lon="-8.073387"><ele>419.968</ele><time>2024-06-22T08:19:30.090Z</time></trkpt><trkpt lat="42.915536" lon="-8.073448"><ele>419.986</ele><time>2024-06-22T08:19:35.090Z</time></trkpt><trkpt lat="42.915514" lon="-8.073516"><ele>419.960</ele><time>2024-06-22T08:19:40.090Z</time></trkpt><trkpt lat="42.915515" lon="-8.073591"><ele>419.826</ele><time>2024-06-22T08:19:45.090Z</time></trkpt><trkpt lat="42.915535" lon="-8.073652"><ele>419.609</ele><time>2024-06-22T08:19:49.090Z</time></trkpt><trkpt lat="42.915563" lon="-8.073700"><ele>419.449</ele><time>2024-06-22T08:19:53.090Z</time></trkpt><trkpt lat="42.915594" lon="-8.073761"><ele>417.225</ele><time>2024-06-22T08:19:59.090Z</time></trkpt><trkpt lat="42.915624" lon="-8.073820"><ele>416.293</ele><time>2024-06-22T08:20:04.090Z</time></trkpt><trkpt lat="42.915653" lon="-8.073872"><ele>415.838</ele><time>2024-06-22T08:20:09.090Z</time></trkpt><trkpt lat="42.915694" lon="-8.073910"><ele>415.078</ele><time>2024-06-22T08:20:14.090Z</time></trkpt><trkpt lat="42.915729" lon="-8.073954"><ele>413.942</ele><time>2024-06-22T08:20:19.090Z</time></trkpt><trkpt lat="42.915769" lon="-8.074001"><ele>413.141</ele><time>2024-06-22T08:20:25.090Z</time></trkpt><trkpt lat="42.915803" lon="-8.074044"><ele>412.889</ele><time>2024-06-22T08:20:30.090Z</time></trkpt><trkpt lat="42.915836" lon="-8.074094"><ele>412.297</ele><time>2024-06-22T08:20:36.090Z</time></trkpt><trkpt lat="42.915874" lon="-8.074128"><ele>412.151</ele><time>2024-06-22T08:20:41.090Z</time></trkpt><trkpt lat="42.915912" lon="-8.074178"><ele>412.001</ele><time>2024-06-22T08:20:47.090Z</time></trkpt><trkpt lat="42.915927" lon="-8.074237"><ele>412.011</ele><time>2024-06-22T08:20:52.090Z</time></trkpt><trkpt lat="42.915946" lon="-8.074295"><ele>412.009</ele><time>2024-06-22T08:20:57.090Z</time></trkpt><trkpt lat="42.915971" lon="-8.074352"><ele>412.566</ele><time>2024-06-22T08:21:02.090Z</time></trkpt><trkpt lat="42.915976" lon="-8.074418"><ele>412.512</ele><time>2024-06-22T08:21:07.090Z</time></trkpt><trkpt lat="42.915977" lon="-8.074482"><ele>412.560</ele><time>2024-06-22T08:21:12.090Z</time></trkpt><trkpt lat="42.915979" lon="-8.074554"><ele>412.155</ele><time>2024-06-22T08:21:17.090Z</time></trkpt><trkpt lat="42.915982" lon="-8.074617"><ele>411.495</ele><time>2024-06-22T08:21:21.090Z</time></trkpt><trkpt lat="42.915982" lon="-8.074681"><ele>409.919</ele><time>2024-06-22T08:21:25.090Z</time></trkpt><trkpt lat="42.915988" lon="-8.074757"><ele>408.928</ele><time>2024-06-22T08:21:30.090Z</time></trkpt><trkpt lat="42.915993" lon="-8.074822"><ele>408.836</ele><time>2024-06-22T08:21:34.090Z</time></trkpt><trkpt lat="42.915995" lon="-8.074884"><ele>408.434</ele><time>2024-06-22T08:21:38.090Z</time></trkpt><trkpt lat="42.915994" lon="-8.074948"><ele>407.837</ele><time>2024-06-22T08:21:42.090Z</time></trkpt><trkpt lat="42.915997" lon="-8.075019"><ele>407.449</ele><time>2024-06-22T08:21:47.090Z</time></trkpt><trkpt lat="42.915999" lon="-8.075097"><ele>407.213</ele><time>2024-06-22T08:21:52.090Z</time></trkpt><trkpt lat="42.916002" lon="-8.075170"><ele>407.109</ele><time>2024-06-22T08:21:57.090Z</time></trkpt><trkpt lat="42.915994" lon="-8.075246"><ele>406.834</ele><time>2024-06-22T08:22:02.090Z</time></trkpt><trkpt lat="42.915997" lon="-8.075312"><ele>406.210</ele><time>2024-06-22T08:22:06.090Z</time></trkpt><trkpt lat="42.915998" lon="-8.075387"><ele>405.778</ele><time>2024-06-22T08:22:11.090Z</time></trkpt><trkpt lat="42.916002" lon="-8.075465"><ele>404.823</ele><time>2024-06-22T08:22:16.090Z</time></trkpt><trkpt lat="42.916011" lon="-8.075539"><ele>404.253</ele><time>2024-06-22T08:22:21.090Z</time></trkpt><trkpt lat="42.916030" lon="-8.075609"><ele>404.027</ele><time>2024-06-22T08:22:26.090Z</time></trkpt><trkpt lat="42.916064" lon="-8.075653"><ele>403.676</ele><time>2024-06-22T08:22:32.090Z</time></trkpt><trkpt lat="42.916028" lon="-8.075692"><ele>404.034</ele><time>2024-06-22T08:23:54.089Z</time></trkpt><trkpt lat="42.916040" lon="-8.075764"><ele>404.382</ele><time>2024-06-22T08:24:00.089Z</time></trkpt><trkpt lat="42.916043" lon="-8.075835"><ele>404.828</ele><time>2024-06-22T08:24:05.089Z</time></trkpt><trkpt lat="42.916044" lon="-8.075906"><ele>405.189</ele><time>2024-06-22T08:24:10.089Z</time></trkpt><trkpt lat="42.916053" lon="-8.075970"><ele>405.117</ele><time>2024-06-22T08:24:14.089Z</time></trkpt><trkpt lat="42.916064" lon="-8.076032"><ele>405.809</ele><time>2024-06-22T08:24:18.089Z</time></trkpt><trkpt lat="42.916078" lon="-8.076100"><ele>405.123</ele><time>2024-06-22T08:24:23.089Z</time></trkpt><trkpt lat="42.916085" lon="-8.076167"><ele>405.039</ele><time>2024-06-22T08:24:27.089Z</time></trkpt><trkpt lat="42.916085" lon="-8.076244"><ele>404.797</ele><time>2024-06-22T08:24:32.089Z</time></trkpt><trkpt lat="42.916086" lon="-8.076307"><ele>404.512</ele><time>2024-06-22T08:24:36.089Z</time></trkpt><trkpt lat="42.916099" lon="-8.076378"><ele>403.842</ele><time>2024-06-22T08:24:41.089Z</time></trkpt><trkpt lat="42.916106" lon="-8.076447"><ele>403.496</ele><time>2024-06-22T08:24:46.089Z</time></trkpt><trkpt lat="42.916123" lon="-8.076513"><ele>403.285</ele><time>2024-06-22T08:24:51.089Z</time></trkpt><trkpt lat="42.916134" lon="-8.076450"><ele>402.623</ele><time>2024-06-22T08:25:10.089Z</time></trkpt><trkpt lat="42.916121" lon="-8.076514"><ele>402.221</ele><time>2024-06-22T08:25:25.089Z</time></trkpt><trkpt lat="42.916126" lon="-8.076578"><ele>402.237</ele><time>2024-06-22T08:25:30.089Z</time></trkpt><trkpt lat="42.916130" lon="-8.076650"><ele>402.549</ele><time>2024-06-22T08:25:35.089Z</time></trkpt><trkpt lat="42.916140" lon="-8.076715"><ele>402.213</ele><time>2024-06-22T08:25:40.089Z</time></trkpt><trkpt lat="42.916130" lon="-8.076789"><ele>402.009</ele><time>2024-06-22T08:25:45.089Z</time></trkpt><trkpt lat="42.916123" lon="-8.076862"><ele>401.984</ele><time>2024-06-22T08:25:50.089Z</time></trkpt><trkpt lat="42.916125" lon="-8.076927"><ele>400.960</ele><time>2024-06-22T08:25:54.089Z</time></trkpt><trkpt lat="42.916126" lon="-8.076992"><ele>400.218</ele><time>2024-06-22T08:25:58.089Z</time></trkpt><trkpt lat="42.916123" lon="-8.077058"><ele>399.953</ele><time>2024-06-22T08:26:02.089Z</time></trkpt><trkpt lat="42.916119" lon="-8.077119"><ele>399.883</ele><time>2024-06-22T08:26:06.089Z</time></trkpt><trkpt lat="42.916120" lon="-8.077182"><ele>399.727</ele><time>2024-06-22T08:26:10.089Z</time></trkpt><trkpt lat="42.916121" lon="-8.077248"><ele>399.556</ele><time>2024-06-22T08:26:14.089Z</time></trkpt><trkpt lat="42.916121" lon="-8.077312"><ele>398.844</ele><time>2024-06-22T08:26:18.089Z</time></trkpt><trkpt lat="42.916121" lon="-8.077390"><ele>397.662</ele><time>2024-06-22T08:26:23.089Z</time></trkpt><trkpt lat="42.916122" lon="-8.077453"><ele>397.589</ele><time>2024-06-22T08:26:27.089Z</time></trkpt><trkpt lat="42.916122" lon="-8.077516"><ele>397.506</ele><time>2024-06-22T08:26:31.089Z</time></trkpt><trkpt lat="42.916118" lon="-8.077577"><ele>397.526</ele><time>2024-06-22T08:26:35.089Z</time></trkpt><trkpt lat="42.916114" lon="-8.077642"><ele>397.609</ele><time>2024-06-22T08:26:39.089Z</time></trkpt><trkpt lat="42.916108" lon="-8.077709"><ele>397.759</ele><time>2024-06-22T08:26:43.089Z</time></trkpt><trkpt lat="42.916108" lon="-8.077771"><ele>397.795</ele><time>2024-06-22T08:26:47.089Z</time></trkpt><trkpt lat="42.916114" lon="-8.077839"><ele>397.943</ele><time>2024-06-22T08:26:53.089Z</time></trkpt><trkpt lat="42.916151" lon="-8.077891"><ele>398.258</ele><time>2024-06-22T08:26:58.089Z</time></trkpt><trkpt lat="42.916179" lon="-8.077942"><ele>398.758</ele><time>2024-06-22T08:27:01.089Z</time></trkpt><trkpt lat="42.916224" lon="-8.077967"><ele>398.792</ele><time>2024-06-22T08:27:07.089Z</time></trkpt><trkpt lat="42.916259" lon="-8.077914"><ele>398.751</ele><time>2024-06-22T08:27:13.089Z</time></trkpt><trkpt lat="42.916273" lon="-8.077847"><ele>399.119</ele><time>2024-06-22T08:27:23.089Z</time></trkpt><trkpt lat="42.916305" lon="-8.077799"><ele>398.797</ele><time>2024-06-22T08:27:31.089Z</time></trkpt><trkpt lat="42.916299" lon="-8.077731"><ele>398.412</ele><time>2024-06-22T08:27:41.089Z</time></trkpt><trkpt lat="42.916310" lon="-8.077667"><ele>397.432</ele><time>2024-06-22T08:27:48.089Z</time></trkpt><trkpt lat="42.916295" lon="-8.077728"><ele>396.605</ele><time>2024-06-22T08:29:14.089Z</time></trkpt><trkpt lat="42.916246" lon="-8.077719"><ele>396.609</ele><time>2024-06-22T08:29:55.089Z</time></trkpt><trkpt lat="42.916273" lon="-8.077768"><ele>397.242</ele><time>2024-06-22T08:30:10.089Z</time></trkpt><trkpt lat="42.916251" lon="-8.077830"><ele>398.118</ele><time>2024-06-22T08:30:16.089Z</time></trkpt><trkpt lat="42.916276" lon="-8.077897"><ele>398.786</ele><time>2024-06-22T08:30:39.089Z</time></trkpt><trkpt lat="42.916262" lon="-8.077961"><ele>398.881</ele><time>2024-06-22T08:30:54.089Z</time></trkpt><trkpt lat="42.916286" lon="-8.078024"><ele>399.061</ele><time>2024-06-22T08:31:01.089Z</time></trkpt><trkpt lat="42.916333" lon="-8.078045"><ele>399.095</ele><time>2024-06-22T08:31:08.089Z</time></trkpt><trkpt lat="42.916384" lon="-8.078074"><ele>398.964</ele><time>2024-06-22T08:31:14.089Z</time></trkpt><trkpt lat="42.916407" lon="-8.078127"><ele>398.422</ele><time>2024-06-22T08:31:19.089Z</time></trkpt><trkpt lat="42.916429" lon="-8.078192"><ele>398.130</ele><time>2024-06-22T08:31:24.089Z</time></trkpt><trkpt lat="42.916460" lon="-8.078240"><ele>393.857</ele><time>2024-06-22T08:31:29.089Z</time></trkpt><trkpt lat="42.916495" lon="-8.078291"><ele>393.800</ele><time>2024-06-22T08:31:34.089Z</time></trkpt><trkpt lat="42.916510" lon="-8.078355"><ele>393.520</ele><time>2024-06-22T08:31:39.089Z</time></trkpt><trkpt lat="42.916523" lon="-8.078424"><ele>393.009</ele><time>2024-06-22T08:31:59.089Z</time></trkpt><trkpt lat="42.916572" lon="-8.078502"><ele>392.096</ele><time>2024-06-22T08:32:09.089Z</time></trkpt><trkpt lat="42.916603" lon="-8.078585"><ele>391.782</ele><time>2024-06-22T08:32:12.089Z</time></trkpt><trkpt lat="42.916645" lon="-8.078676"><ele>391.850</ele><time>2024-06-22T08:32:22.089Z</time></trkpt><trkpt lat="42.916677" lon="-8.078725"><ele>391.135</ele><time>2024-06-22T08:32:27.089Z</time></trkpt><trkpt lat="42.916743" lon="-8.078804"><ele>390.865</ele><time>2024-06-22T08:32:31.089Z</time></trkpt><trkpt lat="42.916774" lon="-8.078851"><ele>390.869</ele><time>2024-06-22T08:32:33.089Z</time></trkpt><trkpt lat="42.916804" lon="-8.078914"><ele>390.778</ele><time>2024-06-22T08:32:35.089Z</time></trkpt><trkpt lat="42.916834" lon="-8.078966"><ele>392.076</ele><time>2024-06-22T08:32:38.089Z</time></trkpt><trkpt lat="42.916877" lon="-8.078997"><ele>393.254</ele><time>2024-06-22T08:32:42.089Z</time></trkpt><trkpt lat="42.916930" lon="-8.079029"><ele>393.321</ele><time>2024-06-22T08:32:46.089Z</time></trkpt><trkpt lat="42.916976" lon="-8.079047"><ele>393.141</ele><time>2024-06-22T08:32:50.089Z</time></trkpt><trkpt lat="42.917031" lon="-8.079058"><ele>392.805</ele><time>2024-06-22T08:32:54.089Z</time></trkpt><trkpt lat="42.917077" lon="-8.079072"><ele>392.709</ele><time>2024-06-22T08:32:58.089Z</time></trkpt><trkpt lat="42.917134" lon="-8.079077"><ele>391.773</ele><time>2024-06-22T08:33:02.089Z</time></trkpt><trkpt lat="42.917187" lon="-8.079078"><ele>391.059</ele><time>2024-06-22T08:33:06.089Z</time></trkpt><trkpt lat="42.917239" lon="-8.079082"><ele>390.817</ele><time>2024-06-22T08:33:10.089Z</time></trkpt><trkpt lat="42.917289" lon="-8.079087"><ele>390.882</ele><time>2024-06-22T08:33:14.089Z</time></trkpt><trkpt lat="42.917342" lon="-8.079090"><ele>390.512</ele><time>2024-06-22T08:33:18.089Z</time></trkpt><trkpt lat="42.917392" lon="-8.079081"><ele>389.686</ele><time>2024-06-22T08:33:22.089Z</time></trkpt><trkpt lat="42.917439" lon="-8.079081"><ele>389.595</ele><time>2024-06-22T08:33:26.089Z</time></trkpt><trkpt lat="42.917489" lon="-8.079074"><ele>389.593</ele><time>2024-06-22T08:33:30.089Z</time></trkpt><trkpt lat="42.917539" lon="-8.079068"><ele>389.591</ele><time>2024-06-22T08:33:34.089Z</time></trkpt><trkpt lat="42.917590" lon="-8.079087"><ele>389.557</ele><time>2024-06-22T08:33:38.089Z</time></trkpt><trkpt lat="42.917639" lon="-8.079089"><ele>389.800</ele><time>2024-06-22T08:33:42.089Z</time></trkpt><trkpt lat="42.917680" lon="-8.079121"><ele>389.920</ele><time>2024-06-22T08:33:46.089Z</time></trkpt><trkpt lat="42.917719" lon="-8.079171"><ele>389.409</ele><time>2024-06-22T08:33:50.089Z</time></trkpt><trkpt lat="42.917755" lon="-8.079225"><ele>388.786</ele><time>2024-06-22T08:33:54.089Z</time></trkpt><trkpt lat="42.917792" lon="-8.079274"><ele>388.312</ele><time>2024-06-22T08:33:58.089Z</time></trkpt><trkpt lat="42.917822" lon="-8.079321"><ele>387.450</ele><time>2024-06-22T08:34:02.089Z</time></trkpt><trkpt lat="42.917867" lon="-8.079346"><ele>387.085</ele><time>2024-06-22T08:34:06.089Z</time></trkpt><trkpt lat="42.917912" lon="-8.079386"><ele>384.975</ele><time>2024-06-22T08:34:11.089Z</time></trkpt><trkpt lat="42.917950" lon="-8.079430"><ele>383.969</ele><time>2024-06-22T08:34:15.089Z</time></trkpt><trkpt lat="42.917968" lon="-8.079492"><ele>383.088</ele><time>2024-06-22T08:34:19.089Z</time></trkpt><trkpt lat="42.917972" lon="-8.079565"><ele>382.016</ele><time>2024-06-22T08:34:23.089Z</time></trkpt><trkpt lat="42.917981" lon="-8.079639"><ele>381.064</ele><time>2024-06-22T08:34:27.089Z</time></trkpt><trkpt lat="42.917999" lon="-8.079709"><ele>380.092</ele><time>2024-06-22T08:34:31.089Z</time></trkpt><trkpt lat="42.918007" lon="-8.079788"><ele>379.173</ele><time>2024-06-22T08:34:35.089Z</time></trkpt><trkpt lat="42.918010" lon="-8.079854"><ele>378.420</ele><time>2024-06-22T08:34:39.089Z</time></trkpt><trkpt lat="42.918026" lon="-8.079919"><ele>377.709</ele><time>2024-06-22T08:34:43.089Z</time></trkpt><trkpt lat="42.918055" lon="-8.079979"><ele>376.420</ele><time>2024-06-22T08:34:47.089Z</time></trkpt><trkpt lat="42.918072" lon="-8.080045"><ele>374.536</ele><time>2024-06-22T08:34:51.089Z</time></trkpt><trkpt lat="42.918099" lon="-8.080100"><ele>374.544</ele><time>2024-06-22T08:34:55.089Z</time></trkpt><trkpt lat="42.918108" lon="-8.080165"><ele>374.549</ele><time>2024-06-22T08:34:59.089Z</time></trkpt><trkpt lat="42.918126" lon="-8.080225"><ele>374.719</ele><time>2024-06-22T08:35:03.089Z</time></trkpt><trkpt lat="42.918139" lon="-8.080293"><ele>376.113</ele><time>2024-06-22T08:35:07.089Z</time></trkpt><trkpt lat="42.918160" lon="-8.080353"><ele>376.592</ele><time>2024-06-22T08:35:11.089Z</time></trkpt><trkpt lat="42.918173" lon="-8.080420"><ele>376.880</ele><time>2024-06-22T08:35:15.089Z</time></trkpt><trkpt lat="42.918183" lon="-8.080485"><ele>376.838</ele><time>2024-06-22T08:35:19.089Z</time></trkpt><trkpt lat="42.918210" lon="-8.080537"><ele>377.098</ele><time>2024-06-22T08:35:23.089Z</time></trkpt><trkpt lat="42.918241" lon="-8.080600"><ele>377.515</ele><time>2024-06-22T08:35:28.089Z</time></trkpt><trkpt lat="42.918258" lon="-8.080658"><ele>377.526</ele><time>2024-06-22T08:35:32.089Z</time></trkpt><trkpt lat="42.918298" lon="-8.080696"><ele>377.009</ele><time>2024-06-22T08:35:36.089Z</time></trkpt><trkpt lat="42.918323" lon="-8.080762"><ele>376.490</ele><time>2024-06-22T08:35:40.089Z</time></trkpt><trkpt lat="42.918367" lon="-8.080779"><ele>375.626</ele><time>2024-06-22T08:35:44.089Z</time></trkpt><trkpt lat="42.918414" lon="-8.080754"><ele>373.784</ele><time>2024-06-22T08:35:48.089Z</time></trkpt><trkpt lat="42.918469" lon="-8.080754"><ele>373.669</ele><time>2024-06-22T08:35:53.089Z</time></trkpt><trkpt lat="42.918417" lon="-8.080730"><ele>375.669</ele><time>2024-06-22T08:36:19.089Z</time></trkpt><trkpt lat="42.918364" lon="-8.080724"><ele>375.653</ele><time>2024-06-22T08:36:24.089Z</time></trkpt><trkpt lat="42.918318" lon="-8.080755"><ele>375.682</ele><time>2024-06-22T08:36:29.089Z</time></trkpt><trkpt lat="42.918274" lon="-8.080774"><ele>375.630</ele><time>2024-06-22T08:36:34.089Z</time></trkpt><trkpt lat="42.918262" lon="-8.080843"><ele>366.288</ele><time>2024-06-22T08:38:13.089Z</time></trkpt><trkpt lat="42.918281" lon="-8.080902"><ele>366.217</ele><time>2024-06-22T08:38:17.089Z</time></trkpt><trkpt lat="42.918297" lon="-8.080962"><ele>366.287</ele><time>2024-06-22T08:38:21.089Z</time></trkpt><trkpt lat="42.918314" lon="-8.081033"><ele>366.015</ele><time>2024-06-22T08:38:25.089Z</time></trkpt><trkpt lat="42.918332" lon="-8.081099"><ele>366.209</ele><time>2024-06-22T08:38:29.089Z</time></trkpt><trkpt lat="42.918339" lon="-8.081167"><ele>368.122</ele><time>2024-06-22T08:38:33.089Z</time></trkpt><trkpt lat="42.918345" lon="-8.081235"><ele>368.918</ele><time>2024-06-22T08:38:37.089Z</time></trkpt><trkpt lat="42.918359" lon="-8.081305"><ele>369.046</ele><time>2024-06-22T08:38:41.089Z</time></trkpt><trkpt lat="42.918367" lon="-8.081375"><ele>369.041</ele><time>2024-06-22T08:38:45.089Z</time></trkpt><trkpt lat="42.918357" lon="-8.081439"><ele>368.991</ele><time>2024-06-22T08:38:50.089Z</time></trkpt><trkpt lat="42.918337" lon="-8.081506"><ele>368.515</ele><time>2024-06-22T08:38:55.089Z</time></trkpt><trkpt lat="42.918331" lon="-8.081569"><ele>368.114</ele><time>2024-06-22T08:39:00.089Z</time></trkpt><trkpt lat="42.918326" lon="-8.081638"><ele>367.762</ele><time>2024-06-22T08:39:07.089Z</time></trkpt><trkpt lat="42.918326" lon="-8.081702"><ele>367.590</ele><time>2024-06-22T08:39:13.089Z</time></trkpt><trkpt lat="42.918369" lon="-8.081726"><ele>364.196</ele><time>2024-06-22T08:40:23.089Z</time></trkpt><trkpt lat="42.918414" lon="-8.081760"><ele>364.031</ele><time>2024-06-22T08:41:23.089Z</time></trkpt><trkpt lat="42.918444" lon="-8.081822"><ele>363.924</ele><time>2024-06-22T08:41:29.089Z</time></trkpt><trkpt lat="42.918452" lon="-8.081886"><ele>363.609</ele><time>2024-06-22T08:41:34.089Z</time></trkpt><trkpt lat="42.918420" lon="-8.081942"><ele>363.460</ele><time>2024-06-22T08:41:41.089Z</time></trkpt><trkpt lat="42.918388" lon="-8.082001"><ele>362.026</ele><time>2024-06-22T08:41:46.089Z</time></trkpt><trkpt lat="42.918338" lon="-8.082046"><ele>361.364</ele><time>2024-06-22T08:41:52.089Z</time></trkpt><trkpt lat="42.918331" lon="-8.082119"><ele>360.159</ele><time>2024-06-22T08:41:57.089Z</time></trkpt><trkpt lat="42.918328" lon="-8.082191"><ele>359.949</ele><time>2024-06-22T08:42:02.089Z</time></trkpt><trkpt lat="42.918332" lon="-8.082264"><ele>359.233</ele><time>2024-06-22T08:42:08.089Z</time></trkpt><trkpt lat="42.918329" lon="-8.082330"><ele>358.072</ele><time>2024-06-22T08:42:13.089Z</time></trkpt><trkpt lat="42.918340" lon="-8.082392"><ele>357.720</ele><time>2024-06-22T08:42:17.089Z</time></trkpt><trkpt lat="42.918342" lon="-8.082465"><ele>357.338</ele><time>2024-06-22T08:42:21.089Z</time></trkpt><trkpt lat="42.918359" lon="-8.082535"><ele>356.833</ele><time>2024-06-22T08:42:25.089Z</time></trkpt><trkpt lat="42.918367" lon="-8.082607"><ele>356.623</ele><time>2024-06-22T08:42:30.089Z</time></trkpt><trkpt lat="42.918382" lon="-8.082669"><ele>356.415</ele><time>2024-06-22T08:42:34.089Z</time></trkpt><trkpt lat="42.918393" lon="-8.082730"><ele>356.409</ele><time>2024-06-22T08:42:38.089Z</time></trkpt><trkpt lat="42.918410" lon="-8.082794"><ele>356.494</ele><time>2024-06-22T08:42:42.089Z</time></trkpt><trkpt lat="42.918433" lon="-8.082854"><ele>356.450</ele><time>2024-06-22T08:42:46.089Z</time></trkpt><trkpt lat="42.918450" lon="-8.082916"><ele>356.158</ele><time>2024-06-22T08:42:50.089Z</time></trkpt><trkpt lat="42.918458" lon="-8.082978"><ele>354.343</ele><time>2024-06-22T08:42:54.089Z</time></trkpt><trkpt lat="42.918465" lon="-8.083052"><ele>354.063</ele><time>2024-06-22T08:42:59.089Z</time></trkpt><trkpt lat="42.918457" lon="-8.083124"><ele>353.797</ele><time>2024-06-22T08:43:04.089Z</time></trkpt><trkpt lat="42.918449" lon="-8.083186"><ele>353.646</ele><time>2024-06-22T08:43:08.089Z</time></trkpt><trkpt lat="42.918444" lon="-8.083256"><ele>353.634</ele><time>2024-06-22T08:43:12.089Z</time></trkpt><trkpt lat="42.918416" lon="-8.083325"><ele>353.472</ele><time>2024-06-22T08:43:17.089Z</time></trkpt><trkpt lat="42.918389" lon="-8.083384"><ele>353.423</ele><time>2024-06-22T08:43:21.089Z</time></trkpt><trkpt lat="42.918365" lon="-8.083444"><ele>353.383</ele><time>2024-06-22T08:43:25.089Z</time></trkpt><trkpt lat="42.918327" lon="-8.083493"><ele>351.911</ele><time>2024-06-22T08:43:29.089Z</time></trkpt><trkpt lat="42.918292" lon="-8.083539"><ele>351.509</ele><time>2024-06-22T08:43:33.089Z</time></trkpt><trkpt lat="42.918260" lon="-8.083590"><ele>351.173</ele><time>2024-06-22T08:43:37.089Z</time></trkpt><trkpt lat="42.918225" lon="-8.083637"><ele>349.969</ele><time>2024-06-22T08:43:41.089Z</time></trkpt><trkpt lat="42.918195" lon="-8.083692"><ele>349.477</ele><time>2024-06-22T08:43:45.089Z</time></trkpt><trkpt lat="42.918159" lon="-8.083748"><ele>348.612</ele><time>2024-06-22T08:43:50.089Z</time></trkpt><trkpt lat="42.918124" lon="-8.083795"><ele>348.532</ele><time>2024-06-22T08:43:54.089Z</time></trkpt><trkpt lat="42.918100" lon="-8.083852"><ele>347.436</ele><time>2024-06-22T08:43:58.089Z</time></trkpt><trkpt lat="42.918077" lon="-8.083907"><ele>346.655</ele><time>2024-06-22T08:44:02.089Z</time></trkpt><trkpt lat="42.918051" lon="-8.083966"><ele>346.663</ele><time>2024-06-22T08:44:06.089Z</time></trkpt><trkpt lat="42.918034" lon="-8.084037"><ele>346.661</ele><time>2024-06-22T08:44:11.089Z</time></trkpt><trkpt lat="42.918018" lon="-8.084099"><ele>346.786</ele><time>2024-06-22T08:44:15.089Z</time></trkpt><trkpt lat="42.917998" lon="-8.084157"><ele>346.860</ele><time>2024-06-22T08:44:19.089Z</time></trkpt><trkpt lat="42.917992" lon="-8.084220"><ele>346.826</ele><time>2024-06-22T08:44:23.089Z</time></trkpt><trkpt lat="42.917985" lon="-8.084287"><ele>346.609</ele><time>2024-06-22T08:44:27.089Z</time></trkpt><trkpt lat="42.917981" lon="-8.084357"><ele>346.629</ele><time>2024-06-22T08:44:31.089Z</time></trkpt><trkpt lat="42.917996" lon="-8.084425"><ele>346.265</ele><time>2024-06-22T08:44:35.089Z</time></trkpt><trkpt lat="42.918014" lon="-8.084496"><ele>345.883</ele><time>2024-06-22T08:44:40.089Z</time></trkpt><trkpt lat="42.918029" lon="-8.084560"><ele>345.818</ele><time>2024-06-22T08:44:43.089Z</time></trkpt><trkpt lat="42.918045" lon="-8.084631"><ele>346.988</ele><time>2024-06-22T08:44:47.089Z</time></trkpt><trkpt lat="42.918055" lon="-8.084695"><ele>347.712</ele><time>2024-06-22T08:44:51.089Z</time></trkpt><trkpt lat="42.918049" lon="-8.084758"><ele>347.631</ele><time>2024-06-22T08:44:55.089Z</time></trkpt><trkpt lat="42.918061" lon="-8.084826"><ele>347.119</ele><time>2024-06-22T08:45:00.089Z</time></trkpt><trkpt lat="42.918081" lon="-8.084892"><ele>346.127</ele><time>2024-06-22T08:45:06.089Z</time></trkpt><trkpt lat="42.918066" lon="-8.085045"><ele>345.413</ele><time>2024-06-22T08:45:12.089Z</time></trkpt><trkpt lat="42.918139" lon="-8.084804"><ele>345.043</ele><time>2024-06-22T08:45:15.089Z</time></trkpt><trkpt lat="42.918215" lon="-8.084859"><ele>358.407</ele><time>2024-06-22T08:45:16.089Z</time></trkpt><trkpt lat="42.918211" lon="-8.084926"><ele>355.609</ele><time>2024-06-22T08:45:18.089Z</time></trkpt><trkpt lat="42.918226" lon="-8.085012"><ele>354.742</ele><time>2024-06-22T08:45:20.089Z</time></trkpt><trkpt lat="42.918232" lon="-8.085111"><ele>353.348</ele><time>2024-06-22T08:45:21.089Z</time></trkpt><trkpt lat="42.918208" lon="-8.085171"><ele>350.056</ele><time>2024-06-22T08:45:22.089Z</time></trkpt><trkpt lat="42.918191" lon="-8.085242"><ele>344.261</ele><time>2024-06-22T08:45:24.089Z</time></trkpt><trkpt lat="42.918178" lon="-8.085321"><ele>342.721</ele><time>2024-06-22T08:45:28.089Z</time></trkpt><trkpt lat="42.918189" lon="-8.085385"><ele>342.965</ele><time>2024-06-22T08:45:31.089Z</time></trkpt><trkpt lat="42.918222" lon="-8.085428"><ele>341.394</ele><time>2024-06-22T08:45:43.089Z</time></trkpt><trkpt lat="42.918251" lon="-8.085481"><ele>341.022</ele><time>2024-06-22T08:45:48.089Z</time></trkpt><trkpt lat="42.918287" lon="-8.085537"><ele>341.760</ele><time>2024-06-22T08:45:53.089Z</time></trkpt><trkpt lat="42.918309" lon="-8.085596"><ele>341.348</ele><time>2024-06-22T08:45:58.089Z</time></trkpt><trkpt lat="42.918321" lon="-8.085661"><ele>340.861</ele><time>2024-06-22T08:46:03.089Z</time></trkpt><trkpt lat="42.918340" lon="-8.085718"><ele>340.117</ele><time>2024-06-22T08:46:07.089Z</time></trkpt><trkpt lat="42.918357" lon="-8.085776"><ele>339.309</ele><time>2024-06-22T08:46:11.089Z</time></trkpt><trkpt lat="42.918380" lon="-8.085835"><ele>338.095</ele><time>2024-06-22T08:46:15.089Z</time></trkpt><trkpt lat="42.918408" lon="-8.085891"><ele>337.161</ele><time>2024-06-22T08:46:20.089Z</time></trkpt><trkpt lat="42.918427" lon="-8.085952"><ele>333.539</ele><time>2024-06-22T08:46:25.089Z</time></trkpt><trkpt lat="42.918472" lon="-8.085965"><ele>333.194</ele><time>2024-06-22T08:47:55.089Z</time></trkpt><trkpt lat="42.918430" lon="-8.085990"><ele>330.564</ele><time>2024-06-22T08:48:47.089Z</time></trkpt><trkpt lat="42.918476" lon="-8.085973"><ele>330.698</ele><time>2024-06-22T08:49:04.089Z</time></trkpt><trkpt lat="42.918509" lon="-8.086024"><ele>331.437</ele><time>2024-06-22T08:49:41.089Z</time></trkpt><trkpt lat="42.918523" lon="-8.086089"><ele>331.485</ele><time>2024-06-22T08:49:47.089Z</time></trkpt><trkpt lat="42.918535" lon="-8.086157"><ele>331.393</ele><time>2024-06-22T08:49:54.089Z</time></trkpt><trkpt lat="42.918549" lon="-8.086223"><ele>331.212</ele><time>2024-06-22T08:50:01.089Z</time></trkpt><trkpt lat="42.918548" lon="-8.086294"><ele>331.332</ele><time>2024-06-22T08:50:10.089Z</time></trkpt><trkpt lat="42.918555" lon="-8.086362"><ele>332.005</ele><time>2024-06-22T08:50:16.089Z</time></trkpt><trkpt lat="42.918568" lon="-8.086423"><ele>332.009</ele><time>2024-06-22T08:50:21.089Z</time></trkpt><trkpt lat="42.918579" lon="-8.086494"><ele>332.182</ele><time>2024-06-22T08:50:26.089Z</time></trkpt><trkpt lat="42.918591" lon="-8.086556"><ele>332.038</ele><time>2024-06-22T08:50:31.089Z</time></trkpt><trkpt lat="42.918601" lon="-8.086622"><ele>330.436</ele><time>2024-06-22T08:50:36.089Z</time></trkpt><trkpt lat="42.918616" lon="-8.086681"><ele>329.791</ele><time>2024-06-22T08:50:41.089Z</time></trkpt><trkpt lat="42.918629" lon="-8.086745"><ele>329.331</ele><time>2024-06-22T08:50:46.089Z</time></trkpt><trkpt lat="42.918649" lon="-8.086819"><ele>325.755</ele><time>2024-06-22T08:51:02.089Z</time></trkpt><trkpt lat="42.918638" lon="-8.086888"><ele>326.194</ele><time>2024-06-22T08:51:13.089Z</time></trkpt><trkpt lat="42.918644" lon="-8.086962"><ele>326.152</ele><time>2024-06-22T08:51:18.089Z</time></trkpt><trkpt lat="42.918637" lon="-8.087036"><ele>326.520</ele><time>2024-06-22T08:51:23.089Z</time></trkpt><trkpt lat="42.918638" lon="-8.087103"><ele>326.593</ele><time>2024-06-22T08:51:27.089Z</time></trkpt><trkpt lat="42.918653" lon="-8.087173"><ele>327.165</ele><time>2024-06-22T08:51:31.089Z</time></trkpt><trkpt lat="42.918660" lon="-8.087237"><ele>329.021</ele><time>2024-06-22T08:51:35.089Z</time></trkpt><trkpt lat="42.918675" lon="-8.087304"><ele>331.609</ele><time>2024-06-22T08:51:39.089Z</time></trkpt><trkpt lat="42.918686" lon="-8.087365"><ele>332.860</ele><time>2024-06-22T08:51:43.089Z</time></trkpt><trkpt lat="42.918695" lon="-8.087432"><ele>334.646</ele><time>2024-06-22T08:51:48.089Z</time></trkpt><trkpt lat="42.918729" lon="-8.087477"><ele>334.724</ele><time>2024-06-22T08:52:00.089Z</time></trkpt><trkpt lat="42.918736" lon="-8.087546"><ele>334.219</ele><time>2024-06-22T08:52:10.089Z</time></trkpt><trkpt lat="42.918775" lon="-8.087587"><ele>333.279</ele><time>2024-06-22T08:52:17.089Z</time></trkpt><trkpt lat="42.918779" lon="-8.087650"><ele>333.233</ele><time>2024-06-22T08:52:25.089Z</time></trkpt><trkpt lat="42.918779" lon="-8.087719"><ele>333.272</ele><time>2024-06-22T08:52:31.089Z</time></trkpt><trkpt lat="42.918732" lon="-8.087746"><ele>335.160</ele><time>2024-06-22T08:54:02.089Z</time></trkpt><trkpt lat="42.918687" lon="-8.087765"><ele>335.158</ele><time>2024-06-22T08:54:08.089Z</time></trkpt><trkpt lat="42.918662" lon="-8.087825"><ele>335.197</ele><time>2024-06-22T08:54:14.089Z</time></trkpt><trkpt lat="42.918647" lon="-8.087883"><ele>335.123</ele><time>2024-06-22T08:54:35.089Z</time></trkpt><trkpt lat="42.918623" lon="-8.087940"><ele>335.125</ele><time>2024-06-22T08:54:43.089Z</time></trkpt><trkpt lat="42.918606" lon="-8.088005"><ele>333.409</ele><time>2024-06-22T08:54:50.089Z</time></trkpt><trkpt lat="42.918592" lon="-8.088068"><ele>333.230</ele><time>2024-06-22T08:54:56.089Z</time></trkpt><trkpt lat="42.918576" lon="-8.088133"><ele>333.286</ele><time>2024-06-22T08:55:01.089Z</time></trkpt><trkpt lat="42.918570" lon="-8.088206"><ele>333.414</ele><time>2024-06-22T08:55:07.089Z</time></trkpt><trkpt lat="42.918555" lon="-8.088269"><ele>333.299</ele><time>2024-06-22T08:55:13.089Z</time></trkpt><trkpt lat="42.918545" lon="-8.088330"><ele>333.189</ele><time>2024-06-22T08:55:18.089Z</time></trkpt><trkpt lat="42.918538" lon="-8.088399"><ele>333.073</ele><time>2024-06-22T08:55:23.089Z</time></trkpt><trkpt lat="42.918563" lon="-8.088465"><ele>333.072</ele><time>2024-06-22T08:55:29.089Z</time></trkpt><trkpt lat="42.918565" lon="-8.088530"><ele>333.080</ele><time>2024-06-22T08:55:34.089Z</time></trkpt><trkpt lat="42.918579" lon="-8.088596"><ele>333.688</ele><time>2024-06-22T08:55:41.089Z</time></trkpt><trkpt lat="42.918566" lon="-8.088665"><ele>336.529</ele><time>2024-06-22T08:55:46.089Z</time></trkpt><trkpt lat="42.918579" lon="-8.088737"><ele>336.600</ele><time>2024-06-22T08:55:52.089Z</time></trkpt><trkpt lat="42.918577" lon="-8.088807"><ele>336.620</ele><time>2024-06-22T08:55:57.089Z</time></trkpt><trkpt lat="42.918576" lon="-8.088879"><ele>336.209</ele><time>2024-06-22T08:56:01.089Z</time></trkpt><trkpt lat="42.918557" lon="-8.088939"><ele>335.083</ele><time>2024-06-22T08:56:04.089Z</time></trkpt><trkpt lat="42.918533" lon="-8.089002"><ele>334.949</ele><time>2024-06-22T08:56:08.089Z</time></trkpt><trkpt lat="42.918529" lon="-8.089073"><ele>334.937</ele><time>2024-06-22T08:56:13.089Z</time></trkpt><trkpt lat="42.918532" lon="-8.089150"><ele>335.862</ele><time>2024-06-22T08:56:18.089Z</time></trkpt><trkpt lat="42.918567" lon="-8.089199"><ele>335.852</ele><time>2024-06-22T08:56:22.089Z</time></trkpt><trkpt lat="42.918591" lon="-8.089251"><ele>335.816</ele><time>2024-06-22T08:56:26.089Z</time></trkpt><trkpt lat="42.918643" lon="-8.089239"><ele>335.185</ele><time>2024-06-22T08:56:34.089Z</time></trkpt><trkpt lat="42.918685" lon="-8.089214"><ele>334.013</ele><time>2024-06-22T08:56:43.089Z</time></trkpt><trkpt lat="42.918730" lon="-8.089203"><ele>332.341</ele><time>2024-06-22T08:56:47.089Z</time></trkpt><trkpt lat="42.918778" lon="-8.089194"><ele>332.364</ele><time>2024-06-22T08:56:51.089Z</time></trkpt><trkpt lat="42.918817" lon="-8.089159"><ele>332.306</ele><time>2024-06-22T08:56:55.089Z</time></trkpt><trkpt lat="42.918868" lon="-8.089131"><ele>332.716</ele><time>2024-06-22T08:56:59.089Z</time></trkpt><trkpt lat="42.918912" lon="-8.089083"><ele>335.809</ele><time>2024-06-22T08:57:03.089Z</time></trkpt><trkpt lat="42.918942" lon="-8.089028"><ele>336.637</ele><time>2024-06-22T08:57:07.089Z</time></trkpt><trkpt lat="42.918973" lon="-8.088975"><ele>337.593</ele><time>2024-06-22T08:57:11.089Z</time></trkpt><trkpt lat="42.919015" lon="-8.088934"><ele>338.471</ele><time>2024-06-22T08:57:16.089Z</time></trkpt><trkpt lat="42.919054" lon="-8.088894"><ele>341.216</ele><time>2024-06-22T08:57:21.089Z</time></trkpt><trkpt lat="42.919105" lon="-8.088904"><ele>343.546</ele><time>2024-06-22T08:57:27.089Z</time></trkpt><trkpt lat="42.919149" lon="-8.088943"><ele>346.750</ele><time>2024-06-22T08:57:33.089Z</time></trkpt><trkpt lat="42.919194" lon="-8.088984"><ele>347.869</ele><time>2024-06-22T08:57:39.089Z</time></trkpt><trkpt lat="42.919219" lon="-8.089045"><ele>349.137</ele><time>2024-06-22T08:57:44.089Z</time></trkpt><trkpt lat="42.919230" lon="-8.089114"><ele>351.315</ele><time>2024-06-22T08:57:50.089Z</time></trkpt><trkpt lat="42.919247" lon="-8.089179"><ele>352.689</ele><time>2024-06-22T08:57:55.089Z</time></trkpt><trkpt lat="42.919266" lon="-8.089242"><ele>352.606</ele><time>2024-06-22T08:58:00.089Z</time></trkpt><trkpt lat="42.919289" lon="-8.089299"><ele>352.426</ele><time>2024-06-22T08:58:04.089Z</time></trkpt><trkpt lat="42.919302" lon="-8.089365"><ele>352.109</ele><time>2024-06-22T08:58:09.089Z</time></trkpt><trkpt lat="42.919314" lon="-8.089436"><ele>351.489</ele><time>2024-06-22T08:58:14.089Z</time></trkpt><trkpt lat="42.919332" lon="-8.089503"><ele>351.055</ele><time>2024-06-22T08:58:19.089Z</time></trkpt><trkpt lat="42.919339" lon="-8.089578"><ele>351.043</ele><time>2024-06-22T08:58:25.089Z</time></trkpt><trkpt lat="42.919350" lon="-8.089647"><ele>351.278</ele><time>2024-06-22T08:58:31.089Z</time></trkpt><trkpt lat="42.919362" lon="-8.089712"><ele>352.168</ele><time>2024-06-22T08:58:36.089Z</time></trkpt><trkpt lat="42.919393" lon="-8.089774"><ele>354.142</ele><time>2024-06-22T08:58:41.089Z</time></trkpt><trkpt lat="42.919418" lon="-8.089834"><ele>355.111</ele><time>2024-06-22T08:58:45.089Z</time></trkpt><trkpt lat="42.919437" lon="-8.089898"><ele>355.669</ele><time>2024-06-22T08:58:50.089Z</time></trkpt><trkpt lat="42.919447" lon="-8.089962"><ele>356.027</ele><time>2024-06-22T08:58:55.089Z</time></trkpt><trkpt lat="42.919464" lon="-8.090020"><ele>356.146</ele><time>2024-06-22T08:59:00.089Z</time></trkpt><trkpt lat="42.919473" lon="-8.090092"><ele>356.788</ele><time>2024-06-22T08:59:05.089Z</time></trkpt><trkpt lat="42.919478" lon="-8.090170"><ele>358.216</ele><time>2024-06-22T08:59:10.089Z</time></trkpt><trkpt lat="42.919492" lon="-8.090237"><ele>358.409</ele><time>2024-06-22T08:59:15.089Z</time></trkpt><trkpt lat="42.919506" lon="-8.090306"><ele>358.925</ele><time>2024-06-22T08:59:24.089Z</time></trkpt><trkpt lat="42.919506" lon="-8.090379"><ele>359.291</ele><time>2024-06-22T08:59:27.089Z</time></trkpt><trkpt lat="42.919506" lon="-8.090446"><ele>359.449</ele><time>2024-06-22T08:59:31.089Z</time></trkpt><trkpt lat="42.919507" lon="-8.090508"><ele>359.844</ele><time>2024-06-22T08:59:35.089Z</time></trkpt><trkpt lat="42.919508" lon="-8.090572"><ele>360.734</ele><time>2024-06-22T08:59:41.089Z</time></trkpt><trkpt lat="42.919508" lon="-8.090642"><ele>361.018</ele><time>2024-06-22T08:59:47.089Z</time></trkpt><trkpt lat="42.919516" lon="-8.090708"><ele>361.887</ele><time>2024-06-22T08:59:52.089Z</time></trkpt><trkpt lat="42.919521" lon="-8.090781"><ele>362.255</ele><time>2024-06-22T08:59:57.089Z</time></trkpt><trkpt lat="42.919522" lon="-8.090844"><ele>363.333</ele><time>2024-06-22T09:00:01.089Z</time></trkpt><trkpt lat="42.919548" lon="-8.090912"><ele>364.656</ele><time>2024-06-22T09:00:05.089Z</time></trkpt><trkpt lat="42.919556" lon="-8.090987"><ele>367.359</ele><time>2024-06-22T09:00:08.089Z</time></trkpt><trkpt lat="42.919572" lon="-8.091060"><ele>367.514</ele><time>2024-06-22T09:00:12.089Z</time></trkpt><trkpt lat="42.919614" lon="-8.091085"><ele>367.809</ele><time>2024-06-22T09:00:16.089Z</time></trkpt><trkpt lat="42.919634" lon="-8.091143"><ele>368.026</ele><time>2024-06-22T09:00:21.089Z</time></trkpt><trkpt lat="42.919669" lon="-8.091186"><ele>368.242</ele><time>2024-06-22T09:00:28.089Z</time></trkpt><trkpt lat="42.919711" lon="-8.091230"><ele>369.430</ele><time>2024-06-22T09:00:35.089Z</time></trkpt><trkpt lat="42.919743" lon="-8.091275"><ele>369.765</ele><time>2024-06-22T09:00:40.089Z</time></trkpt><trkpt lat="42.919771" lon="-8.091328"><ele>369.985</ele><time>2024-06-22T09:00:45.089Z</time></trkpt><trkpt lat="42.919810" lon="-8.091376"><ele>370.049</ele><time>2024-06-22T09:00:50.089Z</time></trkpt><trkpt lat="42.919859" lon="-8.091408"><ele>370.938</ele><time>2024-06-22T09:00:54.089Z</time></trkpt><trkpt lat="42.919884" lon="-8.091464"><ele>373.666</ele><time>2024-06-22T09:00:58.089Z</time></trkpt><trkpt lat="42.919913" lon="-8.091520"><ele>374.294</ele><time>2024-06-22T09:01:03.089Z</time></trkpt><trkpt lat="42.919940" lon="-8.091580"><ele>376.148</ele><time>2024-06-22T09:01:08.089Z</time></trkpt><trkpt lat="42.919978" lon="-8.091628"><ele>376.861</ele><time>2024-06-22T09:01:13.089Z</time></trkpt><trkpt lat="42.920011" lon="-8.091678"><ele>377.317</ele><time>2024-06-22T09:01:18.089Z</time></trkpt><trkpt lat="42.920039" lon="-8.091736"><ele>377.409</ele><time>2024-06-22T09:01:23.089Z</time></trkpt><trkpt lat="42.920076" lon="-8.091774"><ele>378.645</ele><time>2024-06-22T09:01:28.089Z</time></trkpt><trkpt lat="42.920120" lon="-8.091810"><ele>378.531</ele><time>2024-06-22T09:01:34.089Z</time></trkpt><trkpt lat="42.920159" lon="-8.091855"><ele>379.439</ele><time>2024-06-22T09:01:38.089Z</time></trkpt><trkpt lat="42.920193" lon="-8.091904"><ele>379.534</ele><time>2024-06-22T09:01:42.089Z</time></trkpt><trkpt lat="42.920234" lon="-8.091954"><ele>379.654</ele><time>2024-06-22T09:01:46.089Z</time></trkpt><trkpt lat="42.920261" lon="-8.092008"><ele>379.688</ele><time>2024-06-22T09:01:51.089Z</time></trkpt><trkpt lat="42.920290" lon="-8.092058"><ele>381.367</ele><time>2024-06-22T09:01:56.089Z</time></trkpt><trkpt lat="42.920325" lon="-8.092114"><ele>384.515</ele><time>2024-06-22T09:02:01.089Z</time></trkpt><trkpt lat="42.920363" lon="-8.092159"><ele>384.813</ele><time>2024-06-22T09:02:06.089Z</time></trkpt><trkpt lat="42.920401" lon="-8.092208"><ele>384.929</ele><time>2024-06-22T09:02:11.089Z</time></trkpt><trkpt lat="42.920433" lon="-8.092258"><ele>385.300</ele><time>2024-06-22T09:02:15.089Z</time></trkpt><trkpt lat="42.920447" lon="-8.092320"><ele>390.720</ele><time>2024-06-22T09:03:21.089Z</time></trkpt><trkpt lat="42.920459" lon="-8.092380"><ele>390.709</ele><time>2024-06-22T09:03:26.089Z</time></trkpt><trkpt lat="42.920485" lon="-8.092434"><ele>391.033</ele><time>2024-06-22T09:03:32.089Z</time></trkpt><trkpt lat="42.920512" lon="-8.092488"><ele>391.289</ele><time>2024-06-22T09:03:38.089Z</time></trkpt><trkpt lat="42.920498" lon="-8.092549"><ele>394.137</ele><time>2024-06-22T09:04:24.089Z</time></trkpt><trkpt lat="42.920521" lon="-8.092614"><ele>394.362</ele><time>2024-06-22T09:04:36.089Z</time></trkpt><trkpt lat="42.920504" lon="-8.092675"><ele>394.362</ele><time>2024-06-22T09:04:40.089Z</time></trkpt><trkpt lat="42.920449" lon="-8.092720"><ele>394.336</ele><time>2024-06-22T09:04:43.089Z</time></trkpt><trkpt lat="42.920447" lon="-8.092800"><ele>392.915</ele><time>2024-06-22T09:04:47.089Z</time></trkpt><trkpt lat="42.920448" lon="-8.092865"><ele>392.793</ele><time>2024-06-22T09:04:51.089Z</time></trkpt><trkpt lat="42.920442" lon="-8.092940"><ele>396.381</ele><time>2024-06-22T09:04:56.089Z</time></trkpt><trkpt lat="42.920432" lon="-8.093004"><ele>396.978</ele><time>2024-06-22T09:05:00.089Z</time></trkpt><trkpt lat="42.920424" lon="-8.093068"><ele>397.133</ele><time>2024-06-22T09:05:04.089Z</time></trkpt><trkpt lat="42.920410" lon="-8.093129"><ele>397.426</ele><time>2024-06-22T09:05:08.089Z</time></trkpt><trkpt lat="42.920396" lon="-8.093195"><ele>397.409</ele><time>2024-06-22T09:05:12.089Z</time></trkpt><trkpt lat="42.920384" lon="-8.093259"><ele>397.498</ele><time>2024-06-22T09:05:16.089Z</time></trkpt><trkpt lat="42.920367" lon="-8.093321"><ele>397.354</ele><time>2024-06-22T09:05:20.089Z</time></trkpt><trkpt lat="42.920340" lon="-8.093373"><ele>397.072</ele><time>2024-06-22T09:05:24.089Z</time></trkpt><trkpt lat="42.920299" lon="-8.093425"><ele>396.857</ele><time>2024-06-22T09:05:28.089Z</time></trkpt><trkpt lat="42.920260" lon="-8.093475"><ele>396.497</ele><time>2024-06-22T09:05:32.089Z</time></trkpt><trkpt lat="42.920231" lon="-8.093523"><ele>395.891</ele><time>2024-06-22T09:05:36.089Z</time></trkpt><trkpt lat="42.920196" lon="-8.093583"><ele>395.690</ele><time>2024-06-22T09:05:41.089Z</time></trkpt><trkpt lat="42.920160" lon="-8.093631"><ele>395.278</ele><time>2024-06-22T09:05:45.089Z</time></trkpt><trkpt lat="42.920123" lon="-8.093677"><ele>394.446</ele><time>2024-06-22T09:05:49.089Z</time></trkpt><trkpt lat="42.920069" lon="-8.093705"><ele>394.211</ele><time>2024-06-22T09:05:53.089Z</time></trkpt><trkpt lat="42.920011" lon="-8.093712"><ele>393.821</ele><time>2024-06-22T09:05:57.089Z</time></trkpt><trkpt lat="42.919966" lon="-8.093711"><ele>393.803</ele><time>2024-06-22T09:06:01.089Z</time></trkpt><trkpt lat="42.919919" lon="-8.093701"><ele>393.209</ele><time>2024-06-22T09:06:05.089Z</time></trkpt><trkpt lat="42.919875" lon="-8.093719"><ele>391.342</ele><time>2024-06-22T09:06:09.089Z</time></trkpt><trkpt lat="42.919868" lon="-8.093786"><ele>389.748</ele><time>2024-06-22T09:06:16.089Z</time></trkpt><trkpt lat="42.919852" lon="-8.093854"><ele>389.476</ele><time>2024-06-22T09:06:21.089Z</time></trkpt><trkpt lat="42.919835" lon="-8.093922"><ele>389.091</ele><time>2024-06-22T09:06:26.089Z</time></trkpt><trkpt lat="42.919824" lon="-8.093993"><ele>388.661</ele><time>2024-06-22T09:06:31.089Z</time></trkpt><trkpt lat="42.919806" lon="-8.094061"><ele>388.325</ele><time>2024-06-22T09:06:36.089Z</time></trkpt><trkpt lat="42.919784" lon="-8.094123"><ele>387.884</ele><time>2024-06-22T09:06:40.089Z</time></trkpt><trkpt lat="42.919760" lon="-8.094188"><ele>387.122</ele><time>2024-06-22T09:06:45.089Z</time></trkpt><trkpt lat="42.919743" lon="-8.094257"><ele>386.120</ele><time>2024-06-22T09:06:49.089Z</time></trkpt><trkpt lat="42.919723" lon="-8.094321"><ele>385.864</ele><time>2024-06-22T09:06:53.089Z</time></trkpt><trkpt lat="42.919707" lon="-8.094386"><ele>385.206</ele><time>2024-06-22T09:06:57.089Z</time></trkpt><trkpt lat="42.919693" lon="-8.094455"><ele>384.516</ele><time>2024-06-22T09:07:01.089Z</time></trkpt><trkpt lat="42.919679" lon="-8.094527"><ele>384.109</ele><time>2024-06-22T09:07:05.089Z</time></trkpt><trkpt lat="42.919663" lon="-8.094594"><ele>383.287</ele><time>2024-06-22T09:07:09.089Z</time></trkpt><trkpt lat="42.919653" lon="-8.094659"><ele>381.983</ele><time>2024-06-22T09:07:13.089Z</time></trkpt><trkpt lat="42.919639" lon="-8.094721"><ele>381.671</ele><time>2024-06-22T09:07:17.089Z</time></trkpt><trkpt lat="42.919625" lon="-8.094783"><ele>381.696</ele><time>2024-06-22T09:07:21.089Z</time></trkpt><trkpt lat="42.919609" lon="-8.094846"><ele>381.616</ele><time>2024-06-22T09:07:25.089Z</time></trkpt><trkpt lat="42.919590" lon="-8.094908"><ele>381.850</ele><time>2024-06-22T09:07:29.089Z</time></trkpt><trkpt lat="42.919579" lon="-8.094971"><ele>381.829</ele><time>2024-06-22T09:07:33.089Z</time></trkpt><trkpt lat="42.919569" lon="-8.095038"><ele>381.867</ele><time>2024-06-22T09:07:37.089Z</time></trkpt><trkpt lat="42.919555" lon="-8.095103"><ele>381.845</ele><time>2024-06-22T09:07:41.089Z</time></trkpt><trkpt lat="42.919545" lon="-8.095165"><ele>380.496</ele><time>2024-06-22T09:07:45.089Z</time></trkpt><trkpt lat="42.919526" lon="-8.095225"><ele>379.431</ele><time>2024-06-22T09:07:49.089Z</time></trkpt><trkpt lat="42.919516" lon="-8.095289"><ele>379.024</ele><time>2024-06-22T09:07:53.089Z</time></trkpt><trkpt lat="42.919503" lon="-8.095348"><ele>378.809</ele><time>2024-06-22T09:07:57.089Z</time></trkpt><trkpt lat="42.919480" lon="-8.095410"><ele>378.510</ele><time>2024-06-22T09:08:01.089Z</time></trkpt><trkpt lat="42.919465" lon="-8.095472"><ele>377.856</ele><time>2024-06-22T09:08:05.089Z</time></trkpt><trkpt lat="42.919449" lon="-8.095533"><ele>377.244</ele><time>2024-06-22T09:08:09.089Z</time></trkpt><trkpt lat="42.919434" lon="-8.095597"><ele>376.459</ele><time>2024-06-22T09:08:13.089Z</time></trkpt><trkpt lat="42.919423" lon="-8.095665"><ele>376.039</ele><time>2024-06-22T09:08:18.089Z</time></trkpt><trkpt lat="42.919388" lon="-8.095708"><ele>375.953</ele><time>2024-06-22T09:08:22.089Z</time></trkpt><trkpt lat="42.919344" lon="-8.095752"><ele>376.112</ele><time>2024-06-22T09:08:27.089Z</time></trkpt><trkpt lat="42.919300" lon="-8.095768"><ele>376.440</ele><time>2024-06-22T09:08:32.089Z</time></trkpt><trkpt lat="42.919334" lon="-8.095820"><ele>375.738</ele><time>2024-06-22T09:09:02.089Z</time></trkpt><trkpt lat="42.919314" lon="-8.095878"><ele>375.392</ele><time>2024-06-22T09:09:07.089Z</time></trkpt><trkpt lat="42.919295" lon="-8.095945"><ele>374.873</ele><time>2024-06-22T09:09:14.089Z</time></trkpt><trkpt lat="42.919272" lon="-8.096003"><ele>373.920</ele><time>2024-06-22T09:09:20.089Z</time></trkpt><trkpt lat="42.919259" lon="-8.096064"><ele>372.209</ele><time>2024-06-22T09:09:25.089Z</time></trkpt><trkpt lat="42.919259" lon="-8.096132"><ele>372.180</ele><time>2024-06-22T09:09:30.089Z</time></trkpt><trkpt lat="42.919263" lon="-8.096207"><ele>372.466</ele><time>2024-06-22T09:09:36.089Z</time></trkpt><trkpt lat="42.919274" lon="-8.096269"><ele>374.484</ele><time>2024-06-22T09:09:40.089Z</time></trkpt><trkpt lat="42.919294" lon="-8.096325"><ele>375.199</ele><time>2024-06-22T09:09:44.089Z</time></trkpt><trkpt lat="42.919321" lon="-8.096378"><ele>375.449</ele><time>2024-06-22T09:09:48.089Z</time></trkpt><trkpt lat="42.919356" lon="-8.096436"><ele>375.543</ele><time>2024-06-22T09:09:53.089Z</time></trkpt><trkpt lat="42.919380" lon="-8.096491"><ele>375.522</ele><time>2024-06-22T09:09:58.089Z</time></trkpt><trkpt lat="42.919404" lon="-8.096554"><ele>375.260</ele><time>2024-06-22T09:10:03.089Z</time></trkpt><trkpt lat="42.919431" lon="-8.096616"><ele>375.358</ele><time>2024-06-22T09:10:09.089Z</time></trkpt><trkpt lat="42.919461" lon="-8.096675"><ele>375.449</ele><time>2024-06-22T09:10:14.089Z</time></trkpt><trkpt lat="42.919488" lon="-8.096735"><ele>376.502</ele><time>2024-06-22T09:10:19.089Z</time></trkpt><trkpt lat="42.919512" lon="-8.096789"><ele>377.622</ele><time>2024-06-22T09:10:23.089Z</time></trkpt><trkpt lat="42.919545" lon="-8.096843"><ele>379.909</ele><time>2024-06-22T09:10:27.089Z</time></trkpt><trkpt lat="42.919576" lon="-8.096902"><ele>381.435</ele><time>2024-06-22T09:10:32.089Z</time></trkpt><trkpt lat="42.919607" lon="-8.096952"><ele>382.051</ele><time>2024-06-22T09:10:36.089Z</time></trkpt><trkpt lat="42.919626" lon="-8.097022"><ele>382.879</ele><time>2024-06-22T09:10:41.089Z</time></trkpt><trkpt lat="42.919653" lon="-8.097077"><ele>384.084</ele><time>2024-06-22T09:10:46.089Z</time></trkpt><trkpt lat="42.919677" lon="-8.097131"><ele>384.264</ele><time>2024-06-22T09:10:50.089Z</time></trkpt><trkpt lat="42.919699" lon="-8.097188"><ele>384.678</ele><time>2024-06-22T09:10:54.089Z</time></trkpt><trkpt lat="42.919716" lon="-8.097245"><ele>385.327</ele><time>2024-06-22T09:10:58.089Z</time></trkpt><trkpt lat="42.919736" lon="-8.097313"><ele>385.585</ele><time>2024-06-22T09:11:03.089Z</time></trkpt><trkpt lat="42.919747" lon="-8.097389"><ele>385.613</ele><time>2024-06-22T09:11:08.089Z</time></trkpt><trkpt lat="42.919768" lon="-8.097462"><ele>385.816</ele><time>2024-06-22T09:11:13.089Z</time></trkpt><trkpt lat="42.919791" lon="-8.097530"><ele>385.776</ele><time>2024-06-22T09:11:18.089Z</time></trkpt><trkpt lat="42.919804" lon="-8.097597"><ele>386.013</ele><time>2024-06-22T09:11:23.089Z</time></trkpt><trkpt lat="42.919827" lon="-8.097656"><ele>386.809</ele><time>2024-06-22T09:11:27.089Z</time></trkpt><trkpt lat="42.919847" lon="-8.097714"><ele>387.052</ele><time>2024-06-22T09:11:31.089Z</time></trkpt><trkpt lat="42.919878" lon="-8.097770"><ele>386.958</ele><time>2024-06-22T09:11:35.089Z</time></trkpt><trkpt lat="42.919909" lon="-8.097825"><ele>387.026</ele><time>2024-06-22T09:11:39.089Z</time></trkpt><trkpt lat="42.919943" lon="-8.097883"><ele>387.061</ele><time>2024-06-22T09:11:44.089Z</time></trkpt><trkpt lat="42.919967" lon="-8.097936"><ele>387.051</ele><time>2024-06-22T09:11:48.089Z</time></trkpt><trkpt lat="42.920009" lon="-8.097982"><ele>387.075</ele><time>2024-06-22T09:11:53.089Z</time></trkpt><trkpt lat="42.920047" lon="-8.098033"><ele>387.414</ele><time>2024-06-22T09:11:58.089Z</time></trkpt><trkpt lat="42.920085" lon="-8.098082"><ele>387.772</ele><time>2024-06-22T09:12:03.089Z</time></trkpt><trkpt lat="42.920122" lon="-8.098117"><ele>387.860</ele><time>2024-06-22T09:12:06.089Z</time></trkpt><trkpt lat="42.920158" lon="-8.098155"><ele>388.867</ele><time>2024-06-22T09:12:10.089Z</time></trkpt><trkpt lat="42.920200" lon="-8.098190"><ele>391.181</ele><time>2024-06-22T09:12:15.089Z</time></trkpt><trkpt lat="42.920236" lon="-8.098233"><ele>392.519</ele><time>2024-06-22T09:12:19.089Z</time></trkpt><trkpt lat="42.920276" lon="-8.098285"><ele>392.709</ele><time>2024-06-22T09:12:24.089Z</time></trkpt><trkpt lat="42.920313" lon="-8.098334"><ele>393.017</ele><time>2024-06-22T09:12:29.089Z</time></trkpt><trkpt lat="42.920349" lon="-8.098382"><ele>393.583</ele><time>2024-06-22T09:12:34.089Z</time></trkpt><trkpt lat="42.920372" lon="-8.098439"><ele>394.231</ele><time>2024-06-22T09:12:38.089Z</time></trkpt><trkpt lat="42.920393" lon="-8.098499"><ele>395.346</ele><time>2024-06-22T09:12:42.089Z</time></trkpt><trkpt lat="42.920421" lon="-8.098549"><ele>395.426</ele><time>2024-06-22T09:12:46.089Z</time></trkpt><trkpt lat="42.920450" lon="-8.098606"><ele>395.480</ele><time>2024-06-22T09:12:50.089Z</time></trkpt><trkpt lat="42.920472" lon="-8.098660"><ele>395.599</ele><time>2024-06-22T09:12:54.089Z</time></trkpt><trkpt lat="42.920499" lon="-8.098711"><ele>395.567</ele><time>2024-06-22T09:12:58.089Z</time></trkpt><trkpt lat="42.920530" lon="-8.098771"><ele>395.625</ele><time>2024-06-22T09:13:03.089Z</time></trkpt><trkpt lat="42.920559" lon="-8.098821"><ele>396.242</ele><time>2024-06-22T09:13:07.089Z</time></trkpt><trkpt lat="42.920601" lon="-8.098876"><ele>396.922</ele><time>2024-06-22T09:13:12.089Z</time></trkpt><trkpt lat="42.920629" lon="-8.098926"><ele>397.814</ele><time>2024-06-22T09:13:16.089Z</time></trkpt><trkpt lat="42.920664" lon="-8.098979"><ele>398.209</ele><time>2024-06-22T09:13:21.089Z</time></trkpt><trkpt lat="42.920702" lon="-8.099031"><ele>398.295</ele><time>2024-06-22T09:13:26.089Z</time></trkpt><trkpt lat="42.920743" lon="-8.099085"><ele>398.141</ele><time>2024-06-22T09:13:31.089Z</time></trkpt><trkpt lat="42.920781" lon="-8.099133"><ele>398.189</ele><time>2024-06-22T09:13:35.089Z</time></trkpt><trkpt lat="42.920817" lon="-8.099176"><ele>398.134</ele><time>2024-06-22T09:13:39.089Z</time></trkpt><trkpt lat="42.920858" lon="-8.099217"><ele>397.514</ele><time>2024-06-22T09:13:43.089Z</time></trkpt><trkpt lat="42.920909" lon="-8.099248"><ele>397.348</ele><time>2024-06-22T09:13:48.089Z</time></trkpt><trkpt lat="42.920955" lon="-8.099274"><ele>397.267</ele><time>2024-06-22T09:13:52.089Z</time></trkpt><trkpt lat="42.921005" lon="-8.099282"><ele>397.075</ele><time>2024-06-22T09:13:56.089Z</time></trkpt><trkpt lat="42.921053" lon="-8.099287"><ele>397.273</ele><time>2024-06-22T09:14:00.089Z</time></trkpt><trkpt lat="42.921102" lon="-8.099292"><ele>398.291</ele><time>2024-06-22T09:14:04.089Z</time></trkpt><trkpt lat="42.921157" lon="-8.099288"><ele>400.081</ele><time>2024-06-22T09:14:09.089Z</time></trkpt><trkpt lat="42.921207" lon="-8.099293"><ele>400.619</ele><time>2024-06-22T09:14:13.089Z</time></trkpt><trkpt lat="42.921255" lon="-8.099313"><ele>401.109</ele><time>2024-06-22T09:14:17.089Z</time></trkpt><trkpt lat="42.921309" lon="-8.099322"><ele>402.240</ele><time>2024-06-22T09:14:22.089Z</time></trkpt><trkpt lat="42.921353" lon="-8.099341"><ele>402.616</ele><time>2024-06-22T09:14:26.089Z</time></trkpt><trkpt lat="42.921397" lon="-8.099359"><ele>402.774</ele><time>2024-06-22T09:14:30.089Z</time></trkpt><trkpt lat="42.921446" lon="-8.099353"><ele>402.739</ele><time>2024-06-22T09:14:34.089Z</time></trkpt><trkpt lat="42.921497" lon="-8.099350"><ele>402.899</ele><time>2024-06-22T09:14:39.089Z</time></trkpt><trkpt lat="42.921542" lon="-8.099358"><ele>403.263</ele><time>2024-06-22T09:14:43.089Z</time></trkpt><trkpt lat="42.921593" lon="-8.099372"><ele>403.312</ele><time>2024-06-22T09:14:48.089Z</time></trkpt><trkpt lat="42.921640" lon="-8.099372"><ele>404.170</ele><time>2024-06-22T09:14:52.089Z</time></trkpt><trkpt lat="42.921687" lon="-8.099394"><ele>405.098</ele><time>2024-06-22T09:14:56.089Z</time></trkpt><trkpt lat="42.921732" lon="-8.099408"><ele>405.468</ele><time>2024-06-22T09:15:00.089Z</time></trkpt><trkpt lat="42.921785" lon="-8.099419"><ele>406.442</ele><time>2024-06-22T09:15:05.089Z</time></trkpt><trkpt lat="42.921833" lon="-8.099429"><ele>406.926</ele><time>2024-06-22T09:15:09.089Z</time></trkpt><trkpt lat="42.921883" lon="-8.099441"><ele>407.409</ele><time>2024-06-22T09:15:13.089Z</time></trkpt><trkpt lat="42.921930" lon="-8.099448"><ele>407.837</ele><time>2024-06-22T09:15:17.089Z</time></trkpt><trkpt lat="42.921979" lon="-8.099459"><ele>408.063</ele><time>2024-06-22T09:15:22.089Z</time></trkpt><trkpt lat="42.922032" lon="-8.099469"><ele>408.471</ele><time>2024-06-22T09:15:27.089Z</time></trkpt><trkpt lat="42.922083" lon="-8.099470"><ele>408.896</ele><time>2024-06-22T09:15:32.089Z</time></trkpt><trkpt lat="42.922133" lon="-8.099478"><ele>408.966</ele><time>2024-06-22T09:15:37.089Z</time></trkpt><trkpt lat="42.922181" lon="-8.099481"><ele>409.870</ele><time>2024-06-22T09:15:42.089Z</time></trkpt><trkpt lat="42.922234" lon="-8.099505"><ele>410.329</ele><time>2024-06-22T09:15:47.089Z</time></trkpt><trkpt lat="42.922282" lon="-8.099535"><ele>410.797</ele><time>2024-06-22T09:15:52.089Z</time></trkpt><trkpt lat="42.922329" lon="-8.099557"><ele>410.945</ele><time>2024-06-22T09:15:58.089Z</time></trkpt><trkpt lat="42.922373" lon="-8.099578"><ele>410.977</ele><time>2024-06-22T09:16:03.089Z</time></trkpt><trkpt lat="42.922420" lon="-8.099606"><ele>410.961</ele><time>2024-06-22T09:16:09.089Z</time></trkpt><trkpt lat="42.922469" lon="-8.099628"><ele>411.027</ele><time>2024-06-22T09:16:15.089Z</time></trkpt><trkpt lat="42.922518" lon="-8.099656"><ele>411.109</ele><time>2024-06-22T09:16:21.089Z</time></trkpt><trkpt lat="42.922560" lon="-8.099687"><ele>411.358</ele><time>2024-06-22T09:16:26.089Z</time></trkpt><trkpt lat="42.922599" lon="-8.099727"><ele>411.884</ele><time>2024-06-22T09:16:31.089Z</time></trkpt><trkpt lat="42.922641" lon="-8.099763"><ele>411.942</ele><time>2024-06-22T09:16:36.089Z</time></trkpt><trkpt lat="42.922688" lon="-8.099800"><ele>411.947</ele><time>2024-06-22T09:16:41.089Z</time></trkpt><trkpt lat="42.922730" lon="-8.099834"><ele>412.067</ele><time>2024-06-22T09:16:46.089Z</time></trkpt><trkpt lat="42.922774" lon="-8.099870"><ele>412.251</ele><time>2024-06-22T09:16:51.089Z</time></trkpt><trkpt lat="42.922822" lon="-8.099910"><ele>412.350</ele><time>2024-06-22T09:16:56.089Z</time></trkpt><trkpt lat="42.922863" lon="-8.099952"><ele>412.648</ele><time>2024-06-22T09:17:00.089Z</time></trkpt><trkpt lat="42.922908" lon="-8.099980"><ele>412.626</ele><time>2024-06-22T09:17:05.089Z</time></trkpt><trkpt lat="42.922956" lon="-8.100005"><ele>412.817</ele><time>2024-06-22T09:17:11.089Z</time></trkpt><trkpt lat="42.922969" lon="-8.100068"><ele>412.787</ele><time>2024-06-22T09:17:47.089Z</time></trkpt><trkpt lat="42.923002" lon="-8.100114"><ele>412.715</ele><time>2024-06-22T09:17:51.089Z</time></trkpt><trkpt lat="42.923040" lon="-8.100163"><ele>412.809</ele><time>2024-06-22T09:17:55.089Z</time></trkpt><trkpt lat="42.923071" lon="-8.100210"><ele>412.862</ele><time>2024-06-22T09:17:59.089Z</time></trkpt><trkpt lat="42.923101" lon="-8.100273"><ele>413.318</ele><time>2024-06-22T09:18:04.089Z</time></trkpt><trkpt lat="42.923128" lon="-8.100325"><ele>414.476</ele><time>2024-06-22T09:18:08.089Z</time></trkpt><trkpt lat="42.923159" lon="-8.100379"><ele>415.521</ele><time>2024-06-22T09:18:13.089Z</time></trkpt><trkpt lat="42.923177" lon="-8.100450"><ele>415.771</ele><time>2024-06-22T09:18:18.089Z</time></trkpt><trkpt lat="42.923192" lon="-8.100517"><ele>416.115</ele><time>2024-06-22T09:18:23.089Z</time></trkpt><trkpt lat="42.923214" lon="-8.100581"><ele>416.264</ele><time>2024-06-22T09:18:28.089Z</time></trkpt><trkpt lat="42.923228" lon="-8.100650"><ele>416.262</ele><time>2024-06-22T09:18:33.089Z</time></trkpt><trkpt lat="42.923212" lon="-8.100722"><ele>416.040</ele><time>2024-06-22T09:18:38.089Z</time></trkpt><trkpt lat="42.923197" lon="-8.100797"><ele>413.763</ele><time>2024-06-22T09:18:43.089Z</time></trkpt><trkpt lat="42.923183" lon="-8.100855"><ele>412.444</ele><time>2024-06-22T09:18:46.089Z</time></trkpt><trkpt lat="42.923171" lon="-8.100917"><ele>412.018</ele><time>2024-06-22T09:18:50.089Z</time></trkpt><trkpt lat="42.923156" lon="-8.100990"><ele>411.809</ele><time>2024-06-22T09:18:55.089Z</time></trkpt><trkpt lat="42.923140" lon="-8.101061"><ele>411.697</ele><time>2024-06-22T09:19:00.089Z</time></trkpt><trkpt lat="42.923123" lon="-8.101126"><ele>411.693</ele><time>2024-06-22T09:19:05.089Z</time></trkpt><trkpt lat="42.923128" lon="-8.101196"><ele>411.961</ele><time>2024-06-22T09:19:11.089Z</time></trkpt><trkpt lat="42.923119" lon="-8.101269"><ele>412.156</ele><time>2024-06-22T09:19:16.089Z</time></trkpt><trkpt lat="42.923133" lon="-8.101341"><ele>412.186</ele><time>2024-06-22T09:19:21.089Z</time></trkpt><trkpt lat="42.923149" lon="-8.101399"><ele>412.120</ele><time>2024-06-22T09:19:25.089Z</time></trkpt><trkpt lat="42.923178" lon="-8.101460"><ele>412.169</ele><time>2024-06-22T09:19:30.089Z</time></trkpt><trkpt lat="42.923215" lon="-8.101498"><ele>410.797</ele><time>2024-06-22T09:19:35.089Z</time></trkpt><trkpt lat="42.923246" lon="-8.101547"><ele>410.455</ele><time>2024-06-22T09:19:39.089Z</time></trkpt><trkpt lat="42.923271" lon="-8.101600"><ele>410.126</ele><time>2024-06-22T09:19:43.089Z</time></trkpt><trkpt lat="42.923305" lon="-8.101651"><ele>409.847</ele><time>2024-06-22T09:19:47.089Z</time></trkpt><trkpt lat="42.923341" lon="-8.101695"><ele>409.711</ele><time>2024-06-22T09:19:51.089Z</time></trkpt><trkpt lat="42.923368" lon="-8.101745"><ele>409.909</ele><time>2024-06-22T09:19:55.089Z</time></trkpt><trkpt lat="42.923401" lon="-8.101797"><ele>409.913</ele><time>2024-06-22T09:19:59.089Z</time></trkpt><trkpt lat="42.923429" lon="-8.101846"><ele>409.899</ele><time>2024-06-22T09:20:03.089Z</time></trkpt><trkpt lat="42.923472" lon="-8.101892"><ele>409.837</ele><time>2024-06-22T09:20:08.089Z</time></trkpt><trkpt lat="42.923507" lon="-8.101943"><ele>409.512</ele><time>2024-06-22T09:20:12.089Z</time></trkpt><trkpt lat="42.923537" lon="-8.101995"><ele>409.252</ele><time>2024-06-22T09:20:16.089Z</time></trkpt><trkpt lat="42.923569" lon="-8.102039"><ele>409.246</ele><time>2024-06-22T09:20:20.089Z</time></trkpt><trkpt lat="42.923611" lon="-8.102079"><ele>409.215</ele><time>2024-06-22T09:20:24.089Z</time></trkpt><trkpt lat="42.923642" lon="-8.102129"><ele>409.373</ele><time>2024-06-22T09:20:28.089Z</time></trkpt><trkpt lat="42.923671" lon="-8.102180"><ele>409.311</ele><time>2024-06-22T09:20:32.089Z</time></trkpt><trkpt lat="42.923706" lon="-8.102223"><ele>409.414</ele><time>2024-06-22T09:20:36.089Z</time></trkpt><trkpt lat="42.923745" lon="-8.102276"><ele>409.454</ele><time>2024-06-22T09:20:41.089Z</time></trkpt><trkpt lat="42.923783" lon="-8.102334"><ele>409.409</ele><time>2024-06-22T09:20:46.089Z</time></trkpt><trkpt lat="42.923822" lon="-8.102382"><ele>409.409</ele><time>2024-06-22T09:20:50.089Z</time></trkpt><trkpt lat="42.923853" lon="-8.102431"><ele>409.492</ele><time>2024-06-22T09:20:54.089Z</time></trkpt><trkpt lat="42.923888" lon="-8.102476"><ele>409.378</ele><time>2024-06-22T09:20:58.089Z</time></trkpt><trkpt lat="42.923927" lon="-8.102530"><ele>409.166</ele><time>2024-06-22T09:21:03.089Z</time></trkpt><trkpt lat="42.923957" lon="-8.102577"><ele>408.831</ele><time>2024-06-22T09:21:07.089Z</time></trkpt><trkpt lat="42.923995" lon="-8.102632"><ele>408.451</ele><time>2024-06-22T09:21:12.089Z</time></trkpt><trkpt lat="42.924041" lon="-8.102673"><ele>408.045</ele><time>2024-06-22T09:21:18.089Z</time></trkpt><trkpt lat="42.924082" lon="-8.102722"><ele>407.984</ele><time>2024-06-22T09:21:22.089Z</time></trkpt><trkpt lat="42.924113" lon="-8.102769"><ele>407.772</ele><time>2024-06-22T09:21:26.089Z</time></trkpt><trkpt lat="42.924148" lon="-8.102828"><ele>407.150</ele><time>2024-06-22T09:21:30.089Z</time></trkpt><trkpt lat="42.924185" lon="-8.102875"><ele>406.975</ele><time>2024-06-22T09:21:34.089Z</time></trkpt><trkpt lat="42.924221" lon="-8.102923"><ele>406.128</ele><time>2024-06-22T09:21:38.089Z</time></trkpt><trkpt lat="42.924256" lon="-8.102966"><ele>405.920</ele><time>2024-06-22T09:21:42.089Z</time></trkpt><trkpt lat="42.924297" lon="-8.103001"><ele>405.809</ele><time>2024-06-22T09:21:46.089Z</time></trkpt><trkpt lat="42.924341" lon="-8.103040"><ele>405.798</ele><time>2024-06-22T09:21:50.089Z</time></trkpt><trkpt lat="42.924386" lon="-8.103065"><ele>405.714</ele><time>2024-06-22T09:21:54.089Z</time></trkpt><trkpt lat="42.924439" lon="-8.103074"><ele>405.432</ele><time>2024-06-22T09:21:58.089Z</time></trkpt><trkpt lat="42.924488" lon="-8.103088"><ele>404.917</ele><time>2024-06-22T09:22:02.089Z</time></trkpt><trkpt lat="42.924541" lon="-8.103104"><ele>404.237</ele><time>2024-06-22T09:22:06.089Z</time></trkpt><trkpt lat="42.924597" lon="-8.103115"><ele>403.791</ele><time>2024-06-22T09:22:10.089Z</time></trkpt><trkpt lat="42.924652" lon="-8.103109"><ele>402.670</ele><time>2024-06-22T09:22:14.089Z</time></trkpt><trkpt lat="42.924700" lon="-8.103109"><ele>399.848</ele><time>2024-06-22T09:22:18.089Z</time></trkpt><trkpt lat="42.924745" lon="-8.103127"><ele>399.146</ele><time>2024-06-22T09:22:22.089Z</time></trkpt><trkpt lat="42.924792" lon="-8.103141"><ele>399.166</ele><time>2024-06-22T09:22:26.089Z</time></trkpt><trkpt lat="42.924842" lon="-8.103165"><ele>398.929</ele><time>2024-06-22T09:22:30.089Z</time></trkpt><trkpt lat="42.924893" lon="-8.103187"><ele>398.921</ele><time>2024-06-22T09:22:34.089Z</time></trkpt><trkpt lat="42.924944" lon="-8.103207"><ele>398.909</ele><time>2024-06-22T09:22:38.089Z</time></trkpt><trkpt lat="42.924989" lon="-8.103234"><ele>398.937</ele><time>2024-06-22T09:22:42.089Z</time></trkpt><trkpt lat="42.925033" lon="-8.103266"><ele>398.713</ele><time>2024-06-22T09:22:46.089Z</time></trkpt><trkpt lat="42.925080" lon="-8.103294"><ele>398.431</ele><time>2024-06-22T09:22:50.089Z</time></trkpt><trkpt lat="42.925125" lon="-8.103314"><ele>398.126</ele><time>2024-06-22T09:22:54.089Z</time></trkpt><trkpt lat="42.925166" lon="-8.103350"><ele>398.196</ele><time>2024-06-22T09:22:58.089Z</time></trkpt><trkpt lat="42.925188" lon="-8.103412"><ele>398.150</ele><time>2024-06-22T09:23:02.089Z</time></trkpt><trkpt lat="42.925213" lon="-8.103466"><ele>398.119</ele><time>2024-06-22T09:23:06.089Z</time></trkpt><trkpt lat="42.925233" lon="-8.103529"><ele>398.187</ele><time>2024-06-22T09:23:10.089Z</time></trkpt><trkpt lat="42.925264" lon="-8.103586"><ele>398.065</ele><time>2024-06-22T09:23:14.089Z</time></trkpt><trkpt lat="42.925298" lon="-8.103644"><ele>397.127</ele><time>2024-06-22T09:23:18.089Z</time></trkpt><trkpt lat="42.925326" lon="-8.103698"><ele>396.568</ele><time>2024-06-22T09:23:22.089Z</time></trkpt><trkpt lat="42.925361" lon="-8.103747"><ele>395.914</ele><time>2024-06-22T09:23:26.089Z</time></trkpt><trkpt lat="42.925400" lon="-8.103791"><ele>394.209</ele><time>2024-06-22T09:23:30.089Z</time></trkpt><trkpt lat="42.925446" lon="-8.103829"><ele>393.653</ele><time>2024-06-22T09:23:34.089Z</time></trkpt><trkpt lat="42.925487" lon="-8.103880"><ele>393.479</ele><time>2024-06-22T09:23:38.089Z</time></trkpt><trkpt lat="42.925532" lon="-8.103918"><ele>392.747</ele><time>2024-06-22T09:23:42.089Z</time></trkpt><trkpt lat="42.925578" lon="-8.103966"><ele>391.862</ele><time>2024-06-22T09:23:46.089Z</time></trkpt><trkpt lat="42.925626" lon="-8.104004"><ele>391.192</ele><time>2024-06-22T09:23:50.089Z</time></trkpt><trkpt lat="42.925666" lon="-8.104045"><ele>390.856</ele><time>2024-06-22T09:23:54.089Z</time></trkpt><trkpt lat="42.925711" lon="-8.104091"><ele>390.725</ele><time>2024-06-22T09:23:58.089Z</time></trkpt><trkpt lat="42.925758" lon="-8.104109"><ele>390.633</ele><time>2024-06-22T09:24:02.089Z</time></trkpt><trkpt lat="42.925815" lon="-8.104120"><ele>390.391</ele><time>2024-06-22T09:24:06.089Z</time></trkpt><trkpt lat="42.925869" lon="-8.104139"><ele>389.894</ele><time>2024-06-22T09:24:10.089Z</time></trkpt><trkpt lat="42.925922" lon="-8.104167"><ele>387.557</ele><time>2024-06-22T09:24:14.089Z</time></trkpt><trkpt lat="42.925976" lon="-8.104183"><ele>385.622</ele><time>2024-06-22T09:24:18.089Z</time></trkpt><trkpt lat="42.926027" lon="-8.104196"><ele>384.209</ele><time>2024-06-22T09:24:22.089Z</time></trkpt><trkpt lat="42.926078" lon="-8.104206"><ele>383.970</ele><time>2024-06-22T09:24:26.089Z</time></trkpt><trkpt lat="42.926130" lon="-8.104209"><ele>380.136</ele><time>2024-06-22T09:24:43.089Z</time></trkpt><trkpt lat="42.926179" lon="-8.104164"><ele>379.344</ele><time>2024-06-22T09:24:53.089Z</time></trkpt><trkpt lat="42.926220" lon="-8.104191"><ele>379.119</ele><time>2024-06-22T09:24:56.089Z</time></trkpt><trkpt lat="42.926271" lon="-8.104211"><ele>377.859</ele><time>2024-06-22T09:25:04.089Z</time></trkpt><trkpt lat="42.926322" lon="-8.104220"><ele>377.673</ele><time>2024-06-22T09:25:10.089Z</time></trkpt><trkpt lat="42.926374" lon="-8.104224"><ele>377.542</ele><time>2024-06-22T09:25:15.089Z</time></trkpt><trkpt lat="42.926423" lon="-8.104230"><ele>376.290</ele><time>2024-06-22T09:25:20.089Z</time></trkpt><trkpt lat="42.926472" lon="-8.104242"><ele>376.088</ele><time>2024-06-22T09:25:26.089Z</time></trkpt><trkpt lat="42.926514" lon="-8.104273"><ele>376.287</ele><time>2024-06-22T09:25:31.089Z</time></trkpt><trkpt lat="42.926555" lon="-8.104302"><ele>376.042</ele><time>2024-06-22T09:25:41.089Z</time></trkpt><trkpt lat="42.926597" lon="-8.104345"><ele>376.226</ele><time>2024-06-22T09:25:47.089Z</time></trkpt><trkpt lat="42.926638" lon="-8.104373"><ele>376.509</ele><time>2024-06-22T09:25:54.089Z</time></trkpt><trkpt lat="42.926665" lon="-8.104434"><ele>376.889</ele><time>2024-06-22T09:26:15.089Z</time></trkpt><trkpt lat="42.926697" lon="-8.104482"><ele>377.215</ele><time>2024-06-22T09:26:21.089Z</time></trkpt><trkpt lat="42.926725" lon="-8.104543"><ele>377.793</ele><time>2024-06-22T09:26:26.089Z</time></trkpt><trkpt lat="42.926745" lon="-8.104609"><ele>377.958</ele><time>2024-06-22T09:26:31.089Z</time></trkpt><trkpt lat="42.926761" lon="-8.104678"><ele>378.128</ele><time>2024-06-22T09:26:36.089Z</time></trkpt><trkpt lat="42.926787" lon="-8.104736"><ele>378.242</ele><time>2024-06-22T09:26:40.089Z</time></trkpt><trkpt lat="42.926801" lon="-8.104806"><ele>377.971</ele><time>2024-06-22T09:26:44.089Z</time></trkpt><trkpt lat="42.926819" lon="-8.104877"><ele>377.919</ele><time>2024-06-22T09:26:48.089Z</time></trkpt><trkpt lat="42.926829" lon="-8.104950"><ele>378.197</ele><time>2024-06-22T09:26:52.089Z</time></trkpt><trkpt lat="42.926845" lon="-8.105009"><ele>378.372</ele><time>2024-06-22T09:26:56.089Z</time></trkpt><trkpt lat="42.926865" lon="-8.105066"><ele>378.813</ele><time>2024-06-22T09:27:01.089Z</time></trkpt><trkpt lat="42.926879" lon="-8.105140"><ele>380.414</ele><time>2024-06-22T09:27:06.089Z</time></trkpt><trkpt lat="42.926897" lon="-8.105203"><ele>381.309</ele><time>2024-06-22T09:27:11.089Z</time></trkpt><trkpt lat="42.926918" lon="-8.105267"><ele>381.678</ele><time>2024-06-22T09:27:16.089Z</time></trkpt><trkpt lat="42.926941" lon="-8.105333"><ele>382.254</ele><time>2024-06-22T09:27:21.089Z</time></trkpt><trkpt lat="42.926965" lon="-8.105402"><ele>382.432</ele><time>2024-06-22T09:27:26.089Z</time></trkpt><trkpt lat="42.926984" lon="-8.105461"><ele>383.597</ele><time>2024-06-22T09:27:30.089Z</time></trkpt><trkpt lat="42.927002" lon="-8.105528"><ele>385.457</ele><time>2024-06-22T09:27:34.089Z</time></trkpt><trkpt lat="42.927017" lon="-8.105591"><ele>385.911</ele><time>2024-06-22T09:27:38.089Z</time></trkpt><trkpt lat="42.927033" lon="-8.105660"><ele>386.130</ele><time>2024-06-22T09:27:42.089Z</time></trkpt><trkpt lat="42.927055" lon="-8.105729"><ele>386.518</ele><time>2024-06-22T09:27:47.089Z</time></trkpt><trkpt lat="42.927067" lon="-8.105801"><ele>386.826</ele><time>2024-06-22T09:27:52.089Z</time></trkpt><trkpt lat="42.927086" lon="-8.105862"><ele>387.968</ele><time>2024-06-22T09:27:57.089Z</time></trkpt><trkpt lat="42.927104" lon="-8.105925"><ele>388.042</ele><time>2024-06-22T09:28:01.089Z</time></trkpt><trkpt lat="42.927125" lon="-8.105996"><ele>388.226</ele><time>2024-06-22T09:28:06.089Z</time></trkpt><trkpt lat="42.927140" lon="-8.106068"><ele>389.009</ele><time>2024-06-22T09:28:10.089Z</time></trkpt><trkpt lat="42.927158" lon="-8.106129"><ele>389.037</ele><time>2024-06-22T09:28:14.089Z</time></trkpt><trkpt lat="42.927171" lon="-8.106192"><ele>389.773</ele><time>2024-06-22T09:28:18.089Z</time></trkpt><trkpt lat="42.927188" lon="-8.106251"><ele>389.941</ele><time>2024-06-22T09:28:22.089Z</time></trkpt><trkpt lat="42.927198" lon="-8.106315"><ele>389.986</ele><time>2024-06-22T09:28:26.089Z</time></trkpt><trkpt lat="42.927218" lon="-8.106384"><ele>390.096</ele><time>2024-06-22T09:28:30.089Z</time></trkpt><trkpt lat="42.927244" lon="-8.106436"><ele>390.320</ele><time>2024-06-22T09:28:35.089Z</time></trkpt><trkpt lat="42.927255" lon="-8.106504"><ele>390.449</ele><time>2024-06-22T09:28:39.089Z</time></trkpt><trkpt lat="42.927280" lon="-8.106571"><ele>390.427</ele><time>2024-06-22T09:28:44.089Z</time></trkpt><trkpt lat="42.927301" lon="-8.106632"><ele>390.545</ele><time>2024-06-22T09:28:49.089Z</time></trkpt><trkpt lat="42.927316" lon="-8.106690"><ele>390.412</ele><time>2024-06-22T09:28:53.089Z</time></trkpt><trkpt lat="42.927334" lon="-8.106748"><ele>390.132</ele><time>2024-06-22T09:28:57.089Z</time></trkpt><trkpt lat="42.927350" lon="-8.106808"><ele>390.105</ele><time>2024-06-22T09:29:01.089Z</time></trkpt><trkpt lat="42.927367" lon="-8.106885"><ele>390.209</ele><time>2024-06-22T09:29:05.089Z</time></trkpt><trkpt lat="42.927399" lon="-8.106939"><ele>390.232</ele><time>2024-06-22T09:29:10.089Z</time></trkpt><trkpt lat="42.927425" lon="-8.106999"><ele>390.428</ele><time>2024-06-22T09:29:15.089Z</time></trkpt><trkpt lat="42.927450" lon="-8.107067"><ele>390.456</ele><time>2024-06-22T09:29:20.089Z</time></trkpt><trkpt lat="42.927472" lon="-8.107128"><ele>390.361</ele><time>2024-06-22T09:29:25.089Z</time></trkpt><trkpt lat="42.927495" lon="-8.107197"><ele>390.171</ele><time>2024-06-22T09:29:30.089Z</time></trkpt><trkpt lat="42.927529" lon="-8.107257"><ele>390.095</ele><time>2024-06-22T09:29:35.089Z</time></trkpt><trkpt lat="42.927535" lon="-8.107322"><ele>389.914</ele><time>2024-06-22T09:29:39.089Z</time></trkpt><trkpt lat="42.927547" lon="-8.107382"><ele>389.982</ele><time>2024-06-22T09:29:43.089Z</time></trkpt><trkpt lat="42.927568" lon="-8.107440"><ele>390.020</ele><time>2024-06-22T09:29:47.089Z</time></trkpt><trkpt lat="42.927588" lon="-8.107496"><ele>390.393</ele><time>2024-06-22T09:29:51.089Z</time></trkpt><trkpt lat="42.927598" lon="-8.107558"><ele>390.465</ele><time>2024-06-22T09:29:55.089Z</time></trkpt><trkpt lat="42.927618" lon="-8.107622"><ele>390.421</ele><time>2024-06-22T09:30:00.089Z</time></trkpt><trkpt lat="42.927641" lon="-8.107681"><ele>390.509</ele><time>2024-06-22T09:30:04.089Z</time></trkpt><trkpt lat="42.927650" lon="-8.107763"><ele>390.440</ele><time>2024-06-22T09:30:11.089Z</time></trkpt><trkpt lat="42.927677" lon="-8.107823"><ele>390.436</ele><time>2024-06-22T09:30:14.089Z</time></trkpt><trkpt lat="42.927702" lon="-8.107894"><ele>390.684</ele><time>2024-06-22T09:30:18.089Z</time></trkpt><trkpt lat="42.927716" lon="-8.107964"><ele>390.789</ele><time>2024-06-22T09:30:22.089Z</time></trkpt><trkpt lat="42.927725" lon="-8.108039"><ele>390.959</ele><time>2024-06-22T09:30:26.089Z</time></trkpt><trkpt lat="42.927746" lon="-8.108108"><ele>391.163</ele><time>2024-06-22T09:30:31.089Z</time></trkpt><trkpt lat="42.927757" lon="-8.108181"><ele>391.812</ele><time>2024-06-22T09:30:36.089Z</time></trkpt><trkpt lat="42.927770" lon="-8.108240"><ele>391.920</ele><time>2024-06-22T09:30:39.089Z</time></trkpt><trkpt lat="42.927785" lon="-8.108298"><ele>392.198</ele><time>2024-06-22T09:30:43.089Z</time></trkpt><trkpt lat="42.927803" lon="-8.108355"><ele>392.287</ele><time>2024-06-22T09:30:47.089Z</time></trkpt><trkpt lat="42.927823" lon="-8.108427"><ele>393.542</ele><time>2024-06-22T09:30:52.089Z</time></trkpt><trkpt lat="42.927840" lon="-8.108499"><ele>394.126</ele><time>2024-06-22T09:30:56.089Z</time></trkpt><trkpt lat="42.927860" lon="-8.108566"><ele>394.409</ele><time>2024-06-22T09:31:00.089Z</time></trkpt><trkpt lat="42.927874" lon="-8.108633"><ele>394.789</ele><time>2024-06-22T09:31:04.089Z</time></trkpt><trkpt lat="42.927893" lon="-8.108698"><ele>395.265</ele><time>2024-06-22T09:31:08.089Z</time></trkpt><trkpt lat="42.927907" lon="-8.108759"><ele>395.383</ele><time>2024-06-22T09:31:12.089Z</time></trkpt><trkpt lat="42.927931" lon="-8.108820"><ele>395.398</ele><time>2024-06-22T09:31:16.089Z</time></trkpt><trkpt lat="42.927947" lon="-8.108883"><ele>395.198</ele><time>2024-06-22T09:31:20.089Z</time></trkpt><trkpt lat="42.927965" lon="-8.108947"><ele>394.742</ele><time>2024-06-22T09:31:24.089Z</time></trkpt><trkpt lat="42.927985" lon="-8.109017"><ele>394.241</ele><time>2024-06-22T09:31:28.089Z</time></trkpt><trkpt lat="42.928008" lon="-8.109083"><ele>393.989</ele><time>2024-06-22T09:31:32.089Z</time></trkpt><trkpt lat="42.928044" lon="-8.109142"><ele>393.417</ele><time>2024-06-22T09:31:36.089Z</time></trkpt><trkpt lat="42.928065" lon="-8.109210"><ele>393.167</ele><time>2024-06-22T09:31:41.089Z</time></trkpt><trkpt lat="42.928091" lon="-8.109278"><ele>392.681</ele><time>2024-06-22T09:31:46.089Z</time></trkpt><trkpt lat="42.928102" lon="-8.109338"><ele>392.619</ele><time>2024-06-22T09:31:50.089Z</time></trkpt><trkpt lat="42.928122" lon="-8.109401"><ele>392.709</ele><time>2024-06-22T09:31:54.089Z</time></trkpt><trkpt lat="42.928138" lon="-8.109473"><ele>393.857</ele><time>2024-06-22T09:31:59.089Z</time></trkpt><trkpt lat="42.928161" lon="-8.109544"><ele>394.483</ele><time>2024-06-22T09:32:04.089Z</time></trkpt><trkpt lat="42.928182" lon="-8.109604"><ele>394.921</ele><time>2024-06-22T09:32:08.089Z</time></trkpt><trkpt lat="42.928186" lon="-8.109668"><ele>394.796</ele><time>2024-06-22T09:32:12.089Z</time></trkpt><trkpt lat="42.928193" lon="-8.109736"><ele>394.316</ele><time>2024-06-22T09:32:17.089Z</time></trkpt><trkpt lat="42.928202" lon="-8.109809"><ele>394.340</ele><time>2024-06-22T09:32:22.089Z</time></trkpt><trkpt lat="42.928201" lon="-8.109874"><ele>394.369</ele><time>2024-06-22T09:32:26.089Z</time></trkpt><trkpt lat="42.928196" lon="-8.109942"><ele>394.367</ele><time>2024-06-22T09:32:30.089Z</time></trkpt><trkpt lat="42.928196" lon="-8.110018"><ele>395.045</ele><time>2024-06-22T09:32:35.089Z</time></trkpt><trkpt lat="42.928188" lon="-8.110089"><ele>395.775</ele><time>2024-06-22T09:32:40.089Z</time></trkpt><trkpt lat="42.928186" lon="-8.110156"><ele>396.328</ele><time>2024-06-22T09:32:44.089Z</time></trkpt><trkpt lat="42.928177" lon="-8.110222"><ele>396.720</ele><time>2024-06-22T09:32:48.089Z</time></trkpt><trkpt lat="42.928178" lon="-8.110286"><ele>397.409</ele><time>2024-06-22T09:32:52.089Z</time></trkpt><trkpt lat="42.928166" lon="-8.110353"><ele>397.858</ele><time>2024-06-22T09:32:56.089Z</time></trkpt><trkpt lat="42.928157" lon="-8.110421"><ele>397.914</ele><time>2024-06-22T09:32:59.089Z</time></trkpt><trkpt lat="42.928157" lon="-8.110483"><ele>398.082</ele><time>2024-06-22T09:33:03.089Z</time></trkpt><trkpt lat="42.928156" lon="-8.110555"><ele>398.517</ele><time>2024-06-22T09:33:08.089Z</time></trkpt><trkpt lat="42.928159" lon="-8.110622"><ele>399.937</ele><time>2024-06-22T09:33:12.089Z</time></trkpt><trkpt lat="42.928158" lon="-8.110687"><ele>400.951</ele><time>2024-06-22T09:33:16.089Z</time></trkpt><trkpt lat="42.928154" lon="-8.110763"><ele>401.890</ele><time>2024-06-22T09:33:21.089Z</time></trkpt><trkpt lat="42.928152" lon="-8.110825"><ele>401.818</ele><time>2024-06-22T09:33:25.089Z</time></trkpt><trkpt lat="42.928149" lon="-8.110889"><ele>401.996</ele><time>2024-06-22T09:33:29.089Z</time></trkpt><trkpt lat="42.928132" lon="-8.110946"><ele>401.852</ele><time>2024-06-22T09:33:33.089Z</time></trkpt><trkpt lat="42.928117" lon="-8.111011"><ele>401.853</ele><time>2024-06-22T09:33:37.089Z</time></trkpt><trkpt lat="42.928094" lon="-8.111073"><ele>402.208</ele><time>2024-06-22T09:33:42.089Z</time></trkpt><trkpt lat="42.928069" lon="-8.111127"><ele>402.509</ele><time>2024-06-22T09:33:46.089Z</time></trkpt><trkpt lat="42.928042" lon="-8.111181"><ele>402.986</ele><time>2024-06-22T09:33:50.089Z</time></trkpt><trkpt lat="42.928006" lon="-8.111228"><ele>403.192</ele><time>2024-06-22T09:33:54.089Z</time></trkpt><trkpt lat="42.927972" lon="-8.111273"><ele>403.240</ele><time>2024-06-22T09:33:58.089Z</time></trkpt><trkpt lat="42.927944" lon="-8.111328"><ele>403.485</ele><time>2024-06-22T09:34:02.089Z</time></trkpt><trkpt lat="42.927916" lon="-8.111385"><ele>404.555</ele><time>2024-06-22T09:34:06.089Z</time></trkpt><trkpt lat="42.927889" lon="-8.111441"><ele>407.149</ele><time>2024-06-22T09:34:10.089Z</time></trkpt><trkpt lat="42.927859" lon="-8.111489"><ele>407.888</ele><time>2024-06-22T09:34:14.089Z</time></trkpt><trkpt lat="42.927824" lon="-8.111547"><ele>410.366</ele><time>2024-06-22T09:34:19.089Z</time></trkpt><trkpt lat="42.927791" lon="-8.111592"><ele>411.264</ele><time>2024-06-22T09:34:23.089Z</time></trkpt><trkpt lat="42.927763" lon="-8.111656"><ele>411.653</ele><time>2024-06-22T09:34:28.089Z</time></trkpt><trkpt lat="42.927720" lon="-8.111690"><ele>411.604</ele><time>2024-06-22T09:34:32.089Z</time></trkpt><trkpt lat="42.927684" lon="-8.111740"><ele>411.714</ele><time>2024-06-22T09:34:37.089Z</time></trkpt><trkpt lat="42.927643" lon="-8.111786"><ele>411.709</ele><time>2024-06-22T09:34:42.089Z</time></trkpt><trkpt lat="42.927608" lon="-8.111844"><ele>411.856</ele><time>2024-06-22T09:34:47.089Z</time></trkpt><trkpt lat="42.927575" lon="-8.111903"><ele>411.872</ele><time>2024-06-22T09:34:52.089Z</time></trkpt><trkpt lat="42.927537" lon="-8.111939"><ele>411.960</ele><time>2024-06-22T09:34:56.089Z</time></trkpt><trkpt lat="42.927500" lon="-8.111980"><ele>412.075</ele><time>2024-06-22T09:35:00.089Z</time></trkpt><trkpt lat="42.927470" lon="-8.112030"><ele>412.525</ele><time>2024-06-22T09:35:04.089Z</time></trkpt><trkpt lat="42.927433" lon="-8.112076"><ele>413.859</ele><time>2024-06-22T09:35:08.089Z</time></trkpt><trkpt lat="42.927412" lon="-8.112135"><ele>415.198</ele><time>2024-06-22T09:35:12.089Z</time></trkpt><trkpt lat="42.927375" lon="-8.112179"><ele>415.346</ele><time>2024-06-22T09:35:16.089Z</time></trkpt><trkpt lat="42.927344" lon="-8.112226"><ele>415.534</ele><time>2024-06-22T09:35:20.089Z</time></trkpt><trkpt lat="42.927320" lon="-8.112279"><ele>415.841</ele><time>2024-06-22T09:35:24.089Z</time></trkpt><trkpt lat="42.927292" lon="-8.112331"><ele>416.181</ele><time>2024-06-22T09:35:29.089Z</time></trkpt><trkpt lat="42.927250" lon="-8.112382"><ele>416.409</ele><time>2024-06-22T09:35:34.089Z</time></trkpt><trkpt lat="42.927208" lon="-8.112431"><ele>416.809</ele><time>2024-06-22T09:35:39.089Z</time></trkpt><trkpt lat="42.927176" lon="-8.112476"><ele>417.615</ele><time>2024-06-22T09:35:43.089Z</time></trkpt><trkpt lat="42.927137" lon="-8.112528"><ele>418.021</ele><time>2024-06-22T09:35:48.089Z</time></trkpt><trkpt lat="42.927132" lon="-8.112598"><ele>418.559</ele><time>2024-06-22T09:35:52.089Z</time></trkpt><trkpt lat="42.927132" lon="-8.112665"><ele>418.754</ele><time>2024-06-22T09:35:56.089Z</time></trkpt><trkpt lat="42.927171" lon="-8.112702"><ele>419.994</ele><time>2024-06-22T09:36:00.089Z</time></trkpt><trkpt lat="42.927218" lon="-8.112733"><ele>423.138</ele><time>2024-06-22T09:36:05.089Z</time></trkpt><trkpt lat="42.927268" lon="-8.112756"><ele>425.147</ele><time>2024-06-22T09:36:10.089Z</time></trkpt><trkpt lat="42.927310" lon="-8.112783"><ele>426.065</ele><time>2024-06-22T09:36:14.089Z</time></trkpt><trkpt lat="42.927345" lon="-8.112831"><ele>426.483</ele><time>2024-06-22T09:36:18.089Z</time></trkpt><trkpt lat="42.927379" lon="-8.112876"><ele>426.642</ele><time>2024-06-22T09:36:22.089Z</time></trkpt><trkpt lat="42.927411" lon="-8.112937"><ele>427.122</ele><time>2024-06-22T09:36:27.089Z</time></trkpt><trkpt lat="42.927444" lon="-8.112983"><ele>427.814</ele><time>2024-06-22T09:36:31.089Z</time></trkpt><trkpt lat="42.927490" lon="-8.113028"><ele>429.309</ele><time>2024-06-22T09:36:36.089Z</time></trkpt><trkpt lat="42.927539" lon="-8.113008"><ele>431.595</ele><time>2024-06-22T09:36:49.089Z</time></trkpt><trkpt lat="42.927592" lon="-8.113013"><ele>432.221</ele><time>2024-06-22T09:36:55.089Z</time></trkpt><trkpt lat="42.927637" lon="-8.113053"><ele>432.289</ele><time>2024-06-22T09:37:01.089Z</time></trkpt><trkpt lat="42.927690" lon="-8.113045"><ele>432.054</ele><time>2024-06-22T09:37:08.089Z</time></trkpt><trkpt lat="42.927737" lon="-8.113036"><ele>431.154</ele><time>2024-06-22T09:37:13.089Z</time></trkpt><trkpt lat="42.927784" lon="-8.113024"><ele>429.748</ele><time>2024-06-22T09:37:18.089Z</time></trkpt><trkpt lat="42.927829" lon="-8.113022"><ele>429.677</ele><time>2024-06-22T09:37:23.089Z</time></trkpt><trkpt lat="42.927880" lon="-8.113031"><ele>429.555</ele><time>2024-06-22T09:37:28.089Z</time></trkpt><trkpt lat="42.927920" lon="-8.113071"><ele>429.543</ele><time>2024-06-22T09:37:33.089Z</time></trkpt><trkpt lat="42.927955" lon="-8.113117"><ele>429.639</ele><time>2024-06-22T09:37:38.089Z</time></trkpt><trkpt lat="42.927986" lon="-8.113174"><ele>430.101</ele><time>2024-06-22T09:37:43.089Z</time></trkpt><trkpt lat="42.928026" lon="-8.113217"><ele>430.421</ele><time>2024-06-22T09:37:48.089Z</time></trkpt><trkpt lat="42.928066" lon="-8.113264"><ele>430.809</ele><time>2024-06-22T09:37:53.089Z</time></trkpt><trkpt lat="42.928106" lon="-8.113307"><ele>430.814</ele><time>2024-06-22T09:37:58.089Z</time></trkpt><trkpt lat="42.928150" lon="-8.113345"><ele>430.890</ele><time>2024-06-22T09:38:03.089Z</time></trkpt><trkpt lat="42.928201" lon="-8.113385"><ele>430.658</ele><time>2024-06-22T09:38:09.089Z</time></trkpt><trkpt lat="42.928236" lon="-8.113441"><ele>429.563</ele><time>2024-06-22T09:38:12.089Z</time></trkpt><trkpt lat="42.928275" lon="-8.113479"><ele>429.483</ele><time>2024-06-22T09:38:16.089Z</time></trkpt><trkpt lat="42.928317" lon="-8.113512"><ele>429.257</ele><time>2024-06-22T09:38:20.089Z</time></trkpt><trkpt lat="42.928357" lon="-8.113545"><ele>429.146</ele><time>2024-06-22T09:38:24.089Z</time></trkpt><trkpt lat="42.928396" lon="-8.113588"><ele>429.134</ele><time>2024-06-22T09:38:28.089Z</time></trkpt><trkpt lat="42.928436" lon="-8.113632"><ele>429.182</ele><time>2024-06-22T09:38:32.089Z</time></trkpt><trkpt lat="42.928479" lon="-8.113661"><ele>428.458</ele><time>2024-06-22T09:38:36.089Z</time></trkpt><trkpt lat="42.928515" lon="-8.113702"><ele>428.152</ele><time>2024-06-22T09:38:40.089Z</time></trkpt><trkpt lat="42.928550" lon="-8.113746"><ele>427.217</ele><time>2024-06-22T09:38:44.089Z</time></trkpt><trkpt lat="42.928583" lon="-8.113805"><ele>424.209</ele><time>2024-06-22T09:38:49.089Z</time></trkpt><trkpt lat="42.928616" lon="-8.113865"><ele>423.926</ele><time>2024-06-22T09:38:54.089Z</time></trkpt><trkpt lat="42.928638" lon="-8.113919"><ele>423.612</ele><time>2024-06-22T09:38:58.089Z</time></trkpt><trkpt lat="42.928663" lon="-8.113973"><ele>423.130</ele><time>2024-06-22T09:39:02.089Z</time></trkpt><trkpt lat="42.928681" lon="-8.114033"><ele>422.715</ele><time>2024-06-22T09:39:07.089Z</time></trkpt><trkpt lat="42.928695" lon="-8.114101"><ele>422.085</ele><time>2024-06-22T09:39:12.089Z</time></trkpt><trkpt lat="42.928707" lon="-8.114163"><ele>421.399</ele><time>2024-06-22T09:39:16.089Z</time></trkpt><trkpt lat="42.928718" lon="-8.114229"><ele>419.638</ele><time>2024-06-22T09:39:20.089Z</time></trkpt><trkpt lat="42.928731" lon="-8.114294"><ele>419.066</ele><time>2024-06-22T09:39:24.089Z</time></trkpt><trkpt lat="42.928749" lon="-8.114360"><ele>418.954</ele><time>2024-06-22T09:39:28.089Z</time></trkpt><trkpt lat="42.928769" lon="-8.114421"><ele>418.735</ele><time>2024-06-22T09:39:32.089Z</time></trkpt><trkpt lat="42.928769" lon="-8.114488"><ele>418.386</ele><time>2024-06-22T09:39:36.089Z</time></trkpt><trkpt lat="42.928777" lon="-8.114561"><ele>418.114</ele><time>2024-06-22T09:39:40.089Z</time></trkpt><trkpt lat="42.928789" lon="-8.114626"><ele>417.809</ele><time>2024-06-22T09:39:44.089Z</time></trkpt><trkpt lat="42.928805" lon="-8.114687"><ele>416.944</ele><time>2024-06-22T09:39:48.089Z</time></trkpt><trkpt lat="42.928819" lon="-8.114761"><ele>416.540</ele><time>2024-06-22T09:39:53.089Z</time></trkpt><trkpt lat="42.928828" lon="-8.114827"><ele>416.498</ele><time>2024-06-22T09:39:57.089Z</time></trkpt><trkpt lat="42.928840" lon="-8.114887"><ele>415.863</ele><time>2024-06-22T09:40:01.089Z</time></trkpt><trkpt lat="42.928848" lon="-8.114949"><ele>415.443</ele><time>2024-06-22T09:40:05.089Z</time></trkpt><trkpt lat="42.928859" lon="-8.115012"><ele>415.177</ele><time>2024-06-22T09:40:09.089Z</time></trkpt><trkpt lat="42.928875" lon="-8.115079"><ele>414.956</ele><time>2024-06-22T09:40:13.089Z</time></trkpt><trkpt lat="42.928902" lon="-8.115143"><ele>414.814</ele><time>2024-06-22T09:40:18.089Z</time></trkpt><trkpt lat="42.928903" lon="-8.115205"><ele>414.882</ele><time>2024-06-22T09:40:22.089Z</time></trkpt><trkpt lat="42.928934" lon="-8.115266"><ele>414.552</ele><time>2024-06-22T09:40:27.089Z</time></trkpt><trkpt lat="42.928982" lon="-8.115300"><ele>414.253</ele><time>2024-06-22T09:40:32.089Z</time></trkpt><trkpt lat="42.928965" lon="-8.115365"><ele>411.408</ele><time>2024-06-22T09:41:04.089Z</time></trkpt><trkpt lat="42.928977" lon="-8.115430"><ele>411.409</ele><time>2024-06-22T09:41:09.089Z</time></trkpt><trkpt lat="42.928986" lon="-8.115497"><ele>411.496</ele><time>2024-06-22T09:41:13.089Z</time></trkpt><trkpt lat="42.928994" lon="-8.115561"><ele>411.112</ele><time>2024-06-22T09:41:17.089Z</time></trkpt><trkpt lat="42.929007" lon="-8.115621"><ele>408.950</ele><time>2024-06-22T09:41:21.089Z</time></trkpt><trkpt lat="42.929017" lon="-8.115689"><ele>408.855</ele><time>2024-06-22T09:41:25.089Z</time></trkpt><trkpt lat="42.929031" lon="-8.115754"><ele>408.395</ele><time>2024-06-22T09:41:29.089Z</time></trkpt><trkpt lat="42.929038" lon="-8.115824"><ele>408.039</ele><time>2024-06-22T09:41:33.089Z</time></trkpt><trkpt lat="42.929045" lon="-8.115889"><ele>407.818</ele><time>2024-06-22T09:41:37.089Z</time></trkpt><trkpt lat="42.929039" lon="-8.115957"><ele>407.326</ele><time>2024-06-22T09:41:41.089Z</time></trkpt><trkpt lat="42.929061" lon="-8.116018"><ele>405.814</ele><time>2024-06-22T09:41:45.089Z</time></trkpt><trkpt lat="42.929078" lon="-8.116075"><ele>405.787</ele><time>2024-06-22T09:41:49.089Z</time></trkpt><trkpt lat="42.929095" lon="-8.116139"><ele>405.642</ele><time>2024-06-22T09:41:54.089Z</time></trkpt><trkpt lat="42.929112" lon="-8.116208"><ele>405.526</ele><time>2024-06-22T09:41:59.089Z</time></trkpt><trkpt lat="42.929121" lon="-8.116283"><ele>405.009</ele><time>2024-06-22T09:42:04.089Z</time></trkpt><trkpt lat="42.929129" lon="-8.116351"><ele>404.969</ele><time>2024-06-22T09:42:09.089Z</time></trkpt><trkpt lat="42.929125" lon="-8.116418"><ele>404.055</ele><time>2024-06-22T09:42:14.089Z</time></trkpt><trkpt lat="42.929142" lon="-8.116492"><ele>403.773</ele><time>2024-06-22T09:42:19.089Z</time></trkpt><trkpt lat="42.929155" lon="-8.116563"><ele>403.238</ele><time>2024-06-22T09:42:23.089Z</time></trkpt><trkpt lat="42.929163" lon="-8.116634"><ele>403.098</ele><time>2024-06-22T09:42:27.089Z</time></trkpt><trkpt lat="42.929168" lon="-8.116711"><ele>402.392</ele><time>2024-06-22T09:42:31.089Z</time></trkpt><trkpt lat="42.929179" lon="-8.116776"><ele>401.711</ele><time>2024-06-22T09:42:35.089Z</time></trkpt><trkpt lat="42.929186" lon="-8.116842"><ele>400.549</ele><time>2024-06-22T09:42:39.089Z</time></trkpt><trkpt lat="42.929199" lon="-8.116906"><ele>400.227</ele><time>2024-06-22T09:42:43.089Z</time></trkpt><trkpt lat="42.929209" lon="-8.116968"><ele>400.189</ele><time>2024-06-22T09:42:47.089Z</time></trkpt><trkpt lat="42.929218" lon="-8.117032"><ele>399.406</ele><time>2024-06-22T09:42:51.089Z</time></trkpt><trkpt lat="42.929232" lon="-8.117094"><ele>398.726</ele><time>2024-06-22T09:42:55.089Z</time></trkpt><trkpt lat="42.929243" lon="-8.117162"><ele>398.309</ele><time>2024-06-22T09:42:59.089Z</time></trkpt><trkpt lat="42.929259" lon="-8.117229"><ele>397.579</ele><time>2024-06-22T09:43:03.089Z</time></trkpt><trkpt lat="42.929272" lon="-8.117301"><ele>397.345</ele><time>2024-06-22T09:43:08.089Z</time></trkpt><trkpt lat="42.929282" lon="-8.117367"><ele>397.323</ele><time>2024-06-22T09:43:12.089Z</time></trkpt><trkpt lat="42.929292" lon="-8.117429"><ele>397.228</ele><time>2024-06-22T09:43:16.089Z</time></trkpt><trkpt lat="42.929302" lon="-8.117503"><ele>397.288</ele><time>2024-06-22T09:43:21.089Z</time></trkpt><trkpt lat="42.929316" lon="-8.117564"><ele>397.052</ele><time>2024-06-22T09:43:25.089Z</time></trkpt><trkpt lat="42.929324" lon="-8.117629"><ele>395.591</ele><time>2024-06-22T09:43:29.089Z</time></trkpt><trkpt lat="42.929333" lon="-8.117698"><ele>395.049</ele><time>2024-06-22T09:43:33.089Z</time></trkpt><trkpt lat="42.929343" lon="-8.117764"><ele>394.157</ele><time>2024-06-22T09:43:37.089Z</time></trkpt><trkpt lat="42.929357" lon="-8.117826"><ele>393.346</ele><time>2024-06-22T09:43:41.089Z</time></trkpt><trkpt lat="42.929366" lon="-8.117901"><ele>392.388</ele><time>2024-06-22T09:43:46.089Z</time></trkpt><trkpt lat="42.929375" lon="-8.117962"><ele>392.116</ele><time>2024-06-22T09:43:50.089Z</time></trkpt><trkpt lat="42.929389" lon="-8.118028"><ele>391.909</ele><time>2024-06-22T09:43:54.089Z</time></trkpt><trkpt lat="42.929408" lon="-8.118097"><ele>391.685</ele><time>2024-06-22T09:43:58.089Z</time></trkpt><trkpt lat="42.929414" lon="-8.118170"><ele>391.541</ele><time>2024-06-22T09:44:02.089Z</time></trkpt><trkpt lat="42.929423" lon="-8.118243"><ele>391.489</ele><time>2024-06-22T09:44:07.089Z</time></trkpt><trkpt lat="42.929431" lon="-8.118320"><ele>391.354</ele><time>2024-06-22T09:44:12.089Z</time></trkpt><trkpt lat="42.929446" lon="-8.118395"><ele>391.184</ele><time>2024-06-22T09:44:17.089Z</time></trkpt><trkpt lat="42.929458" lon="-8.118472"><ele>390.498</ele><time>2024-06-22T09:44:22.089Z</time></trkpt><trkpt lat="42.929471" lon="-8.118535"><ele>389.897</ele><time>2024-06-22T09:44:26.089Z</time></trkpt><trkpt lat="42.929483" lon="-8.118596"><ele>389.465</ele><time>2024-06-22T09:44:30.089Z</time></trkpt><trkpt lat="42.929501" lon="-8.118661"><ele>388.983</ele><time>2024-06-22T09:44:34.089Z</time></trkpt><trkpt lat="42.929512" lon="-8.118721"><ele>388.162</ele><time>2024-06-22T09:44:38.089Z</time></trkpt><trkpt lat="42.929524" lon="-8.118798"><ele>387.983</ele><time>2024-06-22T09:44:43.089Z</time></trkpt><trkpt lat="42.929533" lon="-8.118862"><ele>387.111</ele><time>2024-06-22T09:44:47.089Z</time></trkpt><trkpt lat="42.929535" lon="-8.118928"><ele>386.709</ele><time>2024-06-22T09:44:51.089Z</time></trkpt><trkpt lat="42.929547" lon="-8.118991"><ele>386.137</ele><time>2024-06-22T09:44:55.089Z</time></trkpt><trkpt lat="42.929550" lon="-8.119053"><ele>385.113</ele><time>2024-06-22T09:44:59.089Z</time></trkpt><trkpt lat="42.929553" lon="-8.119116"><ele>384.111</ele><time>2024-06-22T09:45:03.089Z</time></trkpt><trkpt lat="42.929554" lon="-8.119179"><ele>383.046</ele><time>2024-06-22T09:45:07.089Z</time></trkpt><trkpt lat="42.929558" lon="-8.119242"><ele>382.916</ele><time>2024-06-22T09:45:11.089Z</time></trkpt><trkpt lat="42.929551" lon="-8.119305"><ele>382.790</ele><time>2024-06-22T09:45:15.089Z</time></trkpt><trkpt lat="42.929554" lon="-8.119372"><ele>382.519</ele><time>2024-06-22T09:45:19.089Z</time></trkpt><trkpt lat="42.929553" lon="-8.119435"><ele>380.867</ele><time>2024-06-22T09:45:23.089Z</time></trkpt><trkpt lat="42.929554" lon="-8.119502"><ele>379.015</ele><time>2024-06-22T09:45:27.089Z</time></trkpt><trkpt lat="42.929562" lon="-8.119573"><ele>379.054</ele><time>2024-06-22T09:45:31.089Z</time></trkpt><trkpt lat="42.929568" lon="-8.119639"><ele>378.956</ele><time>2024-06-22T09:45:35.089Z</time></trkpt><trkpt lat="42.929579" lon="-8.119702"><ele>379.111</ele><time>2024-06-22T09:45:39.089Z</time></trkpt><trkpt lat="42.929591" lon="-8.119770"><ele>379.009</ele><time>2024-06-22T09:45:44.089Z</time></trkpt><trkpt lat="42.929600" lon="-8.119835"><ele>379.036</ele><time>2024-06-22T09:45:48.089Z</time></trkpt><trkpt lat="42.929599" lon="-8.119902"><ele>378.792</ele><time>2024-06-22T09:45:52.089Z</time></trkpt><trkpt lat="42.929592" lon="-8.119975"><ele>378.430</ele><time>2024-06-22T09:45:57.089Z</time></trkpt><trkpt lat="42.929584" lon="-8.120042"><ele>378.055</ele><time>2024-06-22T09:46:01.089Z</time></trkpt><trkpt lat="42.929566" lon="-8.120110"><ele>377.855</ele><time>2024-06-22T09:46:06.089Z</time></trkpt><trkpt lat="42.929532" lon="-8.120156"><ele>377.729</ele><time>2024-06-22T09:46:10.089Z</time></trkpt><trkpt lat="42.929520" lon="-8.120221"><ele>377.948</ele><time>2024-06-22T09:46:28.089Z</time></trkpt><trkpt lat="42.929471" lon="-8.120249"><ele>379.246</ele><time>2024-06-22T09:46:33.089Z</time></trkpt><trkpt lat="42.929459" lon="-8.120310"><ele>379.494</ele><time>2024-06-22T09:46:39.089Z</time></trkpt><trkpt lat="42.929488" lon="-8.120359"><ele>379.437</ele><time>2024-06-22T09:46:44.089Z</time></trkpt><trkpt lat="42.929522" lon="-8.120401"><ele>379.449</ele><time>2024-06-22T09:46:49.089Z</time></trkpt><trkpt lat="42.929555" lon="-8.120459"><ele>379.313</ele><time>2024-06-22T09:46:54.089Z</time></trkpt><trkpt lat="42.929587" lon="-8.120503"><ele>379.009</ele><time>2024-06-22T09:46:59.089Z</time></trkpt><trkpt lat="42.929634" lon="-8.120522"><ele>378.814</ele><time>2024-06-22T09:47:06.089Z</time></trkpt><trkpt lat="42.929667" lon="-8.120572"><ele>378.790</ele><time>2024-06-22T09:47:13.089Z</time></trkpt><trkpt lat="42.929676" lon="-8.120637"><ele>378.548</ele><time>2024-06-22T09:47:20.089Z</time></trkpt><trkpt lat="42.929694" lon="-8.120707"><ele>378.523</ele><time>2024-06-22T09:47:26.089Z</time></trkpt><trkpt lat="42.929715" lon="-8.120771"><ele>378.893</ele><time>2024-06-22T09:47:30.089Z</time></trkpt><trkpt lat="42.929729" lon="-8.120838"><ele>379.187</ele><time>2024-06-22T09:47:35.089Z</time></trkpt><trkpt lat="42.929738" lon="-8.120900"><ele>378.746</ele><time>2024-06-22T09:47:39.089Z</time></trkpt><trkpt lat="42.929752" lon="-8.120968"><ele>379.134</ele><time>2024-06-22T09:47:44.089Z</time></trkpt><trkpt lat="42.929772" lon="-8.121046"><ele>378.592</ele><time>2024-06-22T09:47:49.089Z</time></trkpt><trkpt lat="42.929791" lon="-8.121112"><ele>378.334</ele><time>2024-06-22T09:47:53.089Z</time></trkpt><trkpt lat="42.929809" lon="-8.121175"><ele>377.955</ele><time>2024-06-22T09:47:57.089Z</time></trkpt><trkpt lat="42.929823" lon="-8.121245"><ele>377.410</ele><time>2024-06-22T09:48:01.089Z</time></trkpt><trkpt lat="42.929837" lon="-8.121315"><ele>377.409</ele><time>2024-06-22T09:48:05.089Z</time></trkpt><trkpt lat="42.929852" lon="-8.121376"><ele>377.494</ele><time>2024-06-22T09:48:09.089Z</time></trkpt><trkpt lat="42.929859" lon="-8.121438"><ele>377.640</ele><time>2024-06-22T09:48:13.089Z</time></trkpt><trkpt lat="42.929871" lon="-8.121515"><ele>378.128</ele><time>2024-06-22T09:48:18.089Z</time></trkpt><trkpt lat="42.929890" lon="-8.121575"><ele>378.613</ele><time>2024-06-22T09:48:22.089Z</time></trkpt><trkpt lat="42.929898" lon="-8.121637"><ele>379.343</ele><time>2024-06-22T09:48:26.089Z</time></trkpt><trkpt lat="42.929907" lon="-8.121702"><ele>379.537</ele><time>2024-06-22T09:48:30.089Z</time></trkpt><trkpt lat="42.929921" lon="-8.121767"><ele>379.536</ele><time>2024-06-22T09:48:34.089Z</time></trkpt><trkpt lat="42.929925" lon="-8.121840"><ele>379.344</ele><time>2024-06-22T09:48:38.089Z</time></trkpt><trkpt lat="42.929942" lon="-8.121904"><ele>377.892</ele><time>2024-06-22T09:48:42.089Z</time></trkpt><trkpt lat="42.929947" lon="-8.121969"><ele>376.425</ele><time>2024-06-22T09:48:46.089Z</time></trkpt><trkpt lat="42.929956" lon="-8.122039"><ele>375.826</ele><time>2024-06-22T09:48:50.089Z</time></trkpt><trkpt lat="42.929966" lon="-8.122106"><ele>375.108</ele><time>2024-06-22T09:48:54.089Z</time></trkpt><trkpt lat="42.929959" lon="-8.122173"><ele>375.109</ele><time>2024-06-22T09:48:58.089Z</time></trkpt><trkpt lat="42.929972" lon="-8.122235"><ele>375.193</ele><time>2024-06-22T09:49:02.089Z</time></trkpt><trkpt lat="42.929977" lon="-8.122306"><ele>375.029</ele><time>2024-06-22T09:49:07.089Z</time></trkpt><trkpt lat="42.929981" lon="-8.122377"><ele>374.687</ele><time>2024-06-22T09:49:12.089Z</time></trkpt><trkpt lat="42.929996" lon="-8.122437"><ele>374.262</ele><time>2024-06-22T09:49:16.089Z</time></trkpt><trkpt lat="42.930019" lon="-8.122503"><ele>373.962</ele><time>2024-06-22T09:49:21.089Z</time></trkpt><trkpt lat="42.930040" lon="-8.122559"><ele>373.886</ele><time>2024-06-22T09:49:25.089Z</time></trkpt><trkpt lat="42.930061" lon="-8.122621"><ele>373.755</ele><time>2024-06-22T09:49:30.089Z</time></trkpt><trkpt lat="42.930090" lon="-8.122676"><ele>373.813</ele><time>2024-06-22T09:49:36.089Z</time></trkpt><trkpt lat="42.930121" lon="-8.122727"><ele>373.711</ele><time>2024-06-22T09:49:42.089Z</time></trkpt><trkpt lat="42.930147" lon="-8.122794"><ele>373.585</ele><time>2024-06-22T09:49:47.089Z</time></trkpt><trkpt lat="42.930174" lon="-8.122859"><ele>372.989</ele><time>2024-06-22T09:50:01.089Z</time></trkpt><trkpt lat="42.930187" lon="-8.122931"><ele>371.217</ele><time>2024-06-22T09:50:06.089Z</time></trkpt><trkpt lat="42.930193" lon="-8.123001"><ele>370.509</ele><time>2024-06-22T09:50:11.089Z</time></trkpt><trkpt lat="42.930190" lon="-8.123068"><ele>370.329</ele><time>2024-06-22T09:50:16.089Z</time></trkpt><trkpt lat="42.930187" lon="-8.123131"><ele>369.535</ele><time>2024-06-22T09:50:20.089Z</time></trkpt><trkpt lat="42.930184" lon="-8.123195"><ele>366.713</ele><time>2024-06-22T09:50:24.089Z</time></trkpt><trkpt lat="42.930178" lon="-8.123265"><ele>366.568</ele><time>2024-06-22T09:50:29.089Z</time></trkpt><trkpt lat="42.930162" lon="-8.123326"><ele>366.148</ele><time>2024-06-22T09:50:34.089Z</time></trkpt><trkpt lat="42.930157" lon="-8.123393"><ele>364.322</ele><time>2024-06-22T09:50:38.089Z</time></trkpt><trkpt lat="42.930149" lon="-8.123464"><ele>363.051</ele><time>2024-06-22T09:50:42.089Z</time></trkpt><trkpt lat="42.930149" lon="-8.123528"><ele>359.569</ele><time>2024-06-22T09:51:06.089Z</time></trkpt><trkpt lat="42.930149" lon="-8.123597"><ele>359.467</ele><time>2024-06-22T09:51:10.089Z</time></trkpt><trkpt lat="42.930151" lon="-8.123660"><ele>359.437</ele><time>2024-06-22T09:51:14.089Z</time></trkpt><trkpt lat="42.930153" lon="-8.123728"><ele>359.449</ele><time>2024-06-22T09:51:18.089Z</time></trkpt><trkpt lat="42.930151" lon="-8.123801"><ele>359.313</ele><time>2024-06-22T09:51:22.089Z</time></trkpt><trkpt lat="42.930155" lon="-8.123868"><ele>358.409</ele><time>2024-06-22T09:51:26.089Z</time></trkpt><trkpt lat="42.930165" lon="-8.123936"><ele>357.064</ele><time>2024-06-22T09:51:30.089Z</time></trkpt><trkpt lat="42.930173" lon="-8.124008"><ele>356.310</ele><time>2024-06-22T09:51:34.089Z</time></trkpt><trkpt lat="42.930172" lon="-8.124078"><ele>354.768</ele><time>2024-06-22T09:51:38.089Z</time></trkpt><trkpt lat="42.930171" lon="-8.124145"><ele>352.953</ele><time>2024-06-22T09:51:42.089Z</time></trkpt><trkpt lat="42.930174" lon="-8.124209"><ele>352.363</ele><time>2024-06-22T09:51:46.089Z</time></trkpt><trkpt lat="42.930189" lon="-8.124279"><ele>352.167</ele><time>2024-06-22T09:51:50.089Z</time></trkpt><trkpt lat="42.930203" lon="-8.124352"><ele>351.726</ele><time>2024-06-22T09:51:54.089Z</time></trkpt><trkpt lat="42.930212" lon="-8.124422"><ele>351.114</ele><time>2024-06-22T09:51:58.089Z</time></trkpt><trkpt lat="42.930225" lon="-8.124488"><ele>350.012</ele><time>2024-06-22T09:52:02.089Z</time></trkpt><trkpt lat="42.930235" lon="-8.124559"><ele>349.731</ele><time>2024-06-22T09:52:06.089Z</time></trkpt><trkpt lat="42.930237" lon="-8.124625"><ele>349.761</ele><time>2024-06-22T09:52:10.089Z</time></trkpt><trkpt lat="42.930241" lon="-8.124695"><ele>349.807</ele><time>2024-06-22T09:52:14.089Z</time></trkpt><trkpt lat="42.930244" lon="-8.124762"><ele>350.309</ele><time>2024-06-22T09:52:18.089Z</time></trkpt><trkpt lat="42.930255" lon="-8.124827"><ele>351.464</ele><time>2024-06-22T09:52:22.089Z</time></trkpt><trkpt lat="42.930263" lon="-8.124900"><ele>351.980</ele><time>2024-06-22T09:52:26.089Z</time></trkpt><trkpt lat="42.930271" lon="-8.124968"><ele>352.118</ele><time>2024-06-22T09:52:30.089Z</time></trkpt><trkpt lat="42.930279" lon="-8.125036"><ele>352.113</ele><time>2024-06-22T09:52:34.089Z</time></trkpt><trkpt lat="42.930289" lon="-8.125101"><ele>352.173</ele><time>2024-06-22T09:52:38.089Z</time></trkpt><trkpt lat="42.930307" lon="-8.125171"><ele>351.917</ele><time>2024-06-22T09:52:42.089Z</time></trkpt><trkpt lat="42.930331" lon="-8.125230"><ele>351.496</ele><time>2024-06-22T09:52:46.089Z</time></trkpt><trkpt lat="42.930360" lon="-8.125281"><ele>351.134</ele><time>2024-06-22T09:52:50.089Z</time></trkpt><trkpt lat="42.930393" lon="-8.125326"><ele>350.672</ele><time>2024-06-22T09:52:54.089Z</time></trkpt><trkpt lat="42.930421" lon="-8.125375"><ele>350.174</ele><time>2024-06-22T09:52:58.089Z</time></trkpt><trkpt lat="42.930449" lon="-8.125430"><ele>349.656</ele><time>2024-06-22T09:53:02.089Z</time></trkpt><trkpt lat="42.930481" lon="-8.125490"><ele>348.021</ele><time>2024-06-22T09:53:06.089Z</time></trkpt><trkpt lat="42.930512" lon="-8.125548"><ele>346.709</ele><time>2024-06-22T09:53:10.089Z</time></trkpt><trkpt lat="42.930536" lon="-8.125605"><ele>346.198</ele><time>2024-06-22T09:53:14.089Z</time></trkpt><trkpt lat="42.930563" lon="-8.125657"><ele>345.214</ele><time>2024-06-22T09:53:18.089Z</time></trkpt><trkpt lat="42.930590" lon="-8.125716"><ele>345.092</ele><time>2024-06-22T09:53:22.089Z</time></trkpt><trkpt lat="42.930614" lon="-8.125774"><ele>344.927</ele><time>2024-06-22T09:53:26.089Z</time></trkpt><trkpt lat="42.930639" lon="-8.125829"><ele>344.767</ele><time>2024-06-22T09:53:30.089Z</time></trkpt><trkpt lat="42.930669" lon="-8.125882"><ele>344.471</ele><time>2024-06-22T09:53:34.089Z</time></trkpt><trkpt lat="42.930698" lon="-8.125938"><ele>342.940</ele><time>2024-06-22T09:53:38.089Z</time></trkpt><trkpt lat="42.930724" lon="-8.125999"><ele>342.488</ele><time>2024-06-22T09:53:42.089Z</time></trkpt><trkpt lat="42.930755" lon="-8.126060"><ele>341.716</ele><time>2024-06-22T09:53:46.089Z</time></trkpt><trkpt lat="42.930782" lon="-8.126120"><ele>341.051</ele><time>2024-06-22T09:53:50.089Z</time></trkpt><trkpt lat="42.930815" lon="-8.126165"><ele>340.601</ele><time>2024-06-22T09:53:54.089Z</time></trkpt><trkpt lat="42.930843" lon="-8.126217"><ele>340.111</ele><time>2024-06-22T09:53:58.089Z</time></trkpt><trkpt lat="42.930869" lon="-8.126276"><ele>339.909</ele><time>2024-06-22T09:54:02.089Z</time></trkpt><trkpt lat="42.930886" lon="-8.126336"><ele>339.556</ele><time>2024-06-22T09:54:06.089Z</time></trkpt><trkpt lat="42.930904" lon="-8.126393"><ele>339.392</ele><time>2024-06-22T09:54:10.089Z</time></trkpt><trkpt lat="42.930921" lon="-8.126459"><ele>338.740</ele><time>2024-06-22T09:54:14.089Z</time></trkpt><trkpt lat="42.930939" lon="-8.126525"><ele>338.035</ele><time>2024-06-22T09:54:18.089Z</time></trkpt><trkpt lat="42.930954" lon="-8.126590"><ele>337.735</ele><time>2024-06-22T09:54:22.089Z</time></trkpt><trkpt lat="42.930965" lon="-8.126662"><ele>337.549</ele><time>2024-06-22T09:54:26.089Z</time></trkpt><trkpt lat="42.930985" lon="-8.126726"><ele>337.468</ele><time>2024-06-22T09:54:30.089Z</time></trkpt><trkpt lat="42.930995" lon="-8.126791"><ele>337.386</ele><time>2024-06-22T09:54:34.089Z</time></trkpt><trkpt lat="42.930998" lon="-8.126856"><ele>337.254</ele><time>2024-06-22T09:54:38.089Z</time></trkpt><trkpt lat="42.931016" lon="-8.126914"><ele>336.512</ele><time>2024-06-22T09:54:42.089Z</time></trkpt><trkpt lat="42.931039" lon="-8.126980"><ele>336.232</ele><time>2024-06-22T09:54:47.089Z</time></trkpt><trkpt lat="42.931082" lon="-8.127011"><ele>335.805</ele><time>2024-06-22T09:55:11.089Z</time></trkpt><trkpt lat="42.931127" lon="-8.127036"><ele>335.909</ele><time>2024-06-22T09:55:33.089Z</time></trkpt><trkpt lat="42.931149" lon="-8.127094"><ele>335.832</ele><time>2024-06-22T09:55:42.089Z</time></trkpt><trkpt lat="42.931189" lon="-8.127053"><ele>333.678</ele><time>2024-06-22T09:56:07.089Z</time></trkpt><trkpt lat="42.931226" lon="-8.127007"><ele>333.436</ele><time>2024-06-22T09:56:12.089Z</time></trkpt><trkpt lat="42.931262" lon="-8.126969"><ele>333.281</ele><time>2024-06-22T09:56:17.089Z</time></trkpt><trkpt lat="42.931310" lon="-8.126950"><ele>332.981</ele><time>2024-06-22T09:56:22.089Z</time></trkpt><trkpt lat="42.931358" lon="-8.126929"><ele>332.545</ele><time>2024-06-22T09:56:27.089Z</time></trkpt><trkpt lat="42.931386" lon="-8.126878"><ele>331.734</ele><time>2024-06-22T09:56:32.089Z</time></trkpt><trkpt lat="42.931331" lon="-8.126866"><ele>331.422</ele><time>2024-06-22T09:57:04.089Z</time></trkpt><trkpt lat="42.931302" lon="-8.126765"><ele>328.080</ele><time>2024-06-22T09:58:22.089Z</time></trkpt><trkpt lat="42.931390" lon="-8.126831"><ele>328.696</ele><time>2024-06-22T09:58:27.089Z</time></trkpt><trkpt lat="42.931374" lon="-8.126948"><ele>328.031</ele><time>2024-06-22T09:58:29.089Z</time></trkpt><trkpt lat="42.931322" lon="-8.126977"><ele>327.624</ele><time>2024-06-22T09:58:31.089Z</time></trkpt><trkpt lat="42.931281" lon="-8.127005"><ele>334.109</ele><time>2024-06-22T10:11:45.080Z</time></trkpt><trkpt lat="42.931233" lon="-8.127029"><ele>334.160</ele><time>2024-06-22T10:11:52.080Z</time></trkpt><trkpt lat="42.931198" lon="-8.127069"><ele>334.156</ele><time>2024-06-22T10:11:57.080Z</time></trkpt><trkpt lat="42.931149" lon="-8.127082"><ele>334.084</ele><time>2024-06-22T10:12:02.080Z</time></trkpt><trkpt lat="42.931114" lon="-8.127043"><ele>334.159</ele><time>2024-06-22T10:12:17.080Z</time></trkpt><trkpt lat="42.931081" lon="-8.127085"><ele>330.819</ele><time>2024-06-22T10:12:43.080Z</time></trkpt><trkpt lat="42.931074" lon="-8.127147"><ele>330.853</ele><time>2024-06-22T10:12:50.080Z</time></trkpt><trkpt lat="42.931063" lon="-8.127214"><ele>330.552</ele><time>2024-06-22T10:13:01.080Z</time></trkpt><trkpt lat="42.931080" lon="-8.127274"><ele>329.860</ele><time>2024-06-22T10:13:07.080Z</time></trkpt><trkpt lat="42.931081" lon="-8.127335"><ele>329.618</ele><time>2024-06-22T10:13:12.080Z</time></trkpt><trkpt lat="42.931085" lon="-8.127399"><ele>329.159</ele><time>2024-06-22T10:13:16.080Z</time></trkpt><trkpt lat="42.931099" lon="-8.127460"><ele>329.103</ele><time>2024-06-22T10:13:20.080Z</time></trkpt><trkpt lat="42.931111" lon="-8.127520"><ele>329.023</ele><time>2024-06-22T10:13:28.080Z</time></trkpt><trkpt lat="42.931087" lon="-8.127582"><ele>329.109</ele><time>2024-06-22T10:13:33.080Z</time></trkpt><trkpt lat="42.931087" lon="-8.127648"><ele>329.096</ele><time>2024-06-22T10:13:38.080Z</time></trkpt><trkpt lat="42.931075" lon="-8.127716"><ele>327.132</ele><time>2024-06-22T10:13:44.080Z</time></trkpt><trkpt lat="42.931074" lon="-8.127782"><ele>326.440</ele><time>2024-06-22T10:13:50.080Z</time></trkpt><trkpt lat="42.931065" lon="-8.127851"><ele>323.885</ele><time>2024-06-22T10:13:56.080Z</time></trkpt><trkpt lat="42.931067" lon="-8.127923"><ele>323.195</ele><time>2024-06-22T10:14:02.080Z</time></trkpt><trkpt lat="42.931066" lon="-8.127990"><ele>322.979</ele><time>2024-06-22T10:14:07.080Z</time></trkpt><trkpt lat="42.931054" lon="-8.128060"><ele>322.878</ele><time>2024-06-22T10:14:13.080Z</time></trkpt><trkpt lat="42.931054" lon="-8.128127"><ele>321.496</ele><time>2024-06-22T10:14:18.080Z</time></trkpt><trkpt lat="42.931047" lon="-8.128194"><ele>320.514</ele><time>2024-06-22T10:14:23.080Z</time></trkpt><trkpt lat="42.931033" lon="-8.128268"><ele>318.864</ele><time>2024-06-22T10:14:28.080Z</time></trkpt><trkpt lat="42.931027" lon="-8.128343"><ele>318.206</ele><time>2024-06-22T10:14:32.080Z</time></trkpt><trkpt lat="42.931018" lon="-8.128409"><ele>316.616</ele><time>2024-06-22T10:14:36.080Z</time></trkpt><trkpt lat="42.931000" lon="-8.128475"><ele>315.609</ele><time>2024-06-22T10:14:40.080Z</time></trkpt><trkpt lat="42.930995" lon="-8.128539"><ele>315.357</ele><time>2024-06-22T10:14:44.080Z</time></trkpt><trkpt lat="42.930992" lon="-8.128610"><ele>314.873</ele><time>2024-06-22T10:14:48.080Z</time></trkpt><trkpt lat="42.930985" lon="-8.128683"><ele>312.521</ele><time>2024-06-22T10:14:53.080Z</time></trkpt><trkpt lat="42.930978" lon="-8.128755"><ele>311.616</ele><time>2024-06-22T10:14:58.080Z</time></trkpt><trkpt lat="42.930977" lon="-8.128819"><ele>311.096</ele><time>2024-06-22T10:15:02.080Z</time></trkpt><trkpt lat="42.930980" lon="-8.128887"><ele>309.540</ele><time>2024-06-22T10:15:06.080Z</time></trkpt><trkpt lat="42.930984" lon="-8.128950"><ele>307.939</ele><time>2024-06-22T10:15:10.080Z</time></trkpt><trkpt lat="42.930984" lon="-8.129014"><ele>306.997</ele><time>2024-06-22T10:15:14.080Z</time></trkpt><trkpt lat="42.930997" lon="-8.129085"><ele>305.825</ele><time>2024-06-22T10:15:18.080Z</time></trkpt><trkpt lat="42.931010" lon="-8.129149"><ele>304.733</ele><time>2024-06-22T10:15:22.080Z</time></trkpt><trkpt lat="42.931022" lon="-8.129226"><ele>304.323</ele><time>2024-06-22T10:15:26.080Z</time></trkpt><trkpt lat="42.931035" lon="-8.129293"><ele>304.215</ele><time>2024-06-22T10:15:30.080Z</time></trkpt><trkpt lat="42.931054" lon="-8.129352"><ele>304.309</ele><time>2024-06-22T10:15:34.080Z</time></trkpt><trkpt lat="42.931067" lon="-8.129413"><ele>304.484</ele><time>2024-06-22T10:15:38.080Z</time></trkpt><trkpt lat="42.931074" lon="-8.129478"><ele>304.370</ele><time>2024-06-22T10:15:42.080Z</time></trkpt><trkpt lat="42.931077" lon="-8.129545"><ele>304.348</ele><time>2024-06-22T10:15:46.080Z</time></trkpt><trkpt lat="42.931071" lon="-8.129613"><ele>304.253</ele><time>2024-06-22T10:15:50.080Z</time></trkpt><trkpt lat="42.931065" lon="-8.129679"><ele>303.573</ele><time>2024-06-22T10:15:54.080Z</time></trkpt><trkpt lat="42.931053" lon="-8.129744"><ele>303.337</ele><time>2024-06-22T10:15:58.080Z</time></trkpt><trkpt lat="42.931046" lon="-8.129807"><ele>303.256</ele><time>2024-06-22T10:16:02.080Z</time></trkpt><trkpt lat="42.931037" lon="-8.129868"><ele>303.174</ele><time>2024-06-22T10:16:06.080Z</time></trkpt><trkpt lat="42.931034" lon="-8.129935"><ele>302.882</ele><time>2024-06-22T10:16:11.080Z</time></trkpt><trkpt lat="42.931022" lon="-8.130005"><ele>302.044</ele><time>2024-06-22T10:16:16.080Z</time></trkpt><trkpt lat="42.931001" lon="-8.130066"><ele>301.605</ele><time>2024-06-22T10:16:21.080Z</time></trkpt><trkpt lat="42.930991" lon="-8.130136"><ele>301.515</ele><time>2024-06-22T10:16:26.080Z</time></trkpt><trkpt lat="42.930980" lon="-8.130200"><ele>301.409</ele><time>2024-06-22T10:16:31.080Z</time></trkpt><trkpt lat="42.930979" lon="-8.130132"><ele>301.285</ele><time>2024-06-22T10:16:51.080Z</time></trkpt><trkpt lat="42.930997" lon="-8.130066"><ele>301.051</ele><time>2024-06-22T10:16:57.080Z</time></trkpt><trkpt lat="42.931016" lon="-8.130001"><ele>300.939</ele><time>2024-06-22T10:17:02.080Z</time></trkpt><trkpt lat="42.930973" lon="-8.130022"><ele>300.374</ele><time>2024-06-22T10:17:10.080Z</time></trkpt><trkpt lat="42.930953" lon="-8.130093"><ele>300.154</ele><time>2024-06-22T10:17:15.080Z</time></trkpt><trkpt lat="42.930937" lon="-8.130160"><ele>300.548</ele><time>2024-06-22T10:17:20.080Z</time></trkpt><trkpt lat="42.930913" lon="-8.130213"><ele>300.617</ele><time>2024-06-22T10:17:25.080Z</time></trkpt><trkpt lat="42.930880" lon="-8.130257"><ele>300.895</ele><time>2024-06-22T10:17:30.080Z</time></trkpt><trkpt lat="42.930871" lon="-8.130318"><ele>300.933</ele><time>2024-06-22T10:17:36.080Z</time></trkpt><trkpt lat="42.930844" lon="-8.130374"><ele>302.086</ele><time>2024-06-22T10:17:43.080Z</time></trkpt><trkpt lat="42.930834" lon="-8.130441"><ele>303.060</ele><time>2024-06-22T10:17:51.080Z</time></trkpt><trkpt lat="42.930798" lon="-8.130485"><ele>303.226</ele><time>2024-06-22T10:17:57.080Z</time></trkpt><trkpt lat="42.930778" lon="-8.130540"><ele>303.209</ele><time>2024-06-22T10:18:03.080Z</time></trkpt><trkpt lat="42.930755" lon="-8.130601"><ele>303.279</ele><time>2024-06-22T10:18:09.080Z</time></trkpt><trkpt lat="42.930736" lon="-8.130659"><ele>301.125</ele><time>2024-06-22T10:18:14.080Z</time></trkpt><trkpt lat="42.930717" lon="-8.130723"><ele>298.823</ele><time>2024-06-22T10:18:22.080Z</time></trkpt><trkpt lat="42.930693" lon="-8.130777"><ele>297.478</ele><time>2024-06-22T10:18:28.080Z</time></trkpt><trkpt lat="42.930681" lon="-8.130838"><ele>297.218</ele><time>2024-06-22T10:18:37.080Z</time></trkpt><trkpt lat="42.930660" lon="-8.130893"><ele>297.162</ele><time>2024-06-22T10:18:43.080Z</time></trkpt><trkpt lat="42.930629" lon="-8.130941"><ele>297.131</ele><time>2024-06-22T10:18:49.080Z</time></trkpt><trkpt lat="42.930606" lon="-8.131001"><ele>297.249</ele><time>2024-06-22T10:18:55.080Z</time></trkpt><trkpt lat="42.930581" lon="-8.131057"><ele>297.497</ele><time>2024-06-22T10:19:01.080Z</time></trkpt><trkpt lat="42.930557" lon="-8.131126"><ele>297.896</ele><time>2024-06-22T10:19:07.080Z</time></trkpt><trkpt lat="42.930540" lon="-8.131187"><ele>298.931</ele><time>2024-06-22T10:19:13.080Z</time></trkpt><trkpt lat="42.930524" lon="-8.131247"><ele>299.024</ele><time>2024-06-22T10:19:18.080Z</time></trkpt><trkpt lat="42.930524" lon="-8.131316"><ele>299.209</ele><time>2024-06-22T10:19:24.080Z</time></trkpt><trkpt lat="42.930531" lon="-8.131383"><ele>299.370</ele><time>2024-06-22T10:19:29.080Z</time></trkpt><trkpt lat="42.930524" lon="-8.131446"><ele>299.766</ele><time>2024-06-22T10:19:35.080Z</time></trkpt><trkpt lat="42.930509" lon="-8.131509"><ele>300.934</ele><time>2024-06-22T10:19:40.080Z</time></trkpt><trkpt lat="42.930501" lon="-8.131573"><ele>301.169</ele><time>2024-06-22T10:19:45.080Z</time></trkpt><trkpt lat="42.930502" lon="-8.131635"><ele>301.369</ele><time>2024-06-22T10:19:49.080Z</time></trkpt><trkpt lat="42.930500" lon="-8.131702"><ele>301.893</ele><time>2024-06-22T10:19:53.080Z</time></trkpt><trkpt lat="42.930506" lon="-8.131770"><ele>303.862</ele><time>2024-06-22T10:19:57.080Z</time></trkpt><trkpt lat="42.930519" lon="-8.131830"><ele>304.550</ele><time>2024-06-22T10:20:01.080Z</time></trkpt><trkpt lat="42.930529" lon="-8.131894"><ele>305.118</ele><time>2024-06-22T10:20:05.080Z</time></trkpt><trkpt lat="42.930533" lon="-8.131966"><ele>305.514</ele><time>2024-06-22T10:20:12.080Z</time></trkpt><trkpt lat="42.930538" lon="-8.132030"><ele>305.754</ele><time>2024-06-22T10:20:17.080Z</time></trkpt><trkpt lat="42.930551" lon="-8.132099"><ele>306.309</ele><time>2024-06-22T10:20:22.080Z</time></trkpt><trkpt lat="42.930556" lon="-8.132168"><ele>307.809</ele><time>2024-06-22T10:20:27.080Z</time></trkpt><trkpt lat="42.930561" lon="-8.132241"><ele>308.032</ele><time>2024-06-22T10:20:32.080Z</time></trkpt><trkpt lat="42.930574" lon="-8.132307"><ele>308.168</ele><time>2024-06-22T10:20:37.080Z</time></trkpt><trkpt lat="42.930584" lon="-8.132368"><ele>308.136</ele><time>2024-06-22T10:20:42.080Z</time></trkpt><trkpt lat="42.930599" lon="-8.132436"><ele>308.111</ele><time>2024-06-22T10:20:48.080Z</time></trkpt><trkpt lat="42.930611" lon="-8.132505"><ele>308.541</ele><time>2024-06-22T10:20:54.080Z</time></trkpt><trkpt lat="42.930620" lon="-8.132566"><ele>308.735</ele><time>2024-06-22T10:20:59.080Z</time></trkpt><trkpt lat="42.930624" lon="-8.132643"><ele>309.964</ele><time>2024-06-22T10:21:04.080Z</time></trkpt><trkpt lat="42.930638" lon="-8.132712"><ele>310.842</ele><time>2024-06-22T10:21:09.080Z</time></trkpt><trkpt lat="42.930653" lon="-8.132780"><ele>311.160</ele><time>2024-06-22T10:21:14.080Z</time></trkpt><trkpt lat="42.930673" lon="-8.132850"><ele>311.618</ele><time>2024-06-22T10:21:19.080Z</time></trkpt><trkpt lat="42.930684" lon="-8.132916"><ele>312.198</ele><time>2024-06-22T10:21:24.080Z</time></trkpt><trkpt lat="42.930696" lon="-8.132980"><ele>313.517</ele><time>2024-06-22T10:21:29.080Z</time></trkpt><trkpt lat="42.930707" lon="-8.133053"><ele>315.009</ele><time>2024-06-22T10:21:34.080Z</time></trkpt><trkpt lat="42.930727" lon="-8.133119"><ele>315.422</ele><time>2024-06-22T10:21:39.080Z</time></trkpt><trkpt lat="42.930741" lon="-8.133187"><ele>316.068</ele><time>2024-06-22T10:21:44.080Z</time></trkpt><trkpt lat="42.930757" lon="-8.133245"><ele>316.246</ele><time>2024-06-22T10:21:49.080Z</time></trkpt><trkpt lat="42.930770" lon="-8.133313"><ele>316.631</ele><time>2024-06-22T10:21:54.080Z</time></trkpt><trkpt lat="42.930778" lon="-8.133381"><ele>318.121</ele><time>2024-06-22T10:21:59.080Z</time></trkpt><trkpt lat="42.930798" lon="-8.133450"><ele>320.265</ele><time>2024-06-22T10:22:04.080Z</time></trkpt><trkpt lat="42.930814" lon="-8.133523"><ele>320.854</ele><time>2024-06-22T10:22:09.080Z</time></trkpt><trkpt lat="42.930823" lon="-8.133593"><ele>320.982</ele><time>2024-06-22T10:22:14.080Z</time></trkpt><trkpt lat="42.930832" lon="-8.133663"><ele>321.320</ele><time>2024-06-22T10:22:19.080Z</time></trkpt><trkpt lat="42.930841" lon="-8.133734"><ele>322.093</ele><time>2024-06-22T10:22:24.080Z</time></trkpt><trkpt lat="42.930849" lon="-8.133798"><ele>322.065</ele><time>2024-06-22T10:22:29.080Z</time></trkpt><trkpt lat="42.930853" lon="-8.133871"><ele>322.121</ele><time>2024-06-22T10:22:34.080Z</time></trkpt><trkpt lat="42.930876" lon="-8.133943"><ele>322.209</ele><time>2024-06-22T10:22:39.080Z</time></trkpt><trkpt lat="42.930890" lon="-8.134005"><ele>322.390</ele><time>2024-06-22T10:22:43.080Z</time></trkpt><trkpt lat="42.930905" lon="-8.134075"><ele>322.426</ele><time>2024-06-22T10:22:48.080Z</time></trkpt><trkpt lat="42.930919" lon="-8.134148"><ele>323.494</ele><time>2024-06-22T10:22:53.080Z</time></trkpt><trkpt lat="42.930932" lon="-8.134220"><ele>324.589</ele><time>2024-06-22T10:22:58.080Z</time></trkpt><trkpt lat="42.930947" lon="-8.134290"><ele>325.119</ele><time>2024-06-22T10:23:03.080Z</time></trkpt><trkpt lat="42.930960" lon="-8.134350"><ele>325.573</ele><time>2024-06-22T10:23:07.080Z</time></trkpt><trkpt lat="42.930970" lon="-8.134421"><ele>325.632</ele><time>2024-06-22T10:23:12.080Z</time></trkpt><trkpt lat="42.930975" lon="-8.134489"><ele>326.120</ele><time>2024-06-22T10:23:16.080Z</time></trkpt><trkpt lat="42.930974" lon="-8.134562"><ele>327.038</ele><time>2024-06-22T10:23:21.080Z</time></trkpt><trkpt lat="42.930964" lon="-8.134630"><ele>327.422</ele><time>2024-06-22T10:23:26.080Z</time></trkpt><trkpt lat="42.930931" lon="-8.134691"><ele>327.762</ele><time>2024-06-22T10:23:31.080Z</time></trkpt><trkpt lat="42.930897" lon="-8.134733"><ele>328.108</ele><time>2024-06-22T10:23:35.080Z</time></trkpt><trkpt lat="42.930863" lon="-8.134780"><ele>329.109</ele><time>2024-06-22T10:23:39.080Z</time></trkpt><trkpt lat="42.930830" lon="-8.134826"><ele>329.353</ele><time>2024-06-22T10:23:43.080Z</time></trkpt><trkpt lat="42.930799" lon="-8.134872"><ele>329.439</ele><time>2024-06-22T10:23:47.080Z</time></trkpt><trkpt lat="42.930761" lon="-8.134930"><ele>330.027</ele><time>2024-06-22T10:23:52.080Z</time></trkpt><trkpt lat="42.930725" lon="-8.134981"><ele>330.842</ele><time>2024-06-22T10:23:57.080Z</time></trkpt><trkpt lat="42.930697" lon="-8.135030"><ele>331.752</ele><time>2024-06-22T10:24:02.080Z</time></trkpt><trkpt lat="42.930666" lon="-8.135079"><ele>332.836</ele><time>2024-06-22T10:24:07.080Z</time></trkpt><trkpt lat="42.930630" lon="-8.135130"><ele>334.385</ele><time>2024-06-22T10:24:12.080Z</time></trkpt><trkpt lat="42.930591" lon="-8.135183"><ele>334.943</ele><time>2024-06-22T10:24:17.080Z</time></trkpt><trkpt lat="42.930551" lon="-8.135212"><ele>335.341</ele><time>2024-06-22T10:24:21.080Z</time></trkpt><trkpt lat="42.930512" lon="-8.135244"><ele>336.472</ele><time>2024-06-22T10:24:25.080Z</time></trkpt><trkpt lat="42.930470" lon="-8.135271"><ele>337.513</ele><time>2024-06-22T10:24:29.080Z</time></trkpt><trkpt lat="42.930420" lon="-8.135284"><ele>338.414</ele><time>2024-06-22T10:24:35.080Z</time></trkpt><trkpt lat="42.930372" lon="-8.135263"><ele>337.309</ele><time>2024-06-22T10:25:41.080Z</time></trkpt><trkpt lat="42.930316" lon="-8.135261"><ele>337.168</ele><time>2024-06-22T10:25:46.080Z</time></trkpt><trkpt lat="42.930264" lon="-8.135252"><ele>337.124</ele><time>2024-06-22T10:25:50.080Z</time></trkpt><trkpt lat="42.930216" lon="-8.135234"><ele>337.132</ele><time>2024-06-22T10:25:55.080Z</time></trkpt><trkpt lat="42.930165" lon="-8.135238"><ele>337.117</ele><time>2024-06-22T10:25:59.080Z</time></trkpt><trkpt lat="42.930115" lon="-8.135244"><ele>338.237</ele><time>2024-06-22T10:26:03.080Z</time></trkpt><trkpt lat="42.930064" lon="-8.135245"><ele>338.291</ele><time>2024-06-22T10:26:07.080Z</time></trkpt><trkpt lat="42.930019" lon="-8.135254"><ele>338.230</ele><time>2024-06-22T10:26:11.080Z</time></trkpt><trkpt lat="42.929961" lon="-8.135265"><ele>337.768</ele><time>2024-06-22T10:26:16.080Z</time></trkpt><trkpt lat="42.929910" lon="-8.135273"><ele>337.516</ele><time>2024-06-22T10:26:20.080Z</time></trkpt><trkpt lat="42.929858" lon="-8.135275"><ele>337.091</ele><time>2024-06-22T10:26:24.080Z</time></trkpt><trkpt lat="42.929806" lon="-8.135293"><ele>336.281</ele><time>2024-06-22T10:26:28.080Z</time></trkpt><trkpt lat="42.929762" lon="-8.135308"><ele>336.019</ele><time>2024-06-22T10:26:32.080Z</time></trkpt><trkpt lat="42.929718" lon="-8.135322"><ele>335.409</ele><time>2024-06-22T10:26:36.080Z</time></trkpt><trkpt lat="42.929673" lon="-8.135342"><ele>334.520</ele><time>2024-06-22T10:26:40.080Z</time></trkpt><trkpt lat="42.929630" lon="-8.135365"><ele>334.296</ele><time>2024-06-22T10:26:44.080Z</time></trkpt><trkpt lat="42.929584" lon="-8.135393"><ele>333.884</ele><time>2024-06-22T10:26:48.080Z</time></trkpt><trkpt lat="42.929542" lon="-8.135417"><ele>333.399</ele><time>2024-06-22T10:26:52.080Z</time></trkpt><trkpt lat="42.929488" lon="-8.135445"><ele>332.519</ele><time>2024-06-22T10:26:57.080Z</time></trkpt><trkpt lat="42.929440" lon="-8.135474"><ele>331.773</ele><time>2024-06-22T10:27:01.080Z</time></trkpt><trkpt lat="42.929396" lon="-8.135500"><ele>331.272</ele><time>2024-06-22T10:27:05.080Z</time></trkpt><trkpt lat="42.929347" lon="-8.135523"><ele>331.040</ele><time>2024-06-22T10:27:09.080Z</time></trkpt><trkpt lat="42.929302" lon="-8.135553"><ele>330.888</ele><time>2024-06-22T10:27:13.080Z</time></trkpt><trkpt lat="42.929271" lon="-8.135603"><ele>330.485</ele><time>2024-06-22T10:27:17.080Z</time></trkpt><trkpt lat="42.929256" lon="-8.135666"><ele>330.289</ele><time>2024-06-22T10:27:21.080Z</time></trkpt><trkpt lat="42.929267" lon="-8.135740"><ele>329.817</ele><time>2024-06-22T10:27:26.080Z</time></trkpt><trkpt lat="42.929282" lon="-8.135799"><ele>329.309</ele><time>2024-06-22T10:27:30.080Z</time></trkpt><trkpt lat="42.929294" lon="-8.135863"><ele>329.269</ele><time>2024-06-22T10:27:34.080Z</time></trkpt><trkpt lat="42.929295" lon="-8.135928"><ele>329.285</ele><time>2024-06-22T10:27:38.080Z</time></trkpt><trkpt lat="42.929281" lon="-8.136001"><ele>329.273</ele><time>2024-06-22T10:27:43.080Z</time></trkpt><trkpt lat="42.929242" lon="-8.136048"><ele>329.258</ele><time>2024-06-22T10:27:48.080Z</time></trkpt><trkpt lat="42.929198" lon="-8.136086"><ele>329.158</ele><time>2024-06-22T10:27:53.080Z</time></trkpt><trkpt lat="42.929158" lon="-8.136117"><ele>329.222</ele><time>2024-06-22T10:27:57.080Z</time></trkpt><trkpt lat="42.929113" lon="-8.136156"><ele>329.391</ele><time>2024-06-22T10:28:02.080Z</time></trkpt><trkpt lat="42.929077" lon="-8.136195"><ele>329.539</ele><time>2024-06-22T10:28:06.080Z</time></trkpt><trkpt lat="42.929035" lon="-8.136224"><ele>330.457</ele><time>2024-06-22T10:28:10.080Z</time></trkpt><trkpt lat="42.928986" lon="-8.136252"><ele>331.039</ele><time>2024-06-22T10:28:15.080Z</time></trkpt><trkpt lat="42.928953" lon="-8.136296"><ele>331.501</ele><time>2024-06-22T10:28:19.080Z</time></trkpt><trkpt lat="42.928917" lon="-8.136344"><ele>333.321</ele><time>2024-06-22T10:28:24.080Z</time></trkpt><trkpt lat="42.928950" lon="-8.136389"><ele>333.609</ele><time>2024-06-22T10:28:30.080Z</time></trkpt><trkpt lat="42.928997" lon="-8.136363"><ele>333.734</ele><time>2024-06-22T10:28:34.080Z</time></trkpt><trkpt lat="42.929027" lon="-8.136313"><ele>334.520</ele><time>2024-06-22T10:28:38.080Z</time></trkpt><trkpt lat="42.929067" lon="-8.136281"><ele>335.918</ele><time>2024-06-22T10:28:42.080Z</time></trkpt><trkpt lat="42.929112" lon="-8.136267"><ele>337.413</ele><time>2024-06-22T10:28:46.080Z</time></trkpt><trkpt lat="42.929161" lon="-8.136254"><ele>339.383</ele><time>2024-06-22T10:28:51.080Z</time></trkpt><trkpt lat="42.929212" lon="-8.136244"><ele>340.217</ele><time>2024-06-22T10:28:56.080Z</time></trkpt><trkpt lat="42.929261" lon="-8.136227"><ele>340.536</ele><time>2024-06-22T10:29:01.080Z</time></trkpt><trkpt lat="42.929312" lon="-8.136211"><ele>340.834</ele><time>2024-06-22T10:29:06.080Z</time></trkpt><trkpt lat="42.929357" lon="-8.136200"><ele>342.182</ele><time>2024-06-22T10:29:10.080Z</time></trkpt><trkpt lat="42.929411" lon="-8.136183"><ele>342.915</ele><time>2024-06-22T10:29:15.080Z</time></trkpt><trkpt lat="42.929462" lon="-8.136165"><ele>343.065</ele><time>2024-06-22T10:29:20.080Z</time></trkpt><trkpt lat="42.929513" lon="-8.136153"><ele>343.211</ele><time>2024-06-22T10:29:25.080Z</time></trkpt><trkpt lat="42.929565" lon="-8.136143"><ele>343.509</ele><time>2024-06-22T10:29:30.080Z</time></trkpt><trkpt lat="42.929619" lon="-8.136133"><ele>343.742</ele><time>2024-06-22T10:29:35.080Z</time></trkpt><trkpt lat="42.929672" lon="-8.136116"><ele>344.068</ele><time>2024-06-22T10:29:40.080Z</time></trkpt><trkpt lat="42.929727" lon="-8.136102"><ele>344.276</ele><time>2024-06-22T10:29:45.080Z</time></trkpt><trkpt lat="42.929782" lon="-8.136088"><ele>344.241</ele><time>2024-06-22T10:29:50.080Z</time></trkpt><trkpt lat="42.929834" lon="-8.136073"><ele>344.371</ele><time>2024-06-22T10:29:55.080Z</time></trkpt><trkpt lat="42.929880" lon="-8.136063"><ele>344.495</ele><time>2024-06-22T10:29:59.080Z</time></trkpt><trkpt lat="42.929936" lon="-8.136059"><ele>344.624</ele><time>2024-06-22T10:30:04.080Z</time></trkpt><trkpt lat="42.929985" lon="-8.136059"><ele>345.282</ele><time>2024-06-22T10:30:09.080Z</time></trkpt><trkpt lat="42.930039" lon="-8.136054"><ele>345.690</ele><time>2024-06-22T10:30:14.080Z</time></trkpt><trkpt lat="42.930088" lon="-8.136050"><ele>346.035</ele><time>2024-06-22T10:30:18.080Z</time></trkpt><trkpt lat="42.930133" lon="-8.136059"><ele>346.886</ele><time>2024-06-22T10:30:22.080Z</time></trkpt><trkpt lat="42.930183" lon="-8.136056"><ele>347.914</ele><time>2024-06-22T10:30:26.080Z</time></trkpt><trkpt lat="42.930228" lon="-8.136060"><ele>348.609</ele><time>2024-06-22T10:30:30.080Z</time></trkpt><trkpt lat="42.930281" lon="-8.136072"><ele>349.234</ele><time>2024-06-22T10:30:35.080Z</time></trkpt><trkpt lat="42.930328" lon="-8.136086"><ele>349.420</ele><time>2024-06-22T10:30:39.080Z</time></trkpt><trkpt lat="42.930382" lon="-8.136101"><ele>349.548</ele><time>2024-06-22T10:30:44.080Z</time></trkpt><trkpt lat="42.930436" lon="-8.136108"><ele>349.513</ele><time>2024-06-22T10:30:49.080Z</time></trkpt><trkpt lat="42.930485" lon="-8.136138"><ele>349.663</ele><time>2024-06-22T10:30:53.080Z</time></trkpt><trkpt lat="42.930527" lon="-8.136159"><ele>349.627</ele><time>2024-06-22T10:30:57.080Z</time></trkpt><trkpt lat="42.930573" lon="-8.136191"><ele>350.196</ele><time>2024-06-22T10:31:02.080Z</time></trkpt><trkpt lat="42.930616" lon="-8.136223"><ele>351.314</ele><time>2024-06-22T10:31:07.080Z</time></trkpt><trkpt lat="42.930660" lon="-8.136185"><ele>351.922</ele><time>2024-06-22T10:31:09.080Z</time></trkpt><trkpt lat="42.930626" lon="-8.136233"><ele>352.759</ele><time>2024-06-22T10:31:15.080Z</time></trkpt><trkpt lat="42.930655" lon="-8.136288"><ele>353.203</ele><time>2024-06-22T10:31:23.080Z</time></trkpt><trkpt lat="42.930687" lon="-8.136350"><ele>353.223</ele><time>2024-06-22T10:31:29.080Z</time></trkpt><trkpt lat="42.930715" lon="-8.136399"><ele>353.209</ele><time>2024-06-22T10:31:34.080Z</time></trkpt><trkpt lat="42.930739" lon="-8.136463"><ele>353.166</ele><time>2024-06-22T10:31:39.080Z</time></trkpt><trkpt lat="42.930763" lon="-8.136524"><ele>352.682</ele><time>2024-06-22T10:31:44.080Z</time></trkpt><trkpt lat="42.930786" lon="-8.136591"><ele>352.680</ele><time>2024-06-22T10:31:49.080Z</time></trkpt><trkpt lat="42.930806" lon="-8.136648"><ele>352.535</ele><time>2024-06-22T10:31:53.080Z</time></trkpt><trkpt lat="42.930823" lon="-8.136717"><ele>352.455</ele><time>2024-06-22T10:31:58.080Z</time></trkpt><trkpt lat="42.930841" lon="-8.136791"><ele>352.319</ele><time>2024-06-22T10:32:03.080Z</time></trkpt><trkpt lat="42.930854" lon="-8.136862"><ele>352.398</ele><time>2024-06-22T10:32:08.080Z</time></trkpt><trkpt lat="42.930870" lon="-8.136923"><ele>352.386</ele><time>2024-06-22T10:32:12.080Z</time></trkpt><trkpt lat="42.930885" lon="-8.136996"><ele>352.434</ele><time>2024-06-22T10:32:16.080Z</time></trkpt><trkpt lat="42.930901" lon="-8.137058"><ele>352.569</ele><time>2024-06-22T10:32:20.080Z</time></trkpt><trkpt lat="42.930917" lon="-8.137128"><ele>352.604</ele><time>2024-06-22T10:32:25.080Z</time></trkpt><trkpt lat="42.930923" lon="-8.137189"><ele>352.924</ele><time>2024-06-22T10:32:29.080Z</time></trkpt><trkpt lat="42.930933" lon="-8.137255"><ele>352.909</ele><time>2024-06-22T10:32:33.080Z</time></trkpt><trkpt lat="42.930946" lon="-8.137319"><ele>352.977</ele><time>2024-06-22T10:32:37.080Z</time></trkpt><trkpt lat="42.930956" lon="-8.137386"><ele>352.983</ele><time>2024-06-22T10:32:41.080Z</time></trkpt><trkpt lat="42.930965" lon="-8.137453"><ele>352.731</ele><time>2024-06-22T10:32:45.080Z</time></trkpt><trkpt lat="42.930974" lon="-8.137518"><ele>352.786</ele><time>2024-06-22T10:32:49.080Z</time></trkpt><trkpt lat="42.930992" lon="-8.137584"><ele>352.796</ele><time>2024-06-22T10:32:53.080Z</time></trkpt><trkpt lat="42.930998" lon="-8.137649"><ele>352.880</ele><time>2024-06-22T10:32:57.080Z</time></trkpt><trkpt lat="42.930998" lon="-8.137724"><ele>353.299</ele><time>2024-06-22T10:33:02.080Z</time></trkpt><trkpt lat="42.931002" lon="-8.137798"><ele>355.437</ele><time>2024-06-22T10:33:07.080Z</time></trkpt><trkpt lat="42.931001" lon="-8.137869"><ele>356.325</ele><time>2024-06-22T10:33:12.080Z</time></trkpt><trkpt lat="42.930996" lon="-8.137932"><ele>356.655</ele><time>2024-06-22T10:33:16.080Z</time></trkpt><trkpt lat="42.930988" lon="-8.137993"><ele>356.807</ele><time>2024-06-22T10:33:20.080Z</time></trkpt><trkpt lat="42.930977" lon="-8.138056"><ele>356.917</ele><time>2024-06-22T10:33:24.080Z</time></trkpt><trkpt lat="42.930974" lon="-8.138126"><ele>356.909</ele><time>2024-06-22T10:33:28.080Z</time></trkpt><trkpt lat="42.930966" lon="-8.138187"><ele>356.856</ele><time>2024-06-22T10:33:32.080Z</time></trkpt><trkpt lat="42.930963" lon="-8.138257"><ele>356.722</ele><time>2024-06-22T10:33:36.080Z</time></trkpt><trkpt lat="42.930958" lon="-8.138325"><ele>356.670</ele><time>2024-06-22T10:33:40.080Z</time></trkpt><trkpt lat="42.930953" lon="-8.138391"><ele>356.615</ele><time>2024-06-22T10:33:44.080Z</time></trkpt><trkpt lat="42.930936" lon="-8.138464"><ele>356.625</ele><time>2024-06-22T10:33:48.080Z</time></trkpt><trkpt lat="42.930926" lon="-8.138532"><ele>356.599</ele><time>2024-06-22T10:33:52.080Z</time></trkpt><trkpt lat="42.930917" lon="-8.138600"><ele>355.888</ele><time>2024-06-22T10:33:56.080Z</time></trkpt><trkpt lat="42.930899" lon="-8.138662"><ele>355.096</ele><time>2024-06-22T10:34:00.080Z</time></trkpt><trkpt lat="42.930889" lon="-8.138724"><ele>354.144</ele><time>2024-06-22T10:34:04.080Z</time></trkpt><trkpt lat="42.930872" lon="-8.138784"><ele>353.611</ele><time>2024-06-22T10:34:08.080Z</time></trkpt><trkpt lat="42.930849" lon="-8.138842"><ele>353.221</ele><time>2024-06-22T10:34:12.080Z</time></trkpt><trkpt lat="42.930824" lon="-8.138907"><ele>352.503</ele><time>2024-06-22T10:34:17.080Z</time></trkpt><trkpt lat="42.930811" lon="-8.138968"><ele>352.209</ele><time>2024-06-22T10:34:21.080Z</time></trkpt><trkpt lat="42.930806" lon="-8.139038"><ele>352.012</ele><time>2024-06-22T10:34:25.080Z</time></trkpt><trkpt lat="42.930812" lon="-8.139111"><ele>351.248</ele><time>2024-06-22T10:34:29.080Z</time></trkpt><trkpt lat="42.930813" lon="-8.139175"><ele>351.216</ele><time>2024-06-22T10:34:33.080Z</time></trkpt><trkpt lat="42.930814" lon="-8.139241"><ele>351.121</ele><time>2024-06-22T10:34:37.080Z</time></trkpt><trkpt lat="42.930811" lon="-8.139316"><ele>351.531</ele><time>2024-06-22T10:34:41.080Z</time></trkpt><trkpt lat="42.930801" lon="-8.139382"><ele>353.385</ele><time>2024-06-22T10:34:45.080Z</time></trkpt><trkpt lat="42.930794" lon="-8.139451"><ele>354.164</ele><time>2024-06-22T10:34:49.080Z</time></trkpt><trkpt lat="42.930792" lon="-8.139525"><ele>355.132</ele><time>2024-06-22T10:34:53.080Z</time></trkpt><trkpt lat="42.930792" lon="-8.139602"><ele>355.250</ele><time>2024-06-22T10:34:57.080Z</time></trkpt><trkpt lat="42.930788" lon="-8.139674"><ele>355.387</ele><time>2024-06-22T10:35:00.080Z</time></trkpt><trkpt lat="42.930783" lon="-8.139742"><ele>356.242</ele><time>2024-06-22T10:35:04.080Z</time></trkpt><trkpt lat="42.930781" lon="-8.139810"><ele>357.026</ele><time>2024-06-22T10:35:08.080Z</time></trkpt><trkpt lat="42.930782" lon="-8.139886"><ele>357.309</ele><time>2024-06-22T10:35:12.080Z</time></trkpt><trkpt lat="42.930773" lon="-8.139951"><ele>358.449</ele><time>2024-06-22T10:35:16.080Z</time></trkpt><trkpt lat="42.930755" lon="-8.140016"><ele>359.195</ele><time>2024-06-22T10:35:20.080Z</time></trkpt><trkpt lat="42.930742" lon="-8.140080"><ele>360.163</ele><time>2024-06-22T10:35:24.080Z</time></trkpt><trkpt lat="42.930732" lon="-8.140144"><ele>361.098</ele><time>2024-06-22T10:35:28.080Z</time></trkpt><trkpt lat="42.930695" lon="-8.140191"><ele>361.658</ele><time>2024-06-22T10:35:32.080Z</time></trkpt><trkpt lat="42.930663" lon="-8.140249"><ele>362.152</ele><time>2024-06-22T10:35:36.080Z</time></trkpt><trkpt lat="42.930634" lon="-8.140314"><ele>363.241</ele><time>2024-06-22T10:35:40.080Z</time></trkpt><trkpt lat="42.930602" lon="-8.140361"><ele>363.969</ele><time>2024-06-22T10:35:44.080Z</time></trkpt><trkpt lat="42.930594" lon="-8.140428"><ele>365.227</ele><time>2024-06-22T10:35:48.080Z</time></trkpt><trkpt lat="42.930568" lon="-8.140490"><ele>366.213</ele><time>2024-06-22T10:35:52.080Z</time></trkpt><trkpt lat="42.930543" lon="-8.140546"><ele>366.343</ele><time>2024-06-22T10:35:56.080Z</time></trkpt><trkpt lat="42.930514" lon="-8.140598"><ele>366.407</ele><time>2024-06-22T10:36:00.080Z</time></trkpt><trkpt lat="42.930481" lon="-8.140660"><ele>367.509</ele><time>2024-06-22T10:36:05.080Z</time></trkpt><trkpt lat="42.930456" lon="-8.140714"><ele>367.852</ele><time>2024-06-22T10:36:09.080Z</time></trkpt><trkpt lat="42.930424" lon="-8.140772"><ele>368.648</ele><time>2024-06-22T10:36:14.080Z</time></trkpt><trkpt lat="42.930397" lon="-8.140836"><ele>368.776</ele><time>2024-06-22T10:36:19.080Z</time></trkpt><trkpt lat="42.930367" lon="-8.140883"><ele>368.811</ele><time>2024-06-22T10:36:23.080Z</time></trkpt><trkpt lat="42.930345" lon="-8.140940"><ele>368.911</ele><time>2024-06-22T10:36:27.080Z</time></trkpt><trkpt lat="42.930317" lon="-8.140994"><ele>369.455</ele><time>2024-06-22T10:36:32.080Z</time></trkpt><trkpt lat="42.930294" lon="-8.141053"><ele>369.544</ele><time>2024-06-22T10:36:37.080Z</time></trkpt><trkpt lat="42.930260" lon="-8.141112"><ele>369.972</ele><time>2024-06-22T10:36:42.080Z</time></trkpt><trkpt lat="42.930251" lon="-8.141175"><ele>370.490</ele><time>2024-06-22T10:36:46.080Z</time></trkpt><trkpt lat="42.930206" lon="-8.141222"><ele>370.744</ele><time>2024-06-22T10:36:51.080Z</time></trkpt><trkpt lat="42.930173" lon="-8.141281"><ele>370.705</ele><time>2024-06-22T10:36:56.080Z</time></trkpt><trkpt lat="42.930143" lon="-8.141347"><ele>370.915</ele><time>2024-06-22T10:37:01.080Z</time></trkpt><trkpt lat="42.930122" lon="-8.141409"><ele>370.209</ele><time>2024-06-22T10:37:05.080Z</time></trkpt><trkpt lat="42.930103" lon="-8.141469"><ele>370.025</ele><time>2024-06-22T10:37:09.080Z</time></trkpt><trkpt lat="42.930075" lon="-8.141535"><ele>370.021</ele><time>2024-06-22T10:37:14.080Z</time></trkpt><trkpt lat="42.930059" lon="-8.141596"><ele>370.049</ele><time>2024-06-22T10:37:18.080Z</time></trkpt><trkpt lat="42.930039" lon="-8.141665"><ele>369.964</ele><time>2024-06-22T10:37:23.080Z</time></trkpt><trkpt lat="42.930022" lon="-8.141722"><ele>369.824</ele><time>2024-06-22T10:37:27.080Z</time></trkpt><trkpt lat="42.930006" lon="-8.141790"><ele>369.758</ele><time>2024-06-22T10:37:31.080Z</time></trkpt><trkpt lat="42.929996" lon="-8.141858"><ele>369.717</ele><time>2024-06-22T10:37:35.080Z</time></trkpt><trkpt lat="42.929982" lon="-8.141920"><ele>369.795</ele><time>2024-06-22T10:37:39.080Z</time></trkpt><trkpt lat="42.929975" lon="-8.141985"><ele>370.013</ele><time>2024-06-22T10:37:43.080Z</time></trkpt><trkpt lat="42.929971" lon="-8.142049"><ele>370.784</ele><time>2024-06-22T10:37:47.080Z</time></trkpt><trkpt lat="42.929957" lon="-8.142121"><ele>373.407</ele><time>2024-06-22T10:37:52.080Z</time></trkpt><trkpt lat="42.929948" lon="-8.142186"><ele>373.417</ele><time>2024-06-22T10:37:56.080Z</time></trkpt><trkpt lat="42.929946" lon="-8.142249"><ele>373.409</ele><time>2024-06-22T10:38:00.080Z</time></trkpt><trkpt lat="42.929944" lon="-8.142313"><ele>373.979</ele><time>2024-06-22T10:38:04.080Z</time></trkpt><trkpt lat="42.929946" lon="-8.142375"><ele>373.975</ele><time>2024-06-22T10:38:08.080Z</time></trkpt><trkpt lat="42.929941" lon="-8.142445"><ele>373.913</ele><time>2024-06-22T10:38:12.080Z</time></trkpt><trkpt lat="42.929935" lon="-8.142511"><ele>374.018</ele><time>2024-06-22T10:38:16.080Z</time></trkpt><trkpt lat="42.929931" lon="-8.142586"><ele>374.638</ele><time>2024-06-22T10:38:20.080Z</time></trkpt><trkpt lat="42.929941" lon="-8.142654"><ele>374.952</ele><time>2024-06-22T10:38:24.080Z</time></trkpt><trkpt lat="42.929951" lon="-8.142719"><ele>375.191</ele><time>2024-06-22T10:38:28.080Z</time></trkpt><trkpt lat="42.929950" lon="-8.142786"><ele>375.799</ele><time>2024-06-22T10:38:32.080Z</time></trkpt><trkpt lat="42.929945" lon="-8.142862"><ele>376.557</ele><time>2024-06-22T10:38:37.080Z</time></trkpt><trkpt lat="42.929945" lon="-8.142930"><ele>377.132</ele><time>2024-06-22T10:38:41.080Z</time></trkpt><trkpt lat="42.929943" lon="-8.143001"><ele>377.192</ele><time>2024-06-22T10:38:45.080Z</time></trkpt><trkpt lat="42.929943" lon="-8.143073"><ele>376.511</ele><time>2024-06-22T10:38:50.080Z</time></trkpt><trkpt lat="42.929951" lon="-8.143138"><ele>376.209</ele><time>2024-06-22T10:38:54.080Z</time></trkpt><trkpt lat="42.929957" lon="-8.143203"><ele>376.034</ele><time>2024-06-22T10:38:58.080Z</time></trkpt><trkpt lat="42.929959" lon="-8.143269"><ele>376.070</ele><time>2024-06-22T10:39:02.080Z</time></trkpt><trkpt lat="42.929965" lon="-8.143336"><ele>376.028</ele><time>2024-06-22T10:39:06.080Z</time></trkpt><trkpt lat="42.929965" lon="-8.143403"><ele>376.343</ele><time>2024-06-22T10:39:10.080Z</time></trkpt><trkpt lat="42.929965" lon="-8.143482"><ele>376.913</ele><time>2024-06-22T10:39:15.080Z</time></trkpt><trkpt lat="42.929966" lon="-8.143552"><ele>377.067</ele><time>2024-06-22T10:39:19.080Z</time></trkpt><trkpt lat="42.929958" lon="-8.143626"><ele>377.156</ele><time>2024-06-22T10:39:24.080Z</time></trkpt><trkpt lat="42.929954" lon="-8.143702"><ele>377.334</ele><time>2024-06-22T10:39:29.080Z</time></trkpt><trkpt lat="42.929942" lon="-8.143763"><ele>377.312</ele><time>2024-06-22T10:39:33.080Z</time></trkpt><trkpt lat="42.929945" lon="-8.143829"><ele>377.411</ele><time>2024-06-22T10:39:37.080Z</time></trkpt><trkpt lat="42.929946" lon="-8.143896"><ele>377.521</ele><time>2024-06-22T10:39:41.080Z</time></trkpt><trkpt lat="42.929935" lon="-8.143959"><ele>377.503</ele><time>2024-06-22T10:39:45.080Z</time></trkpt><trkpt lat="42.929934" lon="-8.144025"><ele>377.509</ele><time>2024-06-22T10:39:49.080Z</time></trkpt><trkpt lat="42.929934" lon="-8.144094"><ele>376.982</ele><time>2024-06-22T10:39:53.080Z</time></trkpt><trkpt lat="42.929933" lon="-8.144163"><ele>376.718</ele><time>2024-06-22T10:39:57.080Z</time></trkpt><trkpt lat="42.929943" lon="-8.144231"><ele>376.756</ele><time>2024-06-22T10:40:01.080Z</time></trkpt><trkpt lat="42.929958" lon="-8.144292"><ele>376.761</ele><time>2024-06-22T10:40:05.080Z</time></trkpt><trkpt lat="42.929961" lon="-8.144362"><ele>377.331</ele><time>2024-06-22T10:40:09.080Z</time></trkpt><trkpt lat="42.929955" lon="-8.144430"><ele>378.295</ele><time>2024-06-22T10:40:13.080Z</time></trkpt><trkpt lat="42.929952" lon="-8.144494"><ele>378.364</ele><time>2024-06-22T10:40:17.080Z</time></trkpt><trkpt lat="42.929953" lon="-8.144561"><ele>378.512</ele><time>2024-06-22T10:40:21.080Z</time></trkpt><trkpt lat="42.929951" lon="-8.144626"><ele>378.780</ele><time>2024-06-22T10:40:25.080Z</time></trkpt><trkpt lat="42.929962" lon="-8.144691"><ele>378.428</ele><time>2024-06-22T10:40:32.080Z</time></trkpt><trkpt lat="42.929955" lon="-8.144756"><ele>378.389</ele><time>2024-06-22T10:40:38.080Z</time></trkpt><trkpt lat="42.929958" lon="-8.144818"><ele>378.217</ele><time>2024-06-22T10:40:42.080Z</time></trkpt><trkpt lat="42.929972" lon="-8.144893"><ele>377.609</ele><time>2024-06-22T10:40:47.080Z</time></trkpt><trkpt lat="42.929985" lon="-8.144963"><ele>377.693</ele><time>2024-06-22T10:40:52.080Z</time></trkpt><trkpt lat="42.929986" lon="-8.145035"><ele>377.669</ele><time>2024-06-22T10:40:56.080Z</time></trkpt><trkpt lat="42.929982" lon="-8.145097"><ele>379.597</ele><time>2024-06-22T10:41:00.080Z</time></trkpt><trkpt lat="42.929975" lon="-8.145160"><ele>381.452</ele><time>2024-06-22T10:41:04.080Z</time></trkpt><trkpt lat="42.929986" lon="-8.145234"><ele>383.092</ele><time>2024-06-22T10:41:09.080Z</time></trkpt><trkpt lat="42.929990" lon="-8.145304"><ele>383.116</ele><time>2024-06-22T10:41:14.080Z</time></trkpt><trkpt lat="42.929990" lon="-8.145374"><ele>383.185</ele><time>2024-06-22T10:41:19.080Z</time></trkpt><trkpt lat="42.929981" lon="-8.145438"><ele>382.673</ele><time>2024-06-22T10:41:23.080Z</time></trkpt><trkpt lat="42.929977" lon="-8.145511"><ele>382.031</ele><time>2024-06-22T10:41:27.080Z</time></trkpt><trkpt lat="42.929978" lon="-8.145574"><ele>382.073</ele><time>2024-06-22T10:41:31.080Z</time></trkpt><trkpt lat="42.929977" lon="-8.145642"><ele>382.085</ele><time>2024-06-22T10:41:36.071Z</time></trkpt><trkpt lat="42.929976" lon="-8.145710"><ele>383.113</ele><time>2024-06-22T10:41:43.072Z</time></trkpt><trkpt lat="42.929979" lon="-8.145776"><ele>383.309</ele><time>2024-06-22T10:41:49.070Z</time></trkpt><trkpt lat="42.929978" lon="-8.145846"><ele>383.528</ele><time>2024-06-22T10:41:54.072Z</time></trkpt><trkpt lat="42.929973" lon="-8.145915"><ele>383.644</ele><time>2024-06-22T10:41:59.072Z</time></trkpt><trkpt lat="42.929978" lon="-8.145980"><ele>383.752</ele><time>2024-06-22T10:42:03.073Z</time></trkpt><trkpt lat="42.929977" lon="-8.146056"><ele>384.647</ele><time>2024-06-22T10:42:08.081Z</time></trkpt><trkpt lat="42.929982" lon="-8.146119"><ele>385.317</ele><time>2024-06-22T10:42:12.081Z</time></trkpt><trkpt lat="42.929982" lon="-8.146188"><ele>385.521</ele><time>2024-06-22T10:42:16.081Z</time></trkpt><trkpt lat="42.929991" lon="-8.146261"><ele>385.510</ele><time>2024-06-22T10:42:20.081Z</time></trkpt><trkpt lat="42.929991" lon="-8.146333"><ele>385.458</ele><time>2024-06-22T10:42:24.081Z</time></trkpt><trkpt lat="42.929994" lon="-8.146401"><ele>384.626</ele><time>2024-06-22T10:42:28.081Z</time></trkpt><trkpt lat="42.929993" lon="-8.146471"><ele>384.316</ele><time>2024-06-22T10:42:32.081Z</time></trkpt><trkpt lat="42.930002" lon="-8.146545"><ele>384.376</ele><time>2024-06-22T10:42:37.081Z</time></trkpt><trkpt lat="42.930005" lon="-8.146623"><ele>384.313</ele><time>2024-06-22T10:42:41.081Z</time></trkpt><trkpt lat="42.930003" lon="-8.146693"><ele>384.609</ele><time>2024-06-22T10:42:45.081Z</time></trkpt><trkpt lat="42.930003" lon="-8.146761"><ele>385.332</ele><time>2024-06-22T10:42:49.081Z</time></trkpt><trkpt lat="42.929999" lon="-8.146836"><ele>385.358</ele><time>2024-06-22T10:42:54.081Z</time></trkpt><trkpt lat="42.930000" lon="-8.146908"><ele>385.386</ele><time>2024-06-22T10:42:58.081Z</time></trkpt><trkpt lat="42.929999" lon="-8.146977"><ele>385.011</ele><time>2024-06-22T10:43:02.081Z</time></trkpt><trkpt lat="42.929998" lon="-8.147054"><ele>384.841</ele><time>2024-06-22T10:43:06.081Z</time></trkpt><trkpt lat="42.929987" lon="-8.147134"><ele>384.875</ele><time>2024-06-22T10:43:10.081Z</time></trkpt><trkpt lat="42.929982" lon="-8.147214"><ele>384.754</ele><time>2024-06-22T10:43:14.081Z</time></trkpt><trkpt lat="42.929979" lon="-8.147278"><ele>384.742</ele><time>2024-06-22T10:43:18.081Z</time></trkpt><trkpt lat="42.929969" lon="-8.147350"><ele>384.440</ele><time>2024-06-22T10:43:22.081Z</time></trkpt><trkpt lat="42.929960" lon="-8.147414"><ele>384.372</ele><time>2024-06-22T10:43:26.081Z</time></trkpt><trkpt lat="42.929956" lon="-8.147483"><ele>384.213</ele><time>2024-06-22T10:43:30.081Z</time></trkpt><trkpt lat="42.929965" lon="-8.147549"><ele>384.014</ele><time>2024-06-22T10:43:34.081Z</time></trkpt><trkpt lat="42.929977" lon="-8.147611"><ele>384.109</ele><time>2024-06-22T10:43:38.081Z</time></trkpt><trkpt lat="42.929966" lon="-8.147675"><ele>384.028</ele><time>2024-06-22T10:43:42.081Z</time></trkpt><trkpt lat="42.929961" lon="-8.147743"><ele>383.974</ele><time>2024-06-22T10:43:46.081Z</time></trkpt><trkpt lat="42.929964" lon="-8.147810"><ele>383.952</ele><time>2024-06-22T10:43:50.081Z</time></trkpt><trkpt lat="42.929959" lon="-8.147875"><ele>384.057</ele><time>2024-06-22T10:43:54.081Z</time></trkpt><trkpt lat="42.929961" lon="-8.147941"><ele>384.367</ele><time>2024-06-22T10:43:58.081Z</time></trkpt><trkpt lat="42.929976" lon="-8.148005"><ele>384.441</ele><time>2024-06-22T10:44:02.081Z</time></trkpt><trkpt lat="42.929996" lon="-8.148071"><ele>384.620</ele><time>2024-06-22T10:44:06.081Z</time></trkpt><trkpt lat="42.930005" lon="-8.148141"><ele>385.128</ele><time>2024-06-22T10:44:10.081Z</time></trkpt><trkpt lat="42.930014" lon="-8.148209"><ele>385.976</ele><time>2024-06-22T10:44:14.081Z</time></trkpt><trkpt lat="42.930019" lon="-8.148276"><ele>386.587</ele><time>2024-06-22T10:44:18.081Z</time></trkpt><trkpt lat="42.930021" lon="-8.148344"><ele>386.742</ele><time>2024-06-22T10:44:22.081Z</time></trkpt><trkpt lat="42.930027" lon="-8.148406"><ele>386.826</ele><time>2024-06-22T10:44:26.081Z</time></trkpt><trkpt lat="42.930026" lon="-8.148472"><ele>387.109</ele><time>2024-06-22T10:44:30.081Z</time></trkpt><trkpt lat="42.930021" lon="-8.148540"><ele>387.839</ele><time>2024-06-22T10:44:34.081Z</time></trkpt><trkpt lat="42.930030" lon="-8.148601"><ele>389.345</ele><time>2024-06-22T10:44:38.081Z</time></trkpt><trkpt lat="42.930021" lon="-8.148668"><ele>389.633</ele><time>2024-06-22T10:44:42.081Z</time></trkpt><trkpt lat="42.930021" lon="-8.148740"><ele>389.698</ele><time>2024-06-22T10:44:46.081Z</time></trkpt><trkpt lat="42.930021" lon="-8.148805"><ele>389.658</ele><time>2024-06-22T10:44:50.081Z</time></trkpt><trkpt lat="42.930012" lon="-8.148871"><ele>389.582</ele><time>2024-06-22T10:44:54.081Z</time></trkpt><trkpt lat="42.930012" lon="-8.148937"><ele>389.471</ele><time>2024-06-22T10:44:58.081Z</time></trkpt><trkpt lat="42.930008" lon="-8.149008"><ele>388.729</ele><time>2024-06-22T10:45:02.081Z</time></trkpt><trkpt lat="42.930015" lon="-8.149076"><ele>388.287</ele><time>2024-06-22T10:45:06.081Z</time></trkpt><trkpt lat="42.930024" lon="-8.149141"><ele>388.171</ele><time>2024-06-22T10:45:10.081Z</time></trkpt><trkpt lat="42.930020" lon="-8.149206"><ele>387.841</ele><time>2024-06-22T10:45:14.081Z</time></trkpt><trkpt lat="42.930027" lon="-8.149269"><ele>387.615</ele><time>2024-06-22T10:45:18.081Z</time></trkpt><trkpt lat="42.930038" lon="-8.149337"><ele>387.309</ele><time>2024-06-22T10:45:22.081Z</time></trkpt><trkpt lat="42.930038" lon="-8.149412"><ele>386.958</ele><time>2024-06-22T10:45:26.081Z</time></trkpt><trkpt lat="42.930039" lon="-8.149481"><ele>386.974</ele><time>2024-06-22T10:45:30.081Z</time></trkpt><trkpt lat="42.930042" lon="-8.149550"><ele>386.982</ele><time>2024-06-22T10:45:34.081Z</time></trkpt><trkpt lat="42.930047" lon="-8.149618"><ele>386.917</ele><time>2024-06-22T10:45:38.081Z</time></trkpt><trkpt lat="42.930044" lon="-8.149686"><ele>387.327</ele><time>2024-06-22T10:45:42.081Z</time></trkpt><trkpt lat="42.930034" lon="-8.149757"><ele>387.431</ele><time>2024-06-22T10:45:46.081Z</time></trkpt><trkpt lat="42.930030" lon="-8.149834"><ele>387.490</ele><time>2024-06-22T10:45:51.081Z</time></trkpt><trkpt lat="42.930034" lon="-8.149900"><ele>387.168</ele><time>2024-06-22T10:45:55.081Z</time></trkpt><trkpt lat="42.930053" lon="-8.149961"><ele>386.346</ele><time>2024-06-22T10:45:59.081Z</time></trkpt><trkpt lat="42.930062" lon="-8.150025"><ele>385.622</ele><time>2024-06-22T10:46:03.081Z</time></trkpt><trkpt lat="42.930062" lon="-8.150087"><ele>385.162</ele><time>2024-06-22T10:46:07.081Z</time></trkpt><trkpt lat="42.930062" lon="-8.150149"><ele>384.708</ele><time>2024-06-22T10:46:11.081Z</time></trkpt><trkpt lat="42.930065" lon="-8.150216"><ele>384.509</ele><time>2024-06-22T10:46:15.081Z</time></trkpt><trkpt lat="42.930075" lon="-8.150284"><ele>384.513</ele><time>2024-06-22T10:46:19.081Z</time></trkpt><trkpt lat="42.930079" lon="-8.150351"><ele>384.439</ele><time>2024-06-22T10:46:23.081Z</time></trkpt><trkpt lat="42.930080" lon="-8.150426"><ele>384.317</ele><time>2024-06-22T10:46:27.081Z</time></trkpt><trkpt lat="42.930090" lon="-8.150495"><ele>384.332</ele><time>2024-06-22T10:46:31.081Z</time></trkpt><trkpt lat="42.930093" lon="-8.150563"><ele>384.432</ele><time>2024-06-22T10:46:35.081Z</time></trkpt><trkpt lat="42.930095" lon="-8.150629"><ele>384.396</ele><time>2024-06-22T10:46:39.081Z</time></trkpt><trkpt lat="42.930098" lon="-8.150692"><ele>384.245</ele><time>2024-06-22T10:46:43.081Z</time></trkpt><trkpt lat="42.930096" lon="-8.150765"><ele>384.363</ele><time>2024-06-22T10:46:47.081Z</time></trkpt><trkpt lat="42.930101" lon="-8.150829"><ele>384.471</ele><time>2024-06-22T10:46:51.081Z</time></trkpt><trkpt lat="42.930103" lon="-8.150900"><ele>384.681</ele><time>2024-06-22T10:46:55.081Z</time></trkpt><trkpt lat="42.930105" lon="-8.150967"><ele>385.361</ele><time>2024-06-22T10:46:59.081Z</time></trkpt><trkpt lat="42.930104" lon="-8.151034"><ele>385.417</ele><time>2024-06-22T10:47:03.081Z</time></trkpt><trkpt lat="42.930097" lon="-8.151111"><ele>385.509</ele><time>2024-06-22T10:47:08.081Z</time></trkpt><trkpt lat="42.930090" lon="-8.151180"><ele>385.739</ele><time>2024-06-22T10:47:12.081Z</time></trkpt><trkpt lat="42.930087" lon="-8.151252"><ele>385.825</ele><time>2024-06-22T10:47:16.081Z</time></trkpt><trkpt lat="42.930082" lon="-8.151320"><ele>385.963</ele><time>2024-06-22T10:47:20.081Z</time></trkpt><trkpt lat="42.930079" lon="-8.151386"><ele>385.818</ele><time>2024-06-22T10:47:24.081Z</time></trkpt><trkpt lat="42.930072" lon="-8.151451"><ele>385.848</ele><time>2024-06-22T10:47:28.081Z</time></trkpt><trkpt lat="42.930066" lon="-8.151521"><ele>385.982</ele><time>2024-06-22T10:47:32.081Z</time></trkpt><trkpt lat="42.930065" lon="-8.151586"><ele>386.021</ele><time>2024-06-22T10:47:36.081Z</time></trkpt><trkpt lat="42.930068" lon="-8.151654"><ele>386.069</ele><time>2024-06-22T10:47:40.081Z</time></trkpt><trkpt lat="42.930072" lon="-8.151716"><ele>386.277</ele><time>2024-06-22T10:47:44.081Z</time></trkpt><trkpt lat="42.930065" lon="-8.151777"><ele>386.285</ele><time>2024-06-22T10:47:48.081Z</time></trkpt><trkpt lat="42.930059" lon="-8.151846"><ele>386.289</ele><time>2024-06-22T10:47:52.081Z</time></trkpt><trkpt lat="42.930054" lon="-8.151915"><ele>386.217</ele><time>2024-06-22T10:47:56.081Z</time></trkpt><trkpt lat="42.930051" lon="-8.151983"><ele>386.509</ele><time>2024-06-22T10:48:00.081Z</time></trkpt><trkpt lat="42.930041" lon="-8.152044"><ele>386.779</ele><time>2024-06-22T10:48:04.081Z</time></trkpt><trkpt lat="42.930036" lon="-8.152122"><ele>387.615</ele><time>2024-06-22T10:48:09.081Z</time></trkpt><trkpt lat="42.930026" lon="-8.152197"><ele>388.163</ele><time>2024-06-22T10:48:14.081Z</time></trkpt><trkpt lat="42.930014" lon="-8.152261"><ele>388.298</ele><time>2024-06-22T10:48:18.081Z</time></trkpt><trkpt lat="42.930005" lon="-8.152326"><ele>388.358</ele><time>2024-06-22T10:48:22.081Z</time></trkpt><trkpt lat="42.929997" lon="-8.152393"><ele>388.482</ele><time>2024-06-22T10:48:26.081Z</time></trkpt><trkpt lat="42.929994" lon="-8.152458"><ele>388.521</ele><time>2024-06-22T10:48:30.081Z</time></trkpt><trkpt lat="42.929991" lon="-8.152523"><ele>388.449</ele><time>2024-06-22T10:48:34.081Z</time></trkpt><trkpt lat="42.929982" lon="-8.152588"><ele>388.327</ele><time>2024-06-22T10:48:38.081Z</time></trkpt><trkpt lat="42.929971" lon="-8.152655"><ele>388.256</ele><time>2024-06-22T10:48:42.081Z</time></trkpt><trkpt lat="42.929954" lon="-8.152725"><ele>388.259</ele><time>2024-06-22T10:48:45.081Z</time></trkpt><trkpt lat="42.929951" lon="-8.152797"><ele>388.014</ele><time>2024-06-22T10:48:51.081Z</time></trkpt><trkpt lat="42.929946" lon="-8.152868"><ele>388.009</ele><time>2024-06-22T10:48:56.081Z</time></trkpt><trkpt lat="42.929930" lon="-8.152933"><ele>388.046</ele><time>2024-06-22T10:49:00.081Z</time></trkpt><trkpt lat="42.929926" lon="-8.153004"><ele>387.722</ele><time>2024-06-22T10:49:04.081Z</time></trkpt><trkpt lat="42.929923" lon="-8.153073"><ele>387.560</ele><time>2024-06-22T10:49:08.081Z</time></trkpt><trkpt lat="42.929902" lon="-8.153136"><ele>387.065</ele><time>2024-06-22T10:49:12.081Z</time></trkpt><trkpt lat="42.929881" lon="-8.153205"><ele>387.045</ele><time>2024-06-22T10:49:17.081Z</time></trkpt><trkpt lat="42.929868" lon="-8.153282"><ele>386.999</ele><time>2024-06-22T10:49:21.081Z</time></trkpt><trkpt lat="42.929858" lon="-8.153344"><ele>387.878</ele><time>2024-06-22T10:49:25.081Z</time></trkpt><trkpt lat="42.929853" lon="-8.153413"><ele>387.896</ele><time>2024-06-22T10:49:29.081Z</time></trkpt><trkpt lat="42.929844" lon="-8.153485"><ele>387.814</ele><time>2024-06-22T10:49:33.081Z</time></trkpt><trkpt lat="42.929826" lon="-8.153543"><ele>387.125</ele><time>2024-06-22T10:49:37.081Z</time></trkpt><trkpt lat="42.929805" lon="-8.153606"><ele>386.826</ele><time>2024-06-22T10:49:41.081Z</time></trkpt><trkpt lat="42.929793" lon="-8.153674"><ele>386.808</ele><time>2024-06-22T10:49:45.081Z</time></trkpt><trkpt lat="42.929782" lon="-8.153738"><ele>386.909</ele><time>2024-06-22T10:49:49.081Z</time></trkpt><trkpt lat="42.929769" lon="-8.153806"><ele>387.113</ele><time>2024-06-22T10:49:53.081Z</time></trkpt><trkpt lat="42.929755" lon="-8.153873"><ele>387.699</ele><time>2024-06-22T10:49:57.081Z</time></trkpt><trkpt lat="42.929725" lon="-8.153930"><ele>387.757</ele><time>2024-06-22T10:50:01.081Z</time></trkpt><trkpt lat="42.929690" lon="-8.153976"><ele>387.862</ele><time>2024-06-22T10:50:05.081Z</time></trkpt><trkpt lat="42.929659" lon="-8.154032"><ele>387.892</ele><time>2024-06-22T10:50:09.081Z</time></trkpt><trkpt lat="42.929644" lon="-8.154094"><ele>388.316</ele><time>2024-06-22T10:50:13.081Z</time></trkpt><trkpt lat="42.929635" lon="-8.154157"><ele>389.025</ele><time>2024-06-22T10:50:17.081Z</time></trkpt><trkpt lat="42.929620" lon="-8.154216"><ele>389.623</ele><time>2024-06-22T10:50:21.081Z</time></trkpt><trkpt lat="42.929591" lon="-8.154280"><ele>390.011</ele><time>2024-06-22T10:50:26.081Z</time></trkpt><trkpt lat="42.929564" lon="-8.154342"><ele>390.518</ele><time>2024-06-22T10:50:30.081Z</time></trkpt><trkpt lat="42.929539" lon="-8.154403"><ele>391.298</ele><time>2024-06-22T10:50:34.081Z</time></trkpt><trkpt lat="42.929498" lon="-8.154457"><ele>391.717</ele><time>2024-06-22T10:50:38.081Z</time></trkpt><trkpt lat="42.929466" lon="-8.154505"><ele>391.709</ele><time>2024-06-22T10:50:42.081Z</time></trkpt><trkpt lat="42.929431" lon="-8.154560"><ele>389.822</ele><time>2024-06-22T10:51:56.081Z</time></trkpt><trkpt lat="42.929403" lon="-8.154623"><ele>389.818</ele><time>2024-06-22T10:52:01.081Z</time></trkpt><trkpt lat="42.929381" lon="-8.154691"><ele>389.886</ele><time>2024-06-22T10:52:06.081Z</time></trkpt><trkpt lat="42.929364" lon="-8.154755"><ele>389.751</ele><time>2024-06-22T10:52:10.081Z</time></trkpt><trkpt lat="42.929335" lon="-8.154808"><ele>390.021</ele><time>2024-06-22T10:52:15.081Z</time></trkpt><trkpt lat="42.929308" lon="-8.154863"><ele>389.925</ele><time>2024-06-22T10:52:19.081Z</time></trkpt><trkpt lat="42.929280" lon="-8.154921"><ele>388.994</ele><time>2024-06-22T10:52:23.081Z</time></trkpt><trkpt lat="42.929249" lon="-8.154977"><ele>388.632</ele><time>2024-06-22T10:52:27.081Z</time></trkpt><trkpt lat="42.929223" lon="-8.155031"><ele>388.220</ele><time>2024-06-22T10:52:31.081Z</time></trkpt><trkpt lat="42.929177" lon="-8.155069"><ele>387.972</ele><time>2024-06-22T10:52:35.081Z</time></trkpt><trkpt lat="42.929139" lon="-8.155117"><ele>388.013</ele><time>2024-06-22T10:52:39.081Z</time></trkpt><trkpt lat="42.929112" lon="-8.155167"><ele>388.014</ele><time>2024-06-22T10:52:43.069Z</time></trkpt><trkpt lat="42.929086" lon="-8.155230"><ele>388.909</ele><time>2024-06-22T10:52:48.067Z</time></trkpt><trkpt lat="42.929058" lon="-8.155288"><ele>389.228</ele><time>2024-06-22T10:52:53.064Z</time></trkpt><trkpt lat="42.929030" lon="-8.155346"><ele>389.364</ele><time>2024-06-22T10:52:58.067Z</time></trkpt><trkpt lat="42.929009" lon="-8.155405"><ele>389.412</ele><time>2024-06-22T10:53:03.069Z</time></trkpt><trkpt lat="42.928974" lon="-8.155462"><ele>389.357</ele><time>2024-06-22T10:53:08.069Z</time></trkpt><trkpt lat="42.928955" lon="-8.155532"><ele>389.167</ele><time>2024-06-22T10:53:13.069Z</time></trkpt><trkpt lat="42.928932" lon="-8.155590"><ele>388.721</ele><time>2024-06-22T10:53:17.069Z</time></trkpt><trkpt lat="42.928905" lon="-8.155650"><ele>387.870</ele><time>2024-06-22T10:53:22.069Z</time></trkpt><trkpt lat="42.928898" lon="-8.155726"><ele>387.288</ele><time>2024-06-22T10:53:27.069Z</time></trkpt><trkpt lat="42.928882" lon="-8.155798"><ele>387.076</ele><time>2024-06-22T10:53:32.069Z</time></trkpt><trkpt lat="42.928875" lon="-8.155876"><ele>386.869</ele><time>2024-06-22T10:53:37.069Z</time></trkpt><trkpt lat="42.928849" lon="-8.155941"><ele>386.404</ele><time>2024-06-22T10:53:42.069Z</time></trkpt><trkpt lat="42.928822" lon="-8.155990"><ele>385.324</ele><time>2024-06-22T10:53:46.069Z</time></trkpt><trkpt lat="42.928813" lon="-8.156059"><ele>385.009</ele><time>2024-06-22T10:53:50.069Z</time></trkpt><trkpt lat="42.928785" lon="-8.156111"><ele>385.097</ele><time>2024-06-22T10:53:54.069Z</time></trkpt><trkpt lat="42.928746" lon="-8.156169"><ele>385.413</ele><time>2024-06-22T10:53:59.069Z</time></trkpt><trkpt lat="42.928709" lon="-8.156213"><ele>385.911</ele><time>2024-06-22T10:54:03.069Z</time></trkpt><trkpt lat="42.928681" lon="-8.156272"><ele>386.026</ele><time>2024-06-22T10:54:08.069Z</time></trkpt><trkpt lat="42.928650" lon="-8.156332"><ele>386.676</ele><time>2024-06-22T10:54:13.069Z</time></trkpt><trkpt lat="42.928617" lon="-8.156392"><ele>387.560</ele><time>2024-06-22T10:54:18.069Z</time></trkpt><trkpt lat="42.928596" lon="-8.156461"><ele>387.679</ele><time>2024-06-22T10:54:22.069Z</time></trkpt><trkpt lat="42.928588" lon="-8.156536"><ele>387.797</ele><time>2024-06-22T10:54:26.069Z</time></trkpt><trkpt lat="42.928576" lon="-8.156603"><ele>387.955</ele><time>2024-06-22T10:54:30.069Z</time></trkpt><trkpt lat="42.928556" lon="-8.156666"><ele>388.245</ele><time>2024-06-22T10:54:34.069Z</time></trkpt><trkpt lat="42.928540" lon="-8.156731"><ele>388.247</ele><time>2024-06-22T10:54:38.069Z</time></trkpt><trkpt lat="42.928521" lon="-8.156789"><ele>388.211</ele><time>2024-06-22T10:54:41.069Z</time></trkpt><trkpt lat="42.928492" lon="-8.156843"><ele>388.209</ele><time>2024-06-22T10:54:45.069Z</time></trkpt><trkpt lat="42.928474" lon="-8.156901"><ele>388.235</ele><time>2024-06-22T10:54:49.069Z</time></trkpt><trkpt lat="42.928449" lon="-8.156956"><ele>388.111</ele><time>2024-06-22T10:54:53.069Z</time></trkpt><trkpt lat="42.928426" lon="-8.157011"><ele>386.619</ele><time>2024-06-22T10:54:57.069Z</time></trkpt><trkpt lat="42.928410" lon="-8.157070"><ele>385.754</ele><time>2024-06-22T10:55:01.069Z</time></trkpt><trkpt lat="42.928385" lon="-8.157123"><ele>385.544</ele><time>2024-06-22T10:55:05.069Z</time></trkpt><trkpt lat="42.928358" lon="-8.157182"><ele>385.538</ele><time>2024-06-22T10:55:09.069Z</time></trkpt><trkpt lat="42.928333" lon="-8.157242"><ele>385.327</ele><time>2024-06-22T10:55:13.069Z</time></trkpt><trkpt lat="42.928317" lon="-8.157307"><ele>385.145</ele><time>2024-06-22T10:55:17.069Z</time></trkpt><trkpt lat="42.928302" lon="-8.157372"><ele>385.193</ele><time>2024-06-22T10:55:21.069Z</time></trkpt><trkpt lat="42.928288" lon="-8.157432"><ele>385.036</ele><time>2024-06-22T10:55:25.069Z</time></trkpt><trkpt lat="42.928271" lon="-8.157498"><ele>385.017</ele><time>2024-06-22T10:55:29.069Z</time></trkpt><trkpt lat="42.928265" lon="-8.157559"><ele>384.918</ele><time>2024-06-22T10:55:32.069Z</time></trkpt><trkpt lat="42.928262" lon="-8.157629"><ele>385.109</ele><time>2024-06-22T10:55:36.069Z</time></trkpt><trkpt lat="42.928249" lon="-8.157698"><ele>385.194</ele><time>2024-06-22T10:55:40.069Z</time></trkpt><trkpt lat="42.928239" lon="-8.157760"><ele>385.940</ele><time>2024-06-22T10:55:43.069Z</time></trkpt><trkpt lat="42.928226" lon="-8.157828"><ele>386.728</ele><time>2024-06-22T10:55:47.069Z</time></trkpt><trkpt lat="42.928205" lon="-8.157884"><ele>387.023</ele><time>2024-06-22T10:55:51.069Z</time></trkpt><trkpt lat="42.928190" lon="-8.157942"><ele>388.073</ele><time>2024-06-22T10:55:55.069Z</time></trkpt><trkpt lat="42.928164" lon="-8.158010"><ele>388.077</ele><time>2024-06-22T10:56:00.069Z</time></trkpt><trkpt lat="42.928126" lon="-8.158061"><ele>388.036</ele><time>2024-06-22T10:56:04.069Z</time></trkpt><trkpt lat="42.928094" lon="-8.158119"><ele>387.784</ele><time>2024-06-22T10:56:08.069Z</time></trkpt><trkpt lat="42.928066" lon="-8.158167"><ele>387.612</ele><time>2024-06-22T10:56:12.069Z</time></trkpt><trkpt lat="42.928031" lon="-8.158219"><ele>387.437</ele><time>2024-06-22T10:56:16.069Z</time></trkpt><trkpt lat="42.928008" lon="-8.158278"><ele>387.249</ele><time>2024-06-22T10:56:20.069Z</time></trkpt><trkpt lat="42.927982" lon="-8.158329"><ele>387.013</ele><time>2024-06-22T10:56:24.069Z</time></trkpt><trkpt lat="42.927956" lon="-8.158381"><ele>386.709</ele><time>2024-06-22T10:56:28.069Z</time></trkpt><trkpt lat="42.927927" lon="-8.158433"><ele>386.474</ele><time>2024-06-22T10:56:32.069Z</time></trkpt><trkpt lat="42.927893" lon="-8.158484"><ele>386.130</ele><time>2024-06-22T10:56:36.069Z</time></trkpt><trkpt lat="42.927869" lon="-8.158543"><ele>385.848</ele><time>2024-06-22T10:56:40.069Z</time></trkpt><trkpt lat="42.927839" lon="-8.158596"><ele>385.833</ele><time>2024-06-22T10:56:45.069Z</time></trkpt><trkpt lat="42.927820" lon="-8.158662"><ele>386.573</ele><time>2024-06-22T10:56:50.069Z</time></trkpt><trkpt lat="42.927808" lon="-8.158737"><ele>387.787</ele><time>2024-06-22T10:56:55.069Z</time></trkpt><trkpt lat="42.927784" lon="-8.158805"><ele>388.096</ele><time>2024-06-22T10:57:00.069Z</time></trkpt><trkpt lat="42.927750" lon="-8.158853"><ele>387.984</ele><time>2024-06-22T10:57:05.069Z</time></trkpt><trkpt lat="42.927726" lon="-8.158920"><ele>387.832</ele><time>2024-06-22T10:57:10.069Z</time></trkpt><trkpt lat="42.927709" lon="-8.158993"><ele>387.583</ele><time>2024-06-22T10:57:15.069Z</time></trkpt><trkpt lat="42.927688" lon="-8.159052"><ele>387.325</ele><time>2024-06-22T10:57:20.069Z</time></trkpt><trkpt lat="42.927669" lon="-8.159114"><ele>387.117</ele><time>2024-06-22T10:57:25.069Z</time></trkpt><trkpt lat="42.927639" lon="-8.159166"><ele>386.909</ele><time>2024-06-22T10:57:29.069Z</time></trkpt><trkpt lat="42.927634" lon="-8.159229"><ele>386.699</ele><time>2024-06-22T10:57:43.069Z</time></trkpt><trkpt lat="42.927628" lon="-8.159292"><ele>386.465</ele><time>2024-06-22T10:57:48.069Z</time></trkpt><trkpt lat="42.927604" lon="-8.159354"><ele>386.313</ele><time>2024-06-22T10:57:54.069Z</time></trkpt><trkpt lat="42.927577" lon="-8.159411"><ele>386.588</ele><time>2024-06-22T10:57:59.069Z</time></trkpt><trkpt lat="42.927538" lon="-8.159457"><ele>386.778</ele><time>2024-06-22T10:58:04.069Z</time></trkpt><trkpt lat="42.927581" lon="-8.159435"><ele>386.952</ele><time>2024-06-22T10:58:21.069Z</time></trkpt><trkpt lat="42.927611" lon="-8.159379"><ele>387.241</ele><time>2024-06-22T10:58:25.069Z</time></trkpt><trkpt lat="42.927651" lon="-8.159336"><ele>387.549</ele><time>2024-06-22T10:58:30.069Z</time></trkpt><trkpt lat="42.927634" lon="-8.159278"><ele>387.877</ele><time>2024-06-22T10:58:40.069Z</time></trkpt><trkpt lat="42.927644" lon="-8.159344"><ele>388.188</ele><time>2024-06-22T10:58:50.069Z</time></trkpt><trkpt lat="42.927688" lon="-8.159387"><ele>388.124</ele><time>2024-06-22T10:58:55.069Z</time></trkpt><trkpt lat="42.927677" lon="-8.159526"><ele>388.126</ele><time>2024-06-22T10:59:11.069Z</time></trkpt><trkpt lat="42.927669" lon="-8.159465"><ele>389.809</ele><time>2024-06-22T10:59:12.069Z</time></trkpt><trkpt lat="42.927726" lon="-8.159406"><ele>390.949</ele><time>2024-06-22T10:59:13.069Z</time></trkpt><trkpt lat="42.927707" lon="-8.159344"><ele>391.185</ele><time>2024-06-22T10:59:15.069Z</time></trkpt><trkpt lat="42.927654" lon="-8.159325"><ele>393.023</ele><time>2024-06-22T10:59:21.069Z</time></trkpt><trkpt lat="42.927609" lon="-8.159296"><ele>393.158</ele><time>2024-06-22T10:59:27.069Z</time></trkpt><trkpt lat="42.927537" lon="-8.159330"><ele>393.378</ele><time>2024-06-22T10:59:54.069Z</time></trkpt><trkpt lat="42.927494" lon="-8.159350"><ele>393.392</ele><time>2024-06-22T10:59:57.069Z</time></trkpt><trkpt lat="42.927528" lon="-8.159393"><ele>393.421</ele><time>2024-06-22T11:00:01.069Z</time></trkpt><trkpt lat="42.927537" lon="-8.159331"><ele>393.469</ele><time>2024-06-22T11:00:09.069Z</time></trkpt><trkpt lat="42.927868" lon="-8.159134"><ele>393.457</ele><time>2024-06-22T11:00:33.069Z</time></trkpt><trkpt lat="42.927819" lon="-8.159175"><ele>390.413</ele><time>2024-06-22T11:00:34.069Z</time></trkpt><trkpt lat="42.927768" lon="-8.159422"><ele>422.943</ele><time>2024-06-22T11:17:46.066Z</time></trkpt><trkpt lat="42.927731" lon="-8.159474"><ele>405.207</ele><time>2024-06-22T11:18:17.066Z</time></trkpt><trkpt lat="42.927684" lon="-8.159496"><ele>388.509</ele><time>2024-06-22T11:19:00.066Z</time></trkpt><trkpt lat="42.927645" lon="-8.159535"><ele>387.062</ele><time>2024-06-22T11:19:04.066Z</time></trkpt><trkpt lat="42.927613" lon="-8.159586"><ele>386.958</ele><time>2024-06-22T11:19:09.066Z</time></trkpt><trkpt lat="42.927597" lon="-8.159654"><ele>386.836</ele><time>2024-06-22T11:19:13.066Z</time></trkpt><trkpt lat="42.927559" lon="-8.159694"><ele>387.071</ele><time>2024-06-22T11:19:18.066Z</time></trkpt><trkpt lat="42.927517" lon="-8.159739"><ele>385.131</ele><time>2024-06-22T11:19:25.066Z</time></trkpt><trkpt lat="42.927497" lon="-8.159801"><ele>385.425</ele><time>2024-06-22T11:19:32.066Z</time></trkpt><trkpt lat="42.927478" lon="-8.159858"><ele>384.944</ele><time>2024-06-22T11:19:38.066Z</time></trkpt><trkpt lat="42.927449" lon="-8.159914"><ele>385.032</ele><time>2024-06-22T11:19:43.066Z</time></trkpt><trkpt lat="42.927416" lon="-8.159960"><ele>385.560</ele><time>2024-06-22T11:19:48.066Z</time></trkpt><trkpt lat="42.927382" lon="-8.160010"><ele>385.771</ele><time>2024-06-22T11:19:53.066Z</time></trkpt><trkpt lat="42.927359" lon="-8.160079"><ele>385.441</ele><time>2024-06-22T11:19:58.066Z</time></trkpt><trkpt lat="42.927335" lon="-8.160144"><ele>385.715</ele><time>2024-06-22T11:20:03.066Z</time></trkpt><trkpt lat="42.927309" lon="-8.160204"><ele>386.209</ele><time>2024-06-22T11:20:07.066Z</time></trkpt><trkpt lat="42.927284" lon="-8.160256"><ele>386.368</ele><time>2024-06-22T11:20:11.066Z</time></trkpt><trkpt lat="42.927265" lon="-8.160326"><ele>385.994</ele><time>2024-06-22T11:20:16.066Z</time></trkpt><trkpt lat="42.927239" lon="-8.160394"><ele>385.942</ele><time>2024-06-22T11:20:21.066Z</time></trkpt><trkpt lat="42.927221" lon="-8.160461"><ele>385.337</ele><time>2024-06-22T11:20:26.066Z</time></trkpt><trkpt lat="42.927211" lon="-8.160527"><ele>384.367</ele><time>2024-06-22T11:20:31.066Z</time></trkpt><trkpt lat="42.927191" lon="-8.160585"><ele>384.481</ele><time>2024-06-22T11:20:36.066Z</time></trkpt><trkpt lat="42.927161" lon="-8.160641"><ele>383.870</ele><time>2024-06-22T11:20:42.066Z</time></trkpt><trkpt lat="42.927124" lon="-8.160692"><ele>383.718</ele><time>2024-06-22T11:20:48.066Z</time></trkpt><trkpt lat="42.927097" lon="-8.160753"><ele>384.326</ele><time>2024-06-22T11:20:53.066Z</time></trkpt><trkpt lat="42.927068" lon="-8.160816"><ele>384.695</ele><time>2024-06-22T11:20:58.066Z</time></trkpt><trkpt lat="42.927047" lon="-8.160872"><ele>384.849</ele><time>2024-06-22T11:21:02.066Z</time></trkpt><trkpt lat="42.927021" lon="-8.160939"><ele>385.223</ele><time>2024-06-22T11:21:07.066Z</time></trkpt><trkpt lat="42.926995" lon="-8.161007"><ele>385.509</ele><time>2024-06-22T11:21:12.066Z</time></trkpt><trkpt lat="42.926972" lon="-8.161070"><ele>386.020</ele><time>2024-06-22T11:21:16.066Z</time></trkpt><trkpt lat="42.926949" lon="-8.161136"><ele>387.026</ele><time>2024-06-22T11:21:21.066Z</time></trkpt><trkpt lat="42.926913" lon="-8.161181"><ele>387.284</ele><time>2024-06-22T11:21:26.066Z</time></trkpt><trkpt lat="42.926884" lon="-8.161236"><ele>387.669</ele><time>2024-06-22T11:21:32.066Z</time></trkpt><trkpt lat="42.926860" lon="-8.161293"><ele>387.679</ele><time>2024-06-22T11:21:37.066Z</time></trkpt><trkpt lat="42.926837" lon="-8.161348"><ele>387.623</ele><time>2024-06-22T11:21:42.066Z</time></trkpt><trkpt lat="42.926816" lon="-8.161408"><ele>385.852</ele><time>2024-06-22T11:21:55.066Z</time></trkpt><trkpt lat="42.926789" lon="-8.161470"><ele>385.870</ele><time>2024-06-22T11:22:01.066Z</time></trkpt><trkpt lat="42.926769" lon="-8.161531"><ele>385.668</ele><time>2024-06-22T11:22:06.066Z</time></trkpt><trkpt lat="42.926748" lon="-8.161594"><ele>385.347</ele><time>2024-06-22T11:22:11.066Z</time></trkpt><trkpt lat="42.926729" lon="-8.161651"><ele>385.329</ele><time>2024-06-22T11:22:16.066Z</time></trkpt><trkpt lat="42.926709" lon="-8.161719"><ele>384.221</ele><time>2024-06-22T11:22:21.066Z</time></trkpt><trkpt lat="42.926702" lon="-8.161789"><ele>382.209</ele><time>2024-06-22T11:22:26.066Z</time></trkpt><trkpt lat="42.926698" lon="-8.161855"><ele>381.085</ele><time>2024-06-22T11:22:31.066Z</time></trkpt><trkpt lat="42.926688" lon="-8.161922"><ele>381.151</ele><time>2024-06-22T11:22:36.066Z</time></trkpt><trkpt lat="42.926673" lon="-8.161980"><ele>381.049</ele><time>2024-06-22T11:22:41.066Z</time></trkpt><trkpt lat="42.926654" lon="-8.162041"><ele>381.274</ele><time>2024-06-22T11:22:45.066Z</time></trkpt><trkpt lat="42.926624" lon="-8.162092"><ele>381.884</ele><time>2024-06-22T11:22:50.066Z</time></trkpt><trkpt lat="42.926594" lon="-8.162149"><ele>382.178</ele><time>2024-06-22T11:22:56.066Z</time></trkpt><trkpt lat="42.926569" lon="-8.162201"><ele>381.927</ele><time>2024-06-22T11:23:01.066Z</time></trkpt><trkpt lat="42.926549" lon="-8.162257"><ele>381.855</ele><time>2024-06-22T11:23:05.066Z</time></trkpt><trkpt lat="42.926531" lon="-8.162313"><ele>381.313</ele><time>2024-06-22T11:23:09.066Z</time></trkpt><trkpt lat="42.926509" lon="-8.162371"><ele>381.395</ele><time>2024-06-22T11:23:14.066Z</time></trkpt><trkpt lat="42.926491" lon="-8.162431"><ele>380.149</ele><time>2024-06-22T11:23:19.066Z</time></trkpt><trkpt lat="42.926457" lon="-8.162473"><ele>377.923</ele><time>2024-06-22T11:23:24.066Z</time></trkpt><trkpt lat="42.926448" lon="-8.162538"><ele>376.009</ele><time>2024-06-22T11:23:29.066Z</time></trkpt><trkpt lat="42.926443" lon="-8.162607"><ele>375.940</ele><time>2024-06-22T11:23:34.066Z</time></trkpt><trkpt lat="42.926422" lon="-8.162676"><ele>375.896</ele><time>2024-06-22T11:23:39.066Z</time></trkpt><trkpt lat="42.926385" lon="-8.162718"><ele>375.874</ele><time>2024-06-22T11:23:44.066Z</time></trkpt><trkpt lat="42.926348" lon="-8.162760"><ele>376.599</ele><time>2024-06-22T11:23:48.066Z</time></trkpt><trkpt lat="42.926327" lon="-8.162826"><ele>377.289</ele><time>2024-06-22T11:23:53.066Z</time></trkpt><trkpt lat="42.926301" lon="-8.162889"><ele>379.333</ele><time>2024-06-22T11:23:58.066Z</time></trkpt><trkpt lat="42.926282" lon="-8.162947"><ele>380.872</ele><time>2024-06-22T11:24:01.066Z</time></trkpt><trkpt lat="42.926261" lon="-8.163014"><ele>383.710</ele><time>2024-06-22T11:24:06.066Z</time></trkpt><trkpt lat="42.926266" lon="-8.163076"><ele>383.838</ele><time>2024-06-22T11:24:10.066Z</time></trkpt><trkpt lat="42.926279" lon="-8.163143"><ele>382.932</ele><time>2024-06-22T11:24:21.066Z</time></trkpt><trkpt lat="42.926276" lon="-8.163211"><ele>381.492</ele><time>2024-06-22T11:24:27.066Z</time></trkpt><trkpt lat="42.926282" lon="-8.163288"><ele>381.311</ele><time>2024-06-22T11:24:33.066Z</time></trkpt><trkpt lat="42.926285" lon="-8.163360"><ele>381.309</ele><time>2024-06-22T11:24:38.066Z</time></trkpt><trkpt lat="42.926296" lon="-8.163423"><ele>382.164</ele><time>2024-06-22T11:24:43.066Z</time></trkpt><trkpt lat="42.926343" lon="-8.163431"><ele>383.530</ele><time>2024-06-22T11:24:53.066Z</time></trkpt><trkpt lat="42.926394" lon="-8.163433"><ele>384.438</ele><time>2024-06-22T11:25:02.066Z</time></trkpt><trkpt lat="42.926442" lon="-8.163432"><ele>385.463</ele><time>2024-06-22T11:25:08.066Z</time></trkpt><trkpt lat="42.926486" lon="-8.163451"><ele>387.753</ele><time>2024-06-22T11:25:37.066Z</time></trkpt><trkpt lat="42.926481" lon="-8.163388"><ele>387.477</ele><time>2024-06-22T11:25:45.066Z</time></trkpt><trkpt lat="42.926487" lon="-8.163321"><ele>387.996</ele><time>2024-06-22T11:25:49.066Z</time></trkpt><trkpt lat="42.926502" lon="-8.163249"><ele>388.254</ele><time>2024-06-22T11:25:54.066Z</time></trkpt><trkpt lat="42.926522" lon="-8.163193"><ele>388.152</ele><time>2024-06-22T11:25:58.066Z</time></trkpt><trkpt lat="42.926537" lon="-8.163132"><ele>387.249</ele><time>2024-06-22T11:26:02.066Z</time></trkpt><trkpt lat="42.926535" lon="-8.163059"><ele>388.902</ele><time>2024-06-22T11:26:09.066Z</time></trkpt><trkpt lat="42.926486" lon="-8.163064"><ele>388.822</ele><time>2024-06-22T11:26:14.066Z</time></trkpt><trkpt lat="42.926436" lon="-8.163045"><ele>388.109</ele><time>2024-06-22T11:26:19.066Z</time></trkpt><trkpt lat="42.926468" lon="-8.163091"><ele>388.035</ele><time>2024-06-22T11:26:39.066Z</time></trkpt><trkpt lat="42.926516" lon="-8.163090"><ele>387.221</ele><time>2024-06-22T11:26:53.066Z</time></trkpt><trkpt lat="42.926564" lon="-8.163079"><ele>387.349</ele><time>2024-06-22T11:26:58.066Z</time></trkpt><trkpt lat="42.926609" lon="-8.163059"><ele>387.214</ele><time>2024-06-22T11:27:04.066Z</time></trkpt><trkpt lat="42.926600" lon="-8.163124"><ele>387.064</ele><time>2024-06-22T11:27:12.066Z</time></trkpt><trkpt lat="42.926617" lon="-8.163186"><ele>387.168</ele><time>2024-06-22T11:27:19.066Z</time></trkpt><trkpt lat="42.926660" lon="-8.163213"><ele>387.067</ele><time>2024-06-22T11:27:33.066Z</time></trkpt><trkpt lat="42.926670" lon="-8.163275"><ele>386.745</ele><time>2024-06-22T11:27:46.066Z</time></trkpt><trkpt lat="42.926681" lon="-8.163343"><ele>386.923</ele><time>2024-06-22T11:27:51.066Z</time></trkpt><trkpt lat="42.926690" lon="-8.163404"><ele>386.955</ele><time>2024-06-22T11:27:56.066Z</time></trkpt><trkpt lat="42.926702" lon="-8.163476"><ele>386.107</ele><time>2024-06-22T11:28:23.069Z</time></trkpt><trkpt lat="42.926741" lon="-8.163519"><ele>386.017</ele><time>2024-06-22T11:28:30.064Z</time></trkpt><trkpt lat="42.926789" lon="-8.163534"><ele>385.509</ele><time>2024-06-22T11:29:09.064Z</time></trkpt><trkpt lat="42.926822" lon="-8.163577"><ele>385.576</ele><time>2024-06-22T11:29:13.064Z</time></trkpt><trkpt lat="42.926829" lon="-8.163639"><ele>385.542</ele><time>2024-06-22T11:29:18.064Z</time></trkpt><trkpt lat="42.926868" lon="-8.163692"><ele>384.780</ele><time>2024-06-22T11:29:22.064Z</time></trkpt><trkpt lat="42.926884" lon="-8.163751"><ele>384.765</ele><time>2024-06-22T11:29:25.064Z</time></trkpt><trkpt lat="42.926890" lon="-8.163817"><ele>386.015</ele><time>2024-06-22T11:29:30.064Z</time></trkpt><trkpt lat="42.926915" lon="-8.163875"><ele>384.679</ele><time>2024-06-22T11:29:37.064Z</time></trkpt><trkpt lat="42.926962" lon="-8.163887"><ele>384.048</ele><time>2024-06-22T11:29:43.064Z</time></trkpt><trkpt lat="42.927009" lon="-8.163874"><ele>383.476</ele><time>2024-06-22T11:29:48.064Z</time></trkpt><trkpt lat="42.927060" lon="-8.163881"><ele>382.834</ele><time>2024-06-22T11:29:54.064Z</time></trkpt><trkpt lat="42.927115" lon="-8.163882"><ele>382.873</ele><time>2024-06-22T11:30:00.064Z</time></trkpt><trkpt lat="42.927163" lon="-8.163873"><ele>382.885</ele><time>2024-06-22T11:30:05.064Z</time></trkpt><trkpt lat="42.927209" lon="-8.163886"><ele>383.613</ele><time>2024-06-22T11:30:10.064Z</time></trkpt><trkpt lat="42.927252" lon="-8.163910"><ele>384.109</ele><time>2024-06-22T11:30:15.064Z</time></trkpt><trkpt lat="42.927304" lon="-8.163937"><ele>384.468</ele><time>2024-06-22T11:30:20.064Z</time></trkpt><trkpt lat="42.927358" lon="-8.163956"><ele>385.514</ele><time>2024-06-22T11:30:25.064Z</time></trkpt><trkpt lat="42.927405" lon="-8.163953"><ele>388.612</ele><time>2024-06-22T11:30:29.064Z</time></trkpt><trkpt lat="42.927451" lon="-8.163953"><ele>389.967</ele><time>2024-06-22T11:30:33.064Z</time></trkpt><trkpt lat="42.927503" lon="-8.163951"><ele>391.177</ele><time>2024-06-22T11:30:38.064Z</time></trkpt><trkpt lat="42.927546" lon="-8.163933"><ele>391.341</ele><time>2024-06-22T11:30:42.064Z</time></trkpt><trkpt lat="42.927589" lon="-8.163896"><ele>391.450</ele><time>2024-06-22T11:30:46.064Z</time></trkpt><trkpt lat="42.927639" lon="-8.163875"><ele>391.458</ele><time>2024-06-22T11:30:51.064Z</time></trkpt><trkpt lat="42.927696" lon="-8.163863"><ele>391.476</ele><time>2024-06-22T11:30:56.064Z</time></trkpt><trkpt lat="42.927737" lon="-8.163892"><ele>391.149</ele><time>2024-06-22T11:31:00.064Z</time></trkpt><trkpt lat="42.927778" lon="-8.163861"><ele>390.702</ele><time>2024-06-22T11:31:03.064Z</time></trkpt><trkpt lat="42.927821" lon="-8.163838"><ele>389.822</ele><time>2024-06-22T11:31:07.064Z</time></trkpt><trkpt lat="42.927866" lon="-8.163872"><ele>388.209</ele><time>2024-06-22T11:31:12.064Z</time></trkpt><trkpt lat="42.927905" lon="-8.163925"><ele>388.125</ele><time>2024-06-22T11:31:16.064Z</time></trkpt><trkpt lat="42.927951" lon="-8.163941"><ele>388.391</ele><time>2024-06-22T11:31:21.064Z</time></trkpt><trkpt lat="42.928003" lon="-8.163913"><ele>389.859</ele><time>2024-06-22T11:31:26.064Z</time></trkpt><trkpt lat="42.928055" lon="-8.163893"><ele>393.094</ele><time>2024-06-22T11:31:30.064Z</time></trkpt><trkpt lat="42.928104" lon="-8.163879"><ele>396.774</ele><time>2024-06-22T11:31:34.064Z</time></trkpt><trkpt lat="42.928153" lon="-8.163872"><ele>396.878</ele><time>2024-06-22T11:31:38.064Z</time></trkpt><trkpt lat="42.928203" lon="-8.163855"><ele>396.847</ele><time>2024-06-22T11:31:42.064Z</time></trkpt><trkpt lat="42.928246" lon="-8.163931"><ele>396.755</ele><time>2024-06-22T11:31:45.064Z</time></trkpt><trkpt lat="42.928262" lon="-8.163873"><ele>396.063</ele><time>2024-06-22T11:31:47.064Z</time></trkpt></trkseg></trk></gpx>