<?xml version="1.0" encoding="UTF-8"?><gpx creator="Wikiloc - https://www.wikiloc.com" version="1.1" xmlns="http://www.topografix.com/GPX/1/1" xmlns:xsi="http://www.w3.org/2001/XMLSchema-instance" xsi:schemaLocation="http://www.topografix.com/GPX/1/1 http://www.topografix.com/GPX/1/1/gpx.xsd"><metadata><name>Wikiloc - Palas de Rei - Melide, Camino de Santiago Francés.</name><author><name>Pájaro Kuy Kuy</name><link href="https://www.wikiloc.com/wikiloc/user.do?id=4941963"><text>Pájaro Kuy Kuy on Wikiloc</text></link></author><link href="https://www.wikiloc.com/hiking-trails/palas-de-rey-melide-camino-de-santiago-frances-174832590"><text>Palas de Rei - Melide, Camino de Santiago Francés. on Wikiloc</text></link><time>2024-06-21T10:25:07.103Z</time></metadata><trk><name>Palas de Rei - Melide, Camino de Santiago Francés. - Wikiloc</name><cmt></cmt><desc></desc><trkseg><trkpt lat="42.872681" lon="-7.867182"><ele>585.784</ele><time>2024-06-21T05:45:36Z</time></trkpt><trkpt lat="42.872755" lon="-7.867305"><ele>585.707</ele><time>2024-06-21T05:45:42.109Z</time></trkpt><trkpt lat="42.872778" lon="-7.867369"><ele>585.617</ele><time>2024-06-21T05:45:48.112Z</time></trkpt><trkpt lat="42.872772" lon="-7.867437"><ele>587.009</ele><time>2024-06-21T05:46:07.112Z</time></trkpt><trkpt lat="42.872751" lon="-7.867496"><ele>585.779</ele><time>2024-06-21T05:46:27.112Z</time></trkpt><trkpt lat="42.872729" lon="-7.867557"><ele>585.435</ele><time>2024-06-21T05:46:35.112Z</time></trkpt><trkpt lat="42.872702" lon="-7.867612"><ele>585.482</ele><time>2024-06-21T05:46:40.112Z</time></trkpt><trkpt lat="42.872667" lon="-7.867658"><ele>585.286</ele><time>2024-06-21T05:46:46.112Z</time></trkpt><trkpt lat="42.872652" lon="-7.867732"><ele>584.111</ele><time>2024-06-21T05:46:51.112Z</time></trkpt><trkpt lat="42.872641" lon="-7.867802"><ele>580.110</ele><time>2024-06-21T05:46:57.112Z</time></trkpt><trkpt lat="42.872605" lon="-7.867847"><ele>576.483</ele><time>2024-06-21T05:47:11.112Z</time></trkpt><trkpt lat="42.872581" lon="-7.867915"><ele>576.187</ele><time>2024-06-21T05:47:15.112Z</time></trkpt><trkpt lat="42.872550" lon="-7.867960"><ele>575.978</ele><time>2024-06-21T05:47:18.112Z</time></trkpt><trkpt lat="42.872508" lon="-7.868009"><ele>575.691</ele><time>2024-06-21T05:47:23.112Z</time></trkpt><trkpt lat="42.872469" lon="-7.868055"><ele>574.881</ele><time>2024-06-21T05:47:34.112Z</time></trkpt><trkpt lat="42.872418" lon="-7.868078"><ele>574.019</ele><time>2024-06-21T05:47:40.112Z</time></trkpt><trkpt lat="42.872457" lon="-7.868125"><ele>568.609</ele><time>2024-06-21T05:48:06.112Z</time></trkpt><trkpt lat="42.872505" lon="-7.868118"><ele>568.420</ele><time>2024-06-21T05:48:11.112Z</time></trkpt><trkpt lat="42.872559" lon="-7.868130"><ele>568.366</ele><time>2024-06-21T05:48:17.112Z</time></trkpt><trkpt lat="42.872603" lon="-7.868147"><ele>568.283</ele><time>2024-06-21T05:48:21.112Z</time></trkpt><trkpt lat="42.872645" lon="-7.868186"><ele>568.197</ele><time>2024-06-21T05:48:26.112Z</time></trkpt><trkpt lat="42.872693" lon="-7.868213"><ele>566.922</ele><time>2024-06-21T05:48:31.112Z</time></trkpt><trkpt lat="42.872743" lon="-7.868234"><ele>566.781</ele><time>2024-06-21T05:48:37.112Z</time></trkpt><trkpt lat="42.872789" lon="-7.868244"><ele>566.054</ele><time>2024-06-21T05:48:42.112Z</time></trkpt><trkpt lat="42.872838" lon="-7.868240"><ele>563.388</ele><time>2024-06-21T05:48:48.112Z</time></trkpt><trkpt lat="42.872882" lon="-7.868262"><ele>562.739</ele><time>2024-06-21T05:48:56.112Z</time></trkpt><trkpt lat="42.872936" lon="-7.868289"><ele>562.669</ele><time>2024-06-21T05:49:00.112Z</time></trkpt><trkpt lat="42.872988" lon="-7.868300"><ele>562.004</ele><time>2024-06-21T05:49:04.112Z</time></trkpt><trkpt lat="42.873035" lon="-7.868299"><ele>562.324</ele><time>2024-06-21T05:49:08.112Z</time></trkpt><trkpt lat="42.873036" lon="-7.868369"><ele>573.009</ele><time>2024-06-21T05:49:17.112Z</time></trkpt><trkpt lat="42.873003" lon="-7.868421"><ele>576.717</ele><time>2024-06-21T05:49:22.112Z</time></trkpt><trkpt lat="42.872985" lon="-7.868358"><ele>579.213</ele><time>2024-06-21T05:49:31.112Z</time></trkpt><trkpt lat="42.873035" lon="-7.868375"><ele>580.090</ele><time>2024-06-21T05:49:37.112Z</time></trkpt><trkpt lat="42.873064" lon="-7.868430"><ele>581.794</ele><time>2024-06-21T05:49:41.112Z</time></trkpt><trkpt lat="42.873098" lon="-7.868473"><ele>583.429</ele><time>2024-06-21T05:49:46.112Z</time></trkpt><trkpt lat="42.873113" lon="-7.868536"><ele>584.218</ele><time>2024-06-21T05:49:51.112Z</time></trkpt><trkpt lat="42.873151" lon="-7.868596"><ele>583.481</ele><time>2024-06-21T05:49:55.112Z</time></trkpt><trkpt lat="42.873181" lon="-7.868666"><ele>581.525</ele><time>2024-06-21T05:49:59.112Z</time></trkpt><trkpt lat="42.873209" lon="-7.868726"><ele>578.096</ele><time>2024-06-21T05:50:04.112Z</time></trkpt><trkpt lat="42.873238" lon="-7.868787"><ele>572.772</ele><time>2024-06-21T05:50:10.112Z</time></trkpt><trkpt lat="42.873243" lon="-7.868852"><ele>568.913</ele><time>2024-06-21T05:50:15.112Z</time></trkpt><trkpt lat="42.873253" lon="-7.868917"><ele>567.414</ele><time>2024-06-21T05:50:20.112Z</time></trkpt><trkpt lat="42.873291" lon="-7.868965"><ele>565.309</ele><time>2024-06-21T05:50:25.112Z</time></trkpt><trkpt lat="42.873329" lon="-7.868930"><ele>563.728</ele><time>2024-06-21T05:50:30.112Z</time></trkpt><trkpt lat="42.873252" lon="-7.869078"><ele>570.754</ele><time>2024-06-21T05:57:01.106Z</time></trkpt><trkpt lat="42.873278" lon="-7.869137"><ele>566.221</ele><time>2024-06-21T05:57:34.106Z</time></trkpt><trkpt lat="42.873270" lon="-7.869199"><ele>565.635</ele><time>2024-06-21T05:57:39.106Z</time></trkpt><trkpt lat="42.873285" lon="-7.869266"><ele>563.290</ele><time>2024-06-21T05:57:45.106Z</time></trkpt><trkpt lat="42.873303" lon="-7.869333"><ele>561.739</ele><time>2024-06-21T05:57:51.106Z</time></trkpt><trkpt lat="42.873322" lon="-7.869394"><ele>560.992</ele><time>2024-06-21T05:57:57.106Z</time></trkpt><trkpt lat="42.873326" lon="-7.869461"><ele>560.856</ele><time>2024-06-21T05:58:03.106Z</time></trkpt><trkpt lat="42.873309" lon="-7.869532"><ele>560.937</ele><time>2024-06-21T05:58:09.106Z</time></trkpt><trkpt lat="42.873309" lon="-7.869600"><ele>560.811</ele><time>2024-06-21T05:58:14.106Z</time></trkpt><trkpt lat="42.873327" lon="-7.869660"><ele>561.221</ele><time>2024-06-21T05:58:21.106Z</time></trkpt><trkpt lat="42.873327" lon="-7.869724"><ele>561.303</ele><time>2024-06-21T05:58:26.106Z</time></trkpt><trkpt lat="42.873332" lon="-7.869786"><ele>561.509</ele><time>2024-06-21T05:58:31.106Z</time></trkpt><trkpt lat="42.873335" lon="-7.869855"><ele>561.562</ele><time>2024-06-21T05:58:36.106Z</time></trkpt><trkpt lat="42.873339" lon="-7.869931"><ele>561.418</ele><time>2024-06-21T05:58:40.106Z</time></trkpt><trkpt lat="42.873330" lon="-7.869992"><ele>561.355</ele><time>2024-06-21T05:58:45.106Z</time></trkpt><trkpt lat="42.873291" lon="-7.870045"><ele>558.589</ele><time>2024-06-21T05:58:50.106Z</time></trkpt><trkpt lat="42.873267" lon="-7.870111"><ele>554.694</ele><time>2024-06-21T05:58:59.106Z</time></trkpt><trkpt lat="42.873290" lon="-7.870164"><ele>553.843</ele><time>2024-06-21T05:59:09.106Z</time></trkpt><trkpt lat="42.873323" lon="-7.870217"><ele>553.646</ele><time>2024-06-21T05:59:15.106Z</time></trkpt><trkpt lat="42.873364" lon="-7.870242"><ele>553.530</ele><time>2024-06-21T05:59:21.106Z</time></trkpt><trkpt lat="42.873408" lon="-7.870278"><ele>553.421</ele><time>2024-06-21T05:59:26.106Z</time></trkpt><trkpt lat="42.873438" lon="-7.870333"><ele>553.233</ele><time>2024-06-21T05:59:31.109Z</time></trkpt><trkpt lat="42.873459" lon="-7.870401"><ele>553.123</ele><time>2024-06-21T05:59:36.111Z</time></trkpt><trkpt lat="42.873473" lon="-7.870473"><ele>553.015</ele><time>2024-06-21T05:59:40.107Z</time></trkpt><trkpt lat="42.873444" lon="-7.870525"><ele>553.009</ele><time>2024-06-21T05:59:45.112Z</time></trkpt><trkpt lat="42.873417" lon="-7.870586"><ele>553.144</ele><time>2024-06-21T05:59:50.114Z</time></trkpt><trkpt lat="42.873400" lon="-7.870657"><ele>553.090</ele><time>2024-06-21T05:59:55.114Z</time></trkpt><trkpt lat="42.873411" lon="-7.870724"><ele>552.957</ele><time>2024-06-21T05:59:59.112Z</time></trkpt><trkpt lat="42.873395" lon="-7.870788"><ele>551.961</ele><time>2024-06-21T06:00:04.112Z</time></trkpt><trkpt lat="42.873388" lon="-7.870858"><ele>551.396</ele><time>2024-06-21T06:00:08.113Z</time></trkpt><trkpt lat="42.873396" lon="-7.870927"><ele>548.895</ele><time>2024-06-21T06:00:13.112Z</time></trkpt><trkpt lat="42.873388" lon="-7.870997"><ele>548.478</ele><time>2024-06-21T06:00:18.111Z</time></trkpt><trkpt lat="42.873372" lon="-7.871066"><ele>548.272</ele><time>2024-06-21T06:00:24.110Z</time></trkpt><trkpt lat="42.873352" lon="-7.871138"><ele>547.743</ele><time>2024-06-21T06:00:30.110Z</time></trkpt><trkpt lat="42.873345" lon="-7.871200"><ele>547.644</ele><time>2024-06-21T06:00:34.107Z</time></trkpt><trkpt lat="42.873344" lon="-7.871267"><ele>545.705</ele><time>2024-06-21T06:00:39.112Z</time></trkpt><trkpt lat="42.873338" lon="-7.871332"><ele>543.615</ele><time>2024-06-21T06:00:44.115Z</time></trkpt><trkpt lat="42.873334" lon="-7.871405"><ele>540.509</ele><time>2024-06-21T06:00:49.115Z</time></trkpt><trkpt lat="42.873327" lon="-7.871473"><ele>538.525</ele><time>2024-06-21T06:00:54.114Z</time></trkpt><trkpt lat="42.873321" lon="-7.871547"><ele>537.931</ele><time>2024-06-21T06:00:59.113Z</time></trkpt><trkpt lat="42.873308" lon="-7.871617"><ele>537.068</ele><time>2024-06-21T06:01:04.116Z</time></trkpt><trkpt lat="42.873303" lon="-7.871693"><ele>536.492</ele><time>2024-06-21T06:01:09.114Z</time></trkpt><trkpt lat="42.873299" lon="-7.871770"><ele>536.327</ele><time>2024-06-21T06:01:14.119Z</time></trkpt><trkpt lat="42.873296" lon="-7.871844"><ele>536.096</ele><time>2024-06-21T06:01:19.115Z</time></trkpt><trkpt lat="42.873292" lon="-7.871906"><ele>536.079</ele><time>2024-06-21T06:01:23.113Z</time></trkpt><trkpt lat="42.873293" lon="-7.871969"><ele>536.413</ele><time>2024-06-21T06:01:27.112Z</time></trkpt><trkpt lat="42.873294" lon="-7.872033"><ele>536.734</ele><time>2024-06-21T06:01:31.117Z</time></trkpt><trkpt lat="42.873302" lon="-7.872100"><ele>536.698</ele><time>2024-06-21T06:01:35.107Z</time></trkpt><trkpt lat="42.873306" lon="-7.872162"><ele>536.615</ele><time>2024-06-21T06:01:39.114Z</time></trkpt><trkpt lat="42.873328" lon="-7.872230"><ele>536.526</ele><time>2024-06-21T06:01:44.116Z</time></trkpt><trkpt lat="42.873376" lon="-7.872231"><ele>536.209</ele><time>2024-06-21T06:01:51.113Z</time></trkpt><trkpt lat="42.873329" lon="-7.872240"><ele>538.350</ele><time>2024-06-21T06:02:21.114Z</time></trkpt><trkpt lat="42.873312" lon="-7.872297"><ele>538.326</ele><time>2024-06-21T06:02:47.112Z</time></trkpt><trkpt lat="42.873316" lon="-7.872361"><ele>538.373</ele><time>2024-06-21T06:02:51.115Z</time></trkpt><trkpt lat="42.873313" lon="-7.872430"><ele>538.357</ele><time>2024-06-21T06:02:56.114Z</time></trkpt><trkpt lat="42.873307" lon="-7.872495"><ele>537.592</ele><time>2024-06-21T06:03:01.115Z</time></trkpt><trkpt lat="42.873329" lon="-7.872556"><ele>533.271</ele><time>2024-06-21T06:03:23.112Z</time></trkpt><trkpt lat="42.873363" lon="-7.872607"><ele>533.174</ele><time>2024-06-21T06:03:28.108Z</time></trkpt><trkpt lat="42.873413" lon="-7.872629"><ele>533.148</ele><time>2024-06-21T06:03:33.113Z</time></trkpt><trkpt lat="42.873460" lon="-7.872649"><ele>533.119</ele><time>2024-06-21T06:03:37.118Z</time></trkpt><trkpt lat="42.873508" lon="-7.872676"><ele>534.099</ele><time>2024-06-21T06:03:41.117Z</time></trkpt><trkpt lat="42.873548" lon="-7.872712"><ele>535.507</ele><time>2024-06-21T06:03:45.119Z</time></trkpt><trkpt lat="42.873592" lon="-7.872731"><ele>535.527</ele><time>2024-06-21T06:03:49.118Z</time></trkpt><trkpt lat="42.873641" lon="-7.872745"><ele>535.709</ele><time>2024-06-21T06:03:54.114Z</time></trkpt><trkpt lat="42.873694" lon="-7.872755"><ele>535.630</ele><time>2024-06-21T06:03:59.111Z</time></trkpt><trkpt lat="42.873747" lon="-7.872779"><ele>535.776</ele><time>2024-06-21T06:04:03.123Z</time></trkpt><trkpt lat="42.873798" lon="-7.872803"><ele>535.673</ele><time>2024-06-21T06:04:07.129Z</time></trkpt><trkpt lat="42.873852" lon="-7.872819"><ele>536.057</ele><time>2024-06-21T06:04:12.119Z</time></trkpt><trkpt lat="42.873901" lon="-7.872844"><ele>536.182</ele><time>2024-06-21T06:04:17.115Z</time></trkpt><trkpt lat="42.873949" lon="-7.872871"><ele>537.181</ele><time>2024-06-21T06:04:21.107Z</time></trkpt><trkpt lat="42.873998" lon="-7.872903"><ele>538.084</ele><time>2024-06-21T06:04:26.111Z</time></trkpt><trkpt lat="42.874042" lon="-7.872930"><ele>538.648</ele><time>2024-06-21T06:04:30.125Z</time></trkpt><trkpt lat="42.874086" lon="-7.872956"><ele>540.479</ele><time>2024-06-21T06:04:34.109Z</time></trkpt><trkpt lat="42.874131" lon="-7.872990"><ele>540.961</ele><time>2024-06-21T06:04:38.117Z</time></trkpt><trkpt lat="42.874173" lon="-7.873040"><ele>541.121</ele><time>2024-06-21T06:04:43.113Z</time></trkpt><trkpt lat="42.874184" lon="-7.873103"><ele>541.213</ele><time>2024-06-21T06:04:47.134Z</time></trkpt><trkpt lat="42.874184" lon="-7.873165"><ele>541.109</ele><time>2024-06-21T06:04:51.115Z</time></trkpt><trkpt lat="42.874182" lon="-7.873235"><ele>540.987</ele><time>2024-06-21T06:04:55.116Z</time></trkpt><trkpt lat="42.874180" lon="-7.873304"><ele>540.853</ele><time>2024-06-21T06:04:59.117Z</time></trkpt><trkpt lat="42.874190" lon="-7.873373"><ele>540.180</ele><time>2024-06-21T06:05:03.114Z</time></trkpt><trkpt lat="42.874193" lon="-7.873436"><ele>539.534</ele><time>2024-06-21T06:05:07.120Z</time></trkpt><trkpt lat="42.874194" lon="-7.873498"><ele>539.179</ele><time>2024-06-21T06:05:11.128Z</time></trkpt><trkpt lat="42.874199" lon="-7.873560"><ele>539.058</ele><time>2024-06-21T06:05:15.109Z</time></trkpt><trkpt lat="42.874203" lon="-7.873623"><ele>538.931</ele><time>2024-06-21T06:05:19.112Z</time></trkpt><trkpt lat="42.874210" lon="-7.873688"><ele>538.935</ele><time>2024-06-21T06:05:23.113Z</time></trkpt><trkpt lat="42.874215" lon="-7.873763"><ele>538.866</ele><time>2024-06-21T06:05:28.114Z</time></trkpt><trkpt lat="42.874222" lon="-7.873831"><ele>538.753</ele><time>2024-06-21T06:05:32.115Z</time></trkpt><trkpt lat="42.874233" lon="-7.873907"><ele>537.804</ele><time>2024-06-21T06:05:37.114Z</time></trkpt><trkpt lat="42.874237" lon="-7.873970"><ele>536.214</ele><time>2024-06-21T06:05:41.116Z</time></trkpt><trkpt lat="42.874238" lon="-7.874034"><ele>535.909</ele><time>2024-06-21T06:05:45.113Z</time></trkpt><trkpt lat="42.874249" lon="-7.874106"><ele>535.556</ele><time>2024-06-21T06:05:50.114Z</time></trkpt><trkpt lat="42.874259" lon="-7.874172"><ele>535.492</ele><time>2024-06-21T06:05:54.131Z</time></trkpt><trkpt lat="42.874261" lon="-7.874239"><ele>535.449</ele><time>2024-06-21T06:05:58.115Z</time></trkpt><trkpt lat="42.874265" lon="-7.874320"><ele>535.663</ele><time>2024-06-21T06:06:03.110Z</time></trkpt><trkpt lat="42.874270" lon="-7.874391"><ele>536.438</ele><time>2024-06-21T06:06:07.111Z</time></trkpt><trkpt lat="42.874270" lon="-7.874465"><ele>536.527</ele><time>2024-06-21T06:06:12.117Z</time></trkpt><trkpt lat="42.874259" lon="-7.874537"><ele>536.760</ele><time>2024-06-21T06:06:17.116Z</time></trkpt><trkpt lat="42.874250" lon="-7.874600"><ele>536.814</ele><time>2024-06-21T06:06:22.111Z</time></trkpt><trkpt lat="42.874241" lon="-7.874673"><ele>537.365</ele><time>2024-06-21T06:06:47.109Z</time></trkpt><trkpt lat="42.874210" lon="-7.874724"><ele>537.423</ele><time>2024-06-21T06:06:53.111Z</time></trkpt><trkpt lat="42.874197" lon="-7.874787"><ele>537.083</ele><time>2024-06-21T06:07:00.117Z</time></trkpt><trkpt lat="42.874163" lon="-7.874840"><ele>537.011</ele><time>2024-06-21T06:07:06.111Z</time></trkpt><trkpt lat="42.874157" lon="-7.874903"><ele>536.409</ele><time>2024-06-21T06:07:20.114Z</time></trkpt><trkpt lat="42.874135" lon="-7.874963"><ele>536.043</ele><time>2024-06-21T06:07:24.110Z</time></trkpt><trkpt lat="42.874095" lon="-7.875007"><ele>536.099</ele><time>2024-06-21T06:07:28.120Z</time></trkpt><trkpt lat="42.874050" lon="-7.875044"><ele>536.046</ele><time>2024-06-21T06:07:34.111Z</time></trkpt><trkpt lat="42.874011" lon="-7.875088"><ele>536.080</ele><time>2024-06-21T06:07:38.118Z</time></trkpt><trkpt lat="42.873965" lon="-7.875130"><ele>535.245</ele><time>2024-06-21T06:07:43.110Z</time></trkpt><trkpt lat="42.873924" lon="-7.875171"><ele>533.664</ele><time>2024-06-21T06:07:48.114Z</time></trkpt><trkpt lat="42.873886" lon="-7.875212"><ele>533.287</ele><time>2024-06-21T06:07:52.116Z</time></trkpt><trkpt lat="42.873855" lon="-7.875256"><ele>533.081</ele><time>2024-06-21T06:07:56.121Z</time></trkpt><trkpt lat="42.873827" lon="-7.875321"><ele>532.662</ele><time>2024-06-21T06:08:01.117Z</time></trkpt><trkpt lat="42.873797" lon="-7.875372"><ele>532.224</ele><time>2024-06-21T06:08:06.119Z</time></trkpt><trkpt lat="42.873767" lon="-7.875433"><ele>531.804</ele><time>2024-06-21T06:08:10.115Z</time></trkpt><trkpt lat="42.873747" lon="-7.875502"><ele>531.214</ele><time>2024-06-21T06:08:14.118Z</time></trkpt><trkpt lat="42.873735" lon="-7.875562"><ele>530.009</ele><time>2024-06-21T06:08:18.121Z</time></trkpt><trkpt lat="42.873710" lon="-7.875619"><ele>529.133</ele><time>2024-06-21T06:08:22.109Z</time></trkpt><trkpt lat="42.873672" lon="-7.875654"><ele>528.919</ele><time>2024-06-21T06:08:26.117Z</time></trkpt><trkpt lat="42.873627" lon="-7.875672"><ele>528.816</ele><time>2024-06-21T06:08:30.118Z</time></trkpt><trkpt lat="42.873582" lon="-7.875672"><ele>528.940</ele><time>2024-06-21T06:08:34.110Z</time></trkpt><trkpt lat="42.873534" lon="-7.875668"><ele>529.025</ele><time>2024-06-21T06:08:38.111Z</time></trkpt><trkpt lat="42.873488" lon="-7.875672"><ele>529.244</ele><time>2024-06-21T06:08:42.108Z</time></trkpt><trkpt lat="42.873435" lon="-7.875689"><ele>529.457</ele><time>2024-06-21T06:08:47.112Z</time></trkpt><trkpt lat="42.873426" lon="-7.875751"><ele>529.371</ele><time>2024-06-21T06:08:52.109Z</time></trkpt><trkpt lat="42.873409" lon="-7.875810"><ele>529.062</ele><time>2024-06-21T06:08:56.112Z</time></trkpt><trkpt lat="42.873392" lon="-7.875883"><ele>526.026</ele><time>2024-06-21T06:09:01.112Z</time></trkpt><trkpt lat="42.873380" lon="-7.875949"><ele>526.047</ele><time>2024-06-21T06:09:05.206Z</time></trkpt><trkpt lat="42.873364" lon="-7.876018"><ele>525.811</ele><time>2024-06-21T06:09:10.111Z</time></trkpt><trkpt lat="42.873350" lon="-7.876082"><ele>525.809</ele><time>2024-06-21T06:09:15.113Z</time></trkpt><trkpt lat="42.873334" lon="-7.876141"><ele>525.883</ele><time>2024-06-21T06:09:19.117Z</time></trkpt><trkpt lat="42.873323" lon="-7.876211"><ele>525.779</ele><time>2024-06-21T06:09:23.126Z</time></trkpt><trkpt lat="42.873311" lon="-7.876290"><ele>524.256</ele><time>2024-06-21T06:09:29.114Z</time></trkpt><trkpt lat="42.873301" lon="-7.876353"><ele>524.130</ele><time>2024-06-21T06:09:33.115Z</time></trkpt><trkpt lat="42.873293" lon="-7.876415"><ele>523.635</ele><time>2024-06-21T06:09:37.112Z</time></trkpt><trkpt lat="42.873278" lon="-7.876478"><ele>523.344</ele><time>2024-06-21T06:09:41.117Z</time></trkpt><trkpt lat="42.873256" lon="-7.876546"><ele>522.247</ele><time>2024-06-21T06:09:46.116Z</time></trkpt><trkpt lat="42.873247" lon="-7.876608"><ele>521.441</ele><time>2024-06-21T06:09:51.108Z</time></trkpt><trkpt lat="42.873234" lon="-7.876674"><ele>521.112</ele><time>2024-06-21T06:09:57.122Z</time></trkpt><trkpt lat="42.873221" lon="-7.876735"><ele>520.773</ele><time>2024-06-21T06:10:01.118Z</time></trkpt><trkpt lat="42.873212" lon="-7.876804"><ele>520.785</ele><time>2024-06-21T06:10:05.114Z</time></trkpt><trkpt lat="42.873208" lon="-7.876877"><ele>520.713</ele><time>2024-06-21T06:10:10.114Z</time></trkpt><trkpt lat="42.873193" lon="-7.876947"><ele>522.009</ele><time>2024-06-21T06:10:15.110Z</time></trkpt><trkpt lat="42.873175" lon="-7.877006"><ele>522.218</ele><time>2024-06-21T06:10:19.115Z</time></trkpt><trkpt lat="42.873168" lon="-7.877072"><ele>522.454</ele><time>2024-06-21T06:10:23.112Z</time></trkpt><trkpt lat="42.873162" lon="-7.877134"><ele>521.681</ele><time>2024-06-21T06:10:27.120Z</time></trkpt><trkpt lat="42.873148" lon="-7.877196"><ele>521.555</ele><time>2024-06-21T06:10:31.109Z</time></trkpt><trkpt lat="42.873136" lon="-7.877259"><ele>521.570</ele><time>2024-06-21T06:10:35.114Z</time></trkpt><trkpt lat="42.873123" lon="-7.877330"><ele>521.789</ele><time>2024-06-21T06:10:40.109Z</time></trkpt><trkpt lat="42.873103" lon="-7.877393"><ele>522.092</ele><time>2024-06-21T06:10:44.110Z</time></trkpt><trkpt lat="42.873096" lon="-7.877457"><ele>522.456</ele><time>2024-06-21T06:10:48.112Z</time></trkpt><trkpt lat="42.873090" lon="-7.877524"><ele>522.537</ele><time>2024-06-21T06:10:52.117Z</time></trkpt><trkpt lat="42.873076" lon="-7.877596"><ele>522.736</ele><time>2024-06-21T06:10:56.110Z</time></trkpt><trkpt lat="42.873058" lon="-7.877655"><ele>522.717</ele><time>2024-06-21T06:11:00.109Z</time></trkpt><trkpt lat="42.873045" lon="-7.877723"><ele>522.718</ele><time>2024-06-21T06:11:04.114Z</time></trkpt><trkpt lat="42.873023" lon="-7.877788"><ele>522.809</ele><time>2024-06-21T06:11:09.113Z</time></trkpt><trkpt lat="42.873006" lon="-7.877845"><ele>522.924</ele><time>2024-06-21T06:11:13.111Z</time></trkpt><trkpt lat="42.872998" lon="-7.877913"><ele>522.680</ele><time>2024-06-21T06:11:17.107Z</time></trkpt><trkpt lat="42.872991" lon="-7.877986"><ele>522.357</ele><time>2024-06-21T06:11:21.114Z</time></trkpt><trkpt lat="42.872981" lon="-7.878047"><ele>522.131</ele><time>2024-06-21T06:11:25.111Z</time></trkpt><trkpt lat="42.872971" lon="-7.878115"><ele>522.026</ele><time>2024-06-21T06:11:30.113Z</time></trkpt><trkpt lat="42.872965" lon="-7.878182"><ele>521.535</ele><time>2024-06-21T06:11:34.113Z</time></trkpt><trkpt lat="42.872951" lon="-7.878252"><ele>520.248</ele><time>2024-06-21T06:11:39.109Z</time></trkpt><trkpt lat="42.872928" lon="-7.878306"><ele>519.732</ele><time>2024-06-21T06:11:43.117Z</time></trkpt><trkpt lat="42.872923" lon="-7.878368"><ele>519.363</ele><time>2024-06-21T06:11:46.119Z</time></trkpt><trkpt lat="42.872921" lon="-7.878431"><ele>518.424</ele><time>2024-06-21T06:11:50.123Z</time></trkpt><trkpt lat="42.872906" lon="-7.878499"><ele>517.504</ele><time>2024-06-21T06:11:54.111Z</time></trkpt><trkpt lat="42.872896" lon="-7.878571"><ele>517.014</ele><time>2024-06-21T06:11:58.115Z</time></trkpt><trkpt lat="42.872886" lon="-7.878638"><ele>517.009</ele><time>2024-06-21T06:12:02.111Z</time></trkpt><trkpt lat="42.872877" lon="-7.878703"><ele>517.013</ele><time>2024-06-21T06:12:06.110Z</time></trkpt><trkpt lat="42.872861" lon="-7.878776"><ele>517.019</ele><time>2024-06-21T06:12:11.114Z</time></trkpt><trkpt lat="42.872856" lon="-7.878853"><ele>517.356</ele><time>2024-06-21T06:12:16.117Z</time></trkpt><trkpt lat="42.872830" lon="-7.878917"><ele>517.660</ele><time>2024-06-21T06:12:20.110Z</time></trkpt><trkpt lat="42.872813" lon="-7.878990"><ele>517.465</ele><time>2024-06-21T06:12:25.111Z</time></trkpt><trkpt lat="42.872803" lon="-7.879058"><ele>517.364</ele><time>2024-06-21T06:12:29.114Z</time></trkpt><trkpt lat="42.872790" lon="-7.879124"><ele>516.847</ele><time>2024-06-21T06:12:32.109Z</time></trkpt><trkpt lat="42.872794" lon="-7.879190"><ele>516.831</ele><time>2024-06-21T06:12:35.111Z</time></trkpt><trkpt lat="42.872772" lon="-7.879249"><ele>516.872</ele><time>2024-06-21T06:12:40.122Z</time></trkpt><trkpt lat="42.872762" lon="-7.879322"><ele>516.797</ele><time>2024-06-21T06:12:46.121Z</time></trkpt><trkpt lat="42.872755" lon="-7.879399"><ele>516.823</ele><time>2024-06-21T06:12:50.110Z</time></trkpt><trkpt lat="42.872732" lon="-7.879452"><ele>516.825</ele><time>2024-06-21T06:12:54.115Z</time></trkpt><trkpt lat="42.872714" lon="-7.879522"><ele>516.109</ele><time>2024-06-21T06:12:59.115Z</time></trkpt><trkpt lat="42.872707" lon="-7.879596"><ele>515.570</ele><time>2024-06-21T06:13:03.112Z</time></trkpt><trkpt lat="42.872704" lon="-7.879668"><ele>515.276</ele><time>2024-06-21T06:13:08.109Z</time></trkpt><trkpt lat="42.872698" lon="-7.879740"><ele>514.913</ele><time>2024-06-21T06:13:13.116Z</time></trkpt><trkpt lat="42.872707" lon="-7.879809"><ele>514.217</ele><time>2024-06-21T06:13:17.110Z</time></trkpt><trkpt lat="42.872699" lon="-7.879874"><ele>514.112</ele><time>2024-06-21T06:13:22.113Z</time></trkpt><trkpt lat="42.872677" lon="-7.879936"><ele>513.591</ele><time>2024-06-21T06:13:27.109Z</time></trkpt><trkpt lat="42.872682" lon="-7.880000"><ele>513.424</ele><time>2024-06-21T06:13:31.109Z</time></trkpt><trkpt lat="42.872674" lon="-7.880063"><ele>513.198</ele><time>2024-06-21T06:13:35.134Z</time></trkpt><trkpt lat="42.872662" lon="-7.880135"><ele>512.179</ele><time>2024-06-21T06:13:39.107Z</time></trkpt><trkpt lat="42.872658" lon="-7.880197"><ele>512.087</ele><time>2024-06-21T06:13:43.111Z</time></trkpt><trkpt lat="42.872656" lon="-7.880261"><ele>511.642</ele><time>2024-06-21T06:13:48.109Z</time></trkpt><trkpt lat="42.872653" lon="-7.880334"><ele>511.526</ele><time>2024-06-21T06:13:52.111Z</time></trkpt><trkpt lat="42.872650" lon="-7.880404"><ele>510.409</ele><time>2024-06-21T06:13:56.109Z</time></trkpt><trkpt lat="42.872651" lon="-7.880472"><ele>510.619</ele><time>2024-06-21T06:14:01.110Z</time></trkpt><trkpt lat="42.872642" lon="-7.880548"><ele>510.855</ele><time>2024-06-21T06:14:06.115Z</time></trkpt><trkpt lat="42.872637" lon="-7.880614"><ele>511.112</ele><time>2024-06-21T06:14:10.115Z</time></trkpt><trkpt lat="42.872637" lon="-7.880692"><ele>511.226</ele><time>2024-06-21T06:14:15.111Z</time></trkpt><trkpt lat="42.872643" lon="-7.880753"><ele>511.551</ele><time>2024-06-21T06:14:19.110Z</time></trkpt><trkpt lat="42.872637" lon="-7.880820"><ele>511.830</ele><time>2024-06-21T06:14:24.111Z</time></trkpt><trkpt lat="42.872623" lon="-7.880889"><ele>511.733</ele><time>2024-06-21T06:14:28.125Z</time></trkpt><trkpt lat="42.872612" lon="-7.880956"><ele>511.987</ele><time>2024-06-21T06:14:32.109Z</time></trkpt><trkpt lat="42.872604" lon="-7.881019"><ele>511.968</ele><time>2024-06-21T06:14:36.117Z</time></trkpt><trkpt lat="42.872593" lon="-7.881078"><ele>511.966</ele><time>2024-06-21T06:14:41.115Z</time></trkpt><trkpt lat="42.872593" lon="-7.881146"><ele>511.629</ele><time>2024-06-21T06:14:46.111Z</time></trkpt><trkpt lat="42.872578" lon="-7.881215"><ele>510.421</ele><time>2024-06-21T06:14:50.126Z</time></trkpt><trkpt lat="42.872579" lon="-7.881290"><ele>507.909</ele><time>2024-06-21T06:14:56.113Z</time></trkpt><trkpt lat="42.872596" lon="-7.881352"><ele>507.997</ele><time>2024-06-21T06:15:00.109Z</time></trkpt><trkpt lat="42.872610" lon="-7.881413"><ele>507.733</ele><time>2024-06-21T06:15:04.115Z</time></trkpt><trkpt lat="42.872637" lon="-7.881480"><ele>508.040</ele><time>2024-06-21T06:15:08.131Z</time></trkpt><trkpt lat="42.872646" lon="-7.881550"><ele>509.884</ele><time>2024-06-21T06:15:16.109Z</time></trkpt><trkpt lat="42.872679" lon="-7.881608"><ele>510.129</ele><time>2024-06-21T06:15:21.109Z</time></trkpt><trkpt lat="42.872694" lon="-7.881678"><ele>510.128</ele><time>2024-06-21T06:15:26.113Z</time></trkpt><trkpt lat="42.872706" lon="-7.881754"><ele>509.961</ele><time>2024-06-21T06:15:31.115Z</time></trkpt><trkpt lat="42.872707" lon="-7.881823"><ele>509.995</ele><time>2024-06-21T06:15:35.115Z</time></trkpt><trkpt lat="42.872713" lon="-7.881892"><ele>509.666</ele><time>2024-06-21T06:15:39.117Z</time></trkpt><trkpt lat="42.872712" lon="-7.881965"><ele>509.516</ele><time>2024-06-21T06:15:43.114Z</time></trkpt><trkpt lat="42.872700" lon="-7.882028"><ele>509.776</ele><time>2024-06-21T06:15:46.115Z</time></trkpt><trkpt lat="42.872684" lon="-7.882089"><ele>510.313</ele><time>2024-06-21T06:15:49.121Z</time></trkpt><trkpt lat="42.872660" lon="-7.882159"><ele>510.909</ele><time>2024-06-21T06:15:53.128Z</time></trkpt><trkpt lat="42.872620" lon="-7.882210"><ele>511.392</ele><time>2024-06-21T06:15:58.110Z</time></trkpt><trkpt lat="42.872581" lon="-7.882244"><ele>511.518</ele><time>2024-06-21T06:16:02.109Z</time></trkpt><trkpt lat="42.872542" lon="-7.882278"><ele>511.435</ele><time>2024-06-21T06:16:06.110Z</time></trkpt><trkpt lat="42.872504" lon="-7.882312"><ele>511.449</ele><time>2024-06-21T06:16:10.109Z</time></trkpt><trkpt lat="42.872454" lon="-7.882348"><ele>510.494</ele><time>2024-06-21T06:16:15.109Z</time></trkpt><trkpt lat="42.872403" lon="-7.882381"><ele>504.683</ele><time>2024-06-21T06:16:20.109Z</time></trkpt><trkpt lat="42.872355" lon="-7.882416"><ele>503.996</ele><time>2024-06-21T06:16:25.122Z</time></trkpt><trkpt lat="42.872309" lon="-7.882443"><ele>503.640</ele><time>2024-06-21T06:16:29.111Z</time></trkpt><trkpt lat="42.872264" lon="-7.882468"><ele>503.621</ele><time>2024-06-21T06:16:32.110Z</time></trkpt><trkpt lat="42.872221" lon="-7.882502"><ele>503.635</ele><time>2024-06-21T06:16:36.114Z</time></trkpt><trkpt lat="42.872175" lon="-7.882529"><ele>505.886</ele><time>2024-06-21T06:16:40.127Z</time></trkpt><trkpt lat="42.872135" lon="-7.882571"><ele>508.314</ele><time>2024-06-21T06:16:44.109Z</time></trkpt><trkpt lat="42.872085" lon="-7.882607"><ele>509.009</ele><time>2024-06-21T06:16:49.111Z</time></trkpt><trkpt lat="42.872046" lon="-7.882643"><ele>509.294</ele><time>2024-06-21T06:16:55.121Z</time></trkpt><trkpt lat="42.872003" lon="-7.882668"><ele>509.050</ele><time>2024-06-21T06:16:59.118Z</time></trkpt><trkpt lat="42.871957" lon="-7.882704"><ele>508.997</ele><time>2024-06-21T06:17:04.110Z</time></trkpt><trkpt lat="42.871909" lon="-7.882736"><ele>509.261</ele><time>2024-06-21T06:17:09.125Z</time></trkpt><trkpt lat="42.871868" lon="-7.882782"><ele>509.626</ele><time>2024-06-21T06:17:14.111Z</time></trkpt><trkpt lat="42.871837" lon="-7.882833"><ele>511.145</ele><time>2024-06-21T06:17:19.110Z</time></trkpt><trkpt lat="42.871820" lon="-7.882890"><ele>514.158</ele><time>2024-06-21T06:17:23.110Z</time></trkpt><trkpt lat="42.871794" lon="-7.882940"><ele>516.552</ele><time>2024-06-21T06:17:28.109Z</time></trkpt><trkpt lat="42.871769" lon="-7.883017"><ele>519.673</ele><time>2024-06-21T06:17:32.116Z</time></trkpt><trkpt lat="42.871750" lon="-7.883080"><ele>520.199</ele><time>2024-06-21T06:17:35.111Z</time></trkpt><trkpt lat="42.871717" lon="-7.883131"><ele>520.507</ele><time>2024-06-21T06:17:39.123Z</time></trkpt><trkpt lat="42.871692" lon="-7.883198"><ele>518.327</ele><time>2024-06-21T06:17:44.114Z</time></trkpt><trkpt lat="42.871703" lon="-7.883262"><ele>515.109</ele><time>2024-06-21T06:17:49.115Z</time></trkpt><trkpt lat="42.871700" lon="-7.883326"><ele>513.980</ele><time>2024-06-21T06:17:53.109Z</time></trkpt><trkpt lat="42.871688" lon="-7.883393"><ele>513.766</ele><time>2024-06-21T06:17:58.114Z</time></trkpt><trkpt lat="42.871675" lon="-7.883465"><ele>513.373</ele><time>2024-06-21T06:18:04.109Z</time></trkpt><trkpt lat="42.871689" lon="-7.883537"><ele>512.747</ele><time>2024-06-21T06:18:08.114Z</time></trkpt><trkpt lat="42.871672" lon="-7.883599"><ele>511.652</ele><time>2024-06-21T06:18:12.108Z</time></trkpt><trkpt lat="42.871670" lon="-7.883661"><ele>510.891</ele><time>2024-06-21T06:18:16.109Z</time></trkpt><trkpt lat="42.871655" lon="-7.883724"><ele>510.834</ele><time>2024-06-21T06:18:21.124Z</time></trkpt><trkpt lat="42.871646" lon="-7.883790"><ele>511.568</ele><time>2024-06-21T06:18:26.126Z</time></trkpt><trkpt lat="42.871643" lon="-7.883857"><ele>513.439</ele><time>2024-06-21T06:18:31.110Z</time></trkpt><trkpt lat="42.871630" lon="-7.883927"><ele>514.043</ele><time>2024-06-21T06:18:37.112Z</time></trkpt><trkpt lat="42.871617" lon="-7.884001"><ele>515.564</ele><time>2024-06-21T06:18:41.111Z</time></trkpt><trkpt lat="42.871602" lon="-7.884069"><ele>516.010</ele><time>2024-06-21T06:18:46.124Z</time></trkpt><trkpt lat="42.871615" lon="-7.884134"><ele>516.909</ele><time>2024-06-21T06:18:53.104Z</time></trkpt><trkpt lat="42.871593" lon="-7.884247"><ele>518.785</ele><time>2024-06-21T06:19:08.109Z</time></trkpt><trkpt lat="42.871575" lon="-7.884315"><ele>518.881</ele><time>2024-06-21T06:19:09.128Z</time></trkpt><trkpt lat="42.871540" lon="-7.884379"><ele>518.858</ele><time>2024-06-21T06:19:16.113Z</time></trkpt><trkpt lat="42.871516" lon="-7.884458"><ele>518.932</ele><time>2024-06-21T06:19:19.115Z</time></trkpt><trkpt lat="42.871500" lon="-7.884521"><ele>519.077</ele><time>2024-06-21T06:19:23.123Z</time></trkpt><trkpt lat="42.871463" lon="-7.884588"><ele>519.756</ele><time>2024-06-21T06:19:27.113Z</time></trkpt><trkpt lat="42.871435" lon="-7.884641"><ele>521.959</ele><time>2024-06-21T06:19:33.114Z</time></trkpt><trkpt lat="42.871416" lon="-7.884706"><ele>521.923</ele><time>2024-06-21T06:19:38.117Z</time></trkpt><trkpt lat="42.871381" lon="-7.884752"><ele>522.444</ele><time>2024-06-21T06:19:44.112Z</time></trkpt><trkpt lat="42.871360" lon="-7.884808"><ele>522.983</ele><time>2024-06-21T06:19:50.114Z</time></trkpt><trkpt lat="42.871345" lon="-7.884868"><ele>523.125</ele><time>2024-06-21T06:19:55.111Z</time></trkpt><trkpt lat="42.871338" lon="-7.884932"><ele>524.617</ele><time>2024-06-21T06:20:00.113Z</time></trkpt><trkpt lat="42.871350" lon="-7.884997"><ele>525.009</ele><time>2024-06-21T06:20:06.117Z</time></trkpt><trkpt lat="42.871353" lon="-7.885063"><ele>525.399</ele><time>2024-06-21T06:20:11.121Z</time></trkpt><trkpt lat="42.871380" lon="-7.885130"><ele>525.685</ele><time>2024-06-21T06:20:14.112Z</time></trkpt><trkpt lat="42.871384" lon="-7.885209"><ele>526.852</ele><time>2024-06-21T06:20:31.120Z</time></trkpt><trkpt lat="42.871375" lon="-7.885285"><ele>527.316</ele><time>2024-06-21T06:20:35.110Z</time></trkpt><trkpt lat="42.871384" lon="-7.885358"><ele>527.551</ele><time>2024-06-21T06:20:39.119Z</time></trkpt><trkpt lat="42.871402" lon="-7.885419"><ele>527.540</ele><time>2024-06-21T06:20:44.122Z</time></trkpt><trkpt lat="42.871394" lon="-7.885482"><ele>528.183</ele><time>2024-06-21T06:20:48.110Z</time></trkpt><trkpt lat="42.871393" lon="-7.885547"><ele>527.247</ele><time>2024-06-21T06:20:54.116Z</time></trkpt><trkpt lat="42.871383" lon="-7.885611"><ele>533.048</ele><time>2024-06-21T06:21:14.111Z</time></trkpt><trkpt lat="42.871383" lon="-7.885685"><ele>533.285</ele><time>2024-06-21T06:21:19.115Z</time></trkpt><trkpt lat="42.871391" lon="-7.885760"><ele>533.689</ele><time>2024-06-21T06:21:24.112Z</time></trkpt><trkpt lat="42.871404" lon="-7.885824"><ele>533.617</ele><time>2024-06-21T06:21:28.112Z</time></trkpt><trkpt lat="42.871419" lon="-7.885889"><ele>534.109</ele><time>2024-06-21T06:21:33.120Z</time></trkpt><trkpt lat="42.871424" lon="-7.885952"><ele>534.659</ele><time>2024-06-21T06:21:38.111Z</time></trkpt><trkpt lat="42.871428" lon="-7.886015"><ele>535.435</ele><time>2024-06-21T06:21:42.113Z</time></trkpt><trkpt lat="42.871412" lon="-7.886074"><ele>536.142</ele><time>2024-06-21T06:21:47.114Z</time></trkpt><trkpt lat="42.871404" lon="-7.886141"><ele>535.996</ele><time>2024-06-21T06:21:53.116Z</time></trkpt><trkpt lat="42.871400" lon="-7.886208"><ele>535.821</ele><time>2024-06-21T06:21:58.109Z</time></trkpt><trkpt lat="42.871384" lon="-7.886266"><ele>536.690</ele><time>2024-06-21T06:22:23.109Z</time></trkpt><trkpt lat="42.871374" lon="-7.886333"><ele>536.693</ele><time>2024-06-21T06:22:30.115Z</time></trkpt><trkpt lat="42.871392" lon="-7.886397"><ele>536.637</ele><time>2024-06-21T06:22:35.112Z</time></trkpt><trkpt lat="42.871420" lon="-7.886461"><ele>536.628</ele><time>2024-06-21T06:22:40.114Z</time></trkpt><trkpt lat="42.871438" lon="-7.886521"><ele>536.638</ele><time>2024-06-21T06:22:44.110Z</time></trkpt><trkpt lat="42.871475" lon="-7.886561"><ele>536.670</ele><time>2024-06-21T06:22:48.115Z</time></trkpt><trkpt lat="42.871502" lon="-7.886617"><ele>536.217</ele><time>2024-06-21T06:22:53.126Z</time></trkpt><trkpt lat="42.871509" lon="-7.886681"><ele>535.909</ele><time>2024-06-21T06:22:58.110Z</time></trkpt><trkpt lat="42.871510" lon="-7.886747"><ele>534.584</ele><time>2024-06-21T06:23:02.113Z</time></trkpt><trkpt lat="42.871514" lon="-7.886809"><ele>532.910</ele><time>2024-06-21T06:23:05.114Z</time></trkpt><trkpt lat="42.871527" lon="-7.886887"><ele>529.387</ele><time>2024-06-21T06:23:09.124Z</time></trkpt><trkpt lat="42.871534" lon="-7.886952"><ele>529.571</ele><time>2024-06-21T06:23:13.110Z</time></trkpt><trkpt lat="42.871550" lon="-7.887018"><ele>529.396</ele><time>2024-06-21T06:23:18.116Z</time></trkpt><trkpt lat="42.871549" lon="-7.887087"><ele>530.035</ele><time>2024-06-21T06:23:23.118Z</time></trkpt><trkpt lat="42.871555" lon="-7.887155"><ele>531.858</ele><time>2024-06-21T06:23:27.113Z</time></trkpt><trkpt lat="42.871555" lon="-7.887220"><ele>532.252</ele><time>2024-06-21T06:23:31.114Z</time></trkpt><trkpt lat="42.871572" lon="-7.887277"><ele>532.383</ele><time>2024-06-21T06:23:36.118Z</time></trkpt><trkpt lat="42.871615" lon="-7.887300"><ele>532.342</ele><time>2024-06-21T06:23:41.127Z</time></trkpt><trkpt lat="42.871656" lon="-7.887342"><ele>532.322</ele><time>2024-06-21T06:23:46.130Z</time></trkpt><trkpt lat="42.871605" lon="-7.887332"><ele>532.314</ele><time>2024-06-21T06:23:48.121Z</time></trkpt><trkpt lat="42.871599" lon="-7.887398"><ele>537.409</ele><time>2024-06-21T06:24:39.110Z</time></trkpt><trkpt lat="42.871626" lon="-7.887452"><ele>537.475</ele><time>2024-06-21T06:24:44.108Z</time></trkpt><trkpt lat="42.871646" lon="-7.887509"><ele>537.491</ele><time>2024-06-21T06:24:48.116Z</time></trkpt><trkpt lat="42.871637" lon="-7.887576"><ele>537.348</ele><time>2024-06-21T06:24:53.113Z</time></trkpt><trkpt lat="42.871643" lon="-7.887643"><ele>535.262</ele><time>2024-06-21T06:24:58.113Z</time></trkpt><trkpt lat="42.871640" lon="-7.887713"><ele>527.247</ele><time>2024-06-21T06:25:02.117Z</time></trkpt><trkpt lat="42.871635" lon="-7.887778"><ele>526.996</ele><time>2024-06-21T06:25:05.114Z</time></trkpt><trkpt lat="42.871633" lon="-7.887856"><ele>526.569</ele><time>2024-06-21T06:25:09.114Z</time></trkpt><trkpt lat="42.871628" lon="-7.887928"><ele>526.513</ele><time>2024-06-21T06:25:13.113Z</time></trkpt><trkpt lat="42.871630" lon="-7.887998"><ele>525.964</ele><time>2024-06-21T06:25:17.108Z</time></trkpt><trkpt lat="42.871634" lon="-7.888074"><ele>525.956</ele><time>2024-06-21T06:25:21.112Z</time></trkpt><trkpt lat="42.871633" lon="-7.888146"><ele>525.959</ele><time>2024-06-21T06:25:25.116Z</time></trkpt><trkpt lat="42.871628" lon="-7.888207"><ele>526.214</ele><time>2024-06-21T06:25:28.132Z</time></trkpt><trkpt lat="42.871628" lon="-7.888278"><ele>526.709</ele><time>2024-06-21T06:25:32.114Z</time></trkpt><trkpt lat="42.871622" lon="-7.888354"><ele>527.316</ele><time>2024-06-21T06:25:37.111Z</time></trkpt><trkpt lat="42.871643" lon="-7.888421"><ele>527.232</ele><time>2024-06-21T06:25:42.119Z</time></trkpt><trkpt lat="42.871648" lon="-7.888482"><ele>526.639</ele><time>2024-06-21T06:25:47.115Z</time></trkpt><trkpt lat="42.871657" lon="-7.888544"><ele>525.533</ele><time>2024-06-21T06:25:51.108Z</time></trkpt><trkpt lat="42.871650" lon="-7.888616"><ele>524.948</ele><time>2024-06-21T06:25:56.122Z</time></trkpt><trkpt lat="42.871645" lon="-7.888678"><ele>524.717</ele><time>2024-06-21T06:26:01.136Z</time></trkpt><trkpt lat="42.871659" lon="-7.888744"><ele>524.950</ele><time>2024-06-21T06:26:05.120Z</time></trkpt><trkpt lat="42.871654" lon="-7.888806"><ele>524.914</ele><time>2024-06-21T06:26:09.111Z</time></trkpt><trkpt lat="42.871654" lon="-7.888870"><ele>525.925</ele><time>2024-06-21T06:26:13.115Z</time></trkpt><trkpt lat="42.871657" lon="-7.888946"><ele>531.399</ele><time>2024-06-21T06:26:18.129Z</time></trkpt><trkpt lat="42.871654" lon="-7.889010"><ele>531.707</ele><time>2024-06-21T06:26:23.111Z</time></trkpt><trkpt lat="42.871656" lon="-7.889081"><ele>532.027</ele><time>2024-06-21T06:26:27.118Z</time></trkpt><trkpt lat="42.871674" lon="-7.889147"><ele>532.409</ele><time>2024-06-21T06:26:31.114Z</time></trkpt><trkpt lat="42.871691" lon="-7.889204"><ele>533.230</ele><time>2024-06-21T06:26:35.121Z</time></trkpt><trkpt lat="42.871700" lon="-7.889264"><ele>536.586</ele><time>2024-06-21T06:26:39.109Z</time></trkpt><trkpt lat="42.871693" lon="-7.889332"><ele>541.143</ele><time>2024-06-21T06:26:45.121Z</time></trkpt><trkpt lat="42.871675" lon="-7.889399"><ele>542.017</ele><time>2024-06-21T06:26:50.116Z</time></trkpt><trkpt lat="42.871685" lon="-7.889474"><ele>542.262</ele><time>2024-06-21T06:26:54.112Z</time></trkpt><trkpt lat="42.871691" lon="-7.889546"><ele>543.311</ele><time>2024-06-21T06:26:59.110Z</time></trkpt><trkpt lat="42.871717" lon="-7.889609"><ele>542.244</ele><time>2024-06-21T06:27:04.129Z</time></trkpt><trkpt lat="42.871728" lon="-7.889669"><ele>542.068</ele><time>2024-06-21T06:27:08.128Z</time></trkpt><trkpt lat="42.871753" lon="-7.889732"><ele>541.459</ele><time>2024-06-21T06:27:21.112Z</time></trkpt><trkpt lat="42.871769" lon="-7.889800"><ele>540.485</ele><time>2024-06-21T06:27:25.120Z</time></trkpt><trkpt lat="42.871787" lon="-7.889860"><ele>538.589</ele><time>2024-06-21T06:27:28.111Z</time></trkpt><trkpt lat="42.871838" lon="-7.889905"><ele>538.217</ele><time>2024-06-21T06:27:31.119Z</time></trkpt><trkpt lat="42.871886" lon="-7.889945"><ele>538.209</ele><time>2024-06-21T06:27:34.112Z</time></trkpt><trkpt lat="42.871925" lon="-7.889983"><ele>538.219</ele><time>2024-06-21T06:27:37.116Z</time></trkpt><trkpt lat="42.871923" lon="-7.890059"><ele>538.265</ele><time>2024-06-21T06:27:41.115Z</time></trkpt><trkpt lat="42.871942" lon="-7.890130"><ele>538.462</ele><time>2024-06-21T06:27:45.111Z</time></trkpt><trkpt lat="42.871917" lon="-7.890194"><ele>538.876</ele><time>2024-06-21T06:27:49.112Z</time></trkpt><trkpt lat="42.871874" lon="-7.890227"><ele>541.681</ele><time>2024-06-21T06:27:52.115Z</time></trkpt><trkpt lat="42.871823" lon="-7.890243"><ele>543.640</ele><time>2024-06-21T06:27:56.111Z</time></trkpt><trkpt lat="42.871778" lon="-7.890249"><ele>544.153</ele><time>2024-06-21T06:28:00.118Z</time></trkpt><trkpt lat="42.871729" lon="-7.890239"><ele>545.277</ele><time>2024-06-21T06:28:04.119Z</time></trkpt><trkpt lat="42.871675" lon="-7.890212"><ele>544.418</ele><time>2024-06-21T06:28:09.115Z</time></trkpt><trkpt lat="42.871635" lon="-7.890173"><ele>545.119</ele><time>2024-06-21T06:28:13.122Z</time></trkpt><trkpt lat="42.871600" lon="-7.890133"><ele>545.009</ele><time>2024-06-21T06:28:17.112Z</time></trkpt><trkpt lat="42.871568" lon="-7.890083"><ele>544.519</ele><time>2024-06-21T06:28:21.115Z</time></trkpt><trkpt lat="42.871523" lon="-7.890041"><ele>544.109</ele><time>2024-06-21T06:28:26.113Z</time></trkpt><trkpt lat="42.871479" lon="-7.889992"><ele>543.852</ele><time>2024-06-21T06:28:32.122Z</time></trkpt><trkpt lat="42.871438" lon="-7.889964"><ele>541.238</ele><time>2024-06-21T06:28:36.111Z</time></trkpt><trkpt lat="42.871392" lon="-7.889922"><ele>541.125</ele><time>2024-06-21T06:28:41.128Z</time></trkpt><trkpt lat="42.871340" lon="-7.889898"><ele>540.949</ele><time>2024-06-21T06:28:45.121Z</time></trkpt><trkpt lat="42.871291" lon="-7.889877"><ele>541.144</ele><time>2024-06-21T06:28:48.121Z</time></trkpt><trkpt lat="42.871253" lon="-7.889838"><ele>541.413</ele><time>2024-06-21T06:28:51.122Z</time></trkpt><trkpt lat="42.871221" lon="-7.889791"><ele>541.786</ele><time>2024-06-21T06:28:54.108Z</time></trkpt><trkpt lat="42.871184" lon="-7.889756"><ele>541.750</ele><time>2024-06-21T06:28:59.114Z</time></trkpt><trkpt lat="42.871146" lon="-7.889713"><ele>541.661</ele><time>2024-06-21T06:29:03.121Z</time></trkpt><trkpt lat="42.871121" lon="-7.889652"><ele>541.231</ele><time>2024-06-21T06:29:07.122Z</time></trkpt><trkpt lat="42.871068" lon="-7.889629"><ele>540.061</ele><time>2024-06-21T06:29:11.121Z</time></trkpt><trkpt lat="42.871028" lon="-7.889600"><ele>539.907</ele><time>2024-06-21T06:29:14.110Z</time></trkpt><trkpt lat="42.870983" lon="-7.889568"><ele>539.909</ele><time>2024-06-21T06:29:18.110Z</time></trkpt><trkpt lat="42.870942" lon="-7.889537"><ele>540.034</ele><time>2024-06-21T06:29:22.126Z</time></trkpt><trkpt lat="42.870905" lon="-7.889498"><ele>540.680</ele><time>2024-06-21T06:29:26.119Z</time></trkpt><trkpt lat="42.870857" lon="-7.889489"><ele>540.667</ele><time>2024-06-21T06:29:30.113Z</time></trkpt><trkpt lat="42.870809" lon="-7.889486"><ele>540.461</ele><time>2024-06-21T06:29:34.122Z</time></trkpt><trkpt lat="42.870764" lon="-7.889491"><ele>539.616</ele><time>2024-06-21T06:29:37.111Z</time></trkpt><trkpt lat="42.870714" lon="-7.889497"><ele>539.095</ele><time>2024-06-21T06:29:41.116Z</time></trkpt><trkpt lat="42.870666" lon="-7.889500"><ele>538.518</ele><time>2024-06-21T06:29:45.126Z</time></trkpt><trkpt lat="42.870612" lon="-7.889493"><ele>538.152</ele><time>2024-06-21T06:29:50.124Z</time></trkpt><trkpt lat="42.870561" lon="-7.889482"><ele>536.953</ele><time>2024-06-21T06:29:55.113Z</time></trkpt><trkpt lat="42.870508" lon="-7.889482"><ele>536.021</ele><time>2024-06-21T06:29:59.145Z</time></trkpt><trkpt lat="42.870458" lon="-7.889483"><ele>534.341</ele><time>2024-06-21T06:30:03.115Z</time></trkpt><trkpt lat="42.870413" lon="-7.889472"><ele>532.405</ele><time>2024-06-21T06:30:07.109Z</time></trkpt><trkpt lat="42.870363" lon="-7.889467"><ele>529.609</ele><time>2024-06-21T06:30:13.119Z</time></trkpt><trkpt lat="42.870315" lon="-7.889471"><ele>529.453</ele><time>2024-06-21T06:30:18.110Z</time></trkpt><trkpt lat="42.870267" lon="-7.889467"><ele>529.339</ele><time>2024-06-21T06:30:25.116Z</time></trkpt><trkpt lat="42.870230" lon="-7.889432"><ele>529.486</ele><time>2024-06-21T06:30:30.126Z</time></trkpt><trkpt lat="42.870188" lon="-7.889455"><ele>530.510</ele><time>2024-06-21T06:30:39.111Z</time></trkpt><trkpt lat="42.870188" lon="-7.889520"><ele>530.895</ele><time>2024-06-21T06:30:44.112Z</time></trkpt><trkpt lat="42.870189" lon="-7.889590"><ele>530.844</ele><time>2024-06-21T06:30:49.110Z</time></trkpt><trkpt lat="42.870200" lon="-7.889661"><ele>530.867</ele><time>2024-06-21T06:30:54.113Z</time></trkpt><trkpt lat="42.870208" lon="-7.889722"><ele>530.861</ele><time>2024-06-21T06:30:58.115Z</time></trkpt><trkpt lat="42.870215" lon="-7.889786"><ele>530.352</ele><time>2024-06-21T06:31:02.114Z</time></trkpt><trkpt lat="42.870211" lon="-7.889851"><ele>530.283</ele><time>2024-06-21T06:31:06.117Z</time></trkpt><trkpt lat="42.870212" lon="-7.889920"><ele>530.325</ele><time>2024-06-21T06:31:11.114Z</time></trkpt><trkpt lat="42.870208" lon="-7.889994"><ele>530.717</ele><time>2024-06-21T06:31:16.112Z</time></trkpt><trkpt lat="42.870211" lon="-7.890057"><ele>532.309</ele><time>2024-06-21T06:31:20.111Z</time></trkpt><trkpt lat="42.870218" lon="-7.890134"><ele>533.329</ele><time>2024-06-21T06:31:25.112Z</time></trkpt><trkpt lat="42.870230" lon="-7.890207"><ele>534.825</ele><time>2024-06-21T06:31:30.119Z</time></trkpt><trkpt lat="42.870224" lon="-7.890270"><ele>536.182</ele><time>2024-06-21T06:31:34.115Z</time></trkpt><trkpt lat="42.870227" lon="-7.890339"><ele>536.646</ele><time>2024-06-21T06:31:38.114Z</time></trkpt><trkpt lat="42.870231" lon="-7.890415"><ele>536.751</ele><time>2024-06-21T06:31:42.115Z</time></trkpt><trkpt lat="42.870248" lon="-7.890490"><ele>536.860</ele><time>2024-06-21T06:31:46.117Z</time></trkpt><trkpt lat="42.870267" lon="-7.890552"><ele>533.243</ele><time>2024-06-21T06:31:50.114Z</time></trkpt><trkpt lat="42.870279" lon="-7.890620"><ele>529.127</ele><time>2024-06-21T06:31:55.112Z</time></trkpt><trkpt lat="42.870293" lon="-7.890690"><ele>528.598</ele><time>2024-06-21T06:32:00.128Z</time></trkpt><trkpt lat="42.870297" lon="-7.890760"><ele>528.182</ele><time>2024-06-21T06:32:05.112Z</time></trkpt><trkpt lat="42.870287" lon="-7.890821"><ele>527.443</ele><time>2024-06-21T06:32:10.114Z</time></trkpt><trkpt lat="42.870286" lon="-7.890893"><ele>526.317</ele><time>2024-06-21T06:32:15.129Z</time></trkpt><trkpt lat="42.870288" lon="-7.890956"><ele>525.509</ele><time>2024-06-21T06:32:19.119Z</time></trkpt><trkpt lat="42.870303" lon="-7.891029"><ele>524.879</ele><time>2024-06-21T06:32:23.115Z</time></trkpt><trkpt lat="42.870299" lon="-7.891092"><ele>524.575</ele><time>2024-06-21T06:32:27.116Z</time></trkpt><trkpt lat="42.870305" lon="-7.891161"><ele>524.492</ele><time>2024-06-21T06:32:31.116Z</time></trkpt><trkpt lat="42.870313" lon="-7.891239"><ele>524.216</ele><time>2024-06-21T06:32:36.116Z</time></trkpt><trkpt lat="42.870330" lon="-7.891296"><ele>524.031</ele><time>2024-06-21T06:32:40.122Z</time></trkpt><trkpt lat="42.870339" lon="-7.891376"><ele>524.010</ele><time>2024-06-21T06:32:45.131Z</time></trkpt><trkpt lat="42.870360" lon="-7.891443"><ele>524.273</ele><time>2024-06-21T06:32:49.110Z</time></trkpt><trkpt lat="42.870393" lon="-7.891496"><ele>524.857</ele><time>2024-06-21T06:32:52.110Z</time></trkpt><trkpt lat="42.870422" lon="-7.891550"><ele>525.468</ele><time>2024-06-21T06:32:56.118Z</time></trkpt><trkpt lat="42.870449" lon="-7.891609"><ele>526.888</ele><time>2024-06-21T06:33:01.121Z</time></trkpt><trkpt lat="42.870438" lon="-7.891675"><ele>529.924</ele><time>2024-06-21T06:33:29.111Z</time></trkpt><trkpt lat="42.870411" lon="-7.891729"><ele>529.926</ele><time>2024-06-21T06:33:35.111Z</time></trkpt><trkpt lat="42.870409" lon="-7.891794"><ele>529.709</ele><time>2024-06-21T06:33:42.116Z</time></trkpt><trkpt lat="42.870420" lon="-7.891855"><ele>529.719</ele><time>2024-06-21T06:33:48.109Z</time></trkpt><trkpt lat="42.870444" lon="-7.891921"><ele>529.785</ele><time>2024-06-21T06:33:54.113Z</time></trkpt><trkpt lat="42.870459" lon="-7.891987"><ele>526.822</ele><time>2024-06-21T06:33:58.114Z</time></trkpt><trkpt lat="42.870473" lon="-7.892048"><ele>526.386</ele><time>2024-06-21T06:34:03.109Z</time></trkpt><trkpt lat="42.870491" lon="-7.892106"><ele>525.281</ele><time>2024-06-21T06:34:10.119Z</time></trkpt><trkpt lat="42.870505" lon="-7.892166"><ele>525.260</ele><time>2024-06-21T06:34:14.111Z</time></trkpt><trkpt lat="42.870510" lon="-7.892233"><ele>525.213</ele><time>2024-06-21T06:34:21.118Z</time></trkpt><trkpt lat="42.870498" lon="-7.892294"><ele>525.367</ele><time>2024-06-21T06:34:25.112Z</time></trkpt><trkpt lat="42.870526" lon="-7.892347"><ele>525.228</ele><time>2024-06-21T06:34:30.117Z</time></trkpt><trkpt lat="42.870529" lon="-7.892415"><ele>524.827</ele><time>2024-06-21T06:34:36.109Z</time></trkpt><trkpt lat="42.870550" lon="-7.892483"><ele>523.468</ele><time>2024-06-21T06:34:42.114Z</time></trkpt><trkpt lat="42.870567" lon="-7.892554"><ele>522.714</ele><time>2024-06-21T06:34:47.121Z</time></trkpt><trkpt lat="42.870557" lon="-7.892614"><ele>522.609</ele><time>2024-06-21T06:34:51.110Z</time></trkpt><trkpt lat="42.870574" lon="-7.892687"><ele>522.733</ele><time>2024-06-21T06:35:00.129Z</time></trkpt><trkpt lat="42.870589" lon="-7.892756"><ele>523.119</ele><time>2024-06-21T06:35:05.108Z</time></trkpt><trkpt lat="42.870607" lon="-7.892814"><ele>523.716</ele><time>2024-06-21T06:35:09.113Z</time></trkpt><trkpt lat="42.870638" lon="-7.892863"><ele>524.070</ele><time>2024-06-21T06:35:12.115Z</time></trkpt><trkpt lat="42.870656" lon="-7.892933"><ele>524.045</ele><time>2024-06-21T06:35:15.116Z</time></trkpt><trkpt lat="42.870665" lon="-7.892999"><ele>524.134</ele><time>2024-06-21T06:35:19.115Z</time></trkpt><trkpt lat="42.870658" lon="-7.893069"><ele>521.947</ele><time>2024-06-21T06:35:23.111Z</time></trkpt><trkpt lat="42.870661" lon="-7.893136"><ele>520.631</ele><time>2024-06-21T06:35:27.115Z</time></trkpt><trkpt lat="42.870675" lon="-7.893205"><ele>519.122</ele><time>2024-06-21T06:35:31.114Z</time></trkpt><trkpt lat="42.870698" lon="-7.893263"><ele>518.316</ele><time>2024-06-21T06:35:35.126Z</time></trkpt><trkpt lat="42.870724" lon="-7.893314"><ele>515.176</ele><time>2024-06-21T06:35:40.119Z</time></trkpt><trkpt lat="42.870761" lon="-7.893370"><ele>513.413</ele><time>2024-06-21T06:35:46.113Z</time></trkpt><trkpt lat="42.870784" lon="-7.893436"><ele>513.209</ele><time>2024-06-21T06:35:51.117Z</time></trkpt><trkpt lat="42.870806" lon="-7.893502"><ele>512.592</ele><time>2024-06-21T06:35:56.110Z</time></trkpt><trkpt lat="42.870828" lon="-7.893565"><ele>511.128</ele><time>2024-06-21T06:36:01.133Z</time></trkpt><trkpt lat="42.870846" lon="-7.893633"><ele>509.565</ele><time>2024-06-21T06:36:07.119Z</time></trkpt><trkpt lat="42.870853" lon="-7.893707"><ele>505.269</ele><time>2024-06-21T06:36:11.113Z</time></trkpt><trkpt lat="42.870847" lon="-7.893768"><ele>503.854</ele><time>2024-06-21T06:36:15.109Z</time></trkpt><trkpt lat="42.870853" lon="-7.893831"><ele>503.153</ele><time>2024-06-21T06:36:18.117Z</time></trkpt><trkpt lat="42.870859" lon="-7.893896"><ele>502.686</ele><time>2024-06-21T06:36:21.114Z</time></trkpt><trkpt lat="42.870857" lon="-7.893975"><ele>502.380</ele><time>2024-06-21T06:36:25.114Z</time></trkpt><trkpt lat="42.870856" lon="-7.894056"><ele>503.511</ele><time>2024-06-21T06:36:29.108Z</time></trkpt><trkpt lat="42.870866" lon="-7.894129"><ele>505.567</ele><time>2024-06-21T06:36:33.114Z</time></trkpt><trkpt lat="42.870872" lon="-7.894206"><ele>507.481</ele><time>2024-06-21T06:36:37.114Z</time></trkpt><trkpt lat="42.870877" lon="-7.894279"><ele>507.419</ele><time>2024-06-21T06:36:41.116Z</time></trkpt><trkpt lat="42.870887" lon="-7.894354"><ele>507.309</ele><time>2024-06-21T06:36:45.114Z</time></trkpt><trkpt lat="42.870898" lon="-7.894414"><ele>507.137</ele><time>2024-06-21T06:36:48.118Z</time></trkpt><trkpt lat="42.870915" lon="-7.894472"><ele>506.423</ele><time>2024-06-21T06:36:51.135Z</time></trkpt><trkpt lat="42.870930" lon="-7.894538"><ele>506.070</ele><time>2024-06-21T06:36:55.109Z</time></trkpt><trkpt lat="42.870935" lon="-7.894612"><ele>505.814</ele><time>2024-06-21T06:36:59.113Z</time></trkpt><trkpt lat="42.870937" lon="-7.894678"><ele>505.439</ele><time>2024-06-21T06:37:03.112Z</time></trkpt><trkpt lat="42.870939" lon="-7.894748"><ele>504.448</ele><time>2024-06-21T06:37:07.114Z</time></trkpt><trkpt lat="42.870947" lon="-7.894821"><ele>504.281</ele><time>2024-06-21T06:37:11.113Z</time></trkpt><trkpt lat="42.870955" lon="-7.894888"><ele>504.225</ele><time>2024-06-21T06:37:15.113Z</time></trkpt><trkpt lat="42.870958" lon="-7.894957"><ele>504.596</ele><time>2024-06-21T06:37:21.109Z</time></trkpt><trkpt lat="42.870941" lon="-7.895019"><ele>506.046</ele><time>2024-06-21T06:37:29.110Z</time></trkpt><trkpt lat="42.870941" lon="-7.895087"><ele>509.388</ele><time>2024-06-21T06:37:50.113Z</time></trkpt><trkpt lat="42.870936" lon="-7.895150"><ele>509.616</ele><time>2024-06-21T06:37:57.109Z</time></trkpt><trkpt lat="42.870930" lon="-7.895224"><ele>509.709</ele><time>2024-06-21T06:38:04.111Z</time></trkpt><trkpt lat="42.870947" lon="-7.895293"><ele>509.715</ele><time>2024-06-21T06:38:10.116Z</time></trkpt><trkpt lat="42.870970" lon="-7.895347"><ele>509.951</ele><time>2024-06-21T06:38:14.115Z</time></trkpt><trkpt lat="42.871004" lon="-7.895394"><ele>510.268</ele><time>2024-06-21T06:38:19.116Z</time></trkpt><trkpt lat="42.871035" lon="-7.895438"><ele>510.062</ele><time>2024-06-21T06:38:24.114Z</time></trkpt><trkpt lat="42.871038" lon="-7.895504"><ele>509.637</ele><time>2024-06-21T06:38:29.121Z</time></trkpt><trkpt lat="42.871046" lon="-7.895575"><ele>507.426</ele><time>2024-06-21T06:38:35.121Z</time></trkpt><trkpt lat="42.871092" lon="-7.895580"><ele>503.389</ele><time>2024-06-21T06:39:43.113Z</time></trkpt><trkpt lat="42.871120" lon="-7.895636"><ele>503.383</ele><time>2024-06-21T06:40:11.111Z</time></trkpt><trkpt lat="42.871106" lon="-7.895698"><ele>503.324</ele><time>2024-06-21T06:40:19.112Z</time></trkpt><trkpt lat="42.871143" lon="-7.895752"><ele>505.923</ele><time>2024-06-21T06:40:24.115Z</time></trkpt><trkpt lat="42.871166" lon="-7.895816"><ele>505.983</ele><time>2024-06-21T06:40:28.123Z</time></trkpt><trkpt lat="42.871195" lon="-7.895872"><ele>506.411</ele><time>2024-06-21T06:40:33.129Z</time></trkpt><trkpt lat="42.871207" lon="-7.895944"><ele>506.509</ele><time>2024-06-21T06:40:38.122Z</time></trkpt><trkpt lat="42.871222" lon="-7.896008"><ele>507.793</ele><time>2024-06-21T06:40:43.115Z</time></trkpt><trkpt lat="42.871234" lon="-7.896076"><ele>508.339</ele><time>2024-06-21T06:40:48.114Z</time></trkpt><trkpt lat="42.871248" lon="-7.896141"><ele>508.436</ele><time>2024-06-21T06:40:52.114Z</time></trkpt><trkpt lat="42.871255" lon="-7.896221"><ele>508.260</ele><time>2024-06-21T06:40:57.125Z</time></trkpt><trkpt lat="42.871277" lon="-7.896291"><ele>507.945</ele><time>2024-06-21T06:41:01.116Z</time></trkpt><trkpt lat="42.871298" lon="-7.896353"><ele>507.274</ele><time>2024-06-21T06:41:05.119Z</time></trkpt><trkpt lat="42.871319" lon="-7.896415"><ele>506.427</ele><time>2024-06-21T06:41:09.118Z</time></trkpt><trkpt lat="42.871346" lon="-7.896469"><ele>503.771</ele><time>2024-06-21T06:41:21.110Z</time></trkpt><trkpt lat="42.871365" lon="-7.896532"><ele>503.882</ele><time>2024-06-21T06:41:31.112Z</time></trkpt><trkpt lat="42.871363" lon="-7.896598"><ele>503.997</ele><time>2024-06-21T06:41:37.117Z</time></trkpt><trkpt lat="42.871349" lon="-7.896656"><ele>504.423</ele><time>2024-06-21T06:41:42.117Z</time></trkpt><trkpt lat="42.871368" lon="-7.896715"><ele>505.725</ele><time>2024-06-21T06:43:00.111Z</time></trkpt><trkpt lat="42.871374" lon="-7.896785"><ele>506.009</ele><time>2024-06-21T06:43:19.113Z</time></trkpt><trkpt lat="42.871410" lon="-7.896833"><ele>506.190</ele><time>2024-06-21T06:43:23.114Z</time></trkpt><trkpt lat="42.871426" lon="-7.896905"><ele>507.026</ele><time>2024-06-21T06:43:27.114Z</time></trkpt><trkpt lat="42.871435" lon="-7.896970"><ele>507.033</ele><time>2024-06-21T06:43:31.116Z</time></trkpt><trkpt lat="42.871441" lon="-7.897040"><ele>507.067</ele><time>2024-06-21T06:43:37.119Z</time></trkpt><trkpt lat="42.871465" lon="-7.897096"><ele>505.332</ele><time>2024-06-21T06:43:50.125Z</time></trkpt><trkpt lat="42.871489" lon="-7.897159"><ele>504.041</ele><time>2024-06-21T06:43:55.116Z</time></trkpt><trkpt lat="42.871509" lon="-7.897220"><ele>501.434</ele><time>2024-06-21T06:43:59.112Z</time></trkpt><trkpt lat="42.871524" lon="-7.897291"><ele>501.378</ele><time>2024-06-21T06:44:03.114Z</time></trkpt><trkpt lat="42.871546" lon="-7.897348"><ele>501.279</ele><time>2024-06-21T06:44:07.111Z</time></trkpt><trkpt lat="42.871570" lon="-7.897404"><ele>501.654</ele><time>2024-06-21T06:44:11.128Z</time></trkpt><trkpt lat="42.871589" lon="-7.897474"><ele>501.556</ele><time>2024-06-21T06:44:16.113Z</time></trkpt><trkpt lat="42.871595" lon="-7.897544"><ele>501.411</ele><time>2024-06-21T06:44:20.118Z</time></trkpt><trkpt lat="42.871617" lon="-7.897612"><ele>501.109</ele><time>2024-06-21T06:44:24.121Z</time></trkpt><trkpt lat="42.871638" lon="-7.897672"><ele>500.726</ele><time>2024-06-21T06:44:28.122Z</time></trkpt><trkpt lat="42.871678" lon="-7.897713"><ele>500.732</ele><time>2024-06-21T06:44:32.115Z</time></trkpt><trkpt lat="42.871717" lon="-7.897747"><ele>500.749</ele><time>2024-06-21T06:44:36.115Z</time></trkpt><trkpt lat="42.871747" lon="-7.897802"><ele>501.453</ele><time>2024-06-21T06:44:41.144Z</time></trkpt><trkpt lat="42.871781" lon="-7.897858"><ele>502.138</ele><time>2024-06-21T06:44:46.116Z</time></trkpt><trkpt lat="42.871805" lon="-7.897920"><ele>502.267</ele><time>2024-06-21T06:44:50.116Z</time></trkpt><trkpt lat="42.871832" lon="-7.897970"><ele>502.510</ele><time>2024-06-21T06:44:54.115Z</time></trkpt><trkpt lat="42.871864" lon="-7.898018"><ele>502.664</ele><time>2024-06-21T06:44:58.114Z</time></trkpt><trkpt lat="42.871899" lon="-7.898061"><ele>502.655</ele><time>2024-06-21T06:45:02.114Z</time></trkpt><trkpt lat="42.871936" lon="-7.898101"><ele>502.691</ele><time>2024-06-21T06:45:06.123Z</time></trkpt><trkpt lat="42.871974" lon="-7.898141"><ele>502.581</ele><time>2024-06-21T06:45:10.119Z</time></trkpt><trkpt lat="42.872008" lon="-7.898192"><ele>502.519</ele><time>2024-06-21T06:45:14.122Z</time></trkpt><trkpt lat="42.872053" lon="-7.898227"><ele>502.409</ele><time>2024-06-21T06:45:18.117Z</time></trkpt><trkpt lat="42.872094" lon="-7.898269"><ele>502.360</ele><time>2024-06-21T06:45:22.116Z</time></trkpt><trkpt lat="42.872141" lon="-7.898313"><ele>502.426</ele><time>2024-06-21T06:45:27.110Z</time></trkpt><trkpt lat="42.872179" lon="-7.898349"><ele>502.473</ele><time>2024-06-21T06:45:31.119Z</time></trkpt><trkpt lat="42.872215" lon="-7.898386"><ele>502.327</ele><time>2024-06-21T06:45:35.120Z</time></trkpt><trkpt lat="42.872257" lon="-7.898422"><ele>501.992</ele><time>2024-06-21T06:45:39.117Z</time></trkpt><trkpt lat="42.872298" lon="-7.898464"><ele>500.721</ele><time>2024-06-21T06:45:43.116Z</time></trkpt><trkpt lat="42.872339" lon="-7.898510"><ele>500.454</ele><time>2024-06-21T06:45:47.110Z</time></trkpt><trkpt lat="42.872366" lon="-7.898561"><ele>499.578</ele><time>2024-06-21T06:45:51.110Z</time></trkpt><trkpt lat="42.872402" lon="-7.898616"><ele>498.199</ele><time>2024-06-21T06:45:55.145Z</time></trkpt><trkpt lat="42.872437" lon="-7.898662"><ele>497.356</ele><time>2024-06-21T06:45:59.111Z</time></trkpt><trkpt lat="42.872476" lon="-7.898696"><ele>497.059</ele><time>2024-06-21T06:46:02.131Z</time></trkpt><trkpt lat="42.872516" lon="-7.898746"><ele>496.614</ele><time>2024-06-21T06:46:07.115Z</time></trkpt><trkpt lat="42.872562" lon="-7.898781"><ele>496.409</ele><time>2024-06-21T06:46:11.116Z</time></trkpt><trkpt lat="42.872608" lon="-7.898814"><ele>496.486</ele><time>2024-06-21T06:46:15.115Z</time></trkpt><trkpt lat="42.872652" lon="-7.898848"><ele>496.442</ele><time>2024-06-21T06:46:19.122Z</time></trkpt><trkpt lat="42.872701" lon="-7.898880"><ele>496.589</ele><time>2024-06-21T06:46:23.112Z</time></trkpt><trkpt lat="42.872740" lon="-7.898921"><ele>496.843</ele><time>2024-06-21T06:46:27.113Z</time></trkpt><trkpt lat="42.872785" lon="-7.898958"><ele>496.978</ele><time>2024-06-21T06:46:32.118Z</time></trkpt><trkpt lat="42.872834" lon="-7.898990"><ele>496.967</ele><time>2024-06-21T06:46:36.116Z</time></trkpt><trkpt lat="42.872878" lon="-7.899027"><ele>496.880</ele><time>2024-06-21T06:46:40.124Z</time></trkpt><trkpt lat="42.872911" lon="-7.899069"><ele>496.124</ele><time>2024-06-21T06:46:44.119Z</time></trkpt><trkpt lat="42.872954" lon="-7.899109"><ele>495.155</ele><time>2024-06-21T06:46:48.113Z</time></trkpt><trkpt lat="42.873002" lon="-7.899151"><ele>494.315</ele><time>2024-06-21T06:46:52.114Z</time></trkpt><trkpt lat="42.873028" lon="-7.899208"><ele>493.065</ele><time>2024-06-21T06:46:56.118Z</time></trkpt><trkpt lat="42.873065" lon="-7.899251"><ele>492.711</ele><time>2024-06-21T06:47:00.109Z</time></trkpt><trkpt lat="42.873093" lon="-7.899302"><ele>492.409</ele><time>2024-06-21T06:47:04.115Z</time></trkpt><trkpt lat="42.873130" lon="-7.899349"><ele>492.062</ele><time>2024-06-21T06:47:08.117Z</time></trkpt><trkpt lat="42.873165" lon="-7.899393"><ele>491.698</ele><time>2024-06-21T06:47:12.114Z</time></trkpt><trkpt lat="42.873210" lon="-7.899421"><ele>491.625</ele><time>2024-06-21T06:47:16.120Z</time></trkpt><trkpt lat="42.873245" lon="-7.899467"><ele>491.499</ele><time>2024-06-21T06:47:20.116Z</time></trkpt><trkpt lat="42.873287" lon="-7.899508"><ele>491.394</ele><time>2024-06-21T06:47:24.128Z</time></trkpt><trkpt lat="42.873327" lon="-7.899548"><ele>491.013</ele><time>2024-06-21T06:47:28.119Z</time></trkpt><trkpt lat="42.873371" lon="-7.899590"><ele>490.816</ele><time>2024-06-21T06:47:32.115Z</time></trkpt><trkpt lat="42.873408" lon="-7.899628"><ele>488.430</ele><time>2024-06-21T06:47:36.116Z</time></trkpt><trkpt lat="42.873440" lon="-7.899673"><ele>487.341</ele><time>2024-06-21T06:47:40.118Z</time></trkpt><trkpt lat="42.873477" lon="-7.899720"><ele>486.912</ele><time>2024-06-21T06:47:44.114Z</time></trkpt><trkpt lat="42.873526" lon="-7.899771"><ele>486.832</ele><time>2024-06-21T06:47:48.114Z</time></trkpt><trkpt lat="42.873567" lon="-7.899825"><ele>486.605</ele><time>2024-06-21T06:47:51.111Z</time></trkpt><trkpt lat="42.873609" lon="-7.899866"><ele>486.409</ele><time>2024-06-21T06:47:55.113Z</time></trkpt><trkpt lat="42.873641" lon="-7.899910"><ele>486.192</ele><time>2024-06-21T06:47:59.110Z</time></trkpt><trkpt lat="42.873676" lon="-7.899959"><ele>485.618</ele><time>2024-06-21T06:48:04.142Z</time></trkpt><trkpt lat="42.873711" lon="-7.900020"><ele>484.485</ele><time>2024-06-21T06:48:09.132Z</time></trkpt><trkpt lat="42.873736" lon="-7.900078"><ele>484.029</ele><time>2024-06-21T06:48:13.120Z</time></trkpt><trkpt lat="42.873746" lon="-7.900148"><ele>484.134</ele><time>2024-06-21T06:48:17.114Z</time></trkpt><trkpt lat="42.873767" lon="-7.900207"><ele>484.073</ele><time>2024-06-21T06:48:21.114Z</time></trkpt><trkpt lat="42.873788" lon="-7.900265"><ele>484.746</ele><time>2024-06-21T06:48:25.115Z</time></trkpt><trkpt lat="42.873807" lon="-7.900328"><ele>485.120</ele><time>2024-06-21T06:48:29.146Z</time></trkpt><trkpt lat="42.873829" lon="-7.900383"><ele>485.471</ele><time>2024-06-21T06:48:33.113Z</time></trkpt><trkpt lat="42.873850" lon="-7.900443"><ele>485.437</ele><time>2024-06-21T06:48:37.116Z</time></trkpt><trkpt lat="42.873859" lon="-7.900516"><ele>485.049</ele><time>2024-06-21T06:48:42.116Z</time></trkpt><trkpt lat="42.873879" lon="-7.900583"><ele>485.313</ele><time>2024-06-21T06:48:46.112Z</time></trkpt><trkpt lat="42.873895" lon="-7.900649"><ele>485.309</ele><time>2024-06-21T06:48:50.116Z</time></trkpt><trkpt lat="42.873921" lon="-7.900711"><ele>485.334</ele><time>2024-06-21T06:48:54.132Z</time></trkpt><trkpt lat="42.873949" lon="-7.900768"><ele>485.170</ele><time>2024-06-21T06:48:58.113Z</time></trkpt><trkpt lat="42.873976" lon="-7.900824"><ele>485.147</ele><time>2024-06-21T06:49:03.116Z</time></trkpt><trkpt lat="42.873998" lon="-7.900893"><ele>484.091</ele><time>2024-06-21T06:49:07.114Z</time></trkpt><trkpt lat="42.874026" lon="-7.900956"><ele>482.686</ele><time>2024-06-21T06:49:11.114Z</time></trkpt><trkpt lat="42.874044" lon="-7.901018"><ele>481.535</ele><time>2024-06-21T06:49:15.131Z</time></trkpt><trkpt lat="42.874084" lon="-7.901072"><ele>481.068</ele><time>2024-06-21T06:49:19.115Z</time></trkpt><trkpt lat="42.874121" lon="-7.901128"><ele>480.732</ele><time>2024-06-21T06:49:23.117Z</time></trkpt><trkpt lat="42.874155" lon="-7.901180"><ele>480.393</ele><time>2024-06-21T06:49:27.114Z</time></trkpt><trkpt lat="42.874186" lon="-7.901227"><ele>480.498</ele><time>2024-06-21T06:49:31.119Z</time></trkpt><trkpt lat="42.874223" lon="-7.901283"><ele>480.415</ele><time>2024-06-21T06:49:35.113Z</time></trkpt><trkpt lat="42.874273" lon="-7.901331"><ele>480.726</ele><time>2024-06-21T06:49:39.115Z</time></trkpt><trkpt lat="42.874308" lon="-7.901379"><ele>481.009</ele><time>2024-06-21T06:49:43.114Z</time></trkpt><trkpt lat="42.874343" lon="-7.901429"><ele>481.740</ele><time>2024-06-21T06:49:47.116Z</time></trkpt><trkpt lat="42.874374" lon="-7.901489"><ele>481.946</ele><time>2024-06-21T06:49:51.112Z</time></trkpt><trkpt lat="42.874405" lon="-7.901545"><ele>481.983</ele><time>2024-06-21T06:49:55.197Z</time></trkpt><trkpt lat="42.874445" lon="-7.901594"><ele>482.097</ele><time>2024-06-21T06:49:59.110Z</time></trkpt><trkpt lat="42.874485" lon="-7.901635"><ele>481.612</ele><time>2024-06-21T06:50:03.129Z</time></trkpt><trkpt lat="42.874529" lon="-7.901665"><ele>481.541</ele><time>2024-06-21T06:50:07.113Z</time></trkpt><trkpt lat="42.874573" lon="-7.901703"><ele>481.584</ele><time>2024-06-21T06:50:12.117Z</time></trkpt><trkpt lat="42.874607" lon="-7.901746"><ele>481.428</ele><time>2024-06-21T06:50:16.110Z</time></trkpt><trkpt lat="42.874603" lon="-7.901808"><ele>481.279</ele><time>2024-06-21T06:50:20.113Z</time></trkpt><trkpt lat="42.874574" lon="-7.901869"><ele>480.755</ele><time>2024-06-21T06:50:24.112Z</time></trkpt><trkpt lat="42.874543" lon="-7.901931"><ele>478.207</ele><time>2024-06-21T06:50:28.111Z</time></trkpt><trkpt lat="42.874522" lon="-7.901999"><ele>477.817</ele><time>2024-06-21T06:50:32.114Z</time></trkpt><trkpt lat="42.874507" lon="-7.902064"><ele>477.209</ele><time>2024-06-21T06:50:37.113Z</time></trkpt><trkpt lat="42.874481" lon="-7.902121"><ele>477.066</ele><time>2024-06-21T06:50:44.115Z</time></trkpt><trkpt lat="42.874468" lon="-7.902180"><ele>474.072</ele><time>2024-06-21T06:50:53.114Z</time></trkpt><trkpt lat="42.874483" lon="-7.902241"><ele>473.399</ele><time>2024-06-21T06:50:58.112Z</time></trkpt><trkpt lat="42.874505" lon="-7.902296"><ele>472.663</ele><time>2024-06-21T06:51:02.114Z</time></trkpt><trkpt lat="42.874513" lon="-7.902358"><ele>469.728</ele><time>2024-06-21T06:51:08.113Z</time></trkpt><trkpt lat="42.874523" lon="-7.902418"><ele>469.157</ele><time>2024-06-21T06:51:20.110Z</time></trkpt><trkpt lat="42.874526" lon="-7.902482"><ele>468.850</ele><time>2024-06-21T06:51:24.115Z</time></trkpt><trkpt lat="42.874543" lon="-7.902550"><ele>468.884</ele><time>2024-06-21T06:51:28.111Z</time></trkpt><trkpt lat="42.874555" lon="-7.902621"><ele>468.825</ele><time>2024-06-21T06:51:32.112Z</time></trkpt><trkpt lat="42.874564" lon="-7.902690"><ele>468.858</ele><time>2024-06-21T06:51:36.113Z</time></trkpt><trkpt lat="42.874556" lon="-7.902760"><ele>469.352</ele><time>2024-06-21T06:51:41.119Z</time></trkpt><trkpt lat="42.874522" lon="-7.902801"><ele>469.617</ele><time>2024-06-21T06:51:45.136Z</time></trkpt><trkpt lat="42.874499" lon="-7.902868"><ele>467.809</ele><time>2024-06-21T06:51:57.115Z</time></trkpt><trkpt lat="42.874470" lon="-7.902929"><ele>467.616</ele><time>2024-06-21T06:52:02.110Z</time></trkpt><trkpt lat="42.874445" lon="-7.902981"><ele>467.542</ele><time>2024-06-21T06:52:07.114Z</time></trkpt><trkpt lat="42.874423" lon="-7.903041"><ele>467.479</ele><time>2024-06-21T06:52:11.119Z</time></trkpt><trkpt lat="42.874414" lon="-7.903108"><ele>467.433</ele><time>2024-06-21T06:52:15.119Z</time></trkpt><trkpt lat="42.874415" lon="-7.903174"><ele>467.398</ele><time>2024-06-21T06:52:19.114Z</time></trkpt><trkpt lat="42.874419" lon="-7.903243"><ele>467.077</ele><time>2024-06-21T06:52:26.123Z</time></trkpt><trkpt lat="42.874446" lon="-7.903298"><ele>466.520</ele><time>2024-06-21T06:52:30.118Z</time></trkpt><trkpt lat="42.874479" lon="-7.903348"><ele>466.164</ele><time>2024-06-21T06:52:34.113Z</time></trkpt><trkpt lat="42.874499" lon="-7.903409"><ele>465.765</ele><time>2024-06-21T06:52:40.115Z</time></trkpt><trkpt lat="42.874507" lon="-7.903476"><ele>465.992</ele><time>2024-06-21T06:52:50.114Z</time></trkpt><trkpt lat="42.874523" lon="-7.903534"><ele>465.973</ele><time>2024-06-21T06:52:55.109Z</time></trkpt><trkpt lat="42.874551" lon="-7.903587"><ele>467.820</ele><time>2024-06-21T06:55:30.118Z</time></trkpt><trkpt lat="42.874539" lon="-7.903652"><ele>464.009</ele><time>2024-06-21T06:56:52.114Z</time></trkpt><trkpt lat="42.874505" lon="-7.903704"><ele>464.050</ele><time>2024-06-21T06:57:12.114Z</time></trkpt><trkpt lat="42.874476" lon="-7.903756"><ele>464.096</ele><time>2024-06-21T06:57:18.112Z</time></trkpt><trkpt lat="42.874444" lon="-7.903812"><ele>464.013</ele><time>2024-06-21T06:57:24.116Z</time></trkpt><trkpt lat="42.874422" lon="-7.903871"><ele>464.027</ele><time>2024-06-21T06:57:29.115Z</time></trkpt><trkpt lat="42.874402" lon="-7.903926"><ele>464.572</ele><time>2024-06-21T06:57:34.112Z</time></trkpt><trkpt lat="42.874380" lon="-7.903986"><ele>463.831</ele><time>2024-06-21T06:58:04.112Z</time></trkpt><trkpt lat="42.874351" lon="-7.904039"><ele>463.514</ele><time>2024-06-21T06:58:11.119Z</time></trkpt><trkpt lat="42.874326" lon="-7.904091"><ele>463.428</ele><time>2024-06-21T06:58:17.115Z</time></trkpt><trkpt lat="42.874328" lon="-7.904162"><ele>463.159</ele><time>2024-06-21T06:58:22.112Z</time></trkpt><trkpt lat="42.874313" lon="-7.904220"><ele>463.015</ele><time>2024-06-21T06:58:27.114Z</time></trkpt><trkpt lat="42.874268" lon="-7.904205"><ele>460.465</ele><time>2024-06-21T06:58:52.110Z</time></trkpt><trkpt lat="42.874316" lon="-7.904187"><ele>462.211</ele><time>2024-06-21T06:59:19.107Z</time></trkpt><trkpt lat="42.874358" lon="-7.904165"><ele>462.709</ele><time>2024-06-21T06:59:26.111Z</time></trkpt><trkpt lat="42.874352" lon="-7.904097"><ele>463.372</ele><time>2024-06-21T06:59:32.113Z</time></trkpt><trkpt lat="42.874396" lon="-7.904132"><ele>464.418</ele><time>2024-06-21T06:59:45.111Z</time></trkpt><trkpt lat="42.874424" lon="-7.904184"><ele>464.285</ele><time>2024-06-21T06:59:50.116Z</time></trkpt><trkpt lat="42.874455" lon="-7.904235"><ele>464.279</ele><time>2024-06-21T06:59:54.114Z</time></trkpt><trkpt lat="42.874491" lon="-7.904291"><ele>463.794</ele><time>2024-06-21T06:59:59.126Z</time></trkpt><trkpt lat="42.874530" lon="-7.904326"><ele>458.963</ele><time>2024-06-21T07:00:03.123Z</time></trkpt><trkpt lat="42.874576" lon="-7.904357"><ele>456.846</ele><time>2024-06-21T07:00:08.122Z</time></trkpt><trkpt lat="42.874626" lon="-7.904390"><ele>455.140</ele><time>2024-06-21T07:00:13.108Z</time></trkpt><trkpt lat="42.874662" lon="-7.904433"><ele>454.721</ele><time>2024-06-21T07:00:17.116Z</time></trkpt><trkpt lat="42.874701" lon="-7.904475"><ele>454.651</ele><time>2024-06-21T07:00:21.115Z</time></trkpt><trkpt lat="42.874747" lon="-7.904505"><ele>454.601</ele><time>2024-06-21T07:00:25.110Z</time></trkpt><trkpt lat="42.874792" lon="-7.904534"><ele>454.711</ele><time>2024-06-21T07:00:29.124Z</time></trkpt><trkpt lat="42.874841" lon="-7.904536"><ele>454.609</ele><time>2024-06-21T07:00:33.115Z</time></trkpt><trkpt lat="42.874879" lon="-7.904572"><ele>455.046</ele><time>2024-06-21T07:00:38.116Z</time></trkpt><trkpt lat="42.874916" lon="-7.904621"><ele>455.432</ele><time>2024-06-21T07:00:43.111Z</time></trkpt><trkpt lat="42.874943" lon="-7.904673"><ele>456.059</ele><time>2024-06-21T07:00:49.114Z</time></trkpt><trkpt lat="42.874957" lon="-7.904748"><ele>457.663</ele><time>2024-06-21T07:00:57.112Z</time></trkpt><trkpt lat="42.874972" lon="-7.904810"><ele>458.048</ele><time>2024-06-21T07:01:02.120Z</time></trkpt><trkpt lat="42.874991" lon="-7.904868"><ele>458.017</ele><time>2024-06-21T07:01:07.116Z</time></trkpt><trkpt lat="42.875009" lon="-7.904934"><ele>457.680</ele><time>2024-06-21T07:01:13.111Z</time></trkpt><trkpt lat="42.875027" lon="-7.904992"><ele>457.214</ele><time>2024-06-21T07:01:18.114Z</time></trkpt><trkpt lat="42.875042" lon="-7.905060"><ele>455.765</ele><time>2024-06-21T07:01:23.115Z</time></trkpt><trkpt lat="42.875061" lon="-7.905127"><ele>454.328</ele><time>2024-06-21T07:01:28.117Z</time></trkpt><trkpt lat="42.875089" lon="-7.905182"><ele>452.489</ele><time>2024-06-21T07:01:33.112Z</time></trkpt><trkpt lat="42.875123" lon="-7.905233"><ele>450.617</ele><time>2024-06-21T07:01:38.115Z</time></trkpt><trkpt lat="42.875142" lon="-7.905291"><ele>449.209</ele><time>2024-06-21T07:01:43.112Z</time></trkpt><trkpt lat="42.875152" lon="-7.905362"><ele>446.463</ele><time>2024-06-21T07:01:48.113Z</time></trkpt><trkpt lat="42.875158" lon="-7.905424"><ele>445.379</ele><time>2024-06-21T07:01:52.126Z</time></trkpt><trkpt lat="42.875165" lon="-7.905487"><ele>443.686</ele><time>2024-06-21T07:01:57.111Z</time></trkpt><trkpt lat="42.875173" lon="-7.905564"><ele>442.390</ele><time>2024-06-21T07:02:02.126Z</time></trkpt><trkpt lat="42.875172" lon="-7.905636"><ele>441.215</ele><time>2024-06-21T07:02:07.115Z</time></trkpt><trkpt lat="42.875177" lon="-7.905719"><ele>440.654</ele><time>2024-06-21T07:02:11.127Z</time></trkpt><trkpt lat="42.875177" lon="-7.905790"><ele>440.447</ele><time>2024-06-21T07:02:15.122Z</time></trkpt><trkpt lat="42.875184" lon="-7.905859"><ele>440.311</ele><time>2024-06-21T07:02:19.113Z</time></trkpt><trkpt lat="42.875185" lon="-7.905923"><ele>443.072</ele><time>2024-06-21T07:02:33.115Z</time></trkpt><trkpt lat="42.875216" lon="-7.905982"><ele>443.223</ele><time>2024-06-21T07:02:37.115Z</time></trkpt><trkpt lat="42.875225" lon="-7.906056"><ele>444.083</ele><time>2024-06-21T07:02:41.113Z</time></trkpt><trkpt lat="42.875229" lon="-7.906117"><ele>444.111</ele><time>2024-06-21T07:02:44.116Z</time></trkpt><trkpt lat="42.875236" lon="-7.906192"><ele>444.409</ele><time>2024-06-21T07:02:47.115Z</time></trkpt><trkpt lat="42.875234" lon="-7.906264"><ele>445.843</ele><time>2024-06-21T07:02:51.110Z</time></trkpt><trkpt lat="42.875247" lon="-7.906342"><ele>446.839</ele><time>2024-06-21T07:02:55.126Z</time></trkpt><trkpt lat="42.875260" lon="-7.906414"><ele>449.936</ele><time>2024-06-21T07:02:59.109Z</time></trkpt><trkpt lat="42.875265" lon="-7.906484"><ele>450.330</ele><time>2024-06-21T07:03:03.120Z</time></trkpt><trkpt lat="42.875278" lon="-7.906553"><ele>452.195</ele><time>2024-06-21T07:03:07.124Z</time></trkpt><trkpt lat="42.875304" lon="-7.906612"><ele>452.884</ele><time>2024-06-21T07:03:11.113Z</time></trkpt><trkpt lat="42.875321" lon="-7.906677"><ele>453.097</ele><time>2024-06-21T07:03:16.122Z</time></trkpt><trkpt lat="42.875330" lon="-7.906743"><ele>453.121</ele><time>2024-06-21T07:03:21.114Z</time></trkpt><trkpt lat="42.875347" lon="-7.906801"><ele>452.842</ele><time>2024-06-21T07:03:26.119Z</time></trkpt><trkpt lat="42.875365" lon="-7.906871"><ele>452.577</ele><time>2024-06-21T07:03:32.109Z</time></trkpt><trkpt lat="42.875373" lon="-7.906950"><ele>451.761</ele><time>2024-06-21T07:03:36.108Z</time></trkpt><trkpt lat="42.875382" lon="-7.907013"><ele>451.427</ele><time>2024-06-21T07:03:40.110Z</time></trkpt><trkpt lat="42.875393" lon="-7.907092"><ele>451.309</ele><time>2024-06-21T07:03:44.127Z</time></trkpt><trkpt lat="42.875399" lon="-7.907167"><ele>450.958</ele><time>2024-06-21T07:03:48.116Z</time></trkpt><trkpt lat="42.875406" lon="-7.907229"><ele>450.934</ele><time>2024-06-21T07:03:52.114Z</time></trkpt><trkpt lat="42.875406" lon="-7.907295"><ele>451.221</ele><time>2024-06-21T07:03:56.112Z</time></trkpt><trkpt lat="42.875411" lon="-7.907363"><ele>451.635</ele><time>2024-06-21T07:04:00.116Z</time></trkpt><trkpt lat="42.875412" lon="-7.907429"><ele>451.860</ele><time>2024-06-21T07:04:04.115Z</time></trkpt><trkpt lat="42.875413" lon="-7.907493"><ele>452.179</ele><time>2024-06-21T07:04:08.109Z</time></trkpt><trkpt lat="42.875427" lon="-7.907568"><ele>452.282</ele><time>2024-06-21T07:04:13.124Z</time></trkpt><trkpt lat="42.875435" lon="-7.907629"><ele>452.236</ele><time>2024-06-21T07:04:17.115Z</time></trkpt><trkpt lat="42.875448" lon="-7.907695"><ele>452.057</ele><time>2024-06-21T07:04:21.112Z</time></trkpt><trkpt lat="42.875461" lon="-7.907765"><ele>451.687</ele><time>2024-06-21T07:04:26.114Z</time></trkpt><trkpt lat="42.875473" lon="-7.907833"><ele>451.242</ele><time>2024-06-21T07:04:30.109Z</time></trkpt><trkpt lat="42.875488" lon="-7.907905"><ele>451.226</ele><time>2024-06-21T07:04:34.113Z</time></trkpt><trkpt lat="42.875507" lon="-7.907975"><ele>451.509</ele><time>2024-06-21T07:04:39.118Z</time></trkpt><trkpt lat="42.875530" lon="-7.908037"><ele>452.179</ele><time>2024-06-21T07:04:43.114Z</time></trkpt><trkpt lat="42.875561" lon="-7.908107"><ele>453.145</ele><time>2024-06-21T07:04:47.117Z</time></trkpt><trkpt lat="42.875588" lon="-7.908159"><ele>454.212</ele><time>2024-06-21T07:04:50.117Z</time></trkpt><trkpt lat="42.875611" lon="-7.908220"><ele>454.846</ele><time>2024-06-21T07:04:54.116Z</time></trkpt><trkpt lat="42.875638" lon="-7.908282"><ele>455.811</ele><time>2024-06-21T07:04:58.114Z</time></trkpt><trkpt lat="42.875662" lon="-7.908356"><ele>457.350</ele><time>2024-06-21T07:05:02.112Z</time></trkpt><trkpt lat="42.875676" lon="-7.908417"><ele>457.563</ele><time>2024-06-21T07:05:06.113Z</time></trkpt><trkpt lat="42.875696" lon="-7.908478"><ele>458.037</ele><time>2024-06-21T07:05:10.123Z</time></trkpt><trkpt lat="42.875708" lon="-7.908544"><ele>457.798</ele><time>2024-06-21T07:05:14.112Z</time></trkpt><trkpt lat="42.875731" lon="-7.908597"><ele>457.521</ele><time>2024-06-21T07:05:18.171Z</time></trkpt><trkpt lat="42.875765" lon="-7.908658"><ele>457.341</ele><time>2024-06-21T07:05:23.122Z</time></trkpt><trkpt lat="42.875792" lon="-7.908722"><ele>456.305</ele><time>2024-06-21T07:05:29.117Z</time></trkpt><trkpt lat="42.875819" lon="-7.908779"><ele>455.009</ele><time>2024-06-21T07:05:34.114Z</time></trkpt><trkpt lat="42.875848" lon="-7.908833"><ele>453.773</ele><time>2024-06-21T07:05:39.113Z</time></trkpt><trkpt lat="42.875871" lon="-7.908887"><ele>453.519</ele><time>2024-06-21T07:05:43.115Z</time></trkpt><trkpt lat="42.875896" lon="-7.908948"><ele>453.396</ele><time>2024-06-21T07:05:48.111Z</time></trkpt><trkpt lat="42.875936" lon="-7.908994"><ele>453.210</ele><time>2024-06-21T07:05:52.108Z</time></trkpt><trkpt lat="42.875992" lon="-7.909021"><ele>452.995</ele><time>2024-06-21T07:05:56.112Z</time></trkpt><trkpt lat="42.876032" lon="-7.909064"><ele>457.734</ele><time>2024-06-21T07:06:12.110Z</time></trkpt><trkpt lat="42.876067" lon="-7.909105"><ele>458.057</ele><time>2024-06-21T07:06:16.131Z</time></trkpt><trkpt lat="42.876116" lon="-7.909135"><ele>458.631</ele><time>2024-06-21T07:06:20.110Z</time></trkpt><trkpt lat="42.876157" lon="-7.909183"><ele>458.612</ele><time>2024-06-21T07:06:26.109Z</time></trkpt><trkpt lat="42.876201" lon="-7.909204"><ele>458.616</ele><time>2024-06-21T07:06:30.115Z</time></trkpt><trkpt lat="42.876238" lon="-7.909246"><ele>458.576</ele><time>2024-06-21T07:06:34.112Z</time></trkpt><trkpt lat="42.876277" lon="-7.909279"><ele>456.713</ele><time>2024-06-21T07:06:38.111Z</time></trkpt><trkpt lat="42.876315" lon="-7.909317"><ele>456.109</ele><time>2024-06-21T07:06:42.113Z</time></trkpt><trkpt lat="42.876355" lon="-7.909361"><ele>455.772</ele><time>2024-06-21T07:06:46.109Z</time></trkpt><trkpt lat="42.876400" lon="-7.909407"><ele>455.518</ele><time>2024-06-21T07:06:51.133Z</time></trkpt><trkpt lat="42.876442" lon="-7.909452"><ele>455.595</ele><time>2024-06-21T07:06:55.116Z</time></trkpt><trkpt lat="42.876473" lon="-7.909509"><ele>454.949</ele><time>2024-06-21T07:06:59.114Z</time></trkpt><trkpt lat="42.876513" lon="-7.909549"><ele>453.774</ele><time>2024-06-21T07:07:03.139Z</time></trkpt><trkpt lat="42.876546" lon="-7.909602"><ele>453.433</ele><time>2024-06-21T07:07:08.125Z</time></trkpt><trkpt lat="42.876583" lon="-7.909644"><ele>453.236</ele><time>2024-06-21T07:07:13.120Z</time></trkpt><trkpt lat="42.876620" lon="-7.909701"><ele>453.270</ele><time>2024-06-21T07:07:18.111Z</time></trkpt><trkpt lat="42.876647" lon="-7.909754"><ele>453.041</ele><time>2024-06-21T07:07:22.116Z</time></trkpt><trkpt lat="42.876683" lon="-7.909806"><ele>453.063</ele><time>2024-06-21T07:07:26.117Z</time></trkpt><trkpt lat="42.876711" lon="-7.909861"><ele>452.944</ele><time>2024-06-21T07:07:30.115Z</time></trkpt><trkpt lat="42.876737" lon="-7.909919"><ele>452.318</ele><time>2024-06-21T07:07:34.121Z</time></trkpt><trkpt lat="42.876752" lon="-7.909985"><ele>448.209</ele><time>2024-06-21T07:07:39.143Z</time></trkpt><trkpt lat="42.876763" lon="-7.910049"><ele>447.127</ele><time>2024-06-21T07:07:43.112Z</time></trkpt><trkpt lat="42.876774" lon="-7.910110"><ele>447.033</ele><time>2024-06-21T07:07:47.110Z</time></trkpt><trkpt lat="42.876790" lon="-7.910185"><ele>446.940</ele><time>2024-06-21T07:07:52.113Z</time></trkpt><trkpt lat="42.876804" lon="-7.910251"><ele>447.474</ele><time>2024-06-21T07:07:57.111Z</time></trkpt><trkpt lat="42.876827" lon="-7.910303"><ele>447.399</ele><time>2024-06-21T07:08:01.113Z</time></trkpt><trkpt lat="42.876842" lon="-7.910373"><ele>447.388</ele><time>2024-06-21T07:08:06.116Z</time></trkpt><trkpt lat="42.876860" lon="-7.910430"><ele>446.981</ele><time>2024-06-21T07:08:10.116Z</time></trkpt><trkpt lat="42.876917" lon="-7.910444"><ele>445.565</ele><time>2024-06-21T07:08:14.110Z</time></trkpt><trkpt lat="42.876937" lon="-7.910541"><ele>443.646</ele><time>2024-06-21T07:08:26.112Z</time></trkpt><trkpt lat="42.876956" lon="-7.910622"><ele>442.824</ele><time>2024-06-21T07:08:29.110Z</time></trkpt><trkpt lat="42.876951" lon="-7.910684"><ele>442.304</ele><time>2024-06-21T07:08:32.110Z</time></trkpt><trkpt lat="42.876993" lon="-7.910759"><ele>442.314</ele><time>2024-06-21T07:08:35.109Z</time></trkpt><trkpt lat="42.877019" lon="-7.910828"><ele>443.009</ele><time>2024-06-21T07:08:38.110Z</time></trkpt><trkpt lat="42.877049" lon="-7.910893"><ele>443.073</ele><time>2024-06-21T07:08:41.115Z</time></trkpt><trkpt lat="42.877075" lon="-7.910987"><ele>443.569</ele><time>2024-06-21T07:08:56.130Z</time></trkpt><trkpt lat="42.877108" lon="-7.911053"><ele>443.686</ele><time>2024-06-21T07:08:59.109Z</time></trkpt><trkpt lat="42.877122" lon="-7.911155"><ele>443.560</ele><time>2024-06-21T07:09:09.119Z</time></trkpt><trkpt lat="42.877149" lon="-7.911231"><ele>443.525</ele><time>2024-06-21T07:09:13.109Z</time></trkpt><trkpt lat="42.877164" lon="-7.911297"><ele>439.354</ele><time>2024-06-21T07:09:17.116Z</time></trkpt><trkpt lat="42.877188" lon="-7.911364"><ele>439.377</ele><time>2024-06-21T07:09:20.111Z</time></trkpt><trkpt lat="42.877195" lon="-7.911427"><ele>439.431</ele><time>2024-06-21T07:09:24.119Z</time></trkpt><trkpt lat="42.877220" lon="-7.911487"><ele>439.872</ele><time>2024-06-21T07:09:28.131Z</time></trkpt><trkpt lat="42.877244" lon="-7.911546"><ele>439.862</ele><time>2024-06-21T07:09:32.112Z</time></trkpt><trkpt lat="42.877270" lon="-7.911610"><ele>439.883</ele><time>2024-06-21T07:09:36.111Z</time></trkpt><trkpt lat="42.877289" lon="-7.911668"><ele>437.011</ele><time>2024-06-21T07:09:40.120Z</time></trkpt><trkpt lat="42.877302" lon="-7.911727"><ele>437.009</ele><time>2024-06-21T07:09:44.161Z</time></trkpt><trkpt lat="42.877327" lon="-7.911791"><ele>436.967</ele><time>2024-06-21T07:09:48.114Z</time></trkpt><trkpt lat="42.877340" lon="-7.911861"><ele>437.023</ele><time>2024-06-21T07:09:53.110Z</time></trkpt><trkpt lat="42.877364" lon="-7.911922"><ele>436.970</ele><time>2024-06-21T07:09:57.114Z</time></trkpt><trkpt lat="42.877384" lon="-7.911980"><ele>436.934</ele><time>2024-06-21T07:10:01.139Z</time></trkpt><trkpt lat="42.877418" lon="-7.912032"><ele>436.089</ele><time>2024-06-21T07:10:06.107Z</time></trkpt><trkpt lat="42.877449" lon="-7.912084"><ele>434.488</ele><time>2024-06-21T07:10:10.117Z</time></trkpt><trkpt lat="42.877487" lon="-7.912129"><ele>430.581</ele><time>2024-06-21T07:10:15.111Z</time></trkpt><trkpt lat="42.877520" lon="-7.912183"><ele>428.085</ele><time>2024-06-21T07:10:20.126Z</time></trkpt><trkpt lat="42.877567" lon="-7.912230"><ele>424.676</ele><time>2024-06-21T07:10:46.112Z</time></trkpt><trkpt lat="42.877618" lon="-7.912254"><ele>424.678</ele><time>2024-06-21T07:10:50.110Z</time></trkpt><trkpt lat="42.877659" lon="-7.912285"><ele>424.633</ele><time>2024-06-21T07:10:54.115Z</time></trkpt><trkpt lat="42.877696" lon="-7.912329"><ele>424.626</ele><time>2024-06-21T07:10:57.115Z</time></trkpt><trkpt lat="42.877723" lon="-7.912381"><ele>423.809</ele><time>2024-06-21T07:11:01.108Z</time></trkpt><trkpt lat="42.877744" lon="-7.912440"><ele>420.998</ele><time>2024-06-21T07:11:05.108Z</time></trkpt><trkpt lat="42.877756" lon="-7.912504"><ele>420.744</ele><time>2024-06-21T07:11:10.111Z</time></trkpt><trkpt lat="42.877776" lon="-7.912573"><ele>420.691</ele><time>2024-06-21T07:11:15.109Z</time></trkpt><trkpt lat="42.877797" lon="-7.912627"><ele>420.665</ele><time>2024-06-21T07:11:20.110Z</time></trkpt><trkpt lat="42.877825" lon="-7.912685"><ele>420.220</ele><time>2024-06-21T07:11:26.109Z</time></trkpt><trkpt lat="42.877849" lon="-7.912740"><ele>419.449</ele><time>2024-06-21T07:11:31.114Z</time></trkpt><trkpt lat="42.877876" lon="-7.912807"><ele>416.872</ele><time>2024-06-21T07:11:36.115Z</time></trkpt><trkpt lat="42.877898" lon="-7.912873"><ele>414.846</ele><time>2024-06-21T07:11:42.120Z</time></trkpt><trkpt lat="42.877901" lon="-7.912938"><ele>414.647</ele><time>2024-06-21T07:11:46.109Z</time></trkpt><trkpt lat="42.877907" lon="-7.913001"><ele>413.834</ele><time>2024-06-21T07:11:49.111Z</time></trkpt><trkpt lat="42.877906" lon="-7.913062"><ele>411.555</ele><time>2024-06-21T07:11:54.127Z</time></trkpt><trkpt lat="42.877899" lon="-7.913124"><ele>411.110</ele><time>2024-06-21T07:11:59.125Z</time></trkpt><trkpt lat="42.877874" lon="-7.913184"><ele>410.109</ele><time>2024-06-21T07:12:05.113Z</time></trkpt><trkpt lat="42.877861" lon="-7.913256"><ele>410.054</ele><time>2024-06-21T07:12:10.115Z</time></trkpt><trkpt lat="42.877863" lon="-7.913334"><ele>410.080</ele><time>2024-06-21T07:12:15.115Z</time></trkpt><trkpt lat="42.877870" lon="-7.913402"><ele>409.937</ele><time>2024-06-21T07:12:19.116Z</time></trkpt><trkpt lat="42.877881" lon="-7.913466"><ele>410.051</ele><time>2024-06-21T07:12:23.107Z</time></trkpt><trkpt lat="42.877909" lon="-7.913534"><ele>410.586</ele><time>2024-06-21T07:12:28.108Z</time></trkpt><trkpt lat="42.877930" lon="-7.913598"><ele>410.885</ele><time>2024-06-21T07:12:32.110Z</time></trkpt><trkpt lat="42.877959" lon="-7.913652"><ele>411.128</ele><time>2024-06-21T07:12:36.111Z</time></trkpt><trkpt lat="42.877989" lon="-7.913713"><ele>411.322</ele><time>2024-06-21T07:12:40.117Z</time></trkpt><trkpt lat="42.878009" lon="-7.913777"><ele>411.013</ele><time>2024-06-21T07:12:44.111Z</time></trkpt><trkpt lat="42.878032" lon="-7.913833"><ele>411.287</ele><time>2024-06-21T07:12:48.114Z</time></trkpt><trkpt lat="42.878048" lon="-7.913900"><ele>411.542</ele><time>2024-06-21T07:12:53.107Z</time></trkpt><trkpt lat="42.878048" lon="-7.913968"><ele>412.026</ele><time>2024-06-21T07:13:01.112Z</time></trkpt><trkpt lat="42.878054" lon="-7.914033"><ele>415.309</ele><time>2024-06-21T07:13:33.113Z</time></trkpt><trkpt lat="42.878070" lon="-7.914097"><ele>415.389</ele><time>2024-06-21T07:13:38.114Z</time></trkpt><trkpt lat="42.878100" lon="-7.914153"><ele>415.325</ele><time>2024-06-21T07:13:43.106Z</time></trkpt><trkpt lat="42.878132" lon="-7.914200"><ele>415.342</ele><time>2024-06-21T07:13:48.108Z</time></trkpt><trkpt lat="42.878177" lon="-7.914239"><ele>415.396</ele><time>2024-06-21T07:13:53.109Z</time></trkpt><trkpt lat="42.878221" lon="-7.914256"><ele>415.291</ele><time>2024-06-21T07:13:57.113Z</time></trkpt><trkpt lat="42.878271" lon="-7.914279"><ele>415.830</ele><time>2024-06-21T07:14:01.113Z</time></trkpt><trkpt lat="42.878324" lon="-7.914308"><ele>416.343</ele><time>2024-06-21T07:14:08.117Z</time></trkpt><trkpt lat="42.878366" lon="-7.914340"><ele>416.727</ele><time>2024-06-21T07:14:12.111Z</time></trkpt><trkpt lat="42.878415" lon="-7.914380"><ele>417.358</ele><time>2024-06-21T07:14:17.112Z</time></trkpt><trkpt lat="42.878460" lon="-7.914399"><ele>417.635</ele><time>2024-06-21T07:14:21.113Z</time></trkpt><trkpt lat="42.878502" lon="-7.914426"><ele>418.386</ele><time>2024-06-21T07:14:25.113Z</time></trkpt><trkpt lat="42.878548" lon="-7.914457"><ele>418.714</ele><time>2024-06-21T07:14:30.113Z</time></trkpt><trkpt lat="42.878593" lon="-7.914491"><ele>419.209</ele><time>2024-06-21T07:14:35.114Z</time></trkpt><trkpt lat="42.878645" lon="-7.914498"><ele>419.814</ele><time>2024-06-21T07:14:40.131Z</time></trkpt><trkpt lat="42.878687" lon="-7.914534"><ele>420.420</ele><time>2024-06-21T07:14:45.115Z</time></trkpt><trkpt lat="42.878724" lon="-7.914569"><ele>420.947</ele><time>2024-06-21T07:14:50.114Z</time></trkpt><trkpt lat="42.878752" lon="-7.914620"><ele>421.231</ele><time>2024-06-21T07:14:54.108Z</time></trkpt><trkpt lat="42.878784" lon="-7.914667"><ele>421.246</ele><time>2024-06-21T07:14:58.124Z</time></trkpt><trkpt lat="42.878812" lon="-7.914723"><ele>420.985</ele><time>2024-06-21T07:15:03.115Z</time></trkpt><trkpt lat="42.878852" lon="-7.914774"><ele>420.648</ele><time>2024-06-21T07:15:09.109Z</time></trkpt><trkpt lat="42.878883" lon="-7.914825"><ele>419.942</ele><time>2024-06-21T07:15:14.111Z</time></trkpt><trkpt lat="42.878914" lon="-7.914883"><ele>418.143</ele><time>2024-06-21T07:15:19.116Z</time></trkpt><trkpt lat="42.878936" lon="-7.914940"><ele>418.179</ele><time>2024-06-21T07:15:25.112Z</time></trkpt><trkpt lat="42.878976" lon="-7.914970"><ele>418.105</ele><time>2024-06-21T07:15:28.116Z</time></trkpt><trkpt lat="42.879001" lon="-7.915036"><ele>418.125</ele><time>2024-06-21T07:15:32.116Z</time></trkpt><trkpt lat="42.879009" lon="-7.915104"><ele>420.209</ele><time>2024-06-21T07:15:37.114Z</time></trkpt><trkpt lat="42.879037" lon="-7.915158"><ele>420.288</ele><time>2024-06-21T07:15:42.128Z</time></trkpt><trkpt lat="42.879044" lon="-7.915223"><ele>420.234</ele><time>2024-06-21T07:15:48.115Z</time></trkpt><trkpt lat="42.879063" lon="-7.915279"><ele>420.321</ele><time>2024-06-21T07:15:53.109Z</time></trkpt><trkpt lat="42.879073" lon="-7.915347"><ele>419.915</ele><time>2024-06-21T07:15:58.113Z</time></trkpt><trkpt lat="42.879076" lon="-7.915410"><ele>419.520</ele><time>2024-06-21T07:16:02.109Z</time></trkpt><trkpt lat="42.879075" lon="-7.915484"><ele>419.369</ele><time>2024-06-21T07:16:09.113Z</time></trkpt><trkpt lat="42.879070" lon="-7.915560"><ele>419.182</ele><time>2024-06-21T07:16:13.116Z</time></trkpt><trkpt lat="42.879066" lon="-7.915633"><ele>418.556</ele><time>2024-06-21T07:16:17.114Z</time></trkpt><trkpt lat="42.879076" lon="-7.915704"><ele>418.597</ele><time>2024-06-21T07:16:22.125Z</time></trkpt><trkpt lat="42.879072" lon="-7.915776"><ele>419.167</ele><time>2024-06-21T07:16:26.109Z</time></trkpt><trkpt lat="42.879082" lon="-7.915849"><ele>419.481</ele><time>2024-06-21T07:16:30.110Z</time></trkpt><trkpt lat="42.879072" lon="-7.915919"><ele>419.819</ele><time>2024-06-21T07:16:35.113Z</time></trkpt><trkpt lat="42.879065" lon="-7.915995"><ele>421.809</ele><time>2024-06-21T07:16:40.112Z</time></trkpt><trkpt lat="42.879081" lon="-7.916066"><ele>423.827</ele><time>2024-06-21T07:16:45.129Z</time></trkpt><trkpt lat="42.879092" lon="-7.916138"><ele>424.553</ele><time>2024-06-21T07:16:51.115Z</time></trkpt><trkpt lat="42.879105" lon="-7.916203"><ele>424.730</ele><time>2024-06-21T07:16:56.112Z</time></trkpt><trkpt lat="42.879111" lon="-7.916268"><ele>424.624</ele><time>2024-06-21T07:17:01.120Z</time></trkpt><trkpt lat="42.879119" lon="-7.916338"><ele>424.999</ele><time>2024-06-21T07:17:06.114Z</time></trkpt><trkpt lat="42.879143" lon="-7.916401"><ele>425.378</ele><time>2024-06-21T07:17:10.116Z</time></trkpt><trkpt lat="42.879154" lon="-7.916467"><ele>425.221</ele><time>2024-06-21T07:17:14.112Z</time></trkpt><trkpt lat="42.879174" lon="-7.916554"><ele>425.615</ele><time>2024-06-21T07:17:25.111Z</time></trkpt><trkpt lat="42.879190" lon="-7.916630"><ele>425.866</ele><time>2024-06-21T07:17:28.126Z</time></trkpt><trkpt lat="42.879223" lon="-7.916677"><ele>425.824</ele><time>2024-06-21T07:17:32.110Z</time></trkpt><trkpt lat="42.879243" lon="-7.916732"><ele>425.604</ele><time>2024-06-21T07:17:36.112Z</time></trkpt><trkpt lat="42.879268" lon="-7.916803"><ele>425.614</ele><time>2024-06-21T07:17:39.115Z</time></trkpt><trkpt lat="42.879285" lon="-7.916879"><ele>424.809</ele><time>2024-06-21T07:17:43.114Z</time></trkpt><trkpt lat="42.879296" lon="-7.916949"><ele>425.263</ele><time>2024-06-21T07:17:47.114Z</time></trkpt><trkpt lat="42.879315" lon="-7.917012"><ele>426.969</ele><time>2024-06-21T07:17:51.112Z</time></trkpt><trkpt lat="42.879333" lon="-7.917072"><ele>429.816</ele><time>2024-06-21T07:17:54.118Z</time></trkpt><trkpt lat="42.879344" lon="-7.917134"><ele>431.310</ele><time>2024-06-21T07:17:56.114Z</time></trkpt><trkpt lat="42.879372" lon="-7.917205"><ele>432.725</ele><time>2024-06-21T07:18:00.111Z</time></trkpt><trkpt lat="42.879398" lon="-7.917256"><ele>435.794</ele><time>2024-06-21T07:18:06.122Z</time></trkpt><trkpt lat="42.879425" lon="-7.917314"><ele>436.827</ele><time>2024-06-21T07:18:12.114Z</time></trkpt><trkpt lat="42.879452" lon="-7.917382"><ele>436.861</ele><time>2024-06-21T07:18:17.114Z</time></trkpt><trkpt lat="42.879476" lon="-7.917441"><ele>436.842</ele><time>2024-06-21T07:18:19.123Z</time></trkpt><trkpt lat="42.879488" lon="-7.917509"><ele>436.886</ele><time>2024-06-21T07:18:22.145Z</time></trkpt><trkpt lat="42.879512" lon="-7.917572"><ele>435.760</ele><time>2024-06-21T07:18:31.116Z</time></trkpt><trkpt lat="42.879539" lon="-7.917632"><ele>435.126</ele><time>2024-06-21T07:18:34.117Z</time></trkpt><trkpt lat="42.879558" lon="-7.917690"><ele>434.309</ele><time>2024-06-21T07:18:39.107Z</time></trkpt><trkpt lat="42.879602" lon="-7.917807"><ele>435.399</ele><time>2024-06-21T07:19:01.112Z</time></trkpt><trkpt lat="42.879630" lon="-7.917870"><ele>435.195</ele><time>2024-06-21T07:19:03.109Z</time></trkpt><trkpt lat="42.879662" lon="-7.917934"><ele>435.092</ele><time>2024-06-21T07:19:06.111Z</time></trkpt><trkpt lat="42.879706" lon="-7.918042"><ele>434.826</ele><time>2024-06-21T07:19:17.107Z</time></trkpt><trkpt lat="42.879709" lon="-7.918109"><ele>429.971</ele><time>2024-06-21T07:19:20.107Z</time></trkpt><trkpt lat="42.879738" lon="-7.918292"><ele>428.810</ele><time>2024-06-21T07:19:23.107Z</time></trkpt><trkpt lat="42.879777" lon="-7.918393"><ele>430.723</ele><time>2024-06-21T07:19:36.107Z</time></trkpt><trkpt lat="42.879823" lon="-7.918433"><ele>431.237</ele><time>2024-06-21T07:19:38.107Z</time></trkpt><trkpt lat="42.879825" lon="-7.918496"><ele>430.928</ele><time>2024-06-21T07:19:41.107Z</time></trkpt><trkpt lat="42.879823" lon="-7.918558"><ele>430.493</ele><time>2024-06-21T07:19:44.107Z</time></trkpt><trkpt lat="42.879820" lon="-7.918638"><ele>430.365</ele><time>2024-06-21T07:19:47.107Z</time></trkpt><trkpt lat="42.879836" lon="-7.918703"><ele>429.621</ele><time>2024-06-21T07:19:51.107Z</time></trkpt><trkpt lat="42.879848" lon="-7.918766"><ele>430.009</ele><time>2024-06-21T07:19:55.107Z</time></trkpt><trkpt lat="42.879826" lon="-7.918824"><ele>430.640</ele><time>2024-06-21T07:19:59.107Z</time></trkpt><trkpt lat="42.879828" lon="-7.918888"><ele>434.356</ele><time>2024-06-21T07:20:05.107Z</time></trkpt><trkpt lat="42.879836" lon="-7.918955"><ele>438.643</ele><time>2024-06-21T07:20:12.107Z</time></trkpt><trkpt lat="42.879841" lon="-7.919022"><ele>438.447</ele><time>2024-06-21T07:20:17.107Z</time></trkpt><trkpt lat="42.879845" lon="-7.919088"><ele>439.242</ele><time>2024-06-21T07:20:23.107Z</time></trkpt><trkpt lat="42.879854" lon="-7.919165"><ele>439.651</ele><time>2024-06-21T07:20:33.107Z</time></trkpt><trkpt lat="42.879850" lon="-7.919229"><ele>439.684</ele><time>2024-06-21T07:20:36.107Z</time></trkpt><trkpt lat="42.879850" lon="-7.919307"><ele>440.558</ele><time>2024-06-21T07:20:40.107Z</time></trkpt><trkpt lat="42.879855" lon="-7.919382"><ele>440.629</ele><time>2024-06-21T07:20:45.107Z</time></trkpt><trkpt lat="42.879852" lon="-7.919453"><ele>441.032</ele><time>2024-06-21T07:20:50.107Z</time></trkpt><trkpt lat="42.879858" lon="-7.919518"><ele>441.792</ele><time>2024-06-21T07:20:54.107Z</time></trkpt><trkpt lat="42.879876" lon="-7.919582"><ele>442.411</ele><time>2024-06-21T07:20:58.107Z</time></trkpt><trkpt lat="42.879881" lon="-7.919658"><ele>442.909</ele><time>2024-06-21T07:21:03.107Z</time></trkpt><trkpt lat="42.879897" lon="-7.919725"><ele>443.624</ele><time>2024-06-21T07:21:12.107Z</time></trkpt><trkpt lat="42.879904" lon="-7.919793"><ele>443.830</ele><time>2024-06-21T07:21:17.107Z</time></trkpt><trkpt lat="42.879911" lon="-7.919857"><ele>444.627</ele><time>2024-06-21T07:21:20.107Z</time></trkpt><trkpt lat="42.879922" lon="-7.919936"><ele>444.631</ele><time>2024-06-21T07:21:24.107Z</time></trkpt><trkpt lat="42.879933" lon="-7.920010"><ele>444.786</ele><time>2024-06-21T07:21:27.107Z</time></trkpt><trkpt lat="42.879953" lon="-7.920078"><ele>444.355</ele><time>2024-06-21T07:21:32.107Z</time></trkpt><trkpt lat="42.879972" lon="-7.920149"><ele>444.318</ele><time>2024-06-21T07:21:36.107Z</time></trkpt><trkpt lat="42.879966" lon="-7.920217"><ele>444.662</ele><time>2024-06-21T07:21:40.107Z</time></trkpt><trkpt lat="42.879972" lon="-7.920287"><ele>445.263</ele><time>2024-06-21T07:21:44.107Z</time></trkpt><trkpt lat="42.879973" lon="-7.920358"><ele>445.429</ele><time>2024-06-21T07:21:48.107Z</time></trkpt><trkpt lat="42.879970" lon="-7.920430"><ele>445.800</ele><time>2024-06-21T07:21:52.107Z</time></trkpt><trkpt lat="42.879965" lon="-7.920495"><ele>446.020</ele><time>2024-06-21T07:21:56.107Z</time></trkpt><trkpt lat="42.879979" lon="-7.920574"><ele>446.409</ele><time>2024-06-21T07:22:00.107Z</time></trkpt><trkpt lat="42.879989" lon="-7.920638"><ele>447.843</ele><time>2024-06-21T07:22:03.107Z</time></trkpt><trkpt lat="42.879984" lon="-7.920702"><ele>448.499</ele><time>2024-06-21T07:22:07.107Z</time></trkpt><trkpt lat="42.879992" lon="-7.920770"><ele>448.656</ele><time>2024-06-21T07:22:18.107Z</time></trkpt><trkpt lat="42.879998" lon="-7.920832"><ele>448.610</ele><time>2024-06-21T07:22:22.107Z</time></trkpt><trkpt lat="42.880007" lon="-7.920897"><ele>448.485</ele><time>2024-06-21T07:22:27.107Z</time></trkpt><trkpt lat="42.880011" lon="-7.920970"><ele>448.344</ele><time>2024-06-21T07:22:32.107Z</time></trkpt><trkpt lat="42.880016" lon="-7.921032"><ele>448.397</ele><time>2024-06-21T07:22:36.107Z</time></trkpt><trkpt lat="42.880008" lon="-7.921101"><ele>448.251</ele><time>2024-06-21T07:22:41.107Z</time></trkpt><trkpt lat="42.880003" lon="-7.921165"><ele>448.742</ele><time>2024-06-21T07:22:46.107Z</time></trkpt><trkpt lat="42.879995" lon="-7.921230"><ele>449.393</ele><time>2024-06-21T07:22:51.107Z</time></trkpt><trkpt lat="42.879997" lon="-7.921293"><ele>449.465</ele><time>2024-06-21T07:22:55.107Z</time></trkpt><trkpt lat="42.880008" lon="-7.921354"><ele>449.421</ele><time>2024-06-21T07:22:59.107Z</time></trkpt><trkpt lat="42.880011" lon="-7.921419"><ele>448.609</ele><time>2024-06-21T07:23:04.107Z</time></trkpt><trkpt lat="42.880008" lon="-7.921483"><ele>448.270</ele><time>2024-06-21T07:23:08.107Z</time></trkpt><trkpt lat="42.880009" lon="-7.921557"><ele>448.186</ele><time>2024-06-21T07:23:12.107Z</time></trkpt><trkpt lat="42.880012" lon="-7.921628"><ele>448.193</ele><time>2024-06-21T07:23:16.107Z</time></trkpt><trkpt lat="42.879997" lon="-7.921687"><ele>448.297</ele><time>2024-06-21T07:23:20.107Z</time></trkpt><trkpt lat="42.880000" lon="-7.921763"><ele>449.452</ele><time>2024-06-21T07:23:24.107Z</time></trkpt><trkpt lat="42.879993" lon="-7.921827"><ele>450.141</ele><time>2024-06-21T07:23:28.107Z</time></trkpt><trkpt lat="42.879983" lon="-7.921909"><ele>452.714</ele><time>2024-06-21T07:23:32.107Z</time></trkpt><trkpt lat="42.879967" lon="-7.921975"><ele>454.738</ele><time>2024-06-21T07:23:35.107Z</time></trkpt><trkpt lat="42.879951" lon="-7.922034"><ele>455.659</ele><time>2024-06-21T07:23:39.107Z</time></trkpt><trkpt lat="42.879942" lon="-7.922096"><ele>455.768</ele><time>2024-06-21T07:23:43.107Z</time></trkpt><trkpt lat="42.879925" lon="-7.922154"><ele>455.642</ele><time>2024-06-21T07:23:47.107Z</time></trkpt><trkpt lat="42.879912" lon="-7.922230"><ele>455.626</ele><time>2024-06-21T07:23:52.107Z</time></trkpt><trkpt lat="42.879895" lon="-7.922288"><ele>455.709</ele><time>2024-06-21T07:23:56.107Z</time></trkpt><trkpt lat="42.879876" lon="-7.922349"><ele>455.877</ele><time>2024-06-21T07:24:00.107Z</time></trkpt><trkpt lat="42.879853" lon="-7.922407"><ele>457.493</ele><time>2024-06-21T07:24:04.107Z</time></trkpt><trkpt lat="42.879833" lon="-7.922470"><ele>458.170</ele><time>2024-06-21T07:24:08.107Z</time></trkpt><trkpt lat="42.879817" lon="-7.922531"><ele>458.874</ele><time>2024-06-21T07:24:12.107Z</time></trkpt><trkpt lat="42.879791" lon="-7.922585"><ele>459.759</ele><time>2024-06-21T07:24:16.107Z</time></trkpt><trkpt lat="42.879775" lon="-7.922644"><ele>459.728</ele><time>2024-06-21T07:24:20.107Z</time></trkpt><trkpt lat="42.879758" lon="-7.922714"><ele>459.781</ele><time>2024-06-21T07:24:25.107Z</time></trkpt><trkpt lat="42.879729" lon="-7.922785"><ele>459.765</ele><time>2024-06-21T07:24:29.107Z</time></trkpt><trkpt lat="42.879702" lon="-7.922846"><ele>459.476</ele><time>2024-06-21T07:24:34.107Z</time></trkpt><trkpt lat="42.879676" lon="-7.922897"><ele>459.471</ele><time>2024-06-21T07:24:38.107Z</time></trkpt><trkpt lat="42.879661" lon="-7.922969"><ele>460.241</ele><time>2024-06-21T07:24:43.107Z</time></trkpt><trkpt lat="42.879639" lon="-7.923029"><ele>461.115</ele><time>2024-06-21T07:24:47.107Z</time></trkpt><trkpt lat="42.879622" lon="-7.923089"><ele>462.709</ele><time>2024-06-21T07:24:51.107Z</time></trkpt><trkpt lat="42.879599" lon="-7.923144"><ele>463.058</ele><time>2024-06-21T07:24:55.107Z</time></trkpt><trkpt lat="42.879581" lon="-7.923211"><ele>463.054</ele><time>2024-06-21T07:25:00.107Z</time></trkpt><trkpt lat="42.879576" lon="-7.923280"><ele>462.831</ele><time>2024-06-21T07:25:05.107Z</time></trkpt><trkpt lat="42.879575" lon="-7.923342"><ele>463.045</ele><time>2024-06-21T07:25:09.107Z</time></trkpt><trkpt lat="42.879570" lon="-7.923410"><ele>462.860</ele><time>2024-06-21T07:25:14.107Z</time></trkpt><trkpt lat="42.879560" lon="-7.923491"><ele>462.619</ele><time>2024-06-21T07:25:18.107Z</time></trkpt><trkpt lat="42.879544" lon="-7.923549"><ele>462.692</ele><time>2024-06-21T07:25:21.107Z</time></trkpt><trkpt lat="42.879517" lon="-7.923612"><ele>462.686</ele><time>2024-06-21T07:25:25.107Z</time></trkpt><trkpt lat="42.879492" lon="-7.923680"><ele>462.577</ele><time>2024-06-21T07:25:30.107Z</time></trkpt><trkpt lat="42.879465" lon="-7.923741"><ele>462.464</ele><time>2024-06-21T07:25:34.107Z</time></trkpt><trkpt lat="42.879444" lon="-7.923796"><ele>462.506</ele><time>2024-06-21T07:25:37.107Z</time></trkpt><trkpt lat="42.879422" lon="-7.923861"><ele>462.316</ele><time>2024-06-21T07:25:40.107Z</time></trkpt><trkpt lat="42.879402" lon="-7.923922"><ele>462.709</ele><time>2024-06-21T07:25:45.107Z</time></trkpt><trkpt lat="42.879384" lon="-7.923980"><ele>463.087</ele><time>2024-06-21T07:25:47.107Z</time></trkpt><trkpt lat="42.879363" lon="-7.924045"><ele>463.133</ele><time>2024-06-21T07:25:50.107Z</time></trkpt><trkpt lat="42.879355" lon="-7.924121"><ele>463.690</ele><time>2024-06-21T07:25:55.107Z</time></trkpt><trkpt lat="42.879357" lon="-7.924185"><ele>464.214</ele><time>2024-06-21T07:25:58.107Z</time></trkpt><trkpt lat="42.879354" lon="-7.924260"><ele>466.899</ele><time>2024-06-21T07:26:03.107Z</time></trkpt><trkpt lat="42.879324" lon="-7.924311"><ele>467.058</ele><time>2024-06-21T07:26:10.107Z</time></trkpt><trkpt lat="42.879293" lon="-7.924356"><ele>466.611</ele><time>2024-06-21T07:26:17.107Z</time></trkpt><trkpt lat="42.879276" lon="-7.924415"><ele>466.385</ele><time>2024-06-21T07:26:23.107Z</time></trkpt><trkpt lat="42.879269" lon="-7.924489"><ele>466.046</ele><time>2024-06-21T07:26:29.107Z</time></trkpt><trkpt lat="42.879280" lon="-7.924552"><ele>465.616</ele><time>2024-06-21T07:26:33.107Z</time></trkpt><trkpt lat="42.879284" lon="-7.924628"><ele>464.776</ele><time>2024-06-21T07:26:37.107Z</time></trkpt><trkpt lat="42.879300" lon="-7.924710"><ele>464.413</ele><time>2024-06-21T07:26:40.107Z</time></trkpt><trkpt lat="42.879304" lon="-7.924792"><ele>464.209</ele><time>2024-06-21T07:26:43.107Z</time></trkpt><trkpt lat="42.879294" lon="-7.924853"><ele>462.152</ele><time>2024-06-21T07:26:46.107Z</time></trkpt><trkpt lat="42.879272" lon="-7.924794"><ele>457.778</ele><time>2024-06-21T07:29:01.107Z</time></trkpt><trkpt lat="42.879306" lon="-7.924836"><ele>457.745</ele><time>2024-06-21T07:29:12.107Z</time></trkpt><trkpt lat="42.879350" lon="-7.924866"><ele>457.539</ele><time>2024-06-21T07:29:44.107Z</time></trkpt><trkpt lat="42.879345" lon="-7.924939"><ele>457.584</ele><time>2024-06-21T07:29:48.107Z</time></trkpt><trkpt lat="42.879353" lon="-7.925007"><ele>456.913</ele><time>2024-06-21T07:29:53.107Z</time></trkpt><trkpt lat="42.879342" lon="-7.925069"><ele>456.826</ele><time>2024-06-21T07:29:59.107Z</time></trkpt><trkpt lat="42.879330" lon="-7.925133"><ele>458.530</ele><time>2024-06-21T07:30:05.107Z</time></trkpt><trkpt lat="42.879325" lon="-7.925204"><ele>460.361</ele><time>2024-06-21T07:30:11.107Z</time></trkpt><trkpt lat="42.879316" lon="-7.925265"><ele>460.979</ele><time>2024-06-21T07:30:16.107Z</time></trkpt><trkpt lat="42.879309" lon="-7.925330"><ele>461.005</ele><time>2024-06-21T07:30:20.107Z</time></trkpt><trkpt lat="42.879302" lon="-7.925396"><ele>461.125</ele><time>2024-06-21T07:30:25.107Z</time></trkpt><trkpt lat="42.879307" lon="-7.925457"><ele>461.009</ele><time>2024-06-21T07:30:29.107Z</time></trkpt><trkpt lat="42.879282" lon="-7.925514"><ele>461.248</ele><time>2024-06-21T07:30:33.107Z</time></trkpt><trkpt lat="42.879285" lon="-7.925578"><ele>460.864</ele><time>2024-06-21T07:30:37.107Z</time></trkpt><trkpt lat="42.879270" lon="-7.925652"><ele>460.741</ele><time>2024-06-21T07:30:42.107Z</time></trkpt><trkpt lat="42.879275" lon="-7.925720"><ele>460.285</ele><time>2024-06-21T07:30:47.107Z</time></trkpt><trkpt lat="42.879261" lon="-7.925780"><ele>460.280</ele><time>2024-06-21T07:30:52.107Z</time></trkpt><trkpt lat="42.879241" lon="-7.925855"><ele>459.649</ele><time>2024-06-21T07:30:57.107Z</time></trkpt><trkpt lat="42.879222" lon="-7.925912"><ele>459.482</ele><time>2024-06-21T07:31:01.107Z</time></trkpt><trkpt lat="42.879192" lon="-7.925965"><ele>459.476</ele><time>2024-06-21T07:31:06.107Z</time></trkpt><trkpt lat="42.879175" lon="-7.926030"><ele>459.457</ele><time>2024-06-21T07:31:10.107Z</time></trkpt><trkpt lat="42.879154" lon="-7.926099"><ele>459.732</ele><time>2024-06-21T07:31:14.107Z</time></trkpt><trkpt lat="42.879130" lon="-7.926156"><ele>460.292</ele><time>2024-06-21T07:31:17.107Z</time></trkpt><trkpt lat="42.879108" lon="-7.926224"><ele>461.111</ele><time>2024-06-21T07:31:21.107Z</time></trkpt><trkpt lat="42.879082" lon="-7.926284"><ele>461.909</ele><time>2024-06-21T07:31:25.107Z</time></trkpt><trkpt lat="42.879045" lon="-7.926337"><ele>463.324</ele><time>2024-06-21T07:31:30.107Z</time></trkpt><trkpt lat="42.879032" lon="-7.926406"><ele>463.480</ele><time>2024-06-21T07:31:35.107Z</time></trkpt><trkpt lat="42.879005" lon="-7.926463"><ele>463.357</ele><time>2024-06-21T07:31:39.107Z</time></trkpt><trkpt lat="42.878974" lon="-7.926524"><ele>462.631</ele><time>2024-06-21T07:31:43.107Z</time></trkpt><trkpt lat="42.878957" lon="-7.926586"><ele>462.446</ele><time>2024-06-21T07:31:47.107Z</time></trkpt><trkpt lat="42.878953" lon="-7.926661"><ele>460.815</ele><time>2024-06-21T07:31:52.107Z</time></trkpt><trkpt lat="42.878941" lon="-7.926729"><ele>460.598</ele><time>2024-06-21T07:31:57.107Z</time></trkpt><trkpt lat="42.878932" lon="-7.926801"><ele>460.482</ele><time>2024-06-21T07:32:01.107Z</time></trkpt><trkpt lat="42.878913" lon="-7.926867"><ele>460.513</ele><time>2024-06-21T07:32:06.107Z</time></trkpt><trkpt lat="42.878893" lon="-7.926922"><ele>460.827</ele><time>2024-06-21T07:32:11.107Z</time></trkpt><trkpt lat="42.878876" lon="-7.926979"><ele>461.768</ele><time>2024-06-21T07:32:16.107Z</time></trkpt><trkpt lat="42.878852" lon="-7.927031"><ele>463.114</ele><time>2024-06-21T07:32:21.107Z</time></trkpt><trkpt lat="42.878826" lon="-7.927086"><ele>463.309</ele><time>2024-06-21T07:32:26.107Z</time></trkpt><trkpt lat="42.878807" lon="-7.927151"><ele>463.853</ele><time>2024-06-21T07:32:31.107Z</time></trkpt><trkpt lat="42.878798" lon="-7.927225"><ele>464.219</ele><time>2024-06-21T07:32:36.107Z</time></trkpt><trkpt lat="42.878787" lon="-7.927291"><ele>464.446</ele><time>2024-06-21T07:32:40.107Z</time></trkpt><trkpt lat="42.878782" lon="-7.927366"><ele>464.860</ele><time>2024-06-21T07:32:45.107Z</time></trkpt><trkpt lat="42.878776" lon="-7.927430"><ele>465.045</ele><time>2024-06-21T07:32:49.107Z</time></trkpt><trkpt lat="42.878776" lon="-7.927499"><ele>466.254</ele><time>2024-06-21T07:32:53.107Z</time></trkpt><trkpt lat="42.878775" lon="-7.927562"><ele>467.617</ele><time>2024-06-21T07:32:57.107Z</time></trkpt><trkpt lat="42.878775" lon="-7.927641"><ele>467.861</ele><time>2024-06-21T07:33:01.107Z</time></trkpt><trkpt lat="42.878789" lon="-7.927712"><ele>468.892</ele><time>2024-06-21T07:33:05.107Z</time></trkpt><trkpt lat="42.878798" lon="-7.927778"><ele>469.732</ele><time>2024-06-21T07:33:09.107Z</time></trkpt><trkpt lat="42.878797" lon="-7.927853"><ele>470.492</ele><time>2024-06-21T07:33:14.107Z</time></trkpt><trkpt lat="42.878796" lon="-7.927919"><ele>471.711</ele><time>2024-06-21T07:33:19.107Z</time></trkpt><trkpt lat="42.878796" lon="-7.927981"><ele>473.609</ele><time>2024-06-21T07:33:23.107Z</time></trkpt><trkpt lat="42.878785" lon="-7.928053"><ele>474.584</ele><time>2024-06-21T07:33:28.107Z</time></trkpt><trkpt lat="42.878781" lon="-7.928130"><ele>474.540</ele><time>2024-06-21T07:33:33.107Z</time></trkpt><trkpt lat="42.878784" lon="-7.928198"><ele>474.537</ele><time>2024-06-21T07:33:37.107Z</time></trkpt><trkpt lat="42.878784" lon="-7.928275"><ele>473.541</ele><time>2024-06-21T07:33:42.107Z</time></trkpt><trkpt lat="42.878781" lon="-7.928346"><ele>473.436</ele><time>2024-06-21T07:33:46.107Z</time></trkpt><trkpt lat="42.878777" lon="-7.928422"><ele>473.565</ele><time>2024-06-21T07:33:50.107Z</time></trkpt><trkpt lat="42.878781" lon="-7.928485"><ele>474.048</ele><time>2024-06-21T07:33:54.107Z</time></trkpt><trkpt lat="42.878776" lon="-7.928548"><ele>475.052</ele><time>2024-06-21T07:33:58.107Z</time></trkpt><trkpt lat="42.878766" lon="-7.928626"><ele>475.083</ele><time>2024-06-21T07:34:03.107Z</time></trkpt><trkpt lat="42.878763" lon="-7.928701"><ele>475.513</ele><time>2024-06-21T07:34:07.107Z</time></trkpt><trkpt lat="42.878771" lon="-7.928766"><ele>475.843</ele><time>2024-06-21T07:34:11.107Z</time></trkpt><trkpt lat="42.878782" lon="-7.928832"><ele>476.307</ele><time>2024-06-21T07:34:15.107Z</time></trkpt><trkpt lat="42.878796" lon="-7.928901"><ele>477.209</ele><time>2024-06-21T07:34:20.107Z</time></trkpt><trkpt lat="42.878812" lon="-7.928967"><ele>477.812</ele><time>2024-06-21T07:34:25.107Z</time></trkpt><trkpt lat="42.878830" lon="-7.929027"><ele>479.768</ele><time>2024-06-21T07:34:37.107Z</time></trkpt><trkpt lat="42.878856" lon="-7.929084"><ele>479.735</ele><time>2024-06-21T07:34:42.107Z</time></trkpt><trkpt lat="42.878867" lon="-7.929144"><ele>479.869</ele><time>2024-06-21T07:34:47.107Z</time></trkpt><trkpt lat="42.878880" lon="-7.929205"><ele>480.064</ele><time>2024-06-21T07:34:53.107Z</time></trkpt><trkpt lat="42.878902" lon="-7.929261"><ele>481.093</ele><time>2024-06-21T07:34:58.107Z</time></trkpt><trkpt lat="42.878919" lon="-7.929319"><ele>481.336</ele><time>2024-06-21T07:35:02.107Z</time></trkpt><trkpt lat="42.878937" lon="-7.929386"><ele>481.380</ele><time>2024-06-21T07:35:06.107Z</time></trkpt><trkpt lat="42.878956" lon="-7.929447"><ele>481.481</ele><time>2024-06-21T07:35:10.107Z</time></trkpt><trkpt lat="42.878985" lon="-7.929515"><ele>481.869</ele><time>2024-06-21T07:35:15.107Z</time></trkpt><trkpt lat="42.879005" lon="-7.929589"><ele>483.304</ele><time>2024-06-21T07:35:20.107Z</time></trkpt><trkpt lat="42.879018" lon="-7.929652"><ele>486.124</ele><time>2024-06-21T07:35:24.107Z</time></trkpt><trkpt lat="42.879016" lon="-7.929727"><ele>486.909</ele><time>2024-06-21T07:35:29.107Z</time></trkpt><trkpt lat="42.879031" lon="-7.929796"><ele>487.717</ele><time>2024-06-21T07:35:34.107Z</time></trkpt><trkpt lat="42.879047" lon="-7.929855"><ele>488.563</ele><time>2024-06-21T07:35:38.107Z</time></trkpt><trkpt lat="42.879054" lon="-7.929929"><ele>489.080</ele><time>2024-06-21T07:35:43.107Z</time></trkpt><trkpt lat="42.879071" lon="-7.929986"><ele>489.264</ele><time>2024-06-21T07:35:47.107Z</time></trkpt><trkpt lat="42.879089" lon="-7.930043"><ele>489.289</ele><time>2024-06-21T07:35:51.107Z</time></trkpt><trkpt lat="42.879099" lon="-7.930103"><ele>489.248</ele><time>2024-06-21T07:35:55.107Z</time></trkpt><trkpt lat="42.879114" lon="-7.930171"><ele>489.011</ele><time>2024-06-21T07:36:00.107Z</time></trkpt><trkpt lat="42.879121" lon="-7.930235"><ele>488.955</ele><time>2024-06-21T07:36:05.107Z</time></trkpt><trkpt lat="42.879125" lon="-7.930300"><ele>489.146</ele><time>2024-06-21T07:36:10.107Z</time></trkpt><trkpt lat="42.879141" lon="-7.930368"><ele>489.651</ele><time>2024-06-21T07:36:15.107Z</time></trkpt><trkpt lat="42.879170" lon="-7.930423"><ele>491.101</ele><time>2024-06-21T07:36:20.107Z</time></trkpt><trkpt lat="42.879176" lon="-7.930493"><ele>492.211</ele><time>2024-06-21T07:36:25.107Z</time></trkpt><trkpt lat="42.879167" lon="-7.930558"><ele>494.309</ele><time>2024-06-21T07:36:30.107Z</time></trkpt><trkpt lat="42.879161" lon="-7.930634"><ele>496.826</ele><time>2024-06-21T07:36:36.107Z</time></trkpt><trkpt lat="42.879159" lon="-7.930702"><ele>497.632</ele><time>2024-06-21T07:36:41.107Z</time></trkpt><trkpt lat="42.879158" lon="-7.930766"><ele>498.369</ele><time>2024-06-21T07:36:46.107Z</time></trkpt><trkpt lat="42.879159" lon="-7.930828"><ele>498.663</ele><time>2024-06-21T07:36:51.107Z</time></trkpt><trkpt lat="42.879161" lon="-7.930900"><ele>498.698</ele><time>2024-06-21T07:36:56.107Z</time></trkpt><trkpt lat="42.879176" lon="-7.930961"><ele>499.077</ele><time>2024-06-21T07:37:00.107Z</time></trkpt><trkpt lat="42.879196" lon="-7.931021"><ele>498.740</ele><time>2024-06-21T07:37:05.107Z</time></trkpt><trkpt lat="42.879235" lon="-7.931072"><ele>498.274</ele><time>2024-06-21T07:37:10.107Z</time></trkpt><trkpt lat="42.879276" lon="-7.931114"><ele>498.295</ele><time>2024-06-21T07:37:14.107Z</time></trkpt><trkpt lat="42.879320" lon="-7.931154"><ele>498.446</ele><time>2024-06-21T07:37:18.107Z</time></trkpt><trkpt lat="42.879360" lon="-7.931199"><ele>498.788</ele><time>2024-06-21T07:37:22.107Z</time></trkpt><trkpt lat="42.879396" lon="-7.931240"><ele>498.916</ele><time>2024-06-21T07:37:25.107Z</time></trkpt><trkpt lat="42.879445" lon="-7.931283"><ele>499.009</ele><time>2024-06-21T07:37:27.107Z</time></trkpt><trkpt lat="42.879487" lon="-7.931324"><ele>499.175</ele><time>2024-06-21T07:37:29.107Z</time></trkpt><trkpt lat="42.879529" lon="-7.931346"><ele>499.031</ele><time>2024-06-21T07:37:31.107Z</time></trkpt><trkpt lat="42.879574" lon="-7.931368"><ele>498.678</ele><time>2024-06-21T07:37:34.107Z</time></trkpt><trkpt lat="42.879613" lon="-7.931405"><ele>499.142</ele><time>2024-06-21T07:37:40.107Z</time></trkpt><trkpt lat="42.879648" lon="-7.931454"><ele>499.237</ele><time>2024-06-21T07:37:48.107Z</time></trkpt><trkpt lat="42.879682" lon="-7.931505"><ele>499.396</ele><time>2024-06-21T07:37:55.107Z</time></trkpt><trkpt lat="42.879723" lon="-7.931554"><ele>499.569</ele><time>2024-06-21T07:38:02.107Z</time></trkpt><trkpt lat="42.879766" lon="-7.931590"><ele>499.633</ele><time>2024-06-21T07:38:07.107Z</time></trkpt><trkpt lat="42.879808" lon="-7.931634"><ele>499.864</ele><time>2024-06-21T07:38:12.107Z</time></trkpt><trkpt lat="42.879846" lon="-7.931681"><ele>500.935</ele><time>2024-06-21T07:38:17.107Z</time></trkpt><trkpt lat="42.879883" lon="-7.931728"><ele>501.586</ele><time>2024-06-21T07:38:22.107Z</time></trkpt><trkpt lat="42.879918" lon="-7.931769"><ele>501.714</ele><time>2024-06-21T07:38:26.107Z</time></trkpt><trkpt lat="42.879949" lon="-7.931830"><ele>501.709</ele><time>2024-06-21T07:38:31.107Z</time></trkpt><trkpt lat="42.879980" lon="-7.931883"><ele>501.384</ele><time>2024-06-21T07:38:36.107Z</time></trkpt><trkpt lat="42.880009" lon="-7.931935"><ele>500.660</ele><time>2024-06-21T07:38:40.107Z</time></trkpt><trkpt lat="42.880044" lon="-7.931995"><ele>500.267</ele><time>2024-06-21T07:38:45.107Z</time></trkpt><trkpt lat="42.880073" lon="-7.932059"><ele>499.311</ele><time>2024-06-21T07:38:50.107Z</time></trkpt><trkpt lat="42.880102" lon="-7.932115"><ele>498.946</ele><time>2024-06-21T07:38:54.107Z</time></trkpt><trkpt lat="42.880126" lon="-7.932173"><ele>498.725</ele><time>2024-06-21T07:38:58.107Z</time></trkpt><trkpt lat="42.880128" lon="-7.932242"><ele>498.798</ele><time>2024-06-21T07:39:03.107Z</time></trkpt><trkpt lat="42.880142" lon="-7.932306"><ele>499.482</ele><time>2024-06-21T07:39:15.107Z</time></trkpt><trkpt lat="42.880163" lon="-7.932369"><ele>499.453</ele><time>2024-06-21T07:39:19.107Z</time></trkpt><trkpt lat="42.880181" lon="-7.932440"><ele>499.488</ele><time>2024-06-21T07:39:23.107Z</time></trkpt><trkpt lat="42.880193" lon="-7.932520"><ele>499.324</ele><time>2024-06-21T07:39:28.107Z</time></trkpt><trkpt lat="42.880203" lon="-7.932580"><ele>499.126</ele><time>2024-06-21T07:39:31.107Z</time></trkpt><trkpt lat="42.880200" lon="-7.932642"><ele>498.609</ele><time>2024-06-21T07:39:34.107Z</time></trkpt><trkpt lat="42.880202" lon="-7.932705"><ele>498.519</ele><time>2024-06-21T07:39:37.107Z</time></trkpt><trkpt lat="42.880220" lon="-7.932776"><ele>498.275</ele><time>2024-06-21T07:39:41.107Z</time></trkpt><trkpt lat="42.880243" lon="-7.932851"><ele>498.062</ele><time>2024-06-21T07:39:45.107Z</time></trkpt><trkpt lat="42.880262" lon="-7.932926"><ele>498.266</ele><time>2024-06-21T07:39:49.107Z</time></trkpt><trkpt lat="42.880285" lon="-7.932980"><ele>498.241</ele><time>2024-06-21T07:39:52.107Z</time></trkpt><trkpt lat="42.880313" lon="-7.933042"><ele>498.880</ele><time>2024-06-21T07:39:55.107Z</time></trkpt><trkpt lat="42.880339" lon="-7.933112"><ele>499.053</ele><time>2024-06-21T07:39:59.107Z</time></trkpt><trkpt lat="42.880359" lon="-7.933186"><ele>499.047</ele><time>2024-06-21T07:40:03.107Z</time></trkpt><trkpt lat="42.880375" lon="-7.933253"><ele>498.818</ele><time>2024-06-21T07:40:07.107Z</time></trkpt><trkpt lat="42.880397" lon="-7.933309"><ele>498.331</ele><time>2024-06-21T07:40:11.107Z</time></trkpt><trkpt lat="42.880407" lon="-7.933378"><ele>498.061</ele><time>2024-06-21T07:40:15.107Z</time></trkpt><trkpt lat="42.880430" lon="-7.933442"><ele>497.307</ele><time>2024-06-21T07:40:19.107Z</time></trkpt><trkpt lat="42.880443" lon="-7.933502"><ele>495.009</ele><time>2024-06-21T07:40:23.107Z</time></trkpt><trkpt lat="42.880462" lon="-7.933561"><ele>494.824</ele><time>2024-06-21T07:40:27.107Z</time></trkpt><trkpt lat="42.880482" lon="-7.933622"><ele>494.580</ele><time>2024-06-21T07:40:31.107Z</time></trkpt><trkpt lat="42.880511" lon="-7.933686"><ele>494.347</ele><time>2024-06-21T07:40:35.107Z</time></trkpt><trkpt lat="42.880521" lon="-7.933756"><ele>494.571</ele><time>2024-06-21T07:40:39.107Z</time></trkpt><trkpt lat="42.880539" lon="-7.933826"><ele>494.686</ele><time>2024-06-21T07:40:43.107Z</time></trkpt><trkpt lat="42.880556" lon="-7.933897"><ele>494.235</ele><time>2024-06-21T07:40:47.107Z</time></trkpt><trkpt lat="42.880572" lon="-7.933958"><ele>494.648</ele><time>2024-06-21T07:40:51.107Z</time></trkpt><trkpt lat="42.880582" lon="-7.934021"><ele>494.682</ele><time>2024-06-21T07:40:55.107Z</time></trkpt><trkpt lat="42.880585" lon="-7.934087"><ele>494.313</ele><time>2024-06-21T07:40:59.107Z</time></trkpt><trkpt lat="42.880607" lon="-7.934149"><ele>493.615</ele><time>2024-06-21T07:41:03.107Z</time></trkpt><trkpt lat="42.880621" lon="-7.934218"><ele>493.265</ele><time>2024-06-21T07:41:07.107Z</time></trkpt><trkpt lat="42.880646" lon="-7.934282"><ele>492.311</ele><time>2024-06-21T07:41:11.107Z</time></trkpt><trkpt lat="42.880679" lon="-7.934330"><ele>491.909</ele><time>2024-06-21T07:41:15.107Z</time></trkpt><trkpt lat="42.880710" lon="-7.934376"><ele>490.452</ele><time>2024-06-21T07:41:19.107Z</time></trkpt><trkpt lat="42.880744" lon="-7.934425"><ele>489.728</ele><time>2024-06-21T07:41:23.107Z</time></trkpt><trkpt lat="42.880767" lon="-7.934478"><ele>489.445</ele><time>2024-06-21T07:41:27.107Z</time></trkpt><trkpt lat="42.880792" lon="-7.934545"><ele>489.479</ele><time>2024-06-21T07:41:32.107Z</time></trkpt><trkpt lat="42.880784" lon="-7.934611"><ele>489.214</ele><time>2024-06-21T07:41:36.107Z</time></trkpt><trkpt lat="42.880758" lon="-7.934667"><ele>489.133</ele><time>2024-06-21T07:41:40.107Z</time></trkpt><trkpt lat="42.880726" lon="-7.934728"><ele>489.476</ele><time>2024-06-21T07:41:44.107Z</time></trkpt><trkpt lat="42.880709" lon="-7.934785"><ele>489.560</ele><time>2024-06-21T07:41:47.107Z</time></trkpt><trkpt lat="42.880698" lon="-7.934847"><ele>489.451</ele><time>2024-06-21T07:41:50.107Z</time></trkpt><trkpt lat="42.880689" lon="-7.934907"><ele>488.953</ele><time>2024-06-21T07:41:53.107Z</time></trkpt><trkpt lat="42.880690" lon="-7.934969"><ele>488.804</ele><time>2024-06-21T07:41:56.107Z</time></trkpt><trkpt lat="42.880686" lon="-7.935047"><ele>488.114</ele><time>2024-06-21T07:42:00.107Z</time></trkpt><trkpt lat="42.880691" lon="-7.935111"><ele>488.209</ele><time>2024-06-21T07:42:04.107Z</time></trkpt><trkpt lat="42.880693" lon="-7.935183"><ele>489.356</ele><time>2024-06-21T07:42:08.107Z</time></trkpt><trkpt lat="42.880691" lon="-7.935248"><ele>492.252</ele><time>2024-06-21T07:42:12.107Z</time></trkpt><trkpt lat="42.880696" lon="-7.935318"><ele>491.649</ele><time>2024-06-21T07:42:16.107Z</time></trkpt><trkpt lat="42.880695" lon="-7.935392"><ele>491.493</ele><time>2024-06-21T07:42:20.107Z</time></trkpt><trkpt lat="42.880674" lon="-7.935463"><ele>490.838</ele><time>2024-06-21T07:42:24.107Z</time></trkpt><trkpt lat="42.880673" lon="-7.935541"><ele>489.497</ele><time>2024-06-21T07:42:28.107Z</time></trkpt><trkpt lat="42.880660" lon="-7.935610"><ele>487.960</ele><time>2024-06-21T07:42:32.107Z</time></trkpt><trkpt lat="42.880662" lon="-7.935686"><ele>487.914</ele><time>2024-06-21T07:42:36.107Z</time></trkpt><trkpt lat="42.880655" lon="-7.935749"><ele>487.995</ele><time>2024-06-21T07:42:40.107Z</time></trkpt><trkpt lat="42.880636" lon="-7.935806"><ele>488.259</ele><time>2024-06-21T07:42:44.107Z</time></trkpt><trkpt lat="42.880621" lon="-7.935872"><ele>489.703</ele><time>2024-06-21T07:42:48.107Z</time></trkpt><trkpt lat="42.880611" lon="-7.935938"><ele>489.923</ele><time>2024-06-21T07:42:52.107Z</time></trkpt><trkpt lat="42.880600" lon="-7.936001"><ele>490.309</ele><time>2024-06-21T07:42:56.107Z</time></trkpt><trkpt lat="42.880586" lon="-7.936062"><ele>490.736</ele><time>2024-06-21T07:43:00.107Z</time></trkpt><trkpt lat="42.880576" lon="-7.936129"><ele>491.132</ele><time>2024-06-21T07:43:04.107Z</time></trkpt><trkpt lat="42.880585" lon="-7.936189"><ele>491.519</ele><time>2024-06-21T07:43:08.107Z</time></trkpt><trkpt lat="42.880580" lon="-7.936252"><ele>492.063</ele><time>2024-06-21T07:43:12.107Z</time></trkpt><trkpt lat="42.880578" lon="-7.936319"><ele>491.818</ele><time>2024-06-21T07:43:16.107Z</time></trkpt><trkpt lat="42.880586" lon="-7.936389"><ele>491.827</ele><time>2024-06-21T07:43:20.107Z</time></trkpt><trkpt lat="42.880576" lon="-7.936455"><ele>491.220</ele><time>2024-06-21T07:43:24.107Z</time></trkpt><trkpt lat="42.880563" lon="-7.936526"><ele>490.534</ele><time>2024-06-21T07:43:29.107Z</time></trkpt><trkpt lat="42.880549" lon="-7.936588"><ele>490.325</ele><time>2024-06-21T07:43:33.107Z</time></trkpt><trkpt lat="42.880522" lon="-7.936641"><ele>489.628</ele><time>2024-06-21T07:43:37.107Z</time></trkpt><trkpt lat="42.880503" lon="-7.936710"><ele>489.089</ele><time>2024-06-21T07:43:42.107Z</time></trkpt><trkpt lat="42.880484" lon="-7.936769"><ele>488.917</ele><time>2024-06-21T07:43:46.107Z</time></trkpt><trkpt lat="42.880468" lon="-7.936827"><ele>486.309</ele><time>2024-06-21T07:43:51.107Z</time></trkpt><trkpt lat="42.880447" lon="-7.936891"><ele>484.813</ele><time>2024-06-21T07:43:56.107Z</time></trkpt><trkpt lat="42.880422" lon="-7.936955"><ele>483.669</ele><time>2024-06-21T07:44:01.107Z</time></trkpt><trkpt lat="42.880409" lon="-7.937015"><ele>483.156</ele><time>2024-06-21T07:44:05.107Z</time></trkpt><trkpt lat="42.880401" lon="-7.937080"><ele>482.610</ele><time>2024-06-21T07:44:09.107Z</time></trkpt><trkpt lat="42.880414" lon="-7.937142"><ele>479.835</ele><time>2024-06-21T07:44:14.107Z</time></trkpt><trkpt lat="42.880454" lon="-7.937186"><ele>478.674</ele><time>2024-06-21T07:44:18.107Z</time></trkpt><trkpt lat="42.880491" lon="-7.937230"><ele>477.647</ele><time>2024-06-21T07:44:22.107Z</time></trkpt><trkpt lat="42.880530" lon="-7.937280"><ele>473.871</ele><time>2024-06-21T07:44:26.107Z</time></trkpt><trkpt lat="42.880565" lon="-7.937330"><ele>472.482</ele><time>2024-06-21T07:44:30.107Z</time></trkpt><trkpt lat="42.880590" lon="-7.937386"><ele>472.018</ele><time>2024-06-21T07:44:34.107Z</time></trkpt><trkpt lat="42.880620" lon="-7.937440"><ele>471.398</ele><time>2024-06-21T07:44:38.107Z</time></trkpt><trkpt lat="42.880657" lon="-7.937497"><ele>470.117</ele><time>2024-06-21T07:44:43.107Z</time></trkpt><trkpt lat="42.880698" lon="-7.937528"><ele>467.809</ele><time>2024-06-21T07:44:48.107Z</time></trkpt><trkpt lat="42.880738" lon="-7.937583"><ele>467.582</ele><time>2024-06-21T07:44:53.107Z</time></trkpt><trkpt lat="42.880786" lon="-7.937590"><ele>467.668</ele><time>2024-06-21T07:45:00.107Z</time></trkpt><trkpt lat="42.880786" lon="-7.937659"><ele>466.755</ele><time>2024-06-21T07:45:23.107Z</time></trkpt><trkpt lat="42.880825" lon="-7.937712"><ele>466.659</ele><time>2024-06-21T07:45:27.107Z</time></trkpt><trkpt lat="42.880844" lon="-7.937784"><ele>466.584</ele><time>2024-06-21T07:45:32.107Z</time></trkpt><trkpt lat="42.880873" lon="-7.937850"><ele>466.073</ele><time>2024-06-21T07:45:37.107Z</time></trkpt><trkpt lat="42.880909" lon="-7.937907"><ele>462.236</ele><time>2024-06-21T07:45:42.107Z</time></trkpt><trkpt lat="42.880933" lon="-7.937959"><ele>460.540</ele><time>2024-06-21T07:45:47.107Z</time></trkpt><trkpt lat="42.880965" lon="-7.938010"><ele>458.811</ele><time>2024-06-21T07:45:52.107Z</time></trkpt><trkpt lat="42.880991" lon="-7.938078"><ele>458.182</ele><time>2024-06-21T07:45:57.107Z</time></trkpt><trkpt lat="42.881023" lon="-7.938136"><ele>457.443</ele><time>2024-06-21T07:46:01.107Z</time></trkpt><trkpt lat="42.881058" lon="-7.938184"><ele>457.317</ele><time>2024-06-21T07:46:06.107Z</time></trkpt><trkpt lat="42.881081" lon="-7.938247"><ele>457.309</ele><time>2024-06-21T07:46:11.107Z</time></trkpt><trkpt lat="42.881103" lon="-7.938313"><ele>458.189</ele><time>2024-06-21T07:46:16.107Z</time></trkpt><trkpt lat="42.881124" lon="-7.938374"><ele>458.515</ele><time>2024-06-21T07:46:20.107Z</time></trkpt><trkpt lat="42.881155" lon="-7.938438"><ele>459.092</ele><time>2024-06-21T07:46:25.107Z</time></trkpt><trkpt lat="42.881172" lon="-7.938498"><ele>459.316</ele><time>2024-06-21T07:46:29.107Z</time></trkpt><trkpt lat="42.881173" lon="-7.938570"><ele>459.771</ele><time>2024-06-21T07:46:35.107Z</time></trkpt><trkpt lat="42.881162" lon="-7.938640"><ele>460.870</ele><time>2024-06-21T07:46:41.107Z</time></trkpt><trkpt lat="42.881161" lon="-7.938704"><ele>461.083</ele><time>2024-06-21T07:46:46.107Z</time></trkpt><trkpt lat="42.881152" lon="-7.938779"><ele>461.557</ele><time>2024-06-21T07:46:51.107Z</time></trkpt><trkpt lat="42.881151" lon="-7.938841"><ele>462.288</ele><time>2024-06-21T07:46:55.107Z</time></trkpt><trkpt lat="42.881117" lon="-7.938889"><ele>464.312</ele><time>2024-06-21T07:47:00.107Z</time></trkpt><trkpt lat="42.881083" lon="-7.938942"><ele>465.332</ele><time>2024-06-21T07:47:05.107Z</time></trkpt><trkpt lat="42.881132" lon="-7.938926"><ele>466.605</ele><time>2024-06-21T07:47:47.107Z</time></trkpt><trkpt lat="42.881157" lon="-7.938979"><ele>466.609</ele><time>2024-06-21T07:47:55.107Z</time></trkpt><trkpt lat="42.881124" lon="-7.939024"><ele>466.662</ele><time>2024-06-21T07:48:01.107Z</time></trkpt><trkpt lat="42.881100" lon="-7.939084"><ele>466.648</ele><time>2024-06-21T07:48:06.107Z</time></trkpt><trkpt lat="42.881083" lon="-7.939145"><ele>466.615</ele><time>2024-06-21T07:48:11.107Z</time></trkpt><trkpt lat="42.881074" lon="-7.939210"><ele>463.369</ele><time>2024-06-21T07:48:16.107Z</time></trkpt><trkpt lat="42.881064" lon="-7.939278"><ele>463.264</ele><time>2024-06-21T07:48:21.107Z</time></trkpt><trkpt lat="42.881060" lon="-7.939340"><ele>463.323</ele><time>2024-06-21T07:48:25.107Z</time></trkpt><trkpt lat="42.881053" lon="-7.939409"><ele>463.436</ele><time>2024-06-21T07:48:29.107Z</time></trkpt><trkpt lat="42.881038" lon="-7.939483"><ele>463.060</ele><time>2024-06-21T07:48:33.107Z</time></trkpt><trkpt lat="42.881023" lon="-7.939550"><ele>462.941</ele><time>2024-06-21T07:48:37.107Z</time></trkpt><trkpt lat="42.881009" lon="-7.939620"><ele>463.114</ele><time>2024-06-21T07:48:41.107Z</time></trkpt><trkpt lat="42.881002" lon="-7.939687"><ele>463.254</ele><time>2024-06-21T07:48:45.107Z</time></trkpt><trkpt lat="42.881002" lon="-7.939764"><ele>463.109</ele><time>2024-06-21T07:48:49.107Z</time></trkpt><trkpt lat="42.880988" lon="-7.939839"><ele>462.909</ele><time>2024-06-21T07:48:53.107Z</time></trkpt><trkpt lat="42.880977" lon="-7.939911"><ele>462.312</ele><time>2024-06-21T07:48:57.107Z</time></trkpt><trkpt lat="42.880977" lon="-7.939985"><ele>461.918</ele><time>2024-06-21T07:49:01.107Z</time></trkpt><trkpt lat="42.880966" lon="-7.940062"><ele>461.655</ele><time>2024-06-21T07:49:06.107Z</time></trkpt><trkpt lat="42.880958" lon="-7.940130"><ele>461.319</ele><time>2024-06-21T07:49:10.107Z</time></trkpt><trkpt lat="42.880953" lon="-7.940193"><ele>461.494</ele><time>2024-06-21T07:49:14.107Z</time></trkpt><trkpt lat="42.880938" lon="-7.940252"><ele>461.413</ele><time>2024-06-21T07:49:18.109Z</time></trkpt><trkpt lat="42.880923" lon="-7.940312"><ele>461.226</ele><time>2024-06-21T07:49:22.112Z</time></trkpt><trkpt lat="42.880908" lon="-7.940376"><ele>461.220</ele><time>2024-06-21T07:49:27.111Z</time></trkpt><trkpt lat="42.880893" lon="-7.940446"><ele>460.831</ele><time>2024-06-21T07:49:32.113Z</time></trkpt><trkpt lat="42.880881" lon="-7.940506"><ele>458.886</ele><time>2024-06-21T07:49:36.113Z</time></trkpt><trkpt lat="42.880857" lon="-7.940571"><ele>454.360</ele><time>2024-06-21T07:49:41.113Z</time></trkpt><trkpt lat="42.880839" lon="-7.940628"><ele>452.326</ele><time>2024-06-21T07:49:45.113Z</time></trkpt><trkpt lat="42.880832" lon="-7.940704"><ele>451.609</ele><time>2024-06-21T07:49:49.113Z</time></trkpt><trkpt lat="42.880813" lon="-7.940768"><ele>450.829</ele><time>2024-06-21T07:49:54.113Z</time></trkpt><trkpt lat="42.880795" lon="-7.940831"><ele>450.615</ele><time>2024-06-21T07:49:59.113Z</time></trkpt><trkpt lat="42.880786" lon="-7.940896"><ele>450.682</ele><time>2024-06-21T07:50:02.113Z</time></trkpt><trkpt lat="42.880766" lon="-7.940963"><ele>450.776</ele><time>2024-06-21T07:50:06.113Z</time></trkpt><trkpt lat="42.880748" lon="-7.941024"><ele>450.781</ele><time>2024-06-21T07:50:10.113Z</time></trkpt><trkpt lat="42.880730" lon="-7.941083"><ele>450.570</ele><time>2024-06-21T07:50:14.113Z</time></trkpt><trkpt lat="42.880713" lon="-7.941149"><ele>449.463</ele><time>2024-06-21T07:50:18.113Z</time></trkpt><trkpt lat="42.880689" lon="-7.941218"><ele>448.757</ele><time>2024-06-21T07:50:22.113Z</time></trkpt><trkpt lat="42.880672" lon="-7.941282"><ele>448.568</ele><time>2024-06-21T07:50:26.113Z</time></trkpt><trkpt lat="42.880668" lon="-7.941358"><ele>448.371</ele><time>2024-06-21T07:50:30.113Z</time></trkpt><trkpt lat="42.880650" lon="-7.941419"><ele>448.141</ele><time>2024-06-21T07:50:34.113Z</time></trkpt><trkpt lat="42.880640" lon="-7.941484"><ele>447.815</ele><time>2024-06-21T07:50:38.113Z</time></trkpt><trkpt lat="42.880624" lon="-7.941553"><ele>446.809</ele><time>2024-06-21T07:50:43.113Z</time></trkpt><trkpt lat="42.880615" lon="-7.941625"><ele>446.428</ele><time>2024-06-21T07:50:48.113Z</time></trkpt><trkpt lat="42.880618" lon="-7.941692"><ele>446.064</ele><time>2024-06-21T07:50:52.113Z</time></trkpt><trkpt lat="42.880615" lon="-7.941764"><ele>444.951</ele><time>2024-06-21T07:50:56.113Z</time></trkpt><trkpt lat="42.880603" lon="-7.941829"><ele>444.545</ele><time>2024-06-21T07:51:00.113Z</time></trkpt><trkpt lat="42.880586" lon="-7.941905"><ele>443.780</ele><time>2024-06-21T07:51:05.113Z</time></trkpt><trkpt lat="42.880566" lon="-7.941967"><ele>441.939</ele><time>2024-06-21T07:51:09.113Z</time></trkpt><trkpt lat="42.880545" lon="-7.942037"><ele>441.162</ele><time>2024-06-21T07:51:13.113Z</time></trkpt><trkpt lat="42.880526" lon="-7.942111"><ele>441.076</ele><time>2024-06-21T07:51:17.113Z</time></trkpt><trkpt lat="42.880502" lon="-7.942176"><ele>440.877</ele><time>2024-06-21T07:51:21.113Z</time></trkpt><trkpt lat="42.880472" lon="-7.942240"><ele>440.664</ele><time>2024-06-21T07:51:26.113Z</time></trkpt><trkpt lat="42.880444" lon="-7.942292"><ele>439.906</ele><time>2024-06-21T07:51:30.113Z</time></trkpt><trkpt lat="42.880408" lon="-7.942353"><ele>438.816</ele><time>2024-06-21T07:51:34.113Z</time></trkpt><trkpt lat="42.880383" lon="-7.942423"><ele>437.409</ele><time>2024-06-21T07:51:38.113Z</time></trkpt><trkpt lat="42.880354" lon="-7.942472"><ele>436.797</ele><time>2024-06-21T07:51:41.113Z</time></trkpt><trkpt lat="42.880322" lon="-7.942519"><ele>436.393</ele><time>2024-06-21T07:51:44.113Z</time></trkpt><trkpt lat="42.880296" lon="-7.942570"><ele>436.010</ele><time>2024-06-21T07:51:47.113Z</time></trkpt><trkpt lat="42.880275" lon="-7.942632"><ele>435.784</ele><time>2024-06-21T07:51:50.113Z</time></trkpt><trkpt lat="42.880254" lon="-7.942689"><ele>435.579</ele><time>2024-06-21T07:51:53.113Z</time></trkpt><trkpt lat="42.880239" lon="-7.942759"><ele>435.268</ele><time>2024-06-21T07:51:57.113Z</time></trkpt><trkpt lat="42.880239" lon="-7.942829"><ele>435.121</ele><time>2024-06-21T07:52:01.113Z</time></trkpt><trkpt lat="42.880242" lon="-7.942898"><ele>434.655</ele><time>2024-06-21T07:52:05.113Z</time></trkpt><trkpt lat="42.880243" lon="-7.942971"><ele>433.976</ele><time>2024-06-21T07:52:09.113Z</time></trkpt><trkpt lat="42.880254" lon="-7.943040"><ele>433.033</ele><time>2024-06-21T07:52:13.113Z</time></trkpt><trkpt lat="42.880280" lon="-7.943103"><ele>432.623</ele><time>2024-06-21T07:52:17.113Z</time></trkpt><trkpt lat="42.880297" lon="-7.943170"><ele>431.115</ele><time>2024-06-21T07:52:21.113Z</time></trkpt><trkpt lat="42.880317" lon="-7.943235"><ele>429.509</ele><time>2024-06-21T07:52:25.113Z</time></trkpt><trkpt lat="42.880344" lon="-7.943303"><ele>427.534</ele><time>2024-06-21T07:52:29.113Z</time></trkpt><trkpt lat="42.880366" lon="-7.943365"><ele>427.330</ele><time>2024-06-21T07:52:33.113Z</time></trkpt><trkpt lat="42.880387" lon="-7.943426"><ele>427.197</ele><time>2024-06-21T07:52:37.113Z</time></trkpt><trkpt lat="42.880403" lon="-7.943491"><ele>427.041</ele><time>2024-06-21T07:52:41.113Z</time></trkpt><trkpt lat="42.880427" lon="-7.943556"><ele>427.096</ele><time>2024-06-21T07:52:45.113Z</time></trkpt><trkpt lat="42.880446" lon="-7.943624"><ele>426.895</ele><time>2024-06-21T07:52:49.113Z</time></trkpt><trkpt lat="42.880466" lon="-7.943690"><ele>426.958</ele><time>2024-06-21T07:52:53.113Z</time></trkpt><trkpt lat="42.880479" lon="-7.943753"><ele>426.722</ele><time>2024-06-21T07:52:57.113Z</time></trkpt><trkpt lat="42.880504" lon="-7.943819"><ele>426.493</ele><time>2024-06-21T07:53:01.113Z</time></trkpt><trkpt lat="42.880521" lon="-7.943886"><ele>426.714</ele><time>2024-06-21T07:53:05.113Z</time></trkpt><trkpt lat="42.880549" lon="-7.943946"><ele>426.954</ele><time>2024-06-21T07:53:09.113Z</time></trkpt><trkpt lat="42.880572" lon="-7.944003"><ele>426.009</ele><time>2024-06-21T07:53:13.113Z</time></trkpt><trkpt lat="42.880594" lon="-7.944059"><ele>425.809</ele><time>2024-06-21T07:53:17.113Z</time></trkpt><trkpt lat="42.880608" lon="-7.944119"><ele>425.862</ele><time>2024-06-21T07:53:21.113Z</time></trkpt><trkpt lat="42.880608" lon="-7.944189"><ele>424.238</ele><time>2024-06-21T07:53:41.113Z</time></trkpt><trkpt lat="42.880600" lon="-7.944250"><ele>424.255</ele><time>2024-06-21T07:53:45.113Z</time></trkpt><trkpt lat="42.880616" lon="-7.944317"><ele>424.249</ele><time>2024-06-21T07:53:49.113Z</time></trkpt><trkpt lat="42.880629" lon="-7.944384"><ele>424.234</ele><time>2024-06-21T07:53:53.113Z</time></trkpt><trkpt lat="42.880636" lon="-7.944448"><ele>424.353</ele><time>2024-06-21T07:53:57.113Z</time></trkpt><trkpt lat="42.880630" lon="-7.944512"><ele>427.216</ele><time>2024-06-21T07:54:00.113Z</time></trkpt><trkpt lat="42.880605" lon="-7.944565"><ele>427.220</ele><time>2024-06-21T07:54:04.113Z</time></trkpt><trkpt lat="42.880590" lon="-7.944627"><ele>427.291</ele><time>2024-06-21T07:54:08.113Z</time></trkpt><trkpt lat="42.880565" lon="-7.944678"><ele>427.061</ele><time>2024-06-21T07:54:12.113Z</time></trkpt><trkpt lat="42.880547" lon="-7.944739"><ele>427.121</ele><time>2024-06-21T07:54:17.113Z</time></trkpt><trkpt lat="42.880539" lon="-7.944810"><ele>427.313</ele><time>2024-06-21T07:54:22.113Z</time></trkpt><trkpt lat="42.880549" lon="-7.944873"><ele>427.809</ele><time>2024-06-21T07:54:26.113Z</time></trkpt><trkpt lat="42.880575" lon="-7.944924"><ele>427.917</ele><time>2024-06-21T07:54:30.113Z</time></trkpt><trkpt lat="42.880607" lon="-7.944976"><ele>427.853</ele><time>2024-06-21T07:54:35.113Z</time></trkpt><trkpt lat="42.880641" lon="-7.945021"><ele>427.190</ele><time>2024-06-21T07:54:40.113Z</time></trkpt><trkpt lat="42.880678" lon="-7.945074"><ele>426.974</ele><time>2024-06-21T07:54:48.113Z</time></trkpt><trkpt lat="42.880721" lon="-7.945121"><ele>428.529</ele><time>2024-06-21T07:55:51.113Z</time></trkpt><trkpt lat="42.880754" lon="-7.945169"><ele>428.568</ele><time>2024-06-21T07:56:09.113Z</time></trkpt><trkpt lat="42.880782" lon="-7.945227"><ele>428.541</ele><time>2024-06-21T07:56:16.113Z</time></trkpt><trkpt lat="42.880804" lon="-7.945280"><ele>428.565</ele><time>2024-06-21T07:56:20.113Z</time></trkpt><trkpt lat="42.880830" lon="-7.945344"><ele>428.776</ele><time>2024-06-21T07:56:25.113Z</time></trkpt><trkpt lat="42.880859" lon="-7.945401"><ele>428.451</ele><time>2024-06-21T07:56:30.113Z</time></trkpt><trkpt lat="42.880886" lon="-7.945466"><ele>429.301</ele><time>2024-06-21T07:56:35.113Z</time></trkpt><trkpt lat="42.880918" lon="-7.945514"><ele>429.411</ele><time>2024-06-21T07:56:40.113Z</time></trkpt><trkpt lat="42.880954" lon="-7.945567"><ele>429.309</ele><time>2024-06-21T07:56:45.113Z</time></trkpt><trkpt lat="42.880986" lon="-7.945616"><ele>428.656</ele><time>2024-06-21T07:56:50.113Z</time></trkpt><trkpt lat="42.881022" lon="-7.945661"><ele>428.072</ele><time>2024-06-21T07:56:55.113Z</time></trkpt><trkpt lat="42.881066" lon="-7.945701"><ele>428.029</ele><time>2024-06-21T07:57:00.113Z</time></trkpt><trkpt lat="42.881103" lon="-7.945737"><ele>428.013</ele><time>2024-06-21T07:57:05.113Z</time></trkpt><trkpt lat="42.881145" lon="-7.945760"><ele>430.168</ele><time>2024-06-21T07:57:09.113Z</time></trkpt><trkpt lat="42.881183" lon="-7.945795"><ele>431.237</ele><time>2024-06-21T07:57:13.113Z</time></trkpt><trkpt lat="42.881221" lon="-7.945838"><ele>432.920</ele><time>2024-06-21T07:57:17.113Z</time></trkpt><trkpt lat="42.881265" lon="-7.945876"><ele>433.864</ele><time>2024-06-21T07:57:21.113Z</time></trkpt><trkpt lat="42.881303" lon="-7.945922"><ele>434.195</ele><time>2024-06-21T07:57:26.113Z</time></trkpt><trkpt lat="42.881338" lon="-7.945974"><ele>434.298</ele><time>2024-06-21T07:57:31.113Z</time></trkpt><trkpt lat="42.881369" lon="-7.946039"><ele>434.215</ele><time>2024-06-21T07:57:36.113Z</time></trkpt><trkpt lat="42.881395" lon="-7.946101"><ele>433.926</ele><time>2024-06-21T07:57:41.113Z</time></trkpt><trkpt lat="42.881430" lon="-7.946152"><ele>433.509</ele><time>2024-06-21T07:57:46.113Z</time></trkpt><trkpt lat="42.881462" lon="-7.946199"><ele>433.740</ele><time>2024-06-21T07:57:51.113Z</time></trkpt><trkpt lat="42.881497" lon="-7.946250"><ele>433.936</ele><time>2024-06-21T07:57:57.113Z</time></trkpt><trkpt lat="42.881528" lon="-7.946302"><ele>433.943</ele><time>2024-06-21T07:58:02.113Z</time></trkpt><trkpt lat="42.881569" lon="-7.946341"><ele>434.167</ele><time>2024-06-21T07:58:07.113Z</time></trkpt><trkpt lat="42.881590" lon="-7.946403"><ele>434.412</ele><time>2024-06-21T07:58:12.113Z</time></trkpt><trkpt lat="42.881620" lon="-7.946467"><ele>434.881</ele><time>2024-06-21T07:58:17.113Z</time></trkpt><trkpt lat="42.881636" lon="-7.946540"><ele>436.174</ele><time>2024-06-21T07:58:31.113Z</time></trkpt><trkpt lat="42.881649" lon="-7.946616"><ele>436.558</ele><time>2024-06-21T07:58:36.113Z</time></trkpt><trkpt lat="42.881668" lon="-7.946681"><ele>436.929</ele><time>2024-06-21T07:58:39.113Z</time></trkpt><trkpt lat="42.881671" lon="-7.946757"><ele>437.781</ele><time>2024-06-21T07:58:45.113Z</time></trkpt><trkpt lat="42.881674" lon="-7.946829"><ele>438.661</ele><time>2024-06-21T07:58:50.113Z</time></trkpt><trkpt lat="42.881673" lon="-7.946902"><ele>437.317</ele><time>2024-06-21T07:58:55.113Z</time></trkpt><trkpt lat="42.881684" lon="-7.946967"><ele>439.709</ele><time>2024-06-21T07:58:59.113Z</time></trkpt><trkpt lat="42.881700" lon="-7.947031"><ele>440.099</ele><time>2024-06-21T07:59:03.113Z</time></trkpt><trkpt lat="42.881702" lon="-7.947105"><ele>440.115</ele><time>2024-06-21T07:59:07.113Z</time></trkpt><trkpt lat="42.881707" lon="-7.947167"><ele>440.132</ele><time>2024-06-21T07:59:10.113Z</time></trkpt><trkpt lat="42.881707" lon="-7.947229"><ele>440.676</ele><time>2024-06-21T07:59:13.113Z</time></trkpt><trkpt lat="42.881711" lon="-7.947292"><ele>441.031</ele><time>2024-06-21T07:59:16.113Z</time></trkpt><trkpt lat="42.881718" lon="-7.947366"><ele>441.120</ele><time>2024-06-21T07:59:20.113Z</time></trkpt><trkpt lat="42.881716" lon="-7.947435"><ele>441.043</ele><time>2024-06-21T07:59:24.113Z</time></trkpt><trkpt lat="42.881715" lon="-7.947507"><ele>441.187</ele><time>2024-06-21T07:59:29.113Z</time></trkpt><trkpt lat="42.881704" lon="-7.947578"><ele>441.028</ele><time>2024-06-21T07:59:34.113Z</time></trkpt><trkpt lat="42.881702" lon="-7.947641"><ele>440.767</ele><time>2024-06-21T07:59:38.113Z</time></trkpt><trkpt lat="42.881717" lon="-7.947710"><ele>440.181</ele><time>2024-06-21T07:59:42.113Z</time></trkpt><trkpt lat="42.881721" lon="-7.947777"><ele>440.019</ele><time>2024-06-21T07:59:46.113Z</time></trkpt><trkpt lat="42.881735" lon="-7.947850"><ele>440.009</ele><time>2024-06-21T07:59:51.113Z</time></trkpt><trkpt lat="42.881756" lon="-7.947908"><ele>440.167</ele><time>2024-06-21T07:59:55.113Z</time></trkpt><trkpt lat="42.881776" lon="-7.947977"><ele>440.573</ele><time>2024-06-21T08:00:00.113Z</time></trkpt><trkpt lat="42.881789" lon="-7.948048"><ele>441.650</ele><time>2024-06-21T08:00:04.113Z</time></trkpt><trkpt lat="42.881801" lon="-7.948109"><ele>441.994</ele><time>2024-06-21T08:00:08.113Z</time></trkpt><trkpt lat="42.881809" lon="-7.948183"><ele>442.989</ele><time>2024-06-21T08:00:13.113Z</time></trkpt><trkpt lat="42.881806" lon="-7.948249"><ele>444.098</ele><time>2024-06-21T08:00:18.113Z</time></trkpt><trkpt lat="42.881796" lon="-7.948317"><ele>444.541</ele><time>2024-06-21T08:00:22.113Z</time></trkpt><trkpt lat="42.881792" lon="-7.948391"><ele>446.475</ele><time>2024-06-21T08:00:26.113Z</time></trkpt><trkpt lat="42.881794" lon="-7.948467"><ele>447.176</ele><time>2024-06-21T08:00:30.113Z</time></trkpt><trkpt lat="42.881787" lon="-7.948538"><ele>448.717</ele><time>2024-06-21T08:00:33.113Z</time></trkpt><trkpt lat="42.881778" lon="-7.948604"><ele>449.287</ele><time>2024-06-21T08:00:36.113Z</time></trkpt><trkpt lat="42.881775" lon="-7.948679"><ele>449.615</ele><time>2024-06-21T08:00:40.113Z</time></trkpt><trkpt lat="42.881767" lon="-7.948747"><ele>449.609</ele><time>2024-06-21T08:00:44.113Z</time></trkpt><trkpt lat="42.881739" lon="-7.948799"><ele>449.962</ele><time>2024-06-21T08:00:49.113Z</time></trkpt><trkpt lat="42.881719" lon="-7.948857"><ele>450.338</ele><time>2024-06-21T08:00:55.113Z</time></trkpt><trkpt lat="42.881700" lon="-7.948919"><ele>450.025</ele><time>2024-06-21T08:01:00.113Z</time></trkpt><trkpt lat="42.881675" lon="-7.948982"><ele>449.869</ele><time>2024-06-21T08:01:05.113Z</time></trkpt><trkpt lat="42.881656" lon="-7.949047"><ele>449.614</ele><time>2024-06-21T08:01:10.113Z</time></trkpt><trkpt lat="42.881665" lon="-7.949111"><ele>448.663</ele><time>2024-06-21T08:01:14.113Z</time></trkpt><trkpt lat="42.881665" lon="-7.949181"><ele>448.616</ele><time>2024-06-21T08:01:18.113Z</time></trkpt><trkpt lat="42.881655" lon="-7.949249"><ele>448.590</ele><time>2024-06-21T08:01:22.113Z</time></trkpt><trkpt lat="42.881647" lon="-7.949311"><ele>450.111</ele><time>2024-06-21T08:01:26.113Z</time></trkpt><trkpt lat="42.881626" lon="-7.949372"><ele>450.855</ele><time>2024-06-21T08:01:30.113Z</time></trkpt><trkpt lat="42.881615" lon="-7.949444"><ele>452.507</ele><time>2024-06-21T08:01:34.113Z</time></trkpt><trkpt lat="42.881598" lon="-7.949519"><ele>453.517</ele><time>2024-06-21T08:01:38.113Z</time></trkpt><trkpt lat="42.881577" lon="-7.949586"><ele>454.709</ele><time>2024-06-21T08:01:42.113Z</time></trkpt><trkpt lat="42.881556" lon="-7.949642"><ele>455.416</ele><time>2024-06-21T08:01:47.113Z</time></trkpt><trkpt lat="42.881541" lon="-7.949708"><ele>455.622</ele><time>2024-06-21T08:01:52.113Z</time></trkpt><trkpt lat="42.881506" lon="-7.949767"><ele>455.679</ele><time>2024-06-21T08:01:57.113Z</time></trkpt><trkpt lat="42.881479" lon="-7.949823"><ele>455.483</ele><time>2024-06-21T08:02:02.113Z</time></trkpt><trkpt lat="42.881449" lon="-7.949879"><ele>454.978</ele><time>2024-06-21T08:02:06.113Z</time></trkpt><trkpt lat="42.881433" lon="-7.949937"><ele>453.897</ele><time>2024-06-21T08:02:10.113Z</time></trkpt><trkpt lat="42.881435" lon="-7.950012"><ele>451.350</ele><time>2024-06-21T08:02:15.113Z</time></trkpt><trkpt lat="42.881445" lon="-7.950072"><ele>451.134</ele><time>2024-06-21T08:02:19.113Z</time></trkpt><trkpt lat="42.881442" lon="-7.950143"><ele>450.795</ele><time>2024-06-21T08:02:24.113Z</time></trkpt><trkpt lat="42.881448" lon="-7.950219"><ele>450.261</ele><time>2024-06-21T08:02:29.113Z</time></trkpt><trkpt lat="42.881459" lon="-7.950288"><ele>450.021</ele><time>2024-06-21T08:02:33.113Z</time></trkpt><trkpt lat="42.881462" lon="-7.950360"><ele>450.113</ele><time>2024-06-21T08:02:38.113Z</time></trkpt><trkpt lat="42.881467" lon="-7.950432"><ele>450.309</ele><time>2024-06-21T08:02:42.113Z</time></trkpt><trkpt lat="42.881473" lon="-7.950493"><ele>450.727</ele><time>2024-06-21T08:02:46.113Z</time></trkpt><trkpt lat="42.881465" lon="-7.950563"><ele>451.293</ele><time>2024-06-21T08:02:51.113Z</time></trkpt><trkpt lat="42.881468" lon="-7.950639"><ele>452.640</ele><time>2024-06-21T08:02:56.113Z</time></trkpt><trkpt lat="42.881475" lon="-7.950703"><ele>454.394</ele><time>2024-06-21T08:03:00.113Z</time></trkpt><trkpt lat="42.881484" lon="-7.950772"><ele>455.669</ele><time>2024-06-21T08:03:04.113Z</time></trkpt><trkpt lat="42.881490" lon="-7.950843"><ele>456.338</ele><time>2024-06-21T08:03:09.113Z</time></trkpt><trkpt lat="42.881487" lon="-7.950906"><ele>456.811</ele><time>2024-06-21T08:03:13.113Z</time></trkpt><trkpt lat="42.881497" lon="-7.950977"><ele>456.875</ele><time>2024-06-21T08:03:17.113Z</time></trkpt><trkpt lat="42.881514" lon="-7.951047"><ele>455.966</ele><time>2024-06-21T08:03:21.113Z</time></trkpt><trkpt lat="42.881524" lon="-7.951108"><ele>455.622</ele><time>2024-06-21T08:03:25.113Z</time></trkpt><trkpt lat="42.881536" lon="-7.951176"><ele>455.662</ele><time>2024-06-21T08:03:29.113Z</time></trkpt><trkpt lat="42.881538" lon="-7.951240"><ele>455.608</ele><time>2024-06-21T08:03:33.113Z</time></trkpt><trkpt lat="42.881533" lon="-7.951304"><ele>458.109</ele><time>2024-06-21T08:03:37.113Z</time></trkpt><trkpt lat="42.881523" lon="-7.951365"><ele>459.123</ele><time>2024-06-21T08:03:40.113Z</time></trkpt><trkpt lat="42.881512" lon="-7.951425"><ele>459.129</ele><time>2024-06-21T08:03:43.113Z</time></trkpt><trkpt lat="42.881507" lon="-7.951499"><ele>459.136</ele><time>2024-06-21T08:03:48.113Z</time></trkpt><trkpt lat="42.881504" lon="-7.951567"><ele>458.810</ele><time>2024-06-21T08:03:52.113Z</time></trkpt><trkpt lat="42.881500" lon="-7.951634"><ele>458.885</ele><time>2024-06-21T08:03:54.113Z</time></trkpt><trkpt lat="42.881502" lon="-7.951711"><ele>458.774</ele><time>2024-06-21T08:03:56.113Z</time></trkpt><trkpt lat="42.881501" lon="-7.951784"><ele>458.977</ele><time>2024-06-21T08:03:58.113Z</time></trkpt><trkpt lat="42.881537" lon="-7.951675"><ele>459.631</ele><time>2024-06-21T08:03:59.113Z</time></trkpt><trkpt lat="42.881542" lon="-7.951767"><ele>467.842</ele><time>2024-06-21T08:04:12.113Z</time></trkpt><trkpt lat="42.881546" lon="-7.951840"><ele>467.998</ele><time>2024-06-21T08:04:15.113Z</time></trkpt><trkpt lat="42.881541" lon="-7.951914"><ele>467.815</ele><time>2024-06-21T08:04:19.113Z</time></trkpt><trkpt lat="42.881528" lon="-7.951976"><ele>467.826</ele><time>2024-06-21T08:04:23.113Z</time></trkpt><trkpt lat="42.881509" lon="-7.952039"><ele>467.609</ele><time>2024-06-21T08:04:45.113Z</time></trkpt><trkpt lat="42.881519" lon="-7.952101"><ele>468.030</ele><time>2024-06-21T08:04:58.113Z</time></trkpt><trkpt lat="42.881555" lon="-7.952152"><ele>467.566</ele><time>2024-06-21T08:05:29.113Z</time></trkpt><trkpt lat="42.881562" lon="-7.952217"><ele>467.573</ele><time>2024-06-21T08:05:34.113Z</time></trkpt><trkpt lat="42.881562" lon="-7.952287"><ele>466.627</ele><time>2024-06-21T08:05:39.113Z</time></trkpt><trkpt lat="42.881569" lon="-7.952353"><ele>466.512</ele><time>2024-06-21T08:05:44.113Z</time></trkpt><trkpt lat="42.881576" lon="-7.952415"><ele>466.211</ele><time>2024-06-21T08:05:49.113Z</time></trkpt><trkpt lat="42.881576" lon="-7.952482"><ele>465.324</ele><time>2024-06-21T08:05:54.113Z</time></trkpt><trkpt lat="42.881574" lon="-7.952544"><ele>465.518</ele><time>2024-06-21T08:05:59.113Z</time></trkpt><trkpt lat="42.881562" lon="-7.952607"><ele>466.069</ele><time>2024-06-21T08:06:04.113Z</time></trkpt><trkpt lat="42.881563" lon="-7.952668"><ele>466.311</ele><time>2024-06-21T08:06:08.113Z</time></trkpt><trkpt lat="42.881564" lon="-7.952742"><ele>466.421</ele><time>2024-06-21T08:06:13.113Z</time></trkpt><trkpt lat="42.881569" lon="-7.952819"><ele>467.603</ele><time>2024-06-21T08:06:17.113Z</time></trkpt><trkpt lat="42.881580" lon="-7.952890"><ele>468.009</ele><time>2024-06-21T08:06:21.113Z</time></trkpt><trkpt lat="42.881585" lon="-7.952952"><ele>468.792</ele><time>2024-06-21T08:06:24.113Z</time></trkpt><trkpt lat="42.881599" lon="-7.953012"><ele>469.688</ele><time>2024-06-21T08:06:27.113Z</time></trkpt><trkpt lat="42.881623" lon="-7.953066"><ele>469.365</ele><time>2024-06-21T08:06:31.113Z</time></trkpt><trkpt lat="42.881657" lon="-7.953127"><ele>470.689</ele><time>2024-06-21T08:06:36.113Z</time></trkpt><trkpt lat="42.881698" lon="-7.953169"><ele>471.534</ele><time>2024-06-21T08:06:40.113Z</time></trkpt><trkpt lat="42.881741" lon="-7.953216"><ele>472.093</ele><time>2024-06-21T08:06:44.113Z</time></trkpt><trkpt lat="42.881787" lon="-7.953263"><ele>472.176</ele><time>2024-06-21T08:06:48.113Z</time></trkpt><trkpt lat="42.881827" lon="-7.953314"><ele>472.370</ele><time>2024-06-21T08:06:53.113Z</time></trkpt><trkpt lat="42.881860" lon="-7.953373"><ele>472.751</ele><time>2024-06-21T08:06:57.113Z</time></trkpt><trkpt lat="42.881901" lon="-7.953434"><ele>472.961</ele><time>2024-06-21T08:07:00.113Z</time></trkpt><trkpt lat="42.881946" lon="-7.953486"><ele>473.021</ele><time>2024-06-21T08:07:03.113Z</time></trkpt><trkpt lat="42.881976" lon="-7.953545"><ele>472.813</ele><time>2024-06-21T08:07:06.113Z</time></trkpt><trkpt lat="42.882016" lon="-7.953590"><ele>470.409</ele><time>2024-06-21T08:07:11.113Z</time></trkpt><trkpt lat="42.882048" lon="-7.953643"><ele>469.387</ele><time>2024-06-21T08:07:16.113Z</time></trkpt><trkpt lat="42.882087" lon="-7.953688"><ele>468.773</ele><time>2024-06-21T08:07:23.113Z</time></trkpt><trkpt lat="42.882123" lon="-7.953738"><ele>468.120</ele><time>2024-06-21T08:07:28.113Z</time></trkpt><trkpt lat="42.882163" lon="-7.953790"><ele>467.714</ele><time>2024-06-21T08:07:33.113Z</time></trkpt><trkpt lat="42.882198" lon="-7.953841"><ele>467.849</ele><time>2024-06-21T08:07:39.113Z</time></trkpt><trkpt lat="42.882229" lon="-7.953889"><ele>468.648</ele><time>2024-06-21T08:07:44.113Z</time></trkpt><trkpt lat="42.882268" lon="-7.953926"><ele>470.061</ele><time>2024-06-21T08:07:50.113Z</time></trkpt><trkpt lat="42.882300" lon="-7.953984"><ele>470.675</ele><time>2024-06-21T08:07:55.113Z</time></trkpt><trkpt lat="42.882322" lon="-7.954043"><ele>471.166</ele><time>2024-06-21T08:08:00.113Z</time></trkpt><trkpt lat="42.882350" lon="-7.954111"><ele>471.275</ele><time>2024-06-21T08:08:05.113Z</time></trkpt><trkpt lat="42.882371" lon="-7.954185"><ele>470.628</ele><time>2024-06-21T08:08:09.113Z</time></trkpt><trkpt lat="42.882395" lon="-7.954243"><ele>470.120</ele><time>2024-06-21T08:08:13.113Z</time></trkpt><trkpt lat="42.882414" lon="-7.954306"><ele>470.109</ele><time>2024-06-21T08:08:18.113Z</time></trkpt><trkpt lat="42.882446" lon="-7.954388"><ele>469.598</ele><time>2024-06-21T08:08:22.113Z</time></trkpt><trkpt lat="42.882451" lon="-7.954449"><ele>469.234</ele><time>2024-06-21T08:08:24.113Z</time></trkpt><trkpt lat="42.882407" lon="-7.954500"><ele>469.211</ele><time>2024-06-21T08:08:27.113Z</time></trkpt><trkpt lat="42.882372" lon="-7.954541"><ele>471.525</ele><time>2024-06-21T08:08:33.113Z</time></trkpt><trkpt lat="42.882414" lon="-7.954514"><ele>472.310</ele><time>2024-06-21T08:09:13.113Z</time></trkpt><trkpt lat="42.882467" lon="-7.954541"><ele>472.539</ele><time>2024-06-21T08:09:22.113Z</time></trkpt><trkpt lat="42.882502" lon="-7.954598"><ele>472.752</ele><time>2024-06-21T08:09:27.113Z</time></trkpt><trkpt lat="42.882535" lon="-7.954651"><ele>472.786</ele><time>2024-06-21T08:09:32.113Z</time></trkpt><trkpt lat="42.882568" lon="-7.954714"><ele>473.767</ele><time>2024-06-21T08:09:36.113Z</time></trkpt><trkpt lat="42.882589" lon="-7.954782"><ele>473.181</ele><time>2024-06-21T08:09:41.113Z</time></trkpt><trkpt lat="42.882616" lon="-7.954852"><ele>473.561</ele><time>2024-06-21T08:09:45.113Z</time></trkpt><trkpt lat="42.882637" lon="-7.954917"><ele>473.417</ele><time>2024-06-21T08:09:50.113Z</time></trkpt><trkpt lat="42.882658" lon="-7.954972"><ele>473.509</ele><time>2024-06-21T08:09:54.113Z</time></trkpt><trkpt lat="42.882689" lon="-7.955035"><ele>473.929</ele><time>2024-06-21T08:09:58.113Z</time></trkpt><trkpt lat="42.882705" lon="-7.955096"><ele>474.285</ele><time>2024-06-21T08:10:02.113Z</time></trkpt><trkpt lat="42.882720" lon="-7.955156"><ele>473.542</ele><time>2024-06-21T08:10:05.113Z</time></trkpt><trkpt lat="42.882747" lon="-7.955208"><ele>473.596</ele><time>2024-06-21T08:10:08.113Z</time></trkpt><trkpt lat="42.882771" lon="-7.955270"><ele>473.281</ele><time>2024-06-21T08:10:13.113Z</time></trkpt><trkpt lat="42.882791" lon="-7.955325"><ele>472.740</ele><time>2024-06-21T08:10:18.113Z</time></trkpt><trkpt lat="42.882824" lon="-7.955376"><ele>472.743</ele><time>2024-06-21T08:10:22.113Z</time></trkpt><trkpt lat="42.882850" lon="-7.955426"><ele>472.637</ele><time>2024-06-21T08:10:25.113Z</time></trkpt><trkpt lat="42.882873" lon="-7.955485"><ele>472.398</ele><time>2024-06-21T08:10:30.113Z</time></trkpt><trkpt lat="42.882905" lon="-7.955536"><ele>472.767</ele><time>2024-06-21T08:10:34.113Z</time></trkpt><trkpt lat="42.882936" lon="-7.955584"><ele>472.881</ele><time>2024-06-21T08:10:37.113Z</time></trkpt><trkpt lat="42.882967" lon="-7.955641"><ele>472.519</ele><time>2024-06-21T08:10:42.113Z</time></trkpt><trkpt lat="42.883003" lon="-7.955688"><ele>472.309</ele><time>2024-06-21T08:10:46.113Z</time></trkpt><trkpt lat="42.883035" lon="-7.955744"><ele>472.747</ele><time>2024-06-21T08:10:50.113Z</time></trkpt><trkpt lat="42.883074" lon="-7.955796"><ele>472.663</ele><time>2024-06-21T08:10:54.113Z</time></trkpt><trkpt lat="42.883125" lon="-7.955841"><ele>472.650</ele><time>2024-06-21T08:10:57.113Z</time></trkpt><trkpt lat="42.883174" lon="-7.955897"><ele>472.984</ele><time>2024-06-21T08:11:00.113Z</time></trkpt><trkpt lat="42.883216" lon="-7.955926"><ele>473.289</ele><time>2024-06-21T08:11:03.113Z</time></trkpt><trkpt lat="42.883240" lon="-7.955979"><ele>473.768</ele><time>2024-06-21T08:11:09.113Z</time></trkpt><trkpt lat="42.883279" lon="-7.956031"><ele>475.511</ele><time>2024-06-21T08:11:14.113Z</time></trkpt><trkpt lat="42.883320" lon="-7.956075"><ele>475.685</ele><time>2024-06-21T08:11:19.113Z</time></trkpt><trkpt lat="42.883352" lon="-7.956134"><ele>475.896</ele><time>2024-06-21T08:11:25.113Z</time></trkpt><trkpt lat="42.883380" lon="-7.956194"><ele>476.653</ele><time>2024-06-21T08:11:44.113Z</time></trkpt><trkpt lat="42.883429" lon="-7.956232"><ele>476.204</ele><time>2024-06-21T08:11:50.113Z</time></trkpt><trkpt lat="42.883457" lon="-7.956282"><ele>476.314</ele><time>2024-06-21T08:11:52.113Z</time></trkpt><trkpt lat="42.883497" lon="-7.956322"><ele>476.509</ele><time>2024-06-21T08:11:55.113Z</time></trkpt><trkpt lat="42.883544" lon="-7.956356"><ele>477.086</ele><time>2024-06-21T08:11:59.113Z</time></trkpt><trkpt lat="42.883581" lon="-7.956409"><ele>475.012</ele><time>2024-06-21T08:12:03.113Z</time></trkpt><trkpt lat="42.883604" lon="-7.956466"><ele>474.769</ele><time>2024-06-21T08:12:08.113Z</time></trkpt><trkpt lat="42.883638" lon="-7.956513"><ele>474.233</ele><time>2024-06-21T08:12:13.113Z</time></trkpt><trkpt lat="42.883668" lon="-7.956575"><ele>472.878</ele><time>2024-06-21T08:12:19.113Z</time></trkpt><trkpt lat="42.883698" lon="-7.956624"><ele>472.847</ele><time>2024-06-21T08:12:22.113Z</time></trkpt><trkpt lat="42.883741" lon="-7.956603"><ele>472.680</ele><time>2024-06-21T08:12:29.113Z</time></trkpt><trkpt lat="42.883781" lon="-7.956642"><ele>472.924</ele><time>2024-06-21T08:12:34.113Z</time></trkpt><trkpt lat="42.883828" lon="-7.956671"><ele>473.485</ele><time>2024-06-21T08:12:40.113Z</time></trkpt><trkpt lat="42.883860" lon="-7.956717"><ele>475.336</ele><time>2024-06-21T08:12:46.113Z</time></trkpt><trkpt lat="42.883881" lon="-7.956772"><ele>475.617</ele><time>2024-06-21T08:12:52.113Z</time></trkpt><trkpt lat="42.883912" lon="-7.956829"><ele>477.118</ele><time>2024-06-21T08:12:58.113Z</time></trkpt><trkpt lat="42.883931" lon="-7.956889"><ele>478.309</ele><time>2024-06-21T08:13:03.113Z</time></trkpt><trkpt lat="42.883956" lon="-7.956940"><ele>480.224</ele><time>2024-06-21T08:13:08.113Z</time></trkpt><trkpt lat="42.883984" lon="-7.956998"><ele>480.450</ele><time>2024-06-21T08:13:13.113Z</time></trkpt><trkpt lat="42.884020" lon="-7.957051"><ele>480.547</ele><time>2024-06-21T08:13:18.113Z</time></trkpt><trkpt lat="42.884041" lon="-7.957112"><ele>480.761</ele><time>2024-06-21T08:13:23.113Z</time></trkpt><trkpt lat="42.884068" lon="-7.957172"><ele>480.586</ele><time>2024-06-21T08:13:27.113Z</time></trkpt><trkpt lat="42.884090" lon="-7.957234"><ele>480.195</ele><time>2024-06-21T08:13:32.113Z</time></trkpt><trkpt lat="42.884112" lon="-7.957294"><ele>479.688</ele><time>2024-06-21T08:13:37.113Z</time></trkpt><trkpt lat="42.884138" lon="-7.957360"><ele>478.362</ele><time>2024-06-21T08:13:42.113Z</time></trkpt><trkpt lat="42.884166" lon="-7.957414"><ele>476.883</ele><time>2024-06-21T08:13:46.113Z</time></trkpt><trkpt lat="42.884193" lon="-7.957474"><ele>476.389</ele><time>2024-06-21T08:13:49.113Z</time></trkpt><trkpt lat="42.884193" lon="-7.957536"><ele>476.006</ele><time>2024-06-21T08:13:52.113Z</time></trkpt><trkpt lat="42.884219" lon="-7.957600"><ele>475.426</ele><time>2024-06-21T08:13:56.113Z</time></trkpt><trkpt lat="42.884246" lon="-7.957663"><ele>474.409</ele><time>2024-06-21T08:14:00.113Z</time></trkpt><trkpt lat="42.884274" lon="-7.957715"><ele>473.129</ele><time>2024-06-21T08:14:03.113Z</time></trkpt><trkpt lat="42.884306" lon="-7.957762"><ele>472.995</ele><time>2024-06-21T08:14:06.113Z</time></trkpt><trkpt lat="42.884337" lon="-7.957825"><ele>470.592</ele><time>2024-06-21T08:14:11.113Z</time></trkpt><trkpt lat="42.884368" lon="-7.957880"><ele>470.586</ele><time>2024-06-21T08:14:15.113Z</time></trkpt><trkpt lat="42.884394" lon="-7.957931"><ele>470.591</ele><time>2024-06-21T08:14:19.113Z</time></trkpt><trkpt lat="42.884419" lon="-7.957982"><ele>470.520</ele><time>2024-06-21T08:14:22.113Z</time></trkpt><trkpt lat="42.884446" lon="-7.958048"><ele>471.663</ele><time>2024-06-21T08:14:26.113Z</time></trkpt><trkpt lat="42.884463" lon="-7.958108"><ele>472.027</ele><time>2024-06-21T08:14:31.113Z</time></trkpt><trkpt lat="42.884502" lon="-7.958149"><ele>472.628</ele><time>2024-06-21T08:14:37.113Z</time></trkpt><trkpt lat="42.884556" lon="-7.958155"><ele>473.622</ele><time>2024-06-21T08:14:47.113Z</time></trkpt><trkpt lat="42.884588" lon="-7.958213"><ele>473.762</ele><time>2024-06-21T08:14:53.113Z</time></trkpt><trkpt lat="42.884617" lon="-7.958276"><ele>474.408</ele><time>2024-06-21T08:14:58.113Z</time></trkpt><trkpt lat="42.884653" lon="-7.958327"><ele>475.209</ele><time>2024-06-21T08:15:02.113Z</time></trkpt><trkpt lat="42.884693" lon="-7.958369"><ele>477.263</ele><time>2024-06-21T08:15:06.113Z</time></trkpt><trkpt lat="42.884741" lon="-7.958390"><ele>478.559</ele><time>2024-06-21T08:15:11.113Z</time></trkpt><trkpt lat="42.884775" lon="-7.958430"><ele>479.796</ele><time>2024-06-21T08:15:17.113Z</time></trkpt><trkpt lat="42.884768" lon="-7.958496"><ele>479.330</ele><time>2024-06-21T08:16:14.113Z</time></trkpt><trkpt lat="42.884775" lon="-7.958557"><ele>480.035</ele><time>2024-06-21T08:17:15.113Z</time></trkpt><trkpt lat="42.884768" lon="-7.958625"><ele>480.474</ele><time>2024-06-21T08:18:07.113Z</time></trkpt><trkpt lat="42.884786" lon="-7.958684"><ele>480.577</ele><time>2024-06-21T08:18:11.113Z</time></trkpt><trkpt lat="42.884812" lon="-7.958749"><ele>480.661</ele><time>2024-06-21T08:18:15.113Z</time></trkpt><trkpt lat="42.884842" lon="-7.958805"><ele>480.672</ele><time>2024-06-21T08:18:20.113Z</time></trkpt><trkpt lat="42.884879" lon="-7.958855"><ele>481.134</ele><time>2024-06-21T08:18:24.113Z</time></trkpt><trkpt lat="42.884891" lon="-7.958919"><ele>478.455</ele><time>2024-06-21T08:18:30.113Z</time></trkpt><trkpt lat="42.884877" lon="-7.958859"><ele>477.410</ele><time>2024-06-21T08:22:44.113Z</time></trkpt><trkpt lat="42.884887" lon="-7.958927"><ele>478.109</ele><time>2024-06-21T08:30:46.113Z</time></trkpt><trkpt lat="42.884862" lon="-7.958980"><ele>478.234</ele><time>2024-06-21T08:32:02.113Z</time></trkpt><trkpt lat="42.884873" lon="-7.959046"><ele>478.230</ele><time>2024-06-21T08:32:08.113Z</time></trkpt><trkpt lat="42.884889" lon="-7.959107"><ele>478.227</ele><time>2024-06-21T08:32:14.113Z</time></trkpt><trkpt lat="42.884908" lon="-7.959168"><ele>480.411</ele><time>2024-06-21T08:32:18.113Z</time></trkpt><trkpt lat="42.884942" lon="-7.959245"><ele>481.136</ele><time>2024-06-21T08:32:23.113Z</time></trkpt><trkpt lat="42.884948" lon="-7.959312"><ele>481.695</ele><time>2024-06-21T08:32:25.113Z</time></trkpt><trkpt lat="42.884936" lon="-7.959377"><ele>481.588</ele><time>2024-06-21T08:32:34.113Z</time></trkpt><trkpt lat="42.884957" lon="-7.959439"><ele>482.012</ele><time>2024-06-21T08:32:39.113Z</time></trkpt><trkpt lat="42.884968" lon="-7.959505"><ele>482.323</ele><time>2024-06-21T08:32:44.113Z</time></trkpt><trkpt lat="42.884976" lon="-7.959584"><ele>483.169</ele><time>2024-06-21T08:32:49.113Z</time></trkpt><trkpt lat="42.884993" lon="-7.959655"><ele>483.304</ele><time>2024-06-21T08:32:54.113Z</time></trkpt><trkpt lat="42.885018" lon="-7.959716"><ele>483.624</ele><time>2024-06-21T08:32:58.113Z</time></trkpt><trkpt lat="42.885040" lon="-7.959775"><ele>483.609</ele><time>2024-06-21T08:33:02.113Z</time></trkpt><trkpt lat="42.885066" lon="-7.959837"><ele>483.587</ele><time>2024-06-21T08:33:07.113Z</time></trkpt><trkpt lat="42.885093" lon="-7.959888"><ele>482.533</ele><time>2024-06-21T08:33:11.113Z</time></trkpt><trkpt lat="42.885110" lon="-7.959959"><ele>481.120</ele><time>2024-06-21T08:33:16.113Z</time></trkpt><trkpt lat="42.885130" lon="-7.960016"><ele>480.734</ele><time>2024-06-21T08:33:20.113Z</time></trkpt><trkpt lat="42.885153" lon="-7.960083"><ele>479.919</ele><time>2024-06-21T08:33:25.113Z</time></trkpt><trkpt lat="42.885176" lon="-7.960155"><ele>476.998</ele><time>2024-06-21T08:33:29.113Z</time></trkpt><trkpt lat="42.885205" lon="-7.960211"><ele>475.841</ele><time>2024-06-21T08:33:33.113Z</time></trkpt><trkpt lat="42.885234" lon="-7.960260"><ele>474.945</ele><time>2024-06-21T08:33:37.113Z</time></trkpt><trkpt lat="42.885265" lon="-7.960319"><ele>474.176</ele><time>2024-06-21T08:33:41.113Z</time></trkpt><trkpt lat="42.885293" lon="-7.960378"><ele>473.899</ele><time>2024-06-21T08:33:45.113Z</time></trkpt><trkpt lat="42.885318" lon="-7.960446"><ele>473.807</ele><time>2024-06-21T08:33:49.113Z</time></trkpt><trkpt lat="42.885353" lon="-7.960498"><ele>473.427</ele><time>2024-06-21T08:33:53.113Z</time></trkpt><trkpt lat="42.885381" lon="-7.960554"><ele>473.409</ele><time>2024-06-21T08:33:57.113Z</time></trkpt><trkpt lat="42.885414" lon="-7.960603"><ele>473.670</ele><time>2024-06-21T08:34:01.113Z</time></trkpt><trkpt lat="42.885442" lon="-7.960658"><ele>473.886</ele><time>2024-06-21T08:34:05.113Z</time></trkpt><trkpt lat="42.885467" lon="-7.960717"><ele>474.013</ele><time>2024-06-21T08:34:09.113Z</time></trkpt><trkpt lat="42.885490" lon="-7.960775"><ele>475.857</ele><time>2024-06-21T08:34:13.113Z</time></trkpt><trkpt lat="42.885519" lon="-7.960826"><ele>477.082</ele><time>2024-06-21T08:34:17.113Z</time></trkpt><trkpt lat="42.885546" lon="-7.960876"><ele>477.061</ele><time>2024-06-21T08:34:21.113Z</time></trkpt><trkpt lat="42.885580" lon="-7.960932"><ele>477.064</ele><time>2024-06-21T08:34:26.113Z</time></trkpt><trkpt lat="42.885613" lon="-7.960990"><ele>475.898</ele><time>2024-06-21T08:34:31.113Z</time></trkpt><trkpt lat="42.885635" lon="-7.961051"><ele>474.619</ele><time>2024-06-21T08:34:35.113Z</time></trkpt><trkpt lat="42.885660" lon="-7.961106"><ele>473.327</ele><time>2024-06-21T08:34:39.113Z</time></trkpt><trkpt lat="42.885680" lon="-7.961165"><ele>472.268</ele><time>2024-06-21T08:34:42.113Z</time></trkpt><trkpt lat="42.885703" lon="-7.961219"><ele>471.714</ele><time>2024-06-21T08:34:45.113Z</time></trkpt><trkpt lat="42.885719" lon="-7.961279"><ele>471.709</ele><time>2024-06-21T08:34:49.113Z</time></trkpt><trkpt lat="42.885733" lon="-7.961342"><ele>471.553</ele><time>2024-06-21T08:34:53.113Z</time></trkpt><trkpt lat="42.885763" lon="-7.961407"><ele>471.879</ele><time>2024-06-21T08:34:57.113Z</time></trkpt><trkpt lat="42.885784" lon="-7.961468"><ele>471.936</ele><time>2024-06-21T08:35:01.113Z</time></trkpt><trkpt lat="42.885814" lon="-7.961527"><ele>471.830</ele><time>2024-06-21T08:35:05.113Z</time></trkpt><trkpt lat="42.885844" lon="-7.961596"><ele>471.355</ele><time>2024-06-21T08:35:09.113Z</time></trkpt><trkpt lat="42.885859" lon="-7.961659"><ele>470.844</ele><time>2024-06-21T08:35:13.113Z</time></trkpt><trkpt lat="42.885879" lon="-7.961731"><ele>470.777</ele><time>2024-06-21T08:35:18.113Z</time></trkpt><trkpt lat="42.885905" lon="-7.961793"><ele>470.411</ele><time>2024-06-21T08:35:22.113Z</time></trkpt><trkpt lat="42.885924" lon="-7.961854"><ele>470.472</ele><time>2024-06-21T08:35:26.113Z</time></trkpt><trkpt lat="42.885955" lon="-7.961914"><ele>470.393</ele><time>2024-06-21T08:35:31.113Z</time></trkpt><trkpt lat="42.885964" lon="-7.961976"><ele>470.365</ele><time>2024-06-21T08:35:35.113Z</time></trkpt><trkpt lat="42.885981" lon="-7.962042"><ele>470.021</ele><time>2024-06-21T08:35:39.113Z</time></trkpt><trkpt lat="42.886003" lon="-7.962108"><ele>470.009</ele><time>2024-06-21T08:35:43.113Z</time></trkpt><trkpt lat="42.886022" lon="-7.962178"><ele>469.790</ele><time>2024-06-21T08:35:48.113Z</time></trkpt><trkpt lat="42.886036" lon="-7.962248"><ele>469.536</ele><time>2024-06-21T08:35:52.113Z</time></trkpt><trkpt lat="42.886053" lon="-7.962307"><ele>468.963</ele><time>2024-06-21T08:35:56.113Z</time></trkpt><trkpt lat="42.886071" lon="-7.962363"><ele>467.677</ele><time>2024-06-21T08:36:00.113Z</time></trkpt><trkpt lat="42.886094" lon="-7.962421"><ele>466.932</ele><time>2024-06-21T08:36:04.113Z</time></trkpt><trkpt lat="42.886115" lon="-7.962482"><ele>465.991</ele><time>2024-06-21T08:36:08.113Z</time></trkpt><trkpt lat="42.886136" lon="-7.962552"><ele>465.354</ele><time>2024-06-21T08:36:12.113Z</time></trkpt><trkpt lat="42.886164" lon="-7.962606"><ele>465.298</ele><time>2024-06-21T08:36:16.113Z</time></trkpt><trkpt lat="42.886190" lon="-7.962673"><ele>465.169</ele><time>2024-06-21T08:36:20.113Z</time></trkpt><trkpt lat="42.886216" lon="-7.962734"><ele>465.351</ele><time>2024-06-21T08:36:24.113Z</time></trkpt><trkpt lat="42.886241" lon="-7.962795"><ele>465.501</ele><time>2024-06-21T08:36:28.113Z</time></trkpt><trkpt lat="42.886264" lon="-7.962856"><ele>466.111</ele><time>2024-06-21T08:36:32.113Z</time></trkpt><trkpt lat="42.886290" lon="-7.962918"><ele>466.109</ele><time>2024-06-21T08:36:36.113Z</time></trkpt><trkpt lat="42.886316" lon="-7.962982"><ele>465.776</ele><time>2024-06-21T08:36:40.113Z</time></trkpt><trkpt lat="42.886352" lon="-7.963037"><ele>465.452</ele><time>2024-06-21T08:36:44.113Z</time></trkpt><trkpt lat="42.886385" lon="-7.963095"><ele>465.449</ele><time>2024-06-21T08:36:48.113Z</time></trkpt><trkpt lat="42.886411" lon="-7.963153"><ele>465.213</ele><time>2024-06-21T08:36:52.113Z</time></trkpt><trkpt lat="42.886421" lon="-7.963216"><ele>464.958</ele><time>2024-06-21T08:36:56.113Z</time></trkpt><trkpt lat="42.886455" lon="-7.963270"><ele>464.517</ele><time>2024-06-21T08:37:00.113Z</time></trkpt><trkpt lat="42.886487" lon="-7.963324"><ele>464.460</ele><time>2024-06-21T08:37:04.113Z</time></trkpt><trkpt lat="42.886516" lon="-7.963378"><ele>464.314</ele><time>2024-06-21T08:37:08.113Z</time></trkpt><trkpt lat="42.886552" lon="-7.963431"><ele>464.395</ele><time>2024-06-21T08:37:12.113Z</time></trkpt><trkpt lat="42.886587" lon="-7.963486"><ele>464.227</ele><time>2024-06-21T08:37:16.113Z</time></trkpt><trkpt lat="42.886595" lon="-7.963553"><ele>464.168</ele><time>2024-06-21T08:37:20.113Z</time></trkpt><trkpt lat="42.886603" lon="-7.963622"><ele>464.114</ele><time>2024-06-21T08:37:24.113Z</time></trkpt><trkpt lat="42.886607" lon="-7.963691"><ele>464.009</ele><time>2024-06-21T08:37:28.113Z</time></trkpt><trkpt lat="42.886616" lon="-7.963753"><ele>463.793</ele><time>2024-06-21T08:37:32.113Z</time></trkpt><trkpt lat="42.886626" lon="-7.963821"><ele>463.239</ele><time>2024-06-21T08:37:37.113Z</time></trkpt><trkpt lat="42.886643" lon="-7.963880"><ele>463.196</ele><time>2024-06-21T08:37:41.113Z</time></trkpt><trkpt lat="42.886660" lon="-7.963954"><ele>462.950</ele><time>2024-06-21T08:37:46.113Z</time></trkpt><trkpt lat="42.886671" lon="-7.964017"><ele>462.435</ele><time>2024-06-21T08:37:50.113Z</time></trkpt><trkpt lat="42.886674" lon="-7.964081"><ele>461.984</ele><time>2024-06-21T08:37:54.113Z</time></trkpt><trkpt lat="42.886690" lon="-7.964145"><ele>460.837</ele><time>2024-06-21T08:37:58.113Z</time></trkpt><trkpt lat="42.886725" lon="-7.964195"><ele>459.811</ele><time>2024-06-21T08:38:03.113Z</time></trkpt><trkpt lat="42.886756" lon="-7.964247"><ele>459.772</ele><time>2024-06-21T08:38:07.113Z</time></trkpt><trkpt lat="42.886789" lon="-7.964297"><ele>459.572</ele><time>2024-06-21T08:38:12.113Z</time></trkpt><trkpt lat="42.886824" lon="-7.964337"><ele>459.413</ele><time>2024-06-21T08:38:16.113Z</time></trkpt><trkpt lat="42.886849" lon="-7.964399"><ele>457.514</ele><time>2024-06-21T08:38:27.113Z</time></trkpt><trkpt lat="42.886876" lon="-7.964450"><ele>456.609</ele><time>2024-06-21T08:38:31.113Z</time></trkpt><trkpt lat="42.886913" lon="-7.964488"><ele>455.778</ele><time>2024-06-21T08:38:35.113Z</time></trkpt><trkpt lat="42.886939" lon="-7.964540"><ele>455.364</ele><time>2024-06-21T08:38:39.113Z</time></trkpt><trkpt lat="42.886971" lon="-7.964590"><ele>454.451</ele><time>2024-06-21T08:38:43.113Z</time></trkpt><trkpt lat="42.887006" lon="-7.964640"><ele>451.975</ele><time>2024-06-21T08:38:52.113Z</time></trkpt><trkpt lat="42.887035" lon="-7.964693"><ele>451.540</ele><time>2024-06-21T08:38:56.113Z</time></trkpt><trkpt lat="42.887074" lon="-7.964746"><ele>450.859</ele><time>2024-06-21T08:39:01.113Z</time></trkpt><trkpt lat="42.887108" lon="-7.964795"><ele>450.672</ele><time>2024-06-21T08:39:05.113Z</time></trkpt><trkpt lat="42.887153" lon="-7.964841"><ele>450.466</ele><time>2024-06-21T08:39:09.113Z</time></trkpt><trkpt lat="42.887198" lon="-7.964881"><ele>450.177</ele><time>2024-06-21T08:39:13.113Z</time></trkpt><trkpt lat="42.887235" lon="-7.964924"><ele>450.125</ele><time>2024-06-21T08:39:17.113Z</time></trkpt><trkpt lat="42.887281" lon="-7.964963"><ele>450.126</ele><time>2024-06-21T08:39:22.113Z</time></trkpt><trkpt lat="42.887324" lon="-7.965006"><ele>450.208</ele><time>2024-06-21T08:39:27.113Z</time></trkpt><trkpt lat="42.887364" lon="-7.965057"><ele>450.509</ele><time>2024-06-21T08:39:32.113Z</time></trkpt><trkpt lat="42.887402" lon="-7.965104"><ele>450.563</ele><time>2024-06-21T08:39:37.113Z</time></trkpt><trkpt lat="42.887425" lon="-7.965160"><ele>450.559</ele><time>2024-06-21T08:39:43.113Z</time></trkpt><trkpt lat="42.887452" lon="-7.965210"><ele>450.526</ele><time>2024-06-21T08:39:48.113Z</time></trkpt><trkpt lat="42.887486" lon="-7.965261"><ele>450.140</ele><time>2024-06-21T08:39:53.113Z</time></trkpt><trkpt lat="42.887522" lon="-7.965300"><ele>449.685</ele><time>2024-06-21T08:39:57.113Z</time></trkpt><trkpt lat="42.887561" lon="-7.965344"><ele>448.814</ele><time>2024-06-21T08:40:05.113Z</time></trkpt><trkpt lat="42.887596" lon="-7.965400"><ele>448.877</ele><time>2024-06-21T08:40:12.113Z</time></trkpt><trkpt lat="42.887623" lon="-7.965462"><ele>448.881</ele><time>2024-06-21T08:40:17.113Z</time></trkpt><trkpt lat="42.887643" lon="-7.965524"><ele>449.982</ele><time>2024-06-21T08:40:33.113Z</time></trkpt><trkpt lat="42.887685" lon="-7.965556"><ele>449.994</ele><time>2024-06-21T08:40:39.113Z</time></trkpt><trkpt lat="42.887729" lon="-7.965581"><ele>449.957</ele><time>2024-06-21T08:40:47.113Z</time></trkpt><trkpt lat="42.887760" lon="-7.965627"><ele>449.522</ele><time>2024-06-21T08:40:54.113Z</time></trkpt><trkpt lat="42.887788" lon="-7.965682"><ele>448.709</ele><time>2024-06-21T08:40:59.113Z</time></trkpt><trkpt lat="42.887826" lon="-7.965733"><ele>447.880</ele><time>2024-06-21T08:41:06.113Z</time></trkpt><trkpt lat="42.887868" lon="-7.965776"><ele>447.196</ele><time>2024-06-21T08:41:11.113Z</time></trkpt><trkpt lat="42.887906" lon="-7.965824"><ele>447.023</ele><time>2024-06-21T08:41:17.113Z</time></trkpt><trkpt lat="42.887935" lon="-7.965876"><ele>447.097</ele><time>2024-06-21T08:41:22.113Z</time></trkpt><trkpt lat="42.887982" lon="-7.965843"><ele>447.222</ele><time>2024-06-21T08:41:44.113Z</time></trkpt><trkpt lat="42.888021" lon="-7.965804"><ele>447.221</ele><time>2024-06-21T08:41:49.113Z</time></trkpt><trkpt lat="42.888052" lon="-7.965750"><ele>447.354</ele><time>2024-06-21T08:41:58.113Z</time></trkpt><trkpt lat="42.888078" lon="-7.965696"><ele>447.998</ele><time>2024-06-21T08:42:41.113Z</time></trkpt><trkpt lat="42.888075" lon="-7.965633"><ele>448.119</ele><time>2024-06-21T08:42:48.113Z</time></trkpt><trkpt lat="42.888037" lon="-7.965677"><ele>448.298</ele><time>2024-06-21T08:42:52.113Z</time></trkpt><trkpt lat="42.888053" lon="-7.965738"><ele>449.315</ele><time>2024-06-21T08:44:31.113Z</time></trkpt><trkpt lat="42.888015" lon="-7.965782"><ele>449.326</ele><time>2024-06-21T08:44:59.113Z</time></trkpt><trkpt lat="42.887997" lon="-7.965840"><ele>449.309</ele><time>2024-06-21T08:45:03.113Z</time></trkpt><trkpt lat="42.887972" lon="-7.965897"><ele>449.340</ele><time>2024-06-21T08:45:09.113Z</time></trkpt><trkpt lat="42.887972" lon="-7.965961"><ele>449.816</ele><time>2024-06-21T08:45:18.113Z</time></trkpt><trkpt lat="42.888006" lon="-7.966010"><ele>450.083</ele><time>2024-06-21T08:45:22.113Z</time></trkpt><trkpt lat="42.888043" lon="-7.966051"><ele>450.497</ele><time>2024-06-21T08:45:26.113Z</time></trkpt><trkpt lat="42.888069" lon="-7.966105"><ele>450.592</ele><time>2024-06-21T08:45:30.113Z</time></trkpt><trkpt lat="42.888079" lon="-7.966168"><ele>450.531</ele><time>2024-06-21T08:45:42.113Z</time></trkpt><trkpt lat="42.888114" lon="-7.966207"><ele>450.494</ele><time>2024-06-21T08:45:47.113Z</time></trkpt><trkpt lat="42.888144" lon="-7.966256"><ele>450.458</ele><time>2024-06-21T08:45:51.113Z</time></trkpt><trkpt lat="42.888182" lon="-7.966313"><ele>450.129</ele><time>2024-06-21T08:45:55.113Z</time></trkpt><trkpt lat="42.888232" lon="-7.966292"><ele>450.178</ele><time>2024-06-21T08:45:57.113Z</time></trkpt><trkpt lat="42.888278" lon="-7.966287"><ele>449.833</ele><time>2024-06-21T08:46:01.113Z</time></trkpt><trkpt lat="42.888311" lon="-7.966340"><ele>449.826</ele><time>2024-06-21T08:46:06.113Z</time></trkpt><trkpt lat="42.888350" lon="-7.966381"><ele>450.609</ele><time>2024-06-21T08:46:10.113Z</time></trkpt><trkpt lat="42.888396" lon="-7.966415"><ele>450.528</ele><time>2024-06-21T08:46:16.113Z</time></trkpt><trkpt lat="42.888443" lon="-7.966451"><ele>450.384</ele><time>2024-06-21T08:46:21.113Z</time></trkpt><trkpt lat="42.888487" lon="-7.966470"><ele>449.951</ele><time>2024-06-21T08:46:25.113Z</time></trkpt><trkpt lat="42.888535" lon="-7.966496"><ele>449.235</ele><time>2024-06-21T08:46:30.113Z</time></trkpt><trkpt lat="42.888585" lon="-7.966519"><ele>448.120</ele><time>2024-06-21T08:46:34.113Z</time></trkpt><trkpt lat="42.888632" lon="-7.966533"><ele>446.939</ele><time>2024-06-21T08:46:38.113Z</time></trkpt><trkpt lat="42.888679" lon="-7.966517"><ele>446.772</ele><time>2024-06-21T08:46:43.113Z</time></trkpt><trkpt lat="42.888722" lon="-7.966569"><ele>446.796</ele><time>2024-06-21T08:46:48.113Z</time></trkpt><trkpt lat="42.888764" lon="-7.966604"><ele>446.667</ele><time>2024-06-21T08:46:52.113Z</time></trkpt><trkpt lat="42.888811" lon="-7.966629"><ele>446.697</ele><time>2024-06-21T08:46:56.113Z</time></trkpt><trkpt lat="42.888853" lon="-7.966657"><ele>446.623</ele><time>2024-06-21T08:47:00.113Z</time></trkpt><trkpt lat="42.888906" lon="-7.966673"><ele>446.225</ele><time>2024-06-21T08:47:05.113Z</time></trkpt><trkpt lat="42.888956" lon="-7.966709"><ele>445.809</ele><time>2024-06-21T08:47:10.113Z</time></trkpt><trkpt lat="42.888999" lon="-7.966733"><ele>445.440</ele><time>2024-06-21T08:47:13.113Z</time></trkpt><trkpt lat="42.889044" lon="-7.966748"><ele>444.686</ele><time>2024-06-21T08:47:16.113Z</time></trkpt><trkpt lat="42.889096" lon="-7.966763"><ele>444.653</ele><time>2024-06-21T08:47:21.113Z</time></trkpt><trkpt lat="42.889146" lon="-7.966782"><ele>444.487</ele><time>2024-06-21T08:47:26.113Z</time></trkpt><trkpt lat="42.889193" lon="-7.966798"><ele>444.272</ele><time>2024-06-21T08:47:31.113Z</time></trkpt><trkpt lat="42.889237" lon="-7.966833"><ele>444.341</ele><time>2024-06-21T08:47:37.113Z</time></trkpt><trkpt lat="42.889281" lon="-7.966862"><ele>444.664</ele><time>2024-06-21T08:47:42.113Z</time></trkpt><trkpt lat="42.889328" lon="-7.966896"><ele>444.228</ele><time>2024-06-21T08:47:47.113Z</time></trkpt><trkpt lat="42.889370" lon="-7.966921"><ele>444.089</ele><time>2024-06-21T08:47:51.113Z</time></trkpt><trkpt lat="42.889411" lon="-7.966946"><ele>444.099</ele><time>2024-06-21T08:47:55.113Z</time></trkpt><trkpt lat="42.889455" lon="-7.966962"><ele>443.007</ele><time>2024-06-21T08:47:59.113Z</time></trkpt><trkpt lat="42.889494" lon="-7.967005"><ele>442.727</ele><time>2024-06-21T08:48:04.113Z</time></trkpt><trkpt lat="42.889544" lon="-7.967029"><ele>442.409</ele><time>2024-06-21T08:48:09.113Z</time></trkpt><trkpt lat="42.889581" lon="-7.967078"><ele>441.990</ele><time>2024-06-21T08:48:14.113Z</time></trkpt><trkpt lat="42.889586" lon="-7.967149"><ele>441.796</ele><time>2024-06-21T08:48:19.113Z</time></trkpt><trkpt lat="42.889630" lon="-7.967177"><ele>436.943</ele><time>2024-06-21T08:49:33.113Z</time></trkpt><trkpt lat="42.889666" lon="-7.967222"><ele>436.987</ele><time>2024-06-21T08:49:39.113Z</time></trkpt><trkpt lat="42.889701" lon="-7.967268"><ele>436.842</ele><time>2024-06-21T08:49:45.113Z</time></trkpt><trkpt lat="42.889656" lon="-7.967297"><ele>436.371</ele><time>2024-06-21T08:49:53.113Z</time></trkpt><trkpt lat="42.889680" lon="-7.967351"><ele>435.674</ele><time>2024-06-21T08:50:18.103Z</time></trkpt><trkpt lat="42.889705" lon="-7.967403"><ele>435.518</ele><time>2024-06-21T08:50:25.103Z</time></trkpt><trkpt lat="42.889741" lon="-7.967453"><ele>434.649</ele><time>2024-06-21T08:50:31.103Z</time></trkpt><trkpt lat="42.889759" lon="-7.967509"><ele>434.497</ele><time>2024-06-21T08:50:36.103Z</time></trkpt><trkpt lat="42.889788" lon="-7.967565"><ele>434.323</ele><time>2024-06-21T08:50:41.103Z</time></trkpt><trkpt lat="42.889813" lon="-7.967632"><ele>431.225</ele><time>2024-06-21T08:50:46.103Z</time></trkpt><trkpt lat="42.889833" lon="-7.967691"><ele>430.809</ele><time>2024-06-21T08:50:50.103Z</time></trkpt><trkpt lat="42.889850" lon="-7.967757"><ele>430.810</ele><time>2024-06-21T08:50:55.103Z</time></trkpt><trkpt lat="42.889870" lon="-7.967821"><ele>431.496</ele><time>2024-06-21T08:51:00.103Z</time></trkpt><trkpt lat="42.889892" lon="-7.967880"><ele>432.833</ele><time>2024-06-21T08:51:05.103Z</time></trkpt><trkpt lat="42.889907" lon="-7.967940"><ele>434.397</ele><time>2024-06-21T08:51:10.103Z</time></trkpt><trkpt lat="42.889926" lon="-7.968015"><ele>434.552</ele><time>2024-06-21T08:51:14.103Z</time></trkpt><trkpt lat="42.889937" lon="-7.968081"><ele>434.921</ele><time>2024-06-21T08:51:18.103Z</time></trkpt><trkpt lat="42.889951" lon="-7.968147"><ele>435.134</ele><time>2024-06-21T08:51:23.103Z</time></trkpt><trkpt lat="42.889966" lon="-7.968207"><ele>435.078</ele><time>2024-06-21T08:51:28.103Z</time></trkpt><trkpt lat="42.889975" lon="-7.968275"><ele>434.979</ele><time>2024-06-21T08:51:33.103Z</time></trkpt><trkpt lat="42.889982" lon="-7.968341"><ele>435.144</ele><time>2024-06-21T08:51:37.103Z</time></trkpt><trkpt lat="42.889974" lon="-7.968424"><ele>435.205</ele><time>2024-06-21T08:51:40.103Z</time></trkpt><trkpt lat="42.889966" lon="-7.968487"><ele>435.315</ele><time>2024-06-21T08:51:43.103Z</time></trkpt><trkpt lat="42.889966" lon="-7.968554"><ele>436.609</ele><time>2024-06-21T08:51:48.103Z</time></trkpt><trkpt lat="42.889992" lon="-7.968622"><ele>438.475</ele><time>2024-06-21T08:51:52.103Z</time></trkpt><trkpt lat="42.890018" lon="-7.968691"><ele>438.881</ele><time>2024-06-21T08:51:55.103Z</time></trkpt><trkpt lat="42.890042" lon="-7.968760"><ele>439.028</ele><time>2024-06-21T08:51:59.103Z</time></trkpt><trkpt lat="42.890064" lon="-7.968814"><ele>439.582</ele><time>2024-06-21T08:52:03.103Z</time></trkpt><trkpt lat="42.890095" lon="-7.968880"><ele>440.417</ele><time>2024-06-21T08:52:08.103Z</time></trkpt><trkpt lat="42.890129" lon="-7.968938"><ele>440.466</ele><time>2024-06-21T08:52:12.103Z</time></trkpt><trkpt lat="42.890162" lon="-7.968980"><ele>440.819</ele><time>2024-06-21T08:52:15.103Z</time></trkpt><trkpt lat="42.890202" lon="-7.969022"><ele>441.923</ele><time>2024-06-21T08:52:19.103Z</time></trkpt><trkpt lat="42.890243" lon="-7.969070"><ele>442.294</ele><time>2024-06-21T08:52:24.103Z</time></trkpt><trkpt lat="42.890276" lon="-7.969113"><ele>442.236</ele><time>2024-06-21T08:52:28.103Z</time></trkpt><trkpt lat="42.890318" lon="-7.969155"><ele>442.117</ele><time>2024-06-21T08:52:33.103Z</time></trkpt><trkpt lat="42.890365" lon="-7.969196"><ele>442.318</ele><time>2024-06-21T08:52:37.103Z</time></trkpt><trkpt lat="42.890413" lon="-7.969234"><ele>442.309</ele><time>2024-06-21T08:52:41.103Z</time></trkpt><trkpt lat="42.890450" lon="-7.969283"><ele>442.364</ele><time>2024-06-21T08:52:46.103Z</time></trkpt><trkpt lat="42.890481" lon="-7.969339"><ele>442.320</ele><time>2024-06-21T08:52:52.103Z</time></trkpt><trkpt lat="42.890513" lon="-7.969395"><ele>442.397</ele><time>2024-06-21T08:52:57.103Z</time></trkpt><trkpt lat="42.890553" lon="-7.969448"><ele>442.471</ele><time>2024-06-21T08:53:02.103Z</time></trkpt><trkpt lat="42.890596" lon="-7.969485"><ele>442.446</ele><time>2024-06-21T08:53:07.103Z</time></trkpt><trkpt lat="42.890642" lon="-7.969509"><ele>442.425</ele><time>2024-06-21T08:53:12.103Z</time></trkpt><trkpt lat="42.890689" lon="-7.969532"><ele>442.688</ele><time>2024-06-21T08:53:16.103Z</time></trkpt><trkpt lat="42.890735" lon="-7.969563"><ele>443.052</ele><time>2024-06-21T08:53:20.103Z</time></trkpt><trkpt lat="42.890781" lon="-7.969578"><ele>443.453</ele><time>2024-06-21T08:53:24.103Z</time></trkpt><trkpt lat="42.890828" lon="-7.969616"><ele>444.391</ele><time>2024-06-21T08:53:29.103Z</time></trkpt><trkpt lat="42.890870" lon="-7.969651"><ele>444.781</ele><time>2024-06-21T08:53:33.103Z</time></trkpt><trkpt lat="42.890906" lon="-7.969708"><ele>445.319</ele><time>2024-06-21T08:53:38.103Z</time></trkpt><trkpt lat="42.890946" lon="-7.969758"><ele>445.509</ele><time>2024-06-21T08:53:42.103Z</time></trkpt><trkpt lat="42.890987" lon="-7.969810"><ele>446.460</ele><time>2024-06-21T08:53:46.103Z</time></trkpt><trkpt lat="42.891022" lon="-7.969865"><ele>446.816</ele><time>2024-06-21T08:53:51.103Z</time></trkpt><trkpt lat="42.891053" lon="-7.969915"><ele>447.083</ele><time>2024-06-21T08:53:55.103Z</time></trkpt><trkpt lat="42.891093" lon="-7.969966"><ele>447.257</ele><time>2024-06-21T08:54:00.103Z</time></trkpt><trkpt lat="42.891128" lon="-7.970019"><ele>446.712</ele><time>2024-06-21T08:54:05.103Z</time></trkpt><trkpt lat="42.891159" lon="-7.970063"><ele>447.061</ele><time>2024-06-21T08:54:09.103Z</time></trkpt><trkpt lat="42.891195" lon="-7.970104"><ele>447.334</ele><time>2024-06-21T08:54:13.103Z</time></trkpt><trkpt lat="42.891236" lon="-7.970149"><ele>447.668</ele><time>2024-06-21T08:54:18.103Z</time></trkpt><trkpt lat="42.891268" lon="-7.970200"><ele>449.319</ele><time>2024-06-21T08:54:22.103Z</time></trkpt><trkpt lat="42.891296" lon="-7.970252"><ele>449.943</ele><time>2024-06-21T08:54:26.103Z</time></trkpt><trkpt lat="42.891332" lon="-7.970303"><ele>450.464</ele><time>2024-06-21T08:54:31.103Z</time></trkpt><trkpt lat="42.891368" lon="-7.970354"><ele>450.410</ele><time>2024-06-21T08:54:35.103Z</time></trkpt><trkpt lat="42.891400" lon="-7.970399"><ele>450.609</ele><time>2024-06-21T08:54:39.103Z</time></trkpt><trkpt lat="42.891444" lon="-7.970449"><ele>450.975</ele><time>2024-06-21T08:54:43.103Z</time></trkpt><trkpt lat="42.891480" lon="-7.970503"><ele>451.151</ele><time>2024-06-21T08:54:47.103Z</time></trkpt><trkpt lat="42.891518" lon="-7.970552"><ele>451.358</ele><time>2024-06-21T08:54:51.103Z</time></trkpt><trkpt lat="42.891558" lon="-7.970599"><ele>451.722</ele><time>2024-06-21T08:54:56.103Z</time></trkpt><trkpt lat="42.891596" lon="-7.970643"><ele>452.327</ele><time>2024-06-21T08:55:00.103Z</time></trkpt><trkpt lat="42.891636" lon="-7.970687"><ele>453.376</ele><time>2024-06-21T08:55:05.103Z</time></trkpt><trkpt lat="42.891680" lon="-7.970736"><ele>454.729</ele><time>2024-06-21T08:55:09.103Z</time></trkpt><trkpt lat="42.891720" lon="-7.970781"><ele>454.973</ele><time>2024-06-21T08:55:13.103Z</time></trkpt><trkpt lat="42.891758" lon="-7.970825"><ele>455.114</ele><time>2024-06-21T08:55:18.103Z</time></trkpt><trkpt lat="42.891796" lon="-7.970866"><ele>455.361</ele><time>2024-06-21T08:55:22.103Z</time></trkpt><trkpt lat="42.891831" lon="-7.970907"><ele>455.221</ele><time>2024-06-21T08:55:26.103Z</time></trkpt><trkpt lat="42.891871" lon="-7.970957"><ele>455.113</ele><time>2024-06-21T08:55:31.103Z</time></trkpt><trkpt lat="42.891904" lon="-7.971002"><ele>455.109</ele><time>2024-06-21T08:55:34.103Z</time></trkpt><trkpt lat="42.891939" lon="-7.971042"><ele>455.157</ele><time>2024-06-21T08:55:37.103Z</time></trkpt><trkpt lat="42.891971" lon="-7.971095"><ele>455.393</ele><time>2024-06-21T08:55:41.103Z</time></trkpt><trkpt lat="42.892009" lon="-7.971146"><ele>455.260</ele><time>2024-06-21T08:55:46.103Z</time></trkpt><trkpt lat="42.892036" lon="-7.971202"><ele>455.294</ele><time>2024-06-21T08:55:50.103Z</time></trkpt><trkpt lat="42.892076" lon="-7.971253"><ele>454.929</ele><time>2024-06-21T08:55:55.103Z</time></trkpt><trkpt lat="42.892118" lon="-7.971301"><ele>453.928</ele><time>2024-06-21T08:56:00.103Z</time></trkpt><trkpt lat="42.892156" lon="-7.971357"><ele>453.461</ele><time>2024-06-21T08:56:05.103Z</time></trkpt><trkpt lat="42.892199" lon="-7.971394"><ele>453.495</ele><time>2024-06-21T08:56:09.103Z</time></trkpt><trkpt lat="42.892240" lon="-7.971431"><ele>453.416</ele><time>2024-06-21T08:56:13.103Z</time></trkpt><trkpt lat="42.892281" lon="-7.971462"><ele>453.667</ele><time>2024-06-21T08:56:17.103Z</time></trkpt><trkpt lat="42.892320" lon="-7.971496"><ele>454.781</ele><time>2024-06-21T08:56:21.103Z</time></trkpt><trkpt lat="42.892360" lon="-7.971546"><ele>455.919</ele><time>2024-06-21T08:56:25.103Z</time></trkpt><trkpt lat="42.892403" lon="-7.971588"><ele>456.309</ele><time>2024-06-21T08:56:29.103Z</time></trkpt><trkpt lat="42.892443" lon="-7.971617"><ele>457.127</ele><time>2024-06-21T08:56:32.103Z</time></trkpt><trkpt lat="42.892477" lon="-7.971663"><ele>457.973</ele><time>2024-06-21T08:56:35.103Z</time></trkpt><trkpt lat="42.892516" lon="-7.971709"><ele>459.030</ele><time>2024-06-21T08:56:38.103Z</time></trkpt><trkpt lat="42.892558" lon="-7.971740"><ele>459.634</ele><time>2024-06-21T08:56:41.103Z</time></trkpt><trkpt lat="42.892581" lon="-7.971793"><ele>460.479</ele><time>2024-06-21T08:56:48.103Z</time></trkpt><trkpt lat="42.892614" lon="-7.971849"><ele>460.678</ele><time>2024-06-21T08:56:54.103Z</time></trkpt><trkpt lat="42.892655" lon="-7.971901"><ele>460.691</ele><time>2024-06-21T08:56:59.103Z</time></trkpt><trkpt lat="42.892695" lon="-7.971946"><ele>460.675</ele><time>2024-06-21T08:57:03.103Z</time></trkpt><trkpt lat="42.892732" lon="-7.971997"><ele>460.556</ele><time>2024-06-21T08:57:07.103Z</time></trkpt><trkpt lat="42.892780" lon="-7.972038"><ele>460.275</ele><time>2024-06-21T08:57:11.103Z</time></trkpt><trkpt lat="42.892812" lon="-7.972085"><ele>460.028</ele><time>2024-06-21T08:57:14.103Z</time></trkpt><trkpt lat="42.892846" lon="-7.972145"><ele>460.020</ele><time>2024-06-21T08:57:18.103Z</time></trkpt><trkpt lat="42.892883" lon="-7.972188"><ele>460.809</ele><time>2024-06-21T08:57:22.103Z</time></trkpt><trkpt lat="42.892922" lon="-7.972238"><ele>462.678</ele><time>2024-06-21T08:57:28.103Z</time></trkpt><trkpt lat="42.892932" lon="-7.972303"><ele>463.454</ele><time>2024-06-21T08:57:36.103Z</time></trkpt><trkpt lat="42.892968" lon="-7.972351"><ele>463.481</ele><time>2024-06-21T08:57:43.103Z</time></trkpt><trkpt lat="42.893000" lon="-7.972405"><ele>463.225</ele><time>2024-06-21T08:57:50.103Z</time></trkpt><trkpt lat="42.893020" lon="-7.972465"><ele>462.960</ele><time>2024-06-21T08:57:56.103Z</time></trkpt><trkpt lat="42.893057" lon="-7.972515"><ele>460.689</ele><time>2024-06-21T08:58:01.103Z</time></trkpt><trkpt lat="42.893088" lon="-7.972565"><ele>460.052</ele><time>2024-06-21T08:58:05.103Z</time></trkpt><trkpt lat="42.893124" lon="-7.972626"><ele>459.936</ele><time>2024-06-21T08:58:09.103Z</time></trkpt><trkpt lat="42.893156" lon="-7.972680"><ele>459.867</ele><time>2024-06-21T08:58:13.103Z</time></trkpt><trkpt lat="42.893191" lon="-7.972740"><ele>460.031</ele><time>2024-06-21T08:58:18.103Z</time></trkpt><trkpt lat="42.893215" lon="-7.972793"><ele>461.561</ele><time>2024-06-21T08:58:22.103Z</time></trkpt><trkpt lat="42.893247" lon="-7.972846"><ele>461.907</ele><time>2024-06-21T08:58:26.103Z</time></trkpt><trkpt lat="42.893261" lon="-7.972907"><ele>462.109</ele><time>2024-06-21T08:58:30.103Z</time></trkpt><trkpt lat="42.893303" lon="-7.972956"><ele>462.484</ele><time>2024-06-21T08:58:35.103Z</time></trkpt><trkpt lat="42.893336" lon="-7.973017"><ele>462.860</ele><time>2024-06-21T08:58:41.103Z</time></trkpt><trkpt lat="42.893373" lon="-7.973062"><ele>463.187</ele><time>2024-06-21T08:58:45.103Z</time></trkpt><trkpt lat="42.893409" lon="-7.973114"><ele>463.341</ele><time>2024-06-21T08:58:49.103Z</time></trkpt><trkpt lat="42.893454" lon="-7.973167"><ele>463.346</ele><time>2024-06-21T08:58:53.103Z</time></trkpt><trkpt lat="42.893495" lon="-7.973216"><ele>463.315</ele><time>2024-06-21T08:58:57.103Z</time></trkpt><trkpt lat="42.893532" lon="-7.973255"><ele>463.598</ele><time>2024-06-21T08:59:02.103Z</time></trkpt><trkpt lat="42.893572" lon="-7.973293"><ele>463.932</ele><time>2024-06-21T08:59:07.103Z</time></trkpt><trkpt lat="42.893620" lon="-7.973319"><ele>464.183</ele><time>2024-06-21T08:59:11.103Z</time></trkpt><trkpt lat="42.893667" lon="-7.973328"><ele>465.043</ele><time>2024-06-21T08:59:15.103Z</time></trkpt><trkpt lat="42.893710" lon="-7.973345"><ele>465.064</ele><time>2024-06-21T08:59:20.103Z</time></trkpt><trkpt lat="42.893758" lon="-7.973359"><ele>465.010</ele><time>2024-06-21T08:59:25.103Z</time></trkpt><trkpt lat="42.893788" lon="-7.973415"><ele>464.609</ele><time>2024-06-21T08:59:31.103Z</time></trkpt><trkpt lat="42.893827" lon="-7.973467"><ele>463.475</ele><time>2024-06-21T08:59:37.103Z</time></trkpt><trkpt lat="42.893856" lon="-7.973515"><ele>460.161</ele><time>2024-06-21T08:59:42.103Z</time></trkpt><trkpt lat="42.893882" lon="-7.973579"><ele>460.198</ele><time>2024-06-21T08:59:48.103Z</time></trkpt><trkpt lat="42.893907" lon="-7.973636"><ele>460.312</ele><time>2024-06-21T08:59:53.103Z</time></trkpt><trkpt lat="42.893937" lon="-7.973698"><ele>459.897</ele><time>2024-06-21T08:59:57.103Z</time></trkpt><trkpt lat="42.893963" lon="-7.973757"><ele>460.466</ele><time>2024-06-21T09:00:02.103Z</time></trkpt><trkpt lat="42.893990" lon="-7.973817"><ele>460.489</ele><time>2024-06-21T09:00:07.103Z</time></trkpt><trkpt lat="42.894017" lon="-7.973871"><ele>459.013</ele><time>2024-06-21T09:00:12.103Z</time></trkpt><trkpt lat="42.894039" lon="-7.973925"><ele>458.214</ele><time>2024-06-21T09:00:16.103Z</time></trkpt><trkpt lat="42.894058" lon="-7.973985"><ele>457.983</ele><time>2024-06-21T09:00:21.103Z</time></trkpt><trkpt lat="42.894083" lon="-7.974043"><ele>457.325</ele><time>2024-06-21T09:00:26.103Z</time></trkpt><trkpt lat="42.894111" lon="-7.974102"><ele>456.717</ele><time>2024-06-21T09:00:31.103Z</time></trkpt><trkpt lat="42.894141" lon="-7.974148"><ele>456.509</ele><time>2024-06-21T09:00:34.103Z</time></trkpt><trkpt lat="42.894162" lon="-7.974203"><ele>456.539</ele><time>2024-06-21T09:00:38.103Z</time></trkpt><trkpt lat="42.894181" lon="-7.974267"><ele>456.525</ele><time>2024-06-21T09:00:43.103Z</time></trkpt><trkpt lat="42.894182" lon="-7.974328"><ele>459.862</ele><time>2024-06-21T09:00:49.103Z</time></trkpt><trkpt lat="42.894194" lon="-7.974390"><ele>464.316</ele><time>2024-06-21T09:02:33.103Z</time></trkpt><trkpt lat="42.894179" lon="-7.974450"><ele>464.361</ele><time>2024-06-21T09:02:38.103Z</time></trkpt><trkpt lat="42.894164" lon="-7.974515"><ele>464.380</ele><time>2024-06-21T09:02:44.103Z</time></trkpt><trkpt lat="42.894148" lon="-7.974581"><ele>464.383</ele><time>2024-06-21T09:02:48.103Z</time></trkpt><trkpt lat="42.894126" lon="-7.974638"><ele>464.357</ele><time>2024-06-21T09:02:52.103Z</time></trkpt><trkpt lat="42.894099" lon="-7.974696"><ele>462.988</ele><time>2024-06-21T09:02:57.103Z</time></trkpt><trkpt lat="42.894065" lon="-7.974752"><ele>462.512</ele><time>2024-06-21T09:03:02.103Z</time></trkpt><trkpt lat="42.894032" lon="-7.974804"><ele>462.232</ele><time>2024-06-21T09:03:07.103Z</time></trkpt><trkpt lat="42.894001" lon="-7.974860"><ele>462.005</ele><time>2024-06-21T09:03:11.103Z</time></trkpt><trkpt lat="42.893968" lon="-7.974917"><ele>462.109</ele><time>2024-06-21T09:03:15.103Z</time></trkpt><trkpt lat="42.893939" lon="-7.974975"><ele>462.522</ele><time>2024-06-21T09:03:20.103Z</time></trkpt><trkpt lat="42.893915" lon="-7.975031"><ele>462.948</ele><time>2024-06-21T09:03:24.103Z</time></trkpt><trkpt lat="42.893891" lon="-7.975089"><ele>463.555</ele><time>2024-06-21T09:03:29.103Z</time></trkpt><trkpt lat="42.893865" lon="-7.975141"><ele>463.869</ele><time>2024-06-21T09:03:33.103Z</time></trkpt><trkpt lat="42.893830" lon="-7.975199"><ele>464.384</ele><time>2024-06-21T09:03:37.103Z</time></trkpt><trkpt lat="42.893799" lon="-7.975258"><ele>464.743</ele><time>2024-06-21T09:03:41.103Z</time></trkpt><trkpt lat="42.893770" lon="-7.975310"><ele>465.566</ele><time>2024-06-21T09:03:45.103Z</time></trkpt><trkpt lat="42.893746" lon="-7.975376"><ele>465.840</ele><time>2024-06-21T09:03:50.103Z</time></trkpt><trkpt lat="42.893734" lon="-7.975444"><ele>465.821</ele><time>2024-06-21T09:03:55.103Z</time></trkpt><trkpt lat="42.893710" lon="-7.975509"><ele>465.985</ele><time>2024-06-21T09:04:00.103Z</time></trkpt><trkpt lat="42.893683" lon="-7.975566"><ele>465.889</ele><time>2024-06-21T09:04:04.103Z</time></trkpt><trkpt lat="42.893651" lon="-7.975628"><ele>465.817</ele><time>2024-06-21T09:04:09.103Z</time></trkpt><trkpt lat="42.893629" lon="-7.975696"><ele>465.209</ele><time>2024-06-21T09:04:14.103Z</time></trkpt><trkpt lat="42.893606" lon="-7.975753"><ele>464.479</ele><time>2024-06-21T09:04:18.103Z</time></trkpt><trkpt lat="42.893581" lon="-7.975817"><ele>463.125</ele><time>2024-06-21T09:04:23.103Z</time></trkpt><trkpt lat="42.893561" lon="-7.975874"><ele>462.742</ele><time>2024-06-21T09:04:28.103Z</time></trkpt><trkpt lat="42.893554" lon="-7.975939"><ele>461.786</ele><time>2024-06-21T09:04:33.103Z</time></trkpt><trkpt lat="42.893560" lon="-7.976020"><ele>461.371</ele><time>2024-06-21T09:04:38.103Z</time></trkpt><trkpt lat="42.893567" lon="-7.976082"><ele>461.050</ele><time>2024-06-21T09:04:40.103Z</time></trkpt><trkpt lat="42.893587" lon="-7.976160"><ele>461.073</ele><time>2024-06-21T09:04:44.103Z</time></trkpt><trkpt lat="42.893612" lon="-7.976218"><ele>461.367</ele><time>2024-06-21T09:04:47.103Z</time></trkpt><trkpt lat="42.893654" lon="-7.976262"><ele>461.728</ele><time>2024-06-21T09:04:51.103Z</time></trkpt><trkpt lat="42.893695" lon="-7.976293"><ele>462.085</ele><time>2024-06-21T09:04:55.103Z</time></trkpt><trkpt lat="42.893731" lon="-7.976336"><ele>462.189</ele><time>2024-06-21T09:04:59.103Z</time></trkpt><trkpt lat="42.893768" lon="-7.976370"><ele>462.217</ele><time>2024-06-21T09:05:03.103Z</time></trkpt><trkpt lat="42.893802" lon="-7.976426"><ele>462.209</ele><time>2024-06-21T09:05:08.103Z</time></trkpt><trkpt lat="42.893841" lon="-7.976475"><ele>462.259</ele><time>2024-06-21T09:05:13.103Z</time></trkpt><trkpt lat="42.893870" lon="-7.976523"><ele>462.055</ele><time>2024-06-21T09:05:17.103Z</time></trkpt><trkpt lat="42.893908" lon="-7.976575"><ele>461.792</ele><time>2024-06-21T09:05:22.103Z</time></trkpt><trkpt lat="42.893910" lon="-7.976644"><ele>461.886</ele><time>2024-06-21T09:05:27.103Z</time></trkpt><trkpt lat="42.893959" lon="-7.976662"><ele>462.011</ele><time>2024-06-21T09:05:33.103Z</time></trkpt><trkpt lat="42.893976" lon="-7.976720"><ele>462.240</ele><time>2024-06-21T09:05:47.103Z</time></trkpt><trkpt lat="42.894015" lon="-7.976809"><ele>462.393</ele><time>2024-06-21T09:05:49.103Z</time></trkpt><trkpt lat="42.894054" lon="-7.976845"><ele>462.437</ele><time>2024-06-21T09:06:00.103Z</time></trkpt><trkpt lat="42.894109" lon="-7.976866"><ele>462.848</ele><time>2024-06-21T09:06:05.103Z</time></trkpt><trkpt lat="42.894149" lon="-7.976907"><ele>463.497</ele><time>2024-06-21T09:06:10.103Z</time></trkpt><trkpt lat="42.894192" lon="-7.976946"><ele>462.823</ele><time>2024-06-21T09:06:15.103Z</time></trkpt><trkpt lat="42.894228" lon="-7.976992"><ele>462.425</ele><time>2024-06-21T09:06:19.103Z</time></trkpt><trkpt lat="42.894264" lon="-7.977035"><ele>461.709</ele><time>2024-06-21T09:06:23.103Z</time></trkpt><trkpt lat="42.894305" lon="-7.977067"><ele>461.530</ele><time>2024-06-21T09:06:27.103Z</time></trkpt><trkpt lat="42.894342" lon="-7.977111"><ele>461.276</ele><time>2024-06-21T09:06:31.103Z</time></trkpt><trkpt lat="42.894381" lon="-7.977160"><ele>461.143</ele><time>2024-06-21T09:06:36.103Z</time></trkpt><trkpt lat="42.894418" lon="-7.977211"><ele>460.097</ele><time>2024-06-21T09:06:40.103Z</time></trkpt><trkpt lat="42.894466" lon="-7.977247"><ele>459.742</ele><time>2024-06-21T09:06:45.103Z</time></trkpt><trkpt lat="42.894509" lon="-7.977286"><ele>459.631</ele><time>2024-06-21T09:06:50.103Z</time></trkpt><trkpt lat="42.894550" lon="-7.977337"><ele>459.664</ele><time>2024-06-21T09:06:55.103Z</time></trkpt><trkpt lat="42.894587" lon="-7.977382"><ele>459.968</ele><time>2024-06-21T09:06:59.103Z</time></trkpt><trkpt lat="42.894631" lon="-7.977410"><ele>460.089</ele><time>2024-06-21T09:07:03.103Z</time></trkpt><trkpt lat="42.894665" lon="-7.977456"><ele>460.171</ele><time>2024-06-21T09:07:07.103Z</time></trkpt><trkpt lat="42.894697" lon="-7.977504"><ele>460.341</ele><time>2024-06-21T09:07:11.103Z</time></trkpt><trkpt lat="42.894726" lon="-7.977550"><ele>460.515</ele><time>2024-06-21T09:07:15.103Z</time></trkpt><trkpt lat="42.894765" lon="-7.977593"><ele>460.609</ele><time>2024-06-21T09:07:19.103Z</time></trkpt><trkpt lat="42.894808" lon="-7.977637"><ele>460.978</ele><time>2024-06-21T09:07:23.103Z</time></trkpt><trkpt lat="42.894847" lon="-7.977683"><ele>461.024</ele><time>2024-06-21T09:07:27.103Z</time></trkpt><trkpt lat="42.894883" lon="-7.977735"><ele>461.021</ele><time>2024-06-21T09:07:31.103Z</time></trkpt><trkpt lat="42.894922" lon="-7.977773"><ele>461.095</ele><time>2024-06-21T09:07:35.103Z</time></trkpt><trkpt lat="42.894959" lon="-7.977809"><ele>461.080</ele><time>2024-06-21T09:07:39.103Z</time></trkpt><trkpt lat="42.894998" lon="-7.977843"><ele>461.029</ele><time>2024-06-21T09:07:43.103Z</time></trkpt><trkpt lat="42.895037" lon="-7.977884"><ele>461.282</ele><time>2024-06-21T09:07:48.103Z</time></trkpt><trkpt lat="42.895024" lon="-7.977949"><ele>462.476</ele><time>2024-06-21T09:07:56.103Z</time></trkpt><trkpt lat="42.895055" lon="-7.977997"><ele>462.487</ele><time>2024-06-21T09:08:00.103Z</time></trkpt><trkpt lat="42.895099" lon="-7.978020"><ele>462.478</ele><time>2024-06-21T09:08:04.103Z</time></trkpt><trkpt lat="42.895152" lon="-7.978036"><ele>461.833</ele><time>2024-06-21T09:08:08.103Z</time></trkpt><trkpt lat="42.895199" lon="-7.978071"><ele>460.926</ele><time>2024-06-21T09:08:11.103Z</time></trkpt><trkpt lat="42.895247" lon="-7.978108"><ele>459.809</ele><time>2024-06-21T09:08:15.103Z</time></trkpt><trkpt lat="42.895285" lon="-7.978153"><ele>459.478</ele><time>2024-06-21T09:08:19.103Z</time></trkpt><trkpt lat="42.895328" lon="-7.978204"><ele>458.414</ele><time>2024-06-21T09:08:23.103Z</time></trkpt><trkpt lat="42.895375" lon="-7.978239"><ele>457.341</ele><time>2024-06-21T09:08:26.103Z</time></trkpt><trkpt lat="42.895417" lon="-7.978276"><ele>457.395</ele><time>2024-06-21T09:08:30.103Z</time></trkpt><trkpt lat="42.895455" lon="-7.978321"><ele>457.370</ele><time>2024-06-21T09:08:35.103Z</time></trkpt><trkpt lat="42.895494" lon="-7.978362"><ele>458.089</ele><time>2024-06-21T09:08:39.103Z</time></trkpt><trkpt lat="42.895533" lon="-7.978417"><ele>458.042</ele><time>2024-06-21T09:08:44.103Z</time></trkpt><trkpt lat="42.895575" lon="-7.978460"><ele>458.036</ele><time>2024-06-21T09:08:49.103Z</time></trkpt><trkpt lat="42.895609" lon="-7.978505"><ele>457.827</ele><time>2024-06-21T09:08:53.103Z</time></trkpt><trkpt lat="42.895647" lon="-7.978549"><ele>457.274</ele><time>2024-06-21T09:08:57.103Z</time></trkpt><trkpt lat="42.895684" lon="-7.978597"><ele>455.256</ele><time>2024-06-21T09:09:01.103Z</time></trkpt><trkpt lat="42.895728" lon="-7.978639"><ele>455.221</ele><time>2024-06-21T09:09:05.103Z</time></trkpt><trkpt lat="42.895769" lon="-7.978672"><ele>455.009</ele><time>2024-06-21T09:09:09.103Z</time></trkpt><trkpt lat="42.895816" lon="-7.978708"><ele>455.858</ele><time>2024-06-21T09:09:14.103Z</time></trkpt><trkpt lat="42.895860" lon="-7.978754"><ele>456.084</ele><time>2024-06-21T09:09:19.103Z</time></trkpt><trkpt lat="42.895899" lon="-7.978785"><ele>456.241</ele><time>2024-06-21T09:09:23.103Z</time></trkpt><trkpt lat="42.895936" lon="-7.978826"><ele>456.585</ele><time>2024-06-21T09:09:27.103Z</time></trkpt><trkpt lat="42.895972" lon="-7.978868"><ele>456.350</ele><time>2024-06-21T09:09:31.103Z</time></trkpt><trkpt lat="42.896009" lon="-7.978912"><ele>456.389</ele><time>2024-06-21T09:09:34.103Z</time></trkpt><trkpt lat="42.896041" lon="-7.978959"><ele>456.692</ele><time>2024-06-21T09:09:37.103Z</time></trkpt><trkpt lat="42.896075" lon="-7.979001"><ele>456.896</ele><time>2024-06-21T09:09:41.103Z</time></trkpt><trkpt lat="42.896111" lon="-7.979055"><ele>456.887</ele><time>2024-06-21T09:09:46.103Z</time></trkpt><trkpt lat="42.896145" lon="-7.979100"><ele>457.535</ele><time>2024-06-21T09:09:50.103Z</time></trkpt><trkpt lat="42.896179" lon="-7.979156"><ele>457.586</ele><time>2024-06-21T09:09:55.103Z</time></trkpt><trkpt lat="42.896220" lon="-7.979206"><ele>457.514</ele><time>2024-06-21T09:10:00.103Z</time></trkpt><trkpt lat="42.896260" lon="-7.979262"><ele>457.609</ele><time>2024-06-21T09:10:05.103Z</time></trkpt><trkpt lat="42.896296" lon="-7.979308"><ele>457.754</ele><time>2024-06-21T09:10:09.103Z</time></trkpt><trkpt lat="42.896339" lon="-7.979358"><ele>457.870</ele><time>2024-06-21T09:10:14.103Z</time></trkpt><trkpt lat="42.896373" lon="-7.979418"><ele>457.397</ele><time>2024-06-21T09:10:19.103Z</time></trkpt><trkpt lat="42.896407" lon="-7.979465"><ele>457.321</ele><time>2024-06-21T09:10:23.103Z</time></trkpt><trkpt lat="42.896446" lon="-7.979512"><ele>457.196</ele><time>2024-06-21T09:10:27.103Z</time></trkpt><trkpt lat="42.896476" lon="-7.979567"><ele>457.035</ele><time>2024-06-21T09:10:31.103Z</time></trkpt><trkpt lat="42.896518" lon="-7.979605"><ele>457.038</ele><time>2024-06-21T09:10:35.103Z</time></trkpt><trkpt lat="42.896552" lon="-7.979646"><ele>457.192</ele><time>2024-06-21T09:10:39.103Z</time></trkpt><trkpt lat="42.896579" lon="-7.979699"><ele>457.383</ele><time>2024-06-21T09:10:43.103Z</time></trkpt><trkpt lat="42.896623" lon="-7.979746"><ele>457.338</ele><time>2024-06-21T09:10:48.103Z</time></trkpt><trkpt lat="42.896657" lon="-7.979791"><ele>457.370</ele><time>2024-06-21T09:10:52.103Z</time></trkpt><trkpt lat="42.896698" lon="-7.979836"><ele>457.217</ele><time>2024-06-21T09:10:56.103Z</time></trkpt><trkpt lat="42.896728" lon="-7.979882"><ele>456.609</ele><time>2024-06-21T09:11:00.103Z</time></trkpt><trkpt lat="42.896763" lon="-7.979921"><ele>456.124</ele><time>2024-06-21T09:11:04.103Z</time></trkpt><trkpt lat="42.896803" lon="-7.979959"><ele>455.890</ele><time>2024-06-21T09:11:08.103Z</time></trkpt><trkpt lat="42.896849" lon="-7.979988"><ele>454.787</ele><time>2024-06-21T09:11:12.103Z</time></trkpt><trkpt lat="42.896882" lon="-7.980037"><ele>454.581</ele><time>2024-06-21T09:11:16.103Z</time></trkpt><trkpt lat="42.896927" lon="-7.980081"><ele>454.516</ele><time>2024-06-21T09:11:21.103Z</time></trkpt><trkpt lat="42.896964" lon="-7.980119"><ele>454.665</ele><time>2024-06-21T09:11:25.103Z</time></trkpt><trkpt lat="42.897003" lon="-7.980151"><ele>454.758</ele><time>2024-06-21T09:11:29.103Z</time></trkpt><trkpt lat="42.897049" lon="-7.980188"><ele>454.712</ele><time>2024-06-21T09:11:33.103Z</time></trkpt><trkpt lat="42.897085" lon="-7.980233"><ele>454.633</ele><time>2024-06-21T09:11:37.103Z</time></trkpt><trkpt lat="42.897132" lon="-7.980266"><ele>454.517</ele><time>2024-06-21T09:11:41.103Z</time></trkpt><trkpt lat="42.897174" lon="-7.980316"><ele>454.187</ele><time>2024-06-21T09:11:46.103Z</time></trkpt><trkpt lat="42.897214" lon="-7.980352"><ele>453.615</ele><time>2024-06-21T09:11:50.103Z</time></trkpt><trkpt lat="42.897261" lon="-7.980386"><ele>453.509</ele><time>2024-06-21T09:11:54.103Z</time></trkpt><trkpt lat="42.897307" lon="-7.980420"><ele>453.472</ele><time>2024-06-21T09:11:58.103Z</time></trkpt><trkpt lat="42.897349" lon="-7.980455"><ele>453.568</ele><time>2024-06-21T09:12:02.103Z</time></trkpt><trkpt lat="42.897383" lon="-7.980512"><ele>453.775</ele><time>2024-06-21T09:12:07.103Z</time></trkpt><trkpt lat="42.897427" lon="-7.980528"><ele>454.179</ele><time>2024-06-21T09:12:12.103Z</time></trkpt><trkpt lat="42.897467" lon="-7.980557"><ele>454.514</ele><time>2024-06-21T09:12:16.103Z</time></trkpt><trkpt lat="42.897502" lon="-7.980596"><ele>454.923</ele><time>2024-06-21T09:12:20.103Z</time></trkpt><trkpt lat="42.897542" lon="-7.980637"><ele>455.076</ele><time>2024-06-21T09:12:24.103Z</time></trkpt><trkpt lat="42.897584" lon="-7.980680"><ele>454.950</ele><time>2024-06-21T09:12:28.103Z</time></trkpt><trkpt lat="42.897619" lon="-7.980740"><ele>454.691</ele><time>2024-06-21T09:12:33.103Z</time></trkpt><trkpt lat="42.897648" lon="-7.980806"><ele>454.461</ele><time>2024-06-21T09:12:38.103Z</time></trkpt><trkpt lat="42.897688" lon="-7.980858"><ele>454.321</ele><time>2024-06-21T09:12:42.103Z</time></trkpt><trkpt lat="42.897720" lon="-7.980910"><ele>454.413</ele><time>2024-06-21T09:12:46.103Z</time></trkpt><trkpt lat="42.897749" lon="-7.980968"><ele>454.709</ele><time>2024-06-21T09:12:50.103Z</time></trkpt><trkpt lat="42.897766" lon="-7.981039"><ele>455.187</ele><time>2024-06-21T09:12:53.103Z</time></trkpt><trkpt lat="42.897795" lon="-7.981097"><ele>455.433</ele><time>2024-06-21T09:12:57.103Z</time></trkpt><trkpt lat="42.897829" lon="-7.981139"><ele>455.610</ele><time>2024-06-21T09:13:01.103Z</time></trkpt><trkpt lat="42.897866" lon="-7.981195"><ele>456.674</ele><time>2024-06-21T09:13:06.103Z</time></trkpt><trkpt lat="42.897889" lon="-7.981250"><ele>456.749</ele><time>2024-06-21T09:13:10.103Z</time></trkpt><trkpt lat="42.897931" lon="-7.981298"><ele>457.098</ele><time>2024-06-21T09:13:14.103Z</time></trkpt><trkpt lat="42.897954" lon="-7.981369"><ele>457.371</ele><time>2024-06-21T09:13:18.103Z</time></trkpt><trkpt lat="42.897979" lon="-7.981430"><ele>457.235</ele><time>2024-06-21T09:13:23.103Z</time></trkpt><trkpt lat="42.898017" lon="-7.981486"><ele>456.756</ele><time>2024-06-21T09:13:29.103Z</time></trkpt><trkpt lat="42.898041" lon="-7.981549"><ele>455.682</ele><time>2024-06-21T09:13:34.103Z</time></trkpt><trkpt lat="42.898069" lon="-7.981601"><ele>453.043</ele><time>2024-06-21T09:13:41.103Z</time></trkpt><trkpt lat="42.898081" lon="-7.981671"><ele>452.017</ele><time>2024-06-21T09:14:01.103Z</time></trkpt><trkpt lat="42.898117" lon="-7.981715"><ele>452.009</ele><time>2024-06-21T09:14:26.103Z</time></trkpt><trkpt lat="42.898147" lon="-7.981773"><ele>451.949</ele><time>2024-06-21T09:14:31.103Z</time></trkpt><trkpt lat="42.898175" lon="-7.981821"><ele>451.635</ele><time>2024-06-21T09:14:35.103Z</time></trkpt><trkpt lat="42.898209" lon="-7.981862"><ele>451.512</ele><time>2024-06-21T09:14:39.103Z</time></trkpt><trkpt lat="42.898233" lon="-7.981925"><ele>450.626</ele><time>2024-06-21T09:14:44.103Z</time></trkpt><trkpt lat="42.898260" lon="-7.981987"><ele>448.291</ele><time>2024-06-21T09:14:49.103Z</time></trkpt><trkpt lat="42.898293" lon="-7.982033"><ele>448.360</ele><time>2024-06-21T09:14:55.103Z</time></trkpt><trkpt lat="42.898322" lon="-7.982088"><ele>448.423</ele><time>2024-06-21T09:15:01.103Z</time></trkpt><trkpt lat="42.898344" lon="-7.982151"><ele>448.517</ele><time>2024-06-21T09:15:07.103Z</time></trkpt><trkpt lat="42.898357" lon="-7.982218"><ele>448.568</ele><time>2024-06-21T09:15:12.103Z</time></trkpt><trkpt lat="42.898383" lon="-7.982279"><ele>448.581</ele><time>2024-06-21T09:15:18.103Z</time></trkpt><trkpt lat="42.898404" lon="-7.982343"><ele>447.561</ele><time>2024-06-21T09:15:22.103Z</time></trkpt><trkpt lat="42.898424" lon="-7.982417"><ele>445.017</ele><time>2024-06-21T09:15:26.103Z</time></trkpt><trkpt lat="42.898441" lon="-7.982498"><ele>444.109</ele><time>2024-06-21T09:15:30.103Z</time></trkpt><trkpt lat="42.898469" lon="-7.982549"><ele>444.199</ele><time>2024-06-21T09:15:33.103Z</time></trkpt><trkpt lat="42.898498" lon="-7.982602"><ele>445.545</ele><time>2024-06-21T09:15:37.103Z</time></trkpt><trkpt lat="42.898524" lon="-7.982669"><ele>448.752</ele><time>2024-06-21T09:15:41.103Z</time></trkpt><trkpt lat="42.898551" lon="-7.982730"><ele>449.976</ele><time>2024-06-21T09:15:46.103Z</time></trkpt><trkpt lat="42.898577" lon="-7.982780"><ele>450.791</ele><time>2024-06-21T09:15:50.103Z</time></trkpt><trkpt lat="42.898607" lon="-7.982840"><ele>451.710</ele><time>2024-06-21T09:15:54.103Z</time></trkpt><trkpt lat="42.898637" lon="-7.982899"><ele>451.823</ele><time>2024-06-21T09:15:58.103Z</time></trkpt><trkpt lat="42.898664" lon="-7.982952"><ele>451.977</ele><time>2024-06-21T09:16:02.103Z</time></trkpt><trkpt lat="42.898691" lon="-7.983004"><ele>452.198</ele><time>2024-06-21T09:16:06.103Z</time></trkpt><trkpt lat="42.898724" lon="-7.983057"><ele>452.435</ele><time>2024-06-21T09:16:11.103Z</time></trkpt><trkpt lat="42.898749" lon="-7.983122"><ele>453.186</ele><time>2024-06-21T09:16:16.103Z</time></trkpt><trkpt lat="42.898789" lon="-7.983174"><ele>453.814</ele><time>2024-06-21T09:16:21.103Z</time></trkpt><trkpt lat="42.898822" lon="-7.983228"><ele>454.309</ele><time>2024-06-21T09:16:24.103Z</time></trkpt><trkpt lat="42.898867" lon="-7.983289"><ele>454.414</ele><time>2024-06-21T09:16:26.103Z</time></trkpt><trkpt lat="42.898894" lon="-7.983344"><ele>455.370</ele><time>2024-06-21T09:16:31.103Z</time></trkpt><trkpt lat="42.898927" lon="-7.983400"><ele>456.247</ele><time>2024-06-21T09:16:36.103Z</time></trkpt><trkpt lat="42.898970" lon="-7.983453"><ele>456.761</ele><time>2024-06-21T09:16:39.103Z</time></trkpt><trkpt lat="42.899013" lon="-7.983492"><ele>457.146</ele><time>2024-06-21T09:16:41.103Z</time></trkpt><trkpt lat="42.899029" lon="-7.983559"><ele>457.685</ele><time>2024-06-21T09:16:46.103Z</time></trkpt><trkpt lat="42.899041" lon="-7.983622"><ele>458.188</ele><time>2024-06-21T09:16:51.103Z</time></trkpt><trkpt lat="42.899063" lon="-7.983684"><ele>458.182</ele><time>2024-06-21T09:16:57.103Z</time></trkpt><trkpt lat="42.899089" lon="-7.983741"><ele>458.163</ele><time>2024-06-21T09:17:02.103Z</time></trkpt><trkpt lat="42.899119" lon="-7.983800"><ele>457.535</ele><time>2024-06-21T09:17:08.103Z</time></trkpt><trkpt lat="42.899158" lon="-7.983841"><ele>457.286</ele><time>2024-06-21T09:17:12.103Z</time></trkpt><trkpt lat="42.899193" lon="-7.983900"><ele>456.614</ele><time>2024-06-21T09:17:17.103Z</time></trkpt><trkpt lat="42.899214" lon="-7.983962"><ele>456.509</ele><time>2024-06-21T09:17:21.103Z</time></trkpt><trkpt lat="42.899242" lon="-7.984015"><ele>456.524</ele><time>2024-06-21T09:17:25.103Z</time></trkpt><trkpt lat="42.899268" lon="-7.984073"><ele>456.510</ele><time>2024-06-21T09:17:30.103Z</time></trkpt><trkpt lat="42.899299" lon="-7.984119"><ele>456.717</ele><time>2024-06-21T09:17:34.103Z</time></trkpt><trkpt lat="42.899319" lon="-7.984177"><ele>456.971</ele><time>2024-06-21T09:17:38.103Z</time></trkpt><trkpt lat="42.899340" lon="-7.984233"><ele>457.286</ele><time>2024-06-21T09:17:42.103Z</time></trkpt><trkpt lat="42.899377" lon="-7.984290"><ele>457.525</ele><time>2024-06-21T09:17:47.103Z</time></trkpt><trkpt lat="42.899420" lon="-7.984337"><ele>457.858</ele><time>2024-06-21T09:17:49.103Z</time></trkpt><trkpt lat="42.899458" lon="-7.984378"><ele>458.592</ele><time>2024-06-21T09:17:51.103Z</time></trkpt><trkpt lat="42.899490" lon="-7.984423"><ele>459.653</ele><time>2024-06-21T09:17:55.103Z</time></trkpt><trkpt lat="42.899520" lon="-7.984483"><ele>461.012</ele><time>2024-06-21T09:18:01.103Z</time></trkpt><trkpt lat="42.899542" lon="-7.984543"><ele>461.432</ele><time>2024-06-21T09:18:06.103Z</time></trkpt><trkpt lat="42.899571" lon="-7.984591"><ele>461.405</ele><time>2024-06-21T09:18:11.103Z</time></trkpt><trkpt lat="42.899613" lon="-7.984644"><ele>461.509</ele><time>2024-06-21T09:18:13.103Z</time></trkpt><trkpt lat="42.899636" lon="-7.984705"><ele>461.442</ele><time>2024-06-21T09:18:17.103Z</time></trkpt><trkpt lat="42.899657" lon="-7.984764"><ele>460.948</ele><time>2024-06-21T09:18:21.103Z</time></trkpt><trkpt lat="42.899687" lon="-7.984815"><ele>460.595</ele><time>2024-06-21T09:18:27.103Z</time></trkpt><trkpt lat="42.899709" lon="-7.984881"><ele>460.089</ele><time>2024-06-21T09:18:32.103Z</time></trkpt><trkpt lat="42.899749" lon="-7.984926"><ele>460.024</ele><time>2024-06-21T09:18:37.103Z</time></trkpt><trkpt lat="42.899776" lon="-7.984978"><ele>460.133</ele><time>2024-06-21T09:18:41.103Z</time></trkpt><trkpt lat="42.899800" lon="-7.985039"><ele>460.266</ele><time>2024-06-21T09:18:46.103Z</time></trkpt><trkpt lat="42.899834" lon="-7.985094"><ele>460.280</ele><time>2024-06-21T09:18:51.103Z</time></trkpt><trkpt lat="42.899869" lon="-7.985153"><ele>460.211</ele><time>2024-06-21T09:18:55.103Z</time></trkpt><trkpt lat="42.899899" lon="-7.985206"><ele>459.852</ele><time>2024-06-21T09:19:00.103Z</time></trkpt><trkpt lat="42.899930" lon="-7.985272"><ele>459.653</ele><time>2024-06-21T09:19:05.103Z</time></trkpt><trkpt lat="42.899963" lon="-7.985320"><ele>459.508</ele><time>2024-06-21T09:19:09.103Z</time></trkpt><trkpt lat="42.899990" lon="-7.985374"><ele>459.709</ele><time>2024-06-21T09:19:13.103Z</time></trkpt><trkpt lat="42.900020" lon="-7.985425"><ele>460.256</ele><time>2024-06-21T09:19:18.103Z</time></trkpt><trkpt lat="42.900057" lon="-7.985489"><ele>460.732</ele><time>2024-06-21T09:19:21.103Z</time></trkpt><trkpt lat="42.900094" lon="-7.985552"><ele>461.349</ele><time>2024-06-21T09:19:24.103Z</time></trkpt><trkpt lat="42.900121" lon="-7.985611"><ele>461.363</ele><time>2024-06-21T09:19:29.103Z</time></trkpt><trkpt lat="42.900146" lon="-7.985671"><ele>460.538</ele><time>2024-06-21T09:19:34.103Z</time></trkpt><trkpt lat="42.900180" lon="-7.985730"><ele>459.767</ele><time>2024-06-21T09:19:38.103Z</time></trkpt><trkpt lat="42.900221" lon="-7.985762"><ele>459.460</ele><time>2024-06-21T09:19:42.103Z</time></trkpt><trkpt lat="42.900238" lon="-7.985824"><ele>459.764</ele><time>2024-06-21T09:19:47.103Z</time></trkpt><trkpt lat="42.900250" lon="-7.985884"><ele>460.125</ele><time>2024-06-21T09:19:52.103Z</time></trkpt><trkpt lat="42.900264" lon="-7.985950"><ele>460.517</ele><time>2024-06-21T09:19:58.103Z</time></trkpt><trkpt lat="42.900279" lon="-7.986015"><ele>460.587</ele><time>2024-06-21T09:20:03.103Z</time></trkpt><trkpt lat="42.900282" lon="-7.986079"><ele>460.515</ele><time>2024-06-21T09:20:09.103Z</time></trkpt><trkpt lat="42.900317" lon="-7.986118"><ele>458.409</ele><time>2024-06-21T09:20:26.103Z</time></trkpt><trkpt lat="42.900370" lon="-7.986138"><ele>458.462</ele><time>2024-06-21T09:20:31.103Z</time></trkpt><trkpt lat="42.900419" lon="-7.986162"><ele>458.268</ele><time>2024-06-21T09:20:36.103Z</time></trkpt><trkpt lat="42.900464" lon="-7.986179"><ele>458.145</ele><time>2024-06-21T09:20:40.103Z</time></trkpt><trkpt lat="42.900504" lon="-7.986217"><ele>457.999</ele><time>2024-06-21T09:20:44.103Z</time></trkpt><trkpt lat="42.900543" lon="-7.986256"><ele>457.524</ele><time>2024-06-21T09:20:49.103Z</time></trkpt><trkpt lat="42.900573" lon="-7.986319"><ele>457.553</ele><time>2024-06-21T09:20:54.103Z</time></trkpt><trkpt lat="42.900617" lon="-7.986353"><ele>457.566</ele><time>2024-06-21T09:20:58.103Z</time></trkpt><trkpt lat="42.900658" lon="-7.986404"><ele>457.990</ele><time>2024-06-21T09:21:02.103Z</time></trkpt><trkpt lat="42.900703" lon="-7.986466"><ele>459.641</ele><time>2024-06-21T09:21:06.103Z</time></trkpt><trkpt lat="42.900741" lon="-7.986513"><ele>460.625</ele><time>2024-06-21T09:21:08.103Z</time></trkpt><trkpt lat="42.900777" lon="-7.986558"><ele>461.226</ele><time>2024-06-21T09:21:11.103Z</time></trkpt><trkpt lat="42.900801" lon="-7.986616"><ele>462.908</ele><time>2024-06-21T09:21:16.103Z</time></trkpt><trkpt lat="42.900833" lon="-7.986671"><ele>463.309</ele><time>2024-06-21T09:21:20.103Z</time></trkpt><trkpt lat="42.900860" lon="-7.986735"><ele>463.643</ele><time>2024-06-21T09:21:22.103Z</time></trkpt><trkpt lat="42.900898" lon="-7.986805"><ele>463.999</ele><time>2024-06-21T09:21:25.103Z</time></trkpt><trkpt lat="42.900924" lon="-7.986866"><ele>467.626</ele><time>2024-06-21T09:21:36.103Z</time></trkpt><trkpt lat="42.900945" lon="-7.986933"><ele>467.570</ele><time>2024-06-21T09:21:42.103Z</time></trkpt><trkpt lat="42.900969" lon="-7.986992"><ele>467.015</ele><time>2024-06-21T09:21:48.103Z</time></trkpt><trkpt lat="42.900987" lon="-7.987050"><ele>466.924</ele><time>2024-06-21T09:21:53.103Z</time></trkpt><trkpt lat="42.901009" lon="-7.987116"><ele>465.347</ele><time>2024-06-21T09:21:59.103Z</time></trkpt><trkpt lat="42.901047" lon="-7.987173"><ele>463.191</ele><time>2024-06-21T09:22:04.103Z</time></trkpt><trkpt lat="42.901072" lon="-7.987228"><ele>462.032</ele><time>2024-06-21T09:22:09.103Z</time></trkpt><trkpt lat="42.901096" lon="-7.987284"><ele>460.542</ele><time>2024-06-21T09:22:14.103Z</time></trkpt><trkpt lat="42.901127" lon="-7.987346"><ele>458.922</ele><time>2024-06-21T09:22:19.103Z</time></trkpt><trkpt lat="42.901151" lon="-7.987409"><ele>457.114</ele><time>2024-06-21T09:22:24.103Z</time></trkpt><trkpt lat="42.901172" lon="-7.987466"><ele>455.509</ele><time>2024-06-21T09:22:28.103Z</time></trkpt><trkpt lat="42.901199" lon="-7.987520"><ele>455.125</ele><time>2024-06-21T09:22:32.103Z</time></trkpt><trkpt lat="42.901239" lon="-7.987566"><ele>454.141</ele><time>2024-06-21T09:22:36.103Z</time></trkpt><trkpt lat="42.901268" lon="-7.987630"><ele>453.778</ele><time>2024-06-21T09:22:41.103Z</time></trkpt><trkpt lat="42.901306" lon="-7.987679"><ele>453.582</ele><time>2024-06-21T09:22:45.103Z</time></trkpt><trkpt lat="42.901336" lon="-7.987737"><ele>452.117</ele><time>2024-06-21T09:22:50.103Z</time></trkpt><trkpt lat="42.901359" lon="-7.987798"><ele>451.926</ele><time>2024-06-21T09:22:55.103Z</time></trkpt><trkpt lat="42.901367" lon="-7.987879"><ele>451.919</ele><time>2024-06-21T09:23:02.103Z</time></trkpt><trkpt lat="42.901384" lon="-7.987941"><ele>452.443</ele><time>2024-06-21T09:23:10.103Z</time></trkpt><trkpt lat="42.901405" lon="-7.988000"><ele>454.584</ele><time>2024-06-21T09:23:16.103Z</time></trkpt><trkpt lat="42.901440" lon="-7.988040"><ele>454.719</ele><time>2024-06-21T09:23:20.103Z</time></trkpt><trkpt lat="42.901480" lon="-7.988090"><ele>454.809</ele><time>2024-06-21T09:23:25.103Z</time></trkpt><trkpt lat="42.901518" lon="-7.988130"><ele>454.819</ele><time>2024-06-21T09:23:29.103Z</time></trkpt><trkpt lat="42.901549" lon="-7.988176"><ele>454.809</ele><time>2024-06-21T09:23:33.103Z</time></trkpt><trkpt lat="42.901574" lon="-7.988232"><ele>454.712</ele><time>2024-06-21T09:23:38.103Z</time></trkpt><trkpt lat="42.901605" lon="-7.988295"><ele>454.598</ele><time>2024-06-21T09:23:43.103Z</time></trkpt><trkpt lat="42.901627" lon="-7.988349"><ele>454.575</ele><time>2024-06-21T09:23:47.103Z</time></trkpt><trkpt lat="42.901656" lon="-7.988404"><ele>454.239</ele><time>2024-06-21T09:23:52.103Z</time></trkpt><trkpt lat="42.901677" lon="-7.988463"><ele>453.954</ele><time>2024-06-21T09:23:57.103Z</time></trkpt><trkpt lat="42.901708" lon="-7.988510"><ele>453.483</ele><time>2024-06-21T09:24:01.103Z</time></trkpt><trkpt lat="42.901741" lon="-7.988558"><ele>452.946</ele><time>2024-06-21T09:24:05.103Z</time></trkpt><trkpt lat="42.901770" lon="-7.988612"><ele>452.110</ele><time>2024-06-21T09:24:10.103Z</time></trkpt><trkpt lat="42.901799" lon="-7.988672"><ele>451.371</ele><time>2024-06-21T09:24:15.103Z</time></trkpt><trkpt lat="42.901825" lon="-7.988727"><ele>451.196</ele><time>2024-06-21T09:24:20.103Z</time></trkpt><trkpt lat="42.901856" lon="-7.988781"><ele>450.931</ele><time>2024-06-21T09:24:25.103Z</time></trkpt><trkpt lat="42.901884" lon="-7.988840"><ele>450.724</ele><time>2024-06-21T09:24:30.103Z</time></trkpt><trkpt lat="42.901923" lon="-7.988898"><ele>449.909</ele><time>2024-06-21T09:24:37.103Z</time></trkpt><trkpt lat="42.901944" lon="-7.988961"><ele>449.840</ele><time>2024-06-21T09:24:41.103Z</time></trkpt><trkpt lat="42.901967" lon="-7.989026"><ele>449.666</ele><time>2024-06-21T09:24:46.103Z</time></trkpt><trkpt lat="42.901991" lon="-7.989089"><ele>449.693</ele><time>2024-06-21T09:24:51.103Z</time></trkpt><trkpt lat="42.902030" lon="-7.989148"><ele>449.687</ele><time>2024-06-21T09:24:56.103Z</time></trkpt><trkpt lat="42.902059" lon="-7.989203"><ele>449.582</ele><time>2024-06-21T09:25:00.103Z</time></trkpt><trkpt lat="42.902084" lon="-7.989256"><ele>449.171</ele><time>2024-06-21T09:25:04.103Z</time></trkpt><trkpt lat="42.902108" lon="-7.989315"><ele>448.794</ele><time>2024-06-21T09:25:09.103Z</time></trkpt><trkpt lat="42.902136" lon="-7.989373"><ele>447.678</ele><time>2024-06-21T09:25:14.103Z</time></trkpt><trkpt lat="42.902166" lon="-7.989425"><ele>447.119</ele><time>2024-06-21T09:25:19.103Z</time></trkpt><trkpt lat="42.902205" lon="-7.989463"><ele>447.031</ele><time>2024-06-21T09:25:24.103Z</time></trkpt><trkpt lat="42.902232" lon="-7.989518"><ele>446.761</ele><time>2024-06-21T09:25:29.103Z</time></trkpt><trkpt lat="42.902248" lon="-7.989579"><ele>446.507</ele><time>2024-06-21T09:25:34.103Z</time></trkpt><trkpt lat="42.902271" lon="-7.989642"><ele>446.909</ele><time>2024-06-21T09:25:40.103Z</time></trkpt><trkpt lat="42.902322" lon="-7.989670"><ele>446.934</ele><time>2024-06-21T09:25:45.103Z</time></trkpt><trkpt lat="42.902341" lon="-7.989729"><ele>446.720</ele><time>2024-06-21T09:25:49.103Z</time></trkpt><trkpt lat="42.902329" lon="-7.989792"><ele>446.687</ele><time>2024-06-21T09:25:57.103Z</time></trkpt><trkpt lat="42.902296" lon="-7.989837"><ele>445.541</ele><time>2024-06-21T09:26:03.103Z</time></trkpt><trkpt lat="42.902273" lon="-7.989894"><ele>445.686</ele><time>2024-06-21T09:26:11.103Z</time></trkpt><trkpt lat="42.902307" lon="-7.989849"><ele>446.345</ele><time>2024-06-21T09:27:00.103Z</time></trkpt><trkpt lat="42.902337" lon="-7.989798"><ele>446.338</ele><time>2024-06-21T09:27:08.103Z</time></trkpt><trkpt lat="42.902386" lon="-7.989786"><ele>446.362</ele><time>2024-06-21T09:27:15.103Z</time></trkpt><trkpt lat="42.902432" lon="-7.989819"><ele>446.393</ele><time>2024-06-21T09:27:19.103Z</time></trkpt><trkpt lat="42.902481" lon="-7.989862"><ele>446.371</ele><time>2024-06-21T09:27:23.103Z</time></trkpt><trkpt lat="42.902516" lon="-7.989913"><ele>446.141</ele><time>2024-06-21T09:27:27.103Z</time></trkpt><trkpt lat="42.902537" lon="-7.989976"><ele>447.315</ele><time>2024-06-21T09:27:31.103Z</time></trkpt><trkpt lat="42.902573" lon="-7.990030"><ele>449.609</ele><time>2024-06-21T09:27:35.103Z</time></trkpt><trkpt lat="42.902612" lon="-7.990087"><ele>450.348</ele><time>2024-06-21T09:27:39.103Z</time></trkpt><trkpt lat="42.902643" lon="-7.990150"><ele>450.824</ele><time>2024-06-21T09:27:43.103Z</time></trkpt><trkpt lat="42.902676" lon="-7.990209"><ele>450.841</ele><time>2024-06-21T09:27:47.103Z</time></trkpt><trkpt lat="42.902706" lon="-7.990266"><ele>450.825</ele><time>2024-06-21T09:27:51.103Z</time></trkpt><trkpt lat="42.902727" lon="-7.990322"><ele>450.890</ele><time>2024-06-21T09:27:55.103Z</time></trkpt><trkpt lat="42.902739" lon="-7.990390"><ele>450.689</ele><time>2024-06-21T09:28:00.103Z</time></trkpt><trkpt lat="42.902756" lon="-7.990456"><ele>450.012</ele><time>2024-06-21T09:28:05.103Z</time></trkpt><trkpt lat="42.902765" lon="-7.990530"><ele>448.596</ele><time>2024-06-21T09:28:09.103Z</time></trkpt><trkpt lat="42.902767" lon="-7.990597"><ele>448.077</ele><time>2024-06-21T09:28:13.103Z</time></trkpt><trkpt lat="42.902777" lon="-7.990661"><ele>448.079</ele><time>2024-06-21T09:28:18.103Z</time></trkpt><trkpt lat="42.902791" lon="-7.990731"><ele>447.805</ele><time>2024-06-21T09:28:23.103Z</time></trkpt><trkpt lat="42.902802" lon="-7.990803"><ele>447.825</ele><time>2024-06-21T09:28:28.103Z</time></trkpt><trkpt lat="42.902797" lon="-7.990875"><ele>447.609</ele><time>2024-06-21T09:28:33.103Z</time></trkpt><trkpt lat="42.902786" lon="-7.990942"><ele>447.248</ele><time>2024-06-21T09:28:38.103Z</time></trkpt><trkpt lat="42.902760" lon="-7.991030"><ele>446.884</ele><time>2024-06-21T09:28:41.103Z</time></trkpt><trkpt lat="42.902731" lon="-7.991106"><ele>446.731</ele><time>2024-06-21T09:28:43.103Z</time></trkpt><trkpt lat="42.902704" lon="-7.991174"><ele>446.715</ele><time>2024-06-21T09:28:45.103Z</time></trkpt><trkpt lat="42.902676" lon="-7.991232"><ele>446.860</ele><time>2024-06-21T09:28:47.103Z</time></trkpt><trkpt lat="42.902657" lon="-7.991295"><ele>450.849</ele><time>2024-06-21T09:28:49.103Z</time></trkpt><trkpt lat="42.902674" lon="-7.991354"><ele>449.672</ele><time>2024-06-21T09:29:00.103Z</time></trkpt><trkpt lat="42.902712" lon="-7.991395"><ele>448.596</ele><time>2024-06-21T09:29:07.103Z</time></trkpt><trkpt lat="42.902734" lon="-7.991456"><ele>447.497</ele><time>2024-06-21T09:29:12.103Z</time></trkpt><trkpt lat="42.902761" lon="-7.991511"><ele>446.365</ele><time>2024-06-21T09:29:17.103Z</time></trkpt><trkpt lat="42.902791" lon="-7.991571"><ele>445.868</ele><time>2024-06-21T09:29:23.103Z</time></trkpt><trkpt lat="42.902829" lon="-7.991647"><ele>445.414</ele><time>2024-06-21T09:29:28.103Z</time></trkpt><trkpt lat="42.902855" lon="-7.991713"><ele>444.709</ele><time>2024-06-21T09:29:30.103Z</time></trkpt><trkpt lat="42.902881" lon="-7.991775"><ele>444.687</ele><time>2024-06-21T09:29:32.103Z</time></trkpt><trkpt lat="42.902904" lon="-7.991830"><ele>445.543</ele><time>2024-06-21T09:29:36.103Z</time></trkpt><trkpt lat="42.902932" lon="-7.991889"><ele>451.850</ele><time>2024-06-21T09:29:44.103Z</time></trkpt><trkpt lat="42.902958" lon="-7.991951"><ele>452.054</ele><time>2024-06-21T09:29:50.103Z</time></trkpt><trkpt lat="42.902992" lon="-7.991999"><ele>451.949</ele><time>2024-06-21T09:29:56.103Z</time></trkpt><trkpt lat="42.903030" lon="-7.992047"><ele>451.818</ele><time>2024-06-21T09:30:00.103Z</time></trkpt><trkpt lat="42.903068" lon="-7.992095"><ele>451.511</ele><time>2024-06-21T09:30:03.103Z</time></trkpt><trkpt lat="42.903105" lon="-7.992143"><ele>449.595</ele><time>2024-06-21T09:30:06.103Z</time></trkpt><trkpt lat="42.903139" lon="-7.992189"><ele>448.796</ele><time>2024-06-21T09:30:12.103Z</time></trkpt><trkpt lat="42.903167" lon="-7.992251"><ele>447.627</ele><time>2024-06-21T09:30:20.103Z</time></trkpt><trkpt lat="42.903204" lon="-7.992301"><ele>446.368</ele><time>2024-06-21T09:30:26.103Z</time></trkpt><trkpt lat="42.903247" lon="-7.992379"><ele>445.714</ele><time>2024-06-21T09:30:30.103Z</time></trkpt><trkpt lat="42.903275" lon="-7.992428"><ele>445.509</ele><time>2024-06-21T09:30:32.103Z</time></trkpt><trkpt lat="42.903315" lon="-7.992462"><ele>444.573</ele><time>2024-06-21T09:30:39.103Z</time></trkpt><trkpt lat="42.903347" lon="-7.992514"><ele>443.859</ele><time>2024-06-21T09:30:45.103Z</time></trkpt><trkpt lat="42.903373" lon="-7.992574"><ele>443.736</ele><time>2024-06-21T09:30:50.103Z</time></trkpt><trkpt lat="42.903408" lon="-7.992625"><ele>443.790</ele><time>2024-06-21T09:30:55.103Z</time></trkpt><trkpt lat="42.903442" lon="-7.992682"><ele>443.775</ele><time>2024-06-21T09:31:00.103Z</time></trkpt><trkpt lat="42.903480" lon="-7.992737"><ele>443.854</ele><time>2024-06-21T09:31:05.103Z</time></trkpt><trkpt lat="42.903523" lon="-7.992792"><ele>444.177</ele><time>2024-06-21T09:31:10.103Z</time></trkpt><trkpt lat="42.903567" lon="-7.992831"><ele>444.471</ele><time>2024-06-21T09:31:12.103Z</time></trkpt><trkpt lat="42.903606" lon="-7.992865"><ele>444.552</ele><time>2024-06-21T09:31:14.103Z</time></trkpt><trkpt lat="42.903656" lon="-7.992918"><ele>444.879</ele><time>2024-06-21T09:31:17.103Z</time></trkpt><trkpt lat="42.903709" lon="-7.992966"><ele>447.105</ele><time>2024-06-21T09:31:20.103Z</time></trkpt><trkpt lat="42.903738" lon="-7.993040"><ele>448.925</ele><time>2024-06-21T09:31:23.103Z</time></trkpt><trkpt lat="42.903773" lon="-7.993093"><ele>449.909</ele><time>2024-06-21T09:31:27.103Z</time></trkpt><trkpt lat="42.903778" lon="-7.993157"><ele>451.638</ele><time>2024-06-21T09:31:34.103Z</time></trkpt><trkpt lat="42.903786" lon="-7.993222"><ele>451.984</ele><time>2024-06-21T09:31:38.103Z</time></trkpt><trkpt lat="42.903794" lon="-7.993293"><ele>452.041</ele><time>2024-06-21T09:31:44.103Z</time></trkpt><trkpt lat="42.903806" lon="-7.993382"><ele>452.225</ele><time>2024-06-21T09:31:48.103Z</time></trkpt><trkpt lat="42.903823" lon="-7.993459"><ele>452.420</ele><time>2024-06-21T09:31:51.103Z</time></trkpt><trkpt lat="42.903868" lon="-7.993513"><ele>453.489</ele><time>2024-06-21T09:31:54.103Z</time></trkpt><trkpt lat="42.903894" lon="-7.993573"><ele>454.022</ele><time>2024-06-21T09:31:57.103Z</time></trkpt><trkpt lat="42.903913" lon="-7.993635"><ele>453.926</ele><time>2024-06-21T09:32:00.103Z</time></trkpt><trkpt lat="42.903940" lon="-7.993698"><ele>453.287</ele><time>2024-06-21T09:32:04.103Z</time></trkpt><trkpt lat="42.903968" lon="-7.993749"><ele>452.947</ele><time>2024-06-21T09:32:10.103Z</time></trkpt><trkpt lat="42.903983" lon="-7.993808"><ele>452.929</ele><time>2024-06-21T09:32:15.103Z</time></trkpt><trkpt lat="42.904015" lon="-7.993881"><ele>453.021</ele><time>2024-06-21T09:32:20.103Z</time></trkpt><trkpt lat="42.904043" lon="-7.993960"><ele>453.109</ele><time>2024-06-21T09:32:23.103Z</time></trkpt><trkpt lat="42.904066" lon="-7.994034"><ele>453.425</ele><time>2024-06-21T09:32:26.103Z</time></trkpt><trkpt lat="42.904109" lon="-7.994090"><ele>454.461</ele><time>2024-06-21T09:32:29.103Z</time></trkpt><trkpt lat="42.904134" lon="-7.994162"><ele>455.258</ele><time>2024-06-21T09:32:32.103Z</time></trkpt><trkpt lat="42.904145" lon="-7.994232"><ele>457.292</ele><time>2024-06-21T09:32:36.103Z</time></trkpt><trkpt lat="42.904159" lon="-7.994295"><ele>458.327</ele><time>2024-06-21T09:32:42.103Z</time></trkpt><trkpt lat="42.904194" lon="-7.994334"><ele>459.246</ele><time>2024-06-21T09:32:47.103Z</time></trkpt><trkpt lat="42.904224" lon="-7.994381"><ele>459.139</ele><time>2024-06-21T09:33:00.103Z</time></trkpt><trkpt lat="42.904207" lon="-7.994439"><ele>458.793</ele><time>2024-06-21T09:33:08.103Z</time></trkpt><trkpt lat="42.904182" lon="-7.994501"><ele>458.084</ele><time>2024-06-21T09:33:15.103Z</time></trkpt><trkpt lat="42.904182" lon="-7.994565"><ele>457.198</ele><time>2024-06-21T09:33:21.103Z</time></trkpt><trkpt lat="42.904186" lon="-7.994631"><ele>456.415</ele><time>2024-06-21T09:33:26.103Z</time></trkpt><trkpt lat="42.904201" lon="-7.994690"><ele>455.326</ele><time>2024-06-21T09:33:30.103Z</time></trkpt><trkpt lat="42.904239" lon="-7.994751"><ele>454.409</ele><time>2024-06-21T09:33:34.103Z</time></trkpt><trkpt lat="42.904268" lon="-7.994809"><ele>453.910</ele><time>2024-06-21T09:33:37.103Z</time></trkpt><trkpt lat="42.904307" lon="-7.994853"><ele>453.786</ele><time>2024-06-21T09:33:40.103Z</time></trkpt><trkpt lat="42.904344" lon="-7.994890"><ele>454.523</ele><time>2024-06-21T09:33:43.103Z</time></trkpt><trkpt lat="42.904379" lon="-7.994941"><ele>455.287</ele><time>2024-06-21T09:33:47.103Z</time></trkpt><trkpt lat="42.904417" lon="-7.994980"><ele>456.642</ele><time>2024-06-21T09:33:52.103Z</time></trkpt><trkpt lat="42.904444" lon="-7.995032"><ele>456.291</ele><time>2024-06-21T09:34:00.103Z</time></trkpt><trkpt lat="42.904482" lon="-7.995077"><ele>456.564</ele><time>2024-06-21T09:34:08.103Z</time></trkpt><trkpt lat="42.904516" lon="-7.995129"><ele>456.298</ele><time>2024-06-21T09:34:15.103Z</time></trkpt><trkpt lat="42.904552" lon="-7.995171"><ele>455.829</ele><time>2024-06-21T09:34:20.103Z</time></trkpt><trkpt lat="42.904585" lon="-7.995227"><ele>455.716</ele><time>2024-06-21T09:34:26.103Z</time></trkpt><trkpt lat="42.904625" lon="-7.995275"><ele>455.876</ele><time>2024-06-21T09:34:32.103Z</time></trkpt><trkpt lat="42.904658" lon="-7.995319"><ele>455.613</ele><time>2024-06-21T09:34:37.103Z</time></trkpt><trkpt lat="42.904694" lon="-7.995370"><ele>454.909</ele><time>2024-06-21T09:34:43.103Z</time></trkpt><trkpt lat="42.904730" lon="-7.995415"><ele>454.912</ele><time>2024-06-21T09:34:48.103Z</time></trkpt><trkpt lat="42.904769" lon="-7.995455"><ele>453.048</ele><time>2024-06-21T09:34:53.103Z</time></trkpt><trkpt lat="42.904807" lon="-7.995489"><ele>452.795</ele><time>2024-06-21T09:34:58.103Z</time></trkpt><trkpt lat="42.904859" lon="-7.995519"><ele>452.499</ele><time>2024-06-21T09:35:04.103Z</time></trkpt><trkpt lat="42.904897" lon="-7.995565"><ele>452.754</ele><time>2024-06-21T09:35:18.103Z</time></trkpt><trkpt lat="42.904923" lon="-7.995624"><ele>452.963</ele><time>2024-06-21T09:35:24.103Z</time></trkpt><trkpt lat="42.904965" lon="-7.995663"><ele>453.796</ele><time>2024-06-21T09:35:29.103Z</time></trkpt><trkpt lat="42.905007" lon="-7.995697"><ele>453.870</ele><time>2024-06-21T09:35:34.103Z</time></trkpt><trkpt lat="42.905048" lon="-7.995731"><ele>454.481</ele><time>2024-06-21T09:35:38.103Z</time></trkpt><trkpt lat="42.905086" lon="-7.995770"><ele>457.652</ele><time>2024-06-21T09:35:43.103Z</time></trkpt><trkpt lat="42.905132" lon="-7.995811"><ele>457.853</ele><time>2024-06-21T09:35:47.103Z</time></trkpt><trkpt lat="42.905167" lon="-7.995852"><ele>457.908</ele><time>2024-06-21T09:35:51.103Z</time></trkpt><trkpt lat="42.905209" lon="-7.995888"><ele>457.909</ele><time>2024-06-21T09:35:55.103Z</time></trkpt><trkpt lat="42.905249" lon="-7.995930"><ele>457.786</ele><time>2024-06-21T09:35:59.103Z</time></trkpt><trkpt lat="42.905284" lon="-7.995972"><ele>456.542</ele><time>2024-06-21T09:36:03.103Z</time></trkpt><trkpt lat="42.905327" lon="-7.996001"><ele>456.069</ele><time>2024-06-21T09:36:07.103Z</time></trkpt><trkpt lat="42.905366" lon="-7.996034"><ele>455.573</ele><time>2024-06-21T09:36:11.103Z</time></trkpt><trkpt lat="42.905406" lon="-7.996075"><ele>455.688</ele><time>2024-06-21T09:36:27.103Z</time></trkpt><trkpt lat="42.905456" lon="-7.996094"><ele>455.677</ele><time>2024-06-21T09:36:31.103Z</time></trkpt><trkpt lat="42.905496" lon="-7.996136"><ele>455.670</ele><time>2024-06-21T09:36:36.103Z</time></trkpt><trkpt lat="42.905536" lon="-7.996174"><ele>455.564</ele><time>2024-06-21T09:36:50.103Z</time></trkpt><trkpt lat="42.905579" lon="-7.996204"><ele>455.345</ele><time>2024-06-21T09:36:54.103Z</time></trkpt><trkpt lat="42.905636" lon="-7.996208"><ele>454.651</ele><time>2024-06-21T09:36:58.103Z</time></trkpt><trkpt lat="42.905688" lon="-7.996223"><ele>454.401</ele><time>2024-06-21T09:37:03.103Z</time></trkpt><trkpt lat="42.905737" lon="-7.996237"><ele>453.111</ele><time>2024-06-21T09:37:07.103Z</time></trkpt><trkpt lat="42.905785" lon="-7.996266"><ele>451.909</ele><time>2024-06-21T09:37:11.103Z</time></trkpt><trkpt lat="42.905833" lon="-7.996307"><ele>450.566</ele><time>2024-06-21T09:37:15.103Z</time></trkpt><trkpt lat="42.905884" lon="-7.996322"><ele>450.392</ele><time>2024-06-21T09:37:18.103Z</time></trkpt><trkpt lat="42.905938" lon="-7.996350"><ele>449.799</ele><time>2024-06-21T09:37:26.103Z</time></trkpt><trkpt lat="42.905979" lon="-7.996401"><ele>449.843</ele><time>2024-06-21T09:37:30.103Z</time></trkpt><trkpt lat="42.906015" lon="-7.996446"><ele>449.698</ele><time>2024-06-21T09:37:34.103Z</time></trkpt><trkpt lat="42.906062" lon="-7.996473"><ele>449.247</ele><time>2024-06-21T09:37:38.103Z</time></trkpt><trkpt lat="42.906090" lon="-7.996526"><ele>448.210</ele><time>2024-06-21T09:37:53.103Z</time></trkpt><trkpt lat="42.906138" lon="-7.996541"><ele>446.374</ele><time>2024-06-21T09:38:01.103Z</time></trkpt><trkpt lat="42.906183" lon="-7.996570"><ele>443.555</ele><time>2024-06-21T09:38:05.103Z</time></trkpt><trkpt lat="42.906235" lon="-7.996603"><ele>443.272</ele><time>2024-06-21T09:38:09.103Z</time></trkpt><trkpt lat="42.906283" lon="-7.996613"><ele>443.113</ele><time>2024-06-21T09:38:13.103Z</time></trkpt><trkpt lat="42.906327" lon="-7.996644"><ele>442.914</ele><time>2024-06-21T09:38:16.103Z</time></trkpt><trkpt lat="42.906373" lon="-7.996670"><ele>442.809</ele><time>2024-06-21T09:38:21.103Z</time></trkpt><trkpt lat="42.906415" lon="-7.996702"><ele>442.888</ele><time>2024-06-21T09:38:26.103Z</time></trkpt><trkpt lat="42.906454" lon="-7.996741"><ele>442.574</ele><time>2024-06-21T09:38:32.103Z</time></trkpt><trkpt lat="42.906499" lon="-7.996760"><ele>441.741</ele><time>2024-06-21T09:38:39.103Z</time></trkpt><trkpt lat="42.906547" lon="-7.996769"><ele>439.635</ele><time>2024-06-21T09:38:44.103Z</time></trkpt><trkpt lat="42.906598" lon="-7.996778"><ele>440.090</ele><time>2024-06-21T09:38:55.103Z</time></trkpt><trkpt lat="42.906646" lon="-7.996769"><ele>439.869</ele><time>2024-06-21T09:38:59.103Z</time></trkpt><trkpt lat="42.906700" lon="-7.996774"><ele>439.682</ele><time>2024-06-21T09:39:04.103Z</time></trkpt><trkpt lat="42.906758" lon="-7.996760"><ele>440.026</ele><time>2024-06-21T09:39:08.103Z</time></trkpt><trkpt lat="42.906803" lon="-7.996755"><ele>440.027</ele><time>2024-06-21T09:39:12.103Z</time></trkpt><trkpt lat="42.906858" lon="-7.996765"><ele>437.527</ele><time>2024-06-21T09:39:17.103Z</time></trkpt><trkpt lat="42.906915" lon="-7.996792"><ele>436.668</ele><time>2024-06-21T09:39:21.103Z</time></trkpt><trkpt lat="42.906960" lon="-7.996809"><ele>435.414</ele><time>2024-06-21T09:39:25.103Z</time></trkpt><trkpt lat="42.907007" lon="-7.996834"><ele>434.609</ele><time>2024-06-21T09:39:29.103Z</time></trkpt><trkpt lat="42.907057" lon="-7.996861"><ele>434.293</ele><time>2024-06-21T09:39:33.103Z</time></trkpt><trkpt lat="42.907103" lon="-7.996888"><ele>433.919</ele><time>2024-06-21T09:39:38.103Z</time></trkpt><trkpt lat="42.907135" lon="-7.996933"><ele>433.826</ele><time>2024-06-21T09:39:42.103Z</time></trkpt><trkpt lat="42.907176" lon="-7.996964"><ele>432.250</ele><time>2024-06-21T09:40:04.103Z</time></trkpt><trkpt lat="42.907225" lon="-7.996992"><ele>432.245</ele><time>2024-06-21T09:40:08.103Z</time></trkpt><trkpt lat="42.907266" lon="-7.997021"><ele>432.244</ele><time>2024-06-21T09:40:12.103Z</time></trkpt><trkpt lat="42.907311" lon="-7.997053"><ele>432.127</ele><time>2024-06-21T09:40:16.103Z</time></trkpt><trkpt lat="42.907355" lon="-7.997079"><ele>431.551</ele><time>2024-06-21T09:40:20.103Z</time></trkpt><trkpt lat="42.907397" lon="-7.997112"><ele>427.612</ele><time>2024-06-21T09:40:24.103Z</time></trkpt><trkpt lat="42.907442" lon="-7.997121"><ele>427.418</ele><time>2024-06-21T09:40:29.103Z</time></trkpt><trkpt lat="42.907495" lon="-7.997136"><ele>427.798</ele><time>2024-06-21T09:40:34.103Z</time></trkpt><trkpt lat="42.907536" lon="-7.997176"><ele>428.217</ele><time>2024-06-21T09:40:38.103Z</time></trkpt><trkpt lat="42.907577" lon="-7.997204"><ele>428.009</ele><time>2024-06-21T09:40:42.103Z</time></trkpt><trkpt lat="42.907615" lon="-7.997243"><ele>427.862</ele><time>2024-06-21T09:40:47.103Z</time></trkpt><trkpt lat="42.907652" lon="-7.997280"><ele>427.628</ele><time>2024-06-21T09:40:54.103Z</time></trkpt><trkpt lat="42.907682" lon="-7.997326"><ele>427.385</ele><time>2024-06-21T09:40:59.103Z</time></trkpt><trkpt lat="42.907722" lon="-7.997357"><ele>427.269</ele><time>2024-06-21T09:41:03.103Z</time></trkpt><trkpt lat="42.907757" lon="-7.997412"><ele>427.014</ele><time>2024-06-21T09:41:09.103Z</time></trkpt><trkpt lat="42.907797" lon="-7.997444"><ele>426.973</ele><time>2024-06-21T09:41:13.103Z</time></trkpt><trkpt lat="42.907828" lon="-7.997494"><ele>426.126</ele><time>2024-06-21T09:41:18.103Z</time></trkpt><trkpt lat="42.907855" lon="-7.997548"><ele>423.370</ele><time>2024-06-21T09:41:23.103Z</time></trkpt><trkpt lat="42.907883" lon="-7.997605"><ele>421.951</ele><time>2024-06-21T09:41:28.103Z</time></trkpt><trkpt lat="42.907905" lon="-7.997665"><ele>420.217</ele><time>2024-06-21T09:41:33.103Z</time></trkpt><trkpt lat="42.907940" lon="-7.997710"><ele>417.187</ele><time>2024-06-21T09:41:38.103Z</time></trkpt><trkpt lat="42.907976" lon="-7.997751"><ele>415.315</ele><time>2024-06-21T09:41:43.103Z</time></trkpt><trkpt lat="42.908001" lon="-7.997811"><ele>413.309</ele><time>2024-06-21T09:41:48.103Z</time></trkpt><trkpt lat="42.908025" lon="-7.997866"><ele>412.062</ele><time>2024-06-21T09:41:52.103Z</time></trkpt><trkpt lat="42.908054" lon="-7.997921"><ele>410.258</ele><time>2024-06-21T09:41:56.103Z</time></trkpt><trkpt lat="42.908070" lon="-7.997981"><ele>408.675</ele><time>2024-06-21T09:42:00.103Z</time></trkpt><trkpt lat="42.908086" lon="-7.998044"><ele>408.489</ele><time>2024-06-21T09:42:04.103Z</time></trkpt><trkpt lat="42.908085" lon="-7.998117"><ele>408.284</ele><time>2024-06-21T09:42:09.103Z</time></trkpt><trkpt lat="42.908100" lon="-7.998177"><ele>409.663</ele><time>2024-06-21T09:42:13.103Z</time></trkpt><trkpt lat="42.908113" lon="-7.998242"><ele>410.566</ele><time>2024-06-21T09:42:18.103Z</time></trkpt><trkpt lat="42.908127" lon="-7.998302"><ele>414.020</ele><time>2024-06-21T09:42:48.103Z</time></trkpt><trkpt lat="42.908120" lon="-7.998373"><ele>414.071</ele><time>2024-06-21T09:42:53.103Z</time></trkpt><trkpt lat="42.908102" lon="-7.998439"><ele>414.037</ele><time>2024-06-21T09:42:58.103Z</time></trkpt><trkpt lat="42.908097" lon="-7.998508"><ele>414.049</ele><time>2024-06-21T09:43:03.103Z</time></trkpt><trkpt lat="42.908101" lon="-7.998583"><ele>414.013</ele><time>2024-06-21T09:43:08.103Z</time></trkpt><trkpt lat="42.908108" lon="-7.998652"><ele>411.809</ele><time>2024-06-21T09:43:44.103Z</time></trkpt><trkpt lat="42.908137" lon="-7.998706"><ele>411.814</ele><time>2024-06-21T09:43:51.103Z</time></trkpt><trkpt lat="42.908128" lon="-7.998768"><ele>412.080</ele><time>2024-06-21T09:44:33.103Z</time></trkpt><trkpt lat="42.908173" lon="-7.998795"><ele>413.067</ele><time>2024-06-21T09:45:09.103Z</time></trkpt><trkpt lat="42.908224" lon="-7.998806"><ele>413.171</ele><time>2024-06-21T09:45:16.103Z</time></trkpt><trkpt lat="42.908277" lon="-7.998800"><ele>413.216</ele><time>2024-06-21T09:45:22.103Z</time></trkpt><trkpt lat="42.908325" lon="-7.998804"><ele>413.685</ele><time>2024-06-21T09:45:26.103Z</time></trkpt><trkpt lat="42.908377" lon="-7.998791"><ele>413.758</ele><time>2024-06-21T09:45:31.103Z</time></trkpt><trkpt lat="42.908406" lon="-7.998740"><ele>414.242</ele><time>2024-06-21T09:46:28.103Z</time></trkpt><trkpt lat="42.908456" lon="-7.998732"><ele>414.143</ele><time>2024-06-21T09:46:35.103Z</time></trkpt><trkpt lat="42.908503" lon="-7.998734"><ele>413.999</ele><time>2024-06-21T09:46:41.103Z</time></trkpt><trkpt lat="42.908554" lon="-7.998724"><ele>413.207</ele><time>2024-06-21T09:46:47.103Z</time></trkpt><trkpt lat="42.908599" lon="-7.998725"><ele>409.527</ele><time>2024-06-21T09:46:52.103Z</time></trkpt><trkpt lat="42.908649" lon="-7.998752"><ele>405.509</ele><time>2024-06-21T09:46:57.103Z</time></trkpt><trkpt lat="42.908687" lon="-7.998798"><ele>404.590</ele><time>2024-06-21T09:47:02.103Z</time></trkpt><trkpt lat="42.908720" lon="-7.998839"><ele>403.856</ele><time>2024-06-21T09:47:07.103Z</time></trkpt><trkpt lat="42.908756" lon="-7.998877"><ele>403.513</ele><time>2024-06-21T09:47:11.103Z</time></trkpt><trkpt lat="42.908791" lon="-7.998918"><ele>403.577</ele><time>2024-06-21T09:47:16.103Z</time></trkpt><trkpt lat="42.908829" lon="-7.998973"><ele>404.372</ele><time>2024-06-21T09:47:21.103Z</time></trkpt><trkpt lat="42.908857" lon="-7.999036"><ele>404.521</ele><time>2024-06-21T09:47:27.103Z</time></trkpt><trkpt lat="42.908888" lon="-7.999091"><ele>404.584</ele><time>2024-06-21T09:47:33.103Z</time></trkpt><trkpt lat="42.908937" lon="-7.999110"><ele>404.448</ele><time>2024-06-21T09:47:39.103Z</time></trkpt><trkpt lat="42.908991" lon="-7.999104"><ele>404.529</ele><time>2024-06-21T09:47:48.103Z</time></trkpt><trkpt lat="42.908949" lon="-7.999072"><ele>406.519</ele><time>2024-06-21T09:48:16.103Z</time></trkpt><trkpt lat="42.908902" lon="-7.999050"><ele>406.709</ele><time>2024-06-21T09:48:23.103Z</time></trkpt><trkpt lat="42.908887" lon="-7.998989"><ele>407.119</ele><time>2024-06-21T09:48:35.103Z</time></trkpt><trkpt lat="42.908897" lon="-7.999059"><ele>412.409</ele><time>2024-06-21T09:51:27.103Z</time></trkpt><trkpt lat="42.908898" lon="-7.999121"><ele>412.442</ele><time>2024-06-21T09:51:58.103Z</time></trkpt><trkpt lat="42.908912" lon="-7.999057"><ele>411.888</ele><time>2024-06-21T09:54:55.103Z</time></trkpt><trkpt lat="42.908964" lon="-7.999062"><ele>411.695</ele><time>2024-06-21T09:56:03.103Z</time></trkpt><trkpt lat="42.909010" lon="-7.999081"><ele>410.149</ele><time>2024-06-21T09:56:10.103Z</time></trkpt><trkpt lat="42.909047" lon="-7.999122"><ele>409.794</ele><time>2024-06-21T09:56:20.103Z</time></trkpt><trkpt lat="42.909032" lon="-7.999185"><ele>409.683</ele><time>2024-06-21T09:56:27.103Z</time></trkpt><trkpt lat="42.909051" lon="-7.999245"><ele>409.416</ele><time>2024-06-21T09:56:33.103Z</time></trkpt><trkpt lat="42.909070" lon="-7.999309"><ele>410.910</ele><time>2024-06-21T09:56:38.103Z</time></trkpt><trkpt lat="42.909084" lon="-7.999374"><ele>408.331</ele><time>2024-06-21T09:56:43.103Z</time></trkpt><trkpt lat="42.909096" lon="-7.999436"><ele>407.024</ele><time>2024-06-21T09:56:48.103Z</time></trkpt><trkpt lat="42.909114" lon="-7.999497"><ele>406.704</ele><time>2024-06-21T09:56:52.103Z</time></trkpt><trkpt lat="42.909142" lon="-7.999573"><ele>406.414</ele><time>2024-06-21T09:56:57.103Z</time></trkpt><trkpt lat="42.909172" lon="-7.999634"><ele>406.209</ele><time>2024-06-21T09:57:01.103Z</time></trkpt><trkpt lat="42.909192" lon="-7.999690"><ele>406.693</ele><time>2024-06-21T09:57:06.103Z</time></trkpt><trkpt lat="42.909209" lon="-7.999759"><ele>408.479</ele><time>2024-06-21T09:57:11.103Z</time></trkpt><trkpt lat="42.909222" lon="-7.999822"><ele>409.066</ele><time>2024-06-21T09:57:16.103Z</time></trkpt><trkpt lat="42.909234" lon="-7.999889"><ele>409.090</ele><time>2024-06-21T09:57:21.103Z</time></trkpt><trkpt lat="42.909230" lon="-7.999962"><ele>409.055</ele><time>2024-06-21T09:57:25.103Z</time></trkpt><trkpt lat="42.909238" lon="-8.000035"><ele>408.414</ele><time>2024-06-21T09:57:27.103Z</time></trkpt><trkpt lat="42.909246" lon="-8.000099"><ele>406.517</ele><time>2024-06-21T09:57:29.103Z</time></trkpt><trkpt lat="42.909237" lon="-8.000164"><ele>405.741</ele><time>2024-06-21T09:57:35.103Z</time></trkpt><trkpt lat="42.909236" lon="-8.000243"><ele>405.742</ele><time>2024-06-21T09:57:37.103Z</time></trkpt><trkpt lat="42.909260" lon="-8.000297"><ele>404.442</ele><time>2024-06-21T09:57:48.103Z</time></trkpt><trkpt lat="42.909276" lon="-8.000377"><ele>403.522</ele><time>2024-06-21T09:57:51.103Z</time></trkpt><trkpt lat="42.909270" lon="-8.000465"><ele>403.514</ele><time>2024-06-21T09:57:54.103Z</time></trkpt><trkpt lat="42.909265" lon="-8.000529"><ele>403.509</ele><time>2024-06-21T09:57:57.103Z</time></trkpt><trkpt lat="42.909230" lon="-8.000577"><ele>408.085</ele><time>2024-06-21T09:58:06.103Z</time></trkpt><trkpt lat="42.909219" lon="-8.000642"><ele>408.431</ele><time>2024-06-21T09:58:11.103Z</time></trkpt><trkpt lat="42.909221" lon="-8.000716"><ele>408.558</ele><time>2024-06-21T09:58:14.103Z</time></trkpt><trkpt lat="42.909223" lon="-8.000778"><ele>408.932</ele><time>2024-06-21T09:58:17.103Z</time></trkpt><trkpt lat="42.909216" lon="-8.000846"><ele>409.097</ele><time>2024-06-21T09:58:21.103Z</time></trkpt><trkpt lat="42.909201" lon="-8.000906"><ele>410.016</ele><time>2024-06-21T09:58:25.103Z</time></trkpt><trkpt lat="42.909181" lon="-8.000975"><ele>410.819</ele><time>2024-06-21T09:58:29.103Z</time></trkpt><trkpt lat="42.909177" lon="-8.001043"><ele>412.253</ele><time>2024-06-21T09:58:33.103Z</time></trkpt><trkpt lat="42.909195" lon="-8.001102"><ele>412.584</ele><time>2024-06-21T09:58:40.103Z</time></trkpt><trkpt lat="42.909207" lon="-8.001162"><ele>413.377</ele><time>2024-06-21T09:58:48.103Z</time></trkpt><trkpt lat="42.909209" lon="-8.001234"><ele>412.461</ele><time>2024-06-21T09:58:55.103Z</time></trkpt><trkpt lat="42.909212" lon="-8.001308"><ele>412.227</ele><time>2024-06-21T09:59:01.103Z</time></trkpt><trkpt lat="42.909208" lon="-8.001381"><ele>411.209</ele><time>2024-06-21T09:59:06.103Z</time></trkpt><trkpt lat="42.909191" lon="-8.001441"><ele>410.758</ele><time>2024-06-21T09:59:12.103Z</time></trkpt><trkpt lat="42.909176" lon="-8.001506"><ele>410.524</ele><time>2024-06-21T09:59:18.103Z</time></trkpt><trkpt lat="42.909146" lon="-8.001564"><ele>410.231</ele><time>2024-06-21T09:59:24.103Z</time></trkpt><trkpt lat="42.909126" lon="-8.001625"><ele>410.145</ele><time>2024-06-21T09:59:28.103Z</time></trkpt><trkpt lat="42.909102" lon="-8.001684"><ele>408.790</ele><time>2024-06-21T09:59:33.103Z</time></trkpt><trkpt lat="42.909087" lon="-8.001746"><ele>407.759</ele><time>2024-06-21T09:59:38.103Z</time></trkpt><trkpt lat="42.909070" lon="-8.001807"><ele>407.632</ele><time>2024-06-21T09:59:42.103Z</time></trkpt><trkpt lat="42.909065" lon="-8.001876"><ele>407.646</ele><time>2024-06-21T09:59:46.103Z</time></trkpt><trkpt lat="42.909063" lon="-8.001938"><ele>407.757</ele><time>2024-06-21T09:59:51.103Z</time></trkpt><trkpt lat="42.909070" lon="-8.002013"><ele>408.365</ele><time>2024-06-21T10:00:16.103Z</time></trkpt><trkpt lat="42.909094" lon="-8.002086"><ele>408.668</ele><time>2024-06-21T10:00:21.103Z</time></trkpt><trkpt lat="42.909087" lon="-8.002153"><ele>408.914</ele><time>2024-06-21T10:00:25.103Z</time></trkpt><trkpt lat="42.909081" lon="-8.002218"><ele>409.109</ele><time>2024-06-21T10:00:31.103Z</time></trkpt><trkpt lat="42.909110" lon="-8.002274"><ele>409.527</ele><time>2024-06-21T10:00:37.103Z</time></trkpt><trkpt lat="42.909116" lon="-8.002336"><ele>411.583</ele><time>2024-06-21T10:00:41.103Z</time></trkpt><trkpt lat="42.909125" lon="-8.002404"><ele>411.580</ele><time>2024-06-21T10:00:45.103Z</time></trkpt><trkpt lat="42.909142" lon="-8.002469"><ele>411.414</ele><time>2024-06-21T10:00:49.103Z</time></trkpt><trkpt lat="42.909169" lon="-8.002534"><ele>410.849</ele><time>2024-06-21T10:00:54.103Z</time></trkpt><trkpt lat="42.909201" lon="-8.002593"><ele>410.278</ele><time>2024-06-21T10:00:59.103Z</time></trkpt><trkpt lat="42.909234" lon="-8.002642"><ele>409.531</ele><time>2024-06-21T10:01:03.103Z</time></trkpt><trkpt lat="42.909269" lon="-8.002684"><ele>409.075</ele><time>2024-06-21T10:01:07.103Z</time></trkpt><trkpt lat="42.909308" lon="-8.002725"><ele>408.126</ele><time>2024-06-21T10:01:11.103Z</time></trkpt><trkpt lat="42.909372" lon="-8.002762"><ele>408.026</ele><time>2024-06-21T10:01:15.103Z</time></trkpt><trkpt lat="42.909425" lon="-8.002795"><ele>407.747</ele><time>2024-06-21T10:01:17.103Z</time></trkpt><trkpt lat="42.909472" lon="-8.002834"><ele>409.011</ele><time>2024-06-21T10:01:20.103Z</time></trkpt><trkpt lat="42.909529" lon="-8.002890"><ele>410.509</ele><time>2024-06-21T10:01:24.103Z</time></trkpt><trkpt lat="42.909571" lon="-8.002931"><ele>412.713</ele><time>2024-06-21T10:01:26.103Z</time></trkpt><trkpt lat="42.909612" lon="-8.002980"><ele>412.829</ele><time>2024-06-21T10:01:28.103Z</time></trkpt><trkpt lat="42.909647" lon="-8.003020"><ele>413.096</ele><time>2024-06-21T10:01:30.103Z</time></trkpt><trkpt lat="42.909690" lon="-8.003061"><ele>413.140</ele><time>2024-06-21T10:01:33.103Z</time></trkpt><trkpt lat="42.909749" lon="-8.003092"><ele>413.125</ele><time>2024-06-21T10:01:37.103Z</time></trkpt><trkpt lat="42.909778" lon="-8.003149"><ele>415.274</ele><time>2024-06-21T10:01:41.103Z</time></trkpt><trkpt lat="42.909809" lon="-8.003199"><ele>417.497</ele><time>2024-06-21T10:01:44.103Z</time></trkpt><trkpt lat="42.909856" lon="-8.003213"><ele>419.841</ele><time>2024-06-21T10:01:48.103Z</time></trkpt><trkpt lat="42.909890" lon="-8.003258"><ele>421.122</ele><time>2024-06-21T10:01:52.103Z</time></trkpt><trkpt lat="42.909880" lon="-8.003321"><ele>428.489</ele><time>2024-06-21T10:02:06.103Z</time></trkpt><trkpt lat="42.909873" lon="-8.003390"><ele>427.506</ele><time>2024-06-21T10:02:14.103Z</time></trkpt><trkpt lat="42.909906" lon="-8.003435"><ele>425.826</ele><time>2024-06-21T10:02:21.103Z</time></trkpt><trkpt lat="42.909931" lon="-8.003488"><ele>424.009</ele><time>2024-06-21T10:02:28.103Z</time></trkpt><trkpt lat="42.909959" lon="-8.003551"><ele>422.579</ele><time>2024-06-21T10:02:35.103Z</time></trkpt><trkpt lat="42.909982" lon="-8.003605"><ele>419.995</ele><time>2024-06-21T10:02:40.103Z</time></trkpt><trkpt lat="42.910013" lon="-8.003665"><ele>419.022</ele><time>2024-06-21T10:02:46.103Z</time></trkpt><trkpt lat="42.910045" lon="-8.003718"><ele>418.436</ele><time>2024-06-21T10:02:51.103Z</time></trkpt><trkpt lat="42.910085" lon="-8.003767"><ele>418.241</ele><time>2024-06-21T10:02:54.103Z</time></trkpt><trkpt lat="42.910116" lon="-8.003822"><ele>418.150</ele><time>2024-06-21T10:02:58.103Z</time></trkpt><trkpt lat="42.910140" lon="-8.003885"><ele>418.323</ele><time>2024-06-21T10:03:03.103Z</time></trkpt><trkpt lat="42.910153" lon="-8.003949"><ele>419.297</ele><time>2024-06-21T10:03:09.103Z</time></trkpt><trkpt lat="42.910184" lon="-8.003997"><ele>420.958</ele><time>2024-06-21T10:03:14.103Z</time></trkpt><trkpt lat="42.910209" lon="-8.004058"><ele>420.991</ele><time>2024-06-21T10:03:20.103Z</time></trkpt><trkpt lat="42.910233" lon="-8.004114"><ele>420.981</ele><time>2024-06-21T10:03:25.103Z</time></trkpt><trkpt lat="42.910249" lon="-8.004172"><ele>420.819</ele><time>2024-06-21T10:03:31.103Z</time></trkpt><trkpt lat="42.910273" lon="-8.004232"><ele>420.509</ele><time>2024-06-21T10:03:37.103Z</time></trkpt><trkpt lat="42.910298" lon="-8.004295"><ele>419.970</ele><time>2024-06-21T10:03:43.103Z</time></trkpt><trkpt lat="42.910327" lon="-8.004352"><ele>419.136</ele><time>2024-06-21T10:03:48.103Z</time></trkpt><trkpt lat="42.910355" lon="-8.004412"><ele>418.293</ele><time>2024-06-21T10:03:53.103Z</time></trkpt><trkpt lat="42.910379" lon="-8.004468"><ele>417.267</ele><time>2024-06-21T10:03:58.103Z</time></trkpt><trkpt lat="42.910403" lon="-8.004528"><ele>417.142</ele><time>2024-06-21T10:04:03.103Z</time></trkpt><trkpt lat="42.910418" lon="-8.004592"><ele>417.061</ele><time>2024-06-21T10:04:08.103Z</time></trkpt><trkpt lat="42.910445" lon="-8.004653"><ele>417.774</ele><time>2024-06-21T10:04:13.103Z</time></trkpt><trkpt lat="42.910464" lon="-8.004714"><ele>419.038</ele><time>2024-06-21T10:04:18.103Z</time></trkpt><trkpt lat="42.910492" lon="-8.004778"><ele>419.649</ele><time>2024-06-21T10:04:24.103Z</time></trkpt><trkpt lat="42.910514" lon="-8.004843"><ele>419.963</ele><time>2024-06-21T10:04:30.103Z</time></trkpt><trkpt lat="42.910539" lon="-8.004906"><ele>420.444</ele><time>2024-06-21T10:04:36.103Z</time></trkpt><trkpt lat="42.910560" lon="-8.004961"><ele>421.918</ele><time>2024-06-21T10:04:41.103Z</time></trkpt><trkpt lat="42.910585" lon="-8.005021"><ele>422.509</ele><time>2024-06-21T10:04:47.103Z</time></trkpt><trkpt lat="42.910611" lon="-8.005075"><ele>422.667</ele><time>2024-06-21T10:04:52.103Z</time></trkpt><trkpt lat="42.910635" lon="-8.005130"><ele>423.343</ele><time>2024-06-21T10:04:57.103Z</time></trkpt><trkpt lat="42.910662" lon="-8.005193"><ele>424.160</ele><time>2024-06-21T10:05:03.103Z</time></trkpt><trkpt lat="42.910688" lon="-8.005255"><ele>425.614</ele><time>2024-06-21T10:05:08.103Z</time></trkpt><trkpt lat="42.910706" lon="-8.005315"><ele>426.099</ele><time>2024-06-21T10:05:13.103Z</time></trkpt><trkpt lat="42.910743" lon="-8.005383"><ele>426.628</ele><time>2024-06-21T10:05:18.103Z</time></trkpt><trkpt lat="42.910777" lon="-8.005433"><ele>426.971</ele><time>2024-06-21T10:05:20.103Z</time></trkpt><trkpt lat="42.910822" lon="-8.005486"><ele>427.545</ele><time>2024-06-21T10:05:23.103Z</time></trkpt><trkpt lat="42.910843" lon="-8.005555"><ele>427.786</ele><time>2024-06-21T10:05:26.103Z</time></trkpt><trkpt lat="42.910887" lon="-8.005598"><ele>429.559</ele><time>2024-06-21T10:05:30.103Z</time></trkpt><trkpt lat="42.910908" lon="-8.005657"><ele>432.703</ele><time>2024-06-21T10:05:33.103Z</time></trkpt><trkpt lat="42.910928" lon="-8.005736"><ele>433.523</ele><time>2024-06-21T10:05:38.103Z</time></trkpt><trkpt lat="42.910954" lon="-8.005794"><ele>434.909</ele><time>2024-06-21T10:05:43.103Z</time></trkpt><trkpt lat="42.910983" lon="-8.005850"><ele>437.226</ele><time>2024-06-21T10:05:49.103Z</time></trkpt><trkpt lat="42.911010" lon="-8.005900"><ele>437.292</ele><time>2024-06-21T10:05:53.103Z</time></trkpt><trkpt lat="42.911033" lon="-8.005964"><ele>437.149</ele><time>2024-06-21T10:05:59.103Z</time></trkpt><trkpt lat="42.911059" lon="-8.006026"><ele>437.153</ele><time>2024-06-21T10:06:03.103Z</time></trkpt><trkpt lat="42.911083" lon="-8.006080"><ele>437.148</ele><time>2024-06-21T10:06:06.103Z</time></trkpt><trkpt lat="42.911110" lon="-8.006143"><ele>437.167</ele><time>2024-06-21T10:06:11.103Z</time></trkpt><trkpt lat="42.911132" lon="-8.006204"><ele>438.050</ele><time>2024-06-21T10:06:16.103Z</time></trkpt><trkpt lat="42.911158" lon="-8.006255"><ele>440.274</ele><time>2024-06-21T10:06:19.103Z</time></trkpt><trkpt lat="42.911188" lon="-8.006324"><ele>441.565</ele><time>2024-06-21T10:06:23.103Z</time></trkpt><trkpt lat="42.911215" lon="-8.006381"><ele>442.177</ele><time>2024-06-21T10:06:27.103Z</time></trkpt><trkpt lat="42.911228" lon="-8.006448"><ele>445.061</ele><time>2024-06-21T10:06:32.103Z</time></trkpt><trkpt lat="42.911254" lon="-8.006501"><ele>445.527</ele><time>2024-06-21T10:06:40.103Z</time></trkpt><trkpt lat="42.911276" lon="-8.006567"><ele>444.609</ele><time>2024-06-21T10:06:49.103Z</time></trkpt><trkpt lat="42.911293" lon="-8.006629"><ele>441.128</ele><time>2024-06-21T10:07:00.103Z</time></trkpt><trkpt lat="42.911308" lon="-8.006689"><ele>440.864</ele><time>2024-06-21T10:07:07.103Z</time></trkpt><trkpt lat="42.911320" lon="-8.006749"><ele>440.651</ele><time>2024-06-21T10:07:13.103Z</time></trkpt><trkpt lat="42.911344" lon="-8.006812"><ele>440.265</ele><time>2024-06-21T10:07:19.103Z</time></trkpt><trkpt lat="42.911374" lon="-8.006859"><ele>439.970</ele><time>2024-06-21T10:07:26.103Z</time></trkpt><trkpt lat="42.911397" lon="-8.006926"><ele>437.089</ele><time>2024-06-21T10:07:31.103Z</time></trkpt><trkpt lat="42.911428" lon="-8.006984"><ele>435.842</ele><time>2024-06-21T10:07:33.103Z</time></trkpt><trkpt lat="42.911455" lon="-8.007049"><ele>435.496</ele><time>2024-06-21T10:07:35.103Z</time></trkpt><trkpt lat="42.911474" lon="-8.007113"><ele>435.237</ele><time>2024-06-21T10:07:37.103Z</time></trkpt><trkpt lat="42.911476" lon="-8.007176"><ele>435.259</ele><time>2024-06-21T10:07:39.103Z</time></trkpt><trkpt lat="42.911511" lon="-8.007221"><ele>436.903</ele><time>2024-06-21T10:07:43.103Z</time></trkpt><trkpt lat="42.911508" lon="-8.007290"><ele>442.023</ele><time>2024-06-21T10:07:48.103Z</time></trkpt><trkpt lat="42.911516" lon="-8.007357"><ele>442.209</ele><time>2024-06-21T10:07:51.103Z</time></trkpt><trkpt lat="42.911534" lon="-8.007429"><ele>442.576</ele><time>2024-06-21T10:07:55.103Z</time></trkpt><trkpt lat="42.911554" lon="-8.007498"><ele>444.832</ele><time>2024-06-21T10:08:01.103Z</time></trkpt><trkpt lat="42.911583" lon="-8.007558"><ele>447.479</ele><time>2024-06-21T10:08:05.103Z</time></trkpt><trkpt lat="42.911622" lon="-8.007611"><ele>447.893</ele><time>2024-06-21T10:08:10.103Z</time></trkpt><trkpt lat="42.911651" lon="-8.007659"><ele>447.858</ele><time>2024-06-21T10:08:16.103Z</time></trkpt><trkpt lat="42.911663" lon="-8.007720"><ele>447.777</ele><time>2024-06-21T10:08:23.103Z</time></trkpt><trkpt lat="42.911659" lon="-8.007790"><ele>447.280</ele><time>2024-06-21T10:08:36.103Z</time></trkpt><trkpt lat="42.911695" lon="-8.007859"><ele>446.344</ele><time>2024-06-21T10:08:42.103Z</time></trkpt><trkpt lat="42.911730" lon="-8.007907"><ele>445.145</ele><time>2024-06-21T10:08:45.103Z</time></trkpt><trkpt lat="42.911772" lon="-8.007937"><ele>442.048</ele><time>2024-06-21T10:08:51.103Z</time></trkpt><trkpt lat="42.911776" lon="-8.008002"><ele>438.261</ele><time>2024-06-21T10:10:00.103Z</time></trkpt><trkpt lat="42.911785" lon="-8.008063"><ele>438.217</ele><time>2024-06-21T10:10:04.103Z</time></trkpt><trkpt lat="42.911803" lon="-8.008127"><ele>438.209</ele><time>2024-06-21T10:10:10.103Z</time></trkpt><trkpt lat="42.911835" lon="-8.008189"><ele>437.865</ele><time>2024-06-21T10:10:15.103Z</time></trkpt><trkpt lat="42.911864" lon="-8.008263"><ele>437.061</ele><time>2024-06-21T10:10:20.103Z</time></trkpt><trkpt lat="42.911877" lon="-8.008327"><ele>437.158</ele><time>2024-06-21T10:10:24.103Z</time></trkpt><trkpt lat="42.911898" lon="-8.008399"><ele>437.312</ele><time>2024-06-21T10:10:28.103Z</time></trkpt><trkpt lat="42.911916" lon="-8.008464"><ele>437.577</ele><time>2024-06-21T10:10:31.103Z</time></trkpt><trkpt lat="42.911930" lon="-8.008534"><ele>438.496</ele><time>2024-06-21T10:10:35.103Z</time></trkpt><trkpt lat="42.911915" lon="-8.008593"><ele>440.769</ele><time>2024-06-21T10:10:41.103Z</time></trkpt><trkpt lat="42.911928" lon="-8.008663"><ele>443.593</ele><time>2024-06-21T10:10:51.103Z</time></trkpt><trkpt lat="42.911934" lon="-8.008729"><ele>443.294</ele><time>2024-06-21T10:10:58.103Z</time></trkpt><trkpt lat="42.911934" lon="-8.008797"><ele>443.142</ele><time>2024-06-21T10:11:04.103Z</time></trkpt><trkpt lat="42.911944" lon="-8.008869"><ele>442.822</ele><time>2024-06-21T10:11:10.103Z</time></trkpt><trkpt lat="42.911954" lon="-8.008936"><ele>440.814</ele><time>2024-06-21T10:11:15.103Z</time></trkpt><trkpt lat="42.911968" lon="-8.009005"><ele>440.109</ele><time>2024-06-21T10:11:20.103Z</time></trkpt><trkpt lat="42.911978" lon="-8.009069"><ele>440.015</ele><time>2024-06-21T10:11:24.103Z</time></trkpt><trkpt lat="42.911983" lon="-8.009137"><ele>440.041</ele><time>2024-06-21T10:11:29.103Z</time></trkpt><trkpt lat="42.911999" lon="-8.009204"><ele>440.378</ele><time>2024-06-21T10:11:35.103Z</time></trkpt><trkpt lat="42.912005" lon="-8.009283"><ele>440.812</ele><time>2024-06-21T10:11:38.103Z</time></trkpt><trkpt lat="42.912011" lon="-8.009361"><ele>440.997</ele><time>2024-06-21T10:11:41.103Z</time></trkpt><trkpt lat="42.912025" lon="-8.009428"><ele>441.036</ele><time>2024-06-21T10:11:44.103Z</time></trkpt><trkpt lat="42.912043" lon="-8.009491"><ele>441.919</ele><time>2024-06-21T10:11:47.103Z</time></trkpt><trkpt lat="42.912057" lon="-8.009550"><ele>444.873</ele><time>2024-06-21T10:11:51.103Z</time></trkpt><trkpt lat="42.912082" lon="-8.009610"><ele>447.594</ele><time>2024-06-21T10:11:55.103Z</time></trkpt><trkpt lat="42.912098" lon="-8.009685"><ele>447.657</ele><time>2024-06-21T10:12:05.103Z</time></trkpt><trkpt lat="42.912122" lon="-8.009749"><ele>447.600</ele><time>2024-06-21T10:12:08.103Z</time></trkpt><trkpt lat="42.912160" lon="-8.009804"><ele>447.620</ele><time>2024-06-21T10:12:12.103Z</time></trkpt><trkpt lat="42.912195" lon="-8.009863"><ele>447.709</ele><time>2024-06-21T10:12:15.103Z</time></trkpt><trkpt lat="42.912204" lon="-8.009931"><ele>447.816</ele><time>2024-06-21T10:12:24.103Z</time></trkpt><trkpt lat="42.912235" lon="-8.009996"><ele>447.722</ele><time>2024-06-21T10:12:29.103Z</time></trkpt><trkpt lat="42.912270" lon="-8.010061"><ele>447.779</ele><time>2024-06-21T10:12:32.103Z</time></trkpt><trkpt lat="42.912305" lon="-8.010117"><ele>447.723</ele><time>2024-06-21T10:12:35.103Z</time></trkpt><trkpt lat="42.912342" lon="-8.010168"><ele>447.878</ele><time>2024-06-21T10:12:38.103Z</time></trkpt><trkpt lat="42.912365" lon="-8.010227"><ele>446.747</ele><time>2024-06-21T10:12:42.103Z</time></trkpt><trkpt lat="42.912386" lon="-8.010304"><ele>446.730</ele><time>2024-06-21T10:12:46.103Z</time></trkpt><trkpt lat="42.912410" lon="-8.010370"><ele>447.924</ele><time>2024-06-21T10:12:51.103Z</time></trkpt><trkpt lat="42.912433" lon="-8.010435"><ele>448.375</ele><time>2024-06-21T10:12:55.103Z</time></trkpt><trkpt lat="42.912451" lon="-8.010494"><ele>448.921</ele><time>2024-06-21T10:12:59.103Z</time></trkpt><trkpt lat="42.912481" lon="-8.010566"><ele>450.841</ele><time>2024-06-21T10:13:04.103Z</time></trkpt><trkpt lat="42.912505" lon="-8.010618"><ele>453.805</ele><time>2024-06-21T10:13:10.103Z</time></trkpt><trkpt lat="42.912530" lon="-8.010672"><ele>453.909</ele><time>2024-06-21T10:13:15.103Z</time></trkpt><trkpt lat="42.912558" lon="-8.010722"><ele>453.693</ele><time>2024-06-21T10:13:20.103Z</time></trkpt><trkpt lat="42.912588" lon="-8.010793"><ele>453.949</ele><time>2024-06-21T10:13:24.103Z</time></trkpt><trkpt lat="42.912614" lon="-8.010845"><ele>452.236</ele><time>2024-06-21T10:13:29.103Z</time></trkpt><trkpt lat="42.912635" lon="-8.010902"><ele>451.010</ele><time>2024-06-21T10:13:35.103Z</time></trkpt><trkpt lat="42.912654" lon="-8.010959"><ele>450.255</ele><time>2024-06-21T10:13:40.103Z</time></trkpt><trkpt lat="42.912677" lon="-8.011030"><ele>449.354</ele><time>2024-06-21T10:13:44.103Z</time></trkpt><trkpt lat="42.912706" lon="-8.011084"><ele>449.097</ele><time>2024-06-21T10:13:49.103Z</time></trkpt><trkpt lat="42.912750" lon="-8.011126"><ele>448.451</ele><time>2024-06-21T10:13:54.103Z</time></trkpt><trkpt lat="42.912793" lon="-8.011154"><ele>448.082</ele><time>2024-06-21T10:13:58.103Z</time></trkpt><trkpt lat="42.912846" lon="-8.011167"><ele>447.752</ele><time>2024-06-21T10:14:01.103Z</time></trkpt><trkpt lat="42.912894" lon="-8.011182"><ele>447.953</ele><time>2024-06-21T10:14:04.103Z</time></trkpt><trkpt lat="42.912948" lon="-8.011204"><ele>448.308</ele><time>2024-06-21T10:14:08.103Z</time></trkpt><trkpt lat="42.913000" lon="-8.011239"><ele>449.309</ele><time>2024-06-21T10:14:13.103Z</time></trkpt><trkpt lat="42.913043" lon="-8.011284"><ele>449.486</ele><time>2024-06-21T10:14:17.103Z</time></trkpt><trkpt lat="42.913097" lon="-8.011323"><ele>446.032</ele><time>2024-06-21T10:14:26.103Z</time></trkpt><trkpt lat="42.913152" lon="-8.011367"><ele>442.179</ele><time>2024-06-21T10:14:29.103Z</time></trkpt><trkpt lat="42.913204" lon="-8.011411"><ele>442.073</ele><time>2024-06-21T10:14:32.103Z</time></trkpt><trkpt lat="42.913112" lon="-8.011415"><ele>442.058</ele><time>2024-06-21T10:14:35.103Z</time></trkpt><trkpt lat="42.913168" lon="-8.011468"><ele>452.547</ele><time>2024-06-21T10:14:56.103Z</time></trkpt><trkpt lat="42.913222" lon="-8.011502"><ele>454.230</ele><time>2024-06-21T10:14:59.103Z</time></trkpt><trkpt lat="42.913267" lon="-8.011524"><ele>455.274</ele><time>2024-06-21T10:15:38.103Z</time></trkpt><trkpt lat="42.913278" lon="-8.011589"><ele>454.485</ele><time>2024-06-21T10:15:44.103Z</time></trkpt><trkpt lat="42.913274" lon="-8.011652"><ele>453.635</ele><time>2024-06-21T10:15:52.103Z</time></trkpt><trkpt lat="42.913314" lon="-8.011691"><ele>451.786</ele><time>2024-06-21T10:15:59.103Z</time></trkpt><trkpt lat="42.913327" lon="-8.011764"><ele>451.714</ele><time>2024-06-21T10:16:05.103Z</time></trkpt><trkpt lat="42.913380" lon="-8.011792"><ele>452.009</ele><time>2024-06-21T10:16:07.103Z</time></trkpt><trkpt lat="42.913351" lon="-8.011849"><ele>452.784</ele><time>2024-06-21T10:16:13.103Z</time></trkpt><trkpt lat="42.913360" lon="-8.011916"><ele>453.020</ele><time>2024-06-21T10:16:19.103Z</time></trkpt><trkpt lat="42.913386" lon="-8.011975"><ele>449.857</ele><time>2024-06-21T10:16:25.103Z</time></trkpt><trkpt lat="42.913407" lon="-8.012033"><ele>447.751</ele><time>2024-06-21T10:16:31.103Z</time></trkpt><trkpt lat="42.913437" lon="-8.012098"><ele>448.066</ele><time>2024-06-21T10:16:37.103Z</time></trkpt><trkpt lat="42.913456" lon="-8.012154"><ele>447.985</ele><time>2024-06-21T10:16:39.103Z</time></trkpt><trkpt lat="42.913468" lon="-8.012220"><ele>447.518</ele><time>2024-06-21T10:16:43.103Z</time></trkpt><trkpt lat="42.913490" lon="-8.012287"><ele>448.632</ele><time>2024-06-21T10:16:47.103Z</time></trkpt><trkpt lat="42.913499" lon="-8.012350"><ele>451.393</ele><time>2024-06-21T10:16:50.103Z</time></trkpt><trkpt lat="42.913501" lon="-8.012413"><ele>453.186</ele><time>2024-06-21T10:16:55.103Z</time></trkpt><trkpt lat="42.913516" lon="-8.012477"><ele>453.960</ele><time>2024-06-21T10:17:00.103Z</time></trkpt><trkpt lat="42.913518" lon="-8.012543"><ele>453.926</ele><time>2024-06-21T10:17:04.103Z</time></trkpt><trkpt lat="42.913502" lon="-8.012614"><ele>453.209</ele><time>2024-06-21T10:17:21.103Z</time></trkpt><trkpt lat="42.913501" lon="-8.012684"><ele>453.239</ele><time>2024-06-21T10:17:34.103Z</time></trkpt><trkpt lat="42.913521" lon="-8.012761"><ele>452.945</ele><time>2024-06-21T10:17:38.103Z</time></trkpt><trkpt lat="42.913536" lon="-8.012821"><ele>452.972</ele><time>2024-06-21T10:17:43.103Z</time></trkpt><trkpt lat="42.913553" lon="-8.012884"><ele>452.566</ele><time>2024-06-21T10:17:46.103Z</time></trkpt><trkpt lat="42.913581" lon="-8.012933"><ele>452.911</ele><time>2024-06-21T10:17:50.103Z</time></trkpt><trkpt lat="42.913567" lon="-8.012992"><ele>453.820</ele><time>2024-06-21T10:18:08.103Z</time></trkpt><trkpt lat="42.913548" lon="-8.013058"><ele>454.323</ele><time>2024-06-21T10:18:15.103Z</time></trkpt><trkpt lat="42.913538" lon="-8.013119"><ele>453.777</ele><time>2024-06-21T10:18:38.103Z</time></trkpt><trkpt lat="42.913572" lon="-8.013177"><ele>452.258</ele><time>2024-06-21T10:18:44.103Z</time></trkpt><trkpt lat="42.913601" lon="-8.013232"><ele>451.766</ele><time>2024-06-21T10:18:49.103Z</time></trkpt><trkpt lat="42.913627" lon="-8.013294"><ele>451.729</ele><time>2024-06-21T10:18:53.103Z</time></trkpt><trkpt lat="42.913626" lon="-8.013360"><ele>451.421</ele><time>2024-06-21T10:18:57.103Z</time></trkpt><trkpt lat="42.913625" lon="-8.013423"><ele>455.409</ele><time>2024-06-21T10:19:01.103Z</time></trkpt><trkpt lat="42.913651" lon="-8.013482"><ele>455.427</ele><time>2024-06-21T10:19:08.103Z</time></trkpt><trkpt lat="42.913697" lon="-8.013477"><ele>453.733</ele><time>2024-06-21T10:19:13.103Z</time></trkpt><trkpt lat="42.913754" lon="-8.013481"><ele>453.520</ele><time>2024-06-21T10:19:18.103Z</time></trkpt><trkpt lat="42.913791" lon="-8.013519"><ele>453.414</ele><time>2024-06-21T10:19:22.103Z</time></trkpt><trkpt lat="42.913801" lon="-8.013584"><ele>453.439</ele><time>2024-06-21T10:19:26.103Z</time></trkpt><trkpt lat="42.913810" lon="-8.013648"><ele>453.988</ele><time>2024-06-21T10:19:30.103Z</time></trkpt><trkpt lat="42.913814" lon="-8.013715"><ele>454.871</ele><time>2024-06-21T10:19:33.103Z</time></trkpt><trkpt lat="42.913825" lon="-8.013783"><ele>457.265</ele><time>2024-06-21T10:19:39.103Z</time></trkpt><trkpt lat="42.913830" lon="-8.013864"><ele>457.136</ele><time>2024-06-21T10:19:44.103Z</time></trkpt><trkpt lat="42.913835" lon="-8.013948"><ele>457.289</ele><time>2024-06-21T10:19:47.103Z</time></trkpt><trkpt lat="42.913833" lon="-8.014023"><ele>457.206</ele><time>2024-06-21T10:19:50.103Z</time></trkpt><trkpt lat="42.913857" lon="-8.014090"><ele>457.426</ele><time>2024-06-21T10:19:55.103Z</time></trkpt><trkpt lat="42.913854" lon="-8.014153"><ele>457.409</ele><time>2024-06-21T10:19:59.103Z</time></trkpt><trkpt lat="42.913851" lon="-8.014215"><ele>457.259</ele><time>2024-06-21T10:20:04.103Z</time></trkpt><trkpt lat="42.913850" lon="-8.014291"><ele>456.915</ele><time>2024-06-21T10:20:07.103Z</time></trkpt><trkpt lat="42.913862" lon="-8.014363"><ele>456.732</ele><time>2024-06-21T10:20:11.103Z</time></trkpt><trkpt lat="42.913867" lon="-8.014428"><ele>456.796</ele><time>2024-06-21T10:20:14.103Z</time></trkpt><trkpt lat="42.913873" lon="-8.014495"><ele>456.861</ele><time>2024-06-21T10:20:20.103Z</time></trkpt><trkpt lat="42.913880" lon="-8.014564"><ele>457.430</ele><time>2024-06-21T10:20:26.103Z</time></trkpt><trkpt lat="42.913930" lon="-8.014590"><ele>457.493</ele><time>2024-06-21T10:20:33.103Z</time></trkpt><trkpt lat="42.913976" lon="-8.014596"><ele>457.487</ele><time>2024-06-21T10:20:38.103Z</time></trkpt><trkpt lat="42.914020" lon="-8.014626"><ele>456.838</ele><time>2024-06-21T10:20:43.103Z</time></trkpt><trkpt lat="42.914055" lon="-8.014679"><ele>456.325</ele><time>2024-06-21T10:20:48.103Z</time></trkpt><trkpt lat="42.914070" lon="-8.014745"><ele>454.026</ele><time>2024-06-21T10:20:53.103Z</time></trkpt><trkpt lat="42.914058" lon="-8.014811"><ele>452.008</ele><time>2024-06-21T10:20:58.103Z</time></trkpt><trkpt lat="42.914094" lon="-8.014854"><ele>452.109</ele><time>2024-06-21T10:21:03.103Z</time></trkpt><trkpt lat="42.914142" lon="-8.014864"><ele>452.033</ele><time>2024-06-21T10:21:07.103Z</time></trkpt><trkpt lat="42.914189" lon="-8.014875"><ele>452.679</ele><time>2024-06-21T10:21:11.103Z</time></trkpt><trkpt lat="42.914227" lon="-8.014933"><ele>453.066</ele><time>2024-06-21T10:21:15.103Z</time></trkpt><trkpt lat="42.914267" lon="-8.014987"><ele>453.380</ele><time>2024-06-21T10:21:18.103Z</time></trkpt><trkpt lat="42.914299" lon="-8.015050"><ele>454.425</ele><time>2024-06-21T10:21:21.103Z</time></trkpt><trkpt lat="42.914346" lon="-8.015084"><ele>458.734</ele><time>2024-06-21T10:21:25.103Z</time></trkpt><trkpt lat="42.914391" lon="-8.015122"><ele>462.997</ele><time>2024-06-21T10:21:30.103Z</time></trkpt><trkpt lat="42.914398" lon="-8.015188"><ele>463.011</ele><time>2024-06-21T10:21:35.103Z</time></trkpt><trkpt lat="42.914376" lon="-8.015260"><ele>462.972</ele><time>2024-06-21T10:21:40.103Z</time></trkpt><trkpt lat="42.914360" lon="-8.015334"><ele>461.848</ele><time>2024-06-21T10:21:45.103Z</time></trkpt><trkpt lat="42.914349" lon="-8.015408"><ele>460.961</ele><time>2024-06-21T10:21:49.103Z</time></trkpt><trkpt lat="42.914345" lon="-8.015484"><ele>460.617</ele><time>2024-06-21T10:21:53.103Z</time></trkpt><trkpt lat="42.914332" lon="-8.015549"><ele>460.609</ele><time>2024-06-21T10:21:57.103Z</time></trkpt><trkpt lat="42.914326" lon="-8.015613"><ele>460.835</ele><time>2024-06-21T10:22:02.103Z</time></trkpt><trkpt lat="42.914322" lon="-8.015678"><ele>460.521</ele><time>2024-06-21T10:22:06.103Z</time></trkpt><trkpt lat="42.914314" lon="-8.015767"><ele>460.718</ele><time>2024-06-21T10:22:09.103Z</time></trkpt><trkpt lat="42.914298" lon="-8.015839"><ele>460.362</ele><time>2024-06-21T10:22:12.103Z</time></trkpt><trkpt lat="42.914280" lon="-8.015914"><ele>460.117</ele><time>2024-06-21T10:22:15.103Z</time></trkpt><trkpt lat="42.914266" lon="-8.015977"><ele>459.886</ele><time>2024-06-21T10:22:18.103Z</time></trkpt><trkpt lat="42.914243" lon="-8.016035"><ele>462.069</ele><time>2024-06-21T10:22:21.103Z</time></trkpt><trkpt lat="42.914223" lon="-8.016093"><ele>463.583</ele><time>2024-06-21T10:22:24.103Z</time></trkpt><trkpt lat="42.914226" lon="-8.016163"><ele>466.094</ele><time>2024-06-21T10:22:35.103Z</time></trkpt><trkpt lat="42.914208" lon="-8.016225"><ele>466.094</ele><time>2024-06-21T10:22:40.103Z</time></trkpt><trkpt lat="42.914207" lon="-8.016291"><ele>465.957</ele><time>2024-06-21T10:22:44.103Z</time></trkpt><trkpt lat="42.914183" lon="-8.016348"><ele>465.122</ele><time>2024-06-21T10:22:49.103Z</time></trkpt><trkpt lat="42.914168" lon="-8.016414"><ele>463.109</ele><time>2024-06-21T10:22:54.103Z</time></trkpt><trkpt lat="42.914178" lon="-8.016482"><ele>461.640</ele><time>2024-06-21T10:22:59.103Z</time></trkpt><trkpt lat="42.914201" lon="-8.016542"><ele>461.046</ele><time>2024-06-21T10:23:03.103Z</time></trkpt><trkpt lat="42.914239" lon="-8.016577"><ele>461.093</ele><time>2024-06-21T10:23:07.103Z</time></trkpt><trkpt lat="42.914286" lon="-8.016602"><ele>460.657</ele><time>2024-06-21T10:23:13.103Z</time></trkpt><trkpt lat="42.914339" lon="-8.016613"><ele>459.372</ele><time>2024-06-21T10:23:27.103Z</time></trkpt><trkpt lat="42.914388" lon="-8.016640"><ele>459.241</ele><time>2024-06-21T10:23:32.103Z</time></trkpt><trkpt lat="42.914428" lon="-8.016674"><ele>459.234</ele><time>2024-06-21T10:23:36.103Z</time></trkpt><trkpt lat="42.914413" lon="-8.016736"><ele>459.118</ele><time>2024-06-21T10:23:41.103Z</time></trkpt><trkpt lat="42.914393" lon="-8.016799"><ele>459.069</ele><time>2024-06-21T10:23:46.103Z</time></trkpt><trkpt lat="42.914394" lon="-8.016860"><ele>456.054</ele><time>2024-06-21T10:23:50.103Z</time></trkpt><trkpt lat="42.914388" lon="-8.016935"><ele>452.656</ele><time>2024-06-21T10:23:55.103Z</time></trkpt><trkpt lat="42.914395" lon="-8.016998"><ele>450.911</ele><time>2024-06-21T10:23:59.103Z</time></trkpt><trkpt lat="42.914387" lon="-8.017059"><ele>450.609</ele><time>2024-06-21T10:24:04.103Z</time></trkpt><trkpt lat="42.914408" lon="-8.017126"><ele>450.696</ele><time>2024-06-21T10:24:09.103Z</time></trkpt><trkpt lat="42.914450" lon="-8.017158"><ele>450.752</ele><time>2024-06-21T10:24:14.103Z</time></trkpt><trkpt lat="42.914507" lon="-8.017172"><ele>451.459</ele><time>2024-06-21T10:24:19.103Z</time></trkpt><trkpt lat="42.914559" lon="-8.017187"><ele>451.753</ele><time>2024-06-21T10:24:24.103Z</time></trkpt><trkpt lat="42.914612" lon="-8.017191"><ele>452.748</ele><time>2024-06-21T10:24:28.103Z</time></trkpt><trkpt lat="42.914648" lon="-8.017240"><ele>452.557</ele><time>2024-06-21T10:24:33.103Z</time></trkpt><trkpt lat="42.914645" lon="-8.017308"><ele>452.070</ele><time>2024-06-21T10:24:37.103Z</time></trkpt><trkpt lat="42.914634" lon="-8.017370"><ele>452.014</ele><time>2024-06-21T10:24:41.103Z</time></trkpt><trkpt lat="42.914626" lon="-8.017438"><ele>450.225</ele><time>2024-06-21T10:24:46.103Z</time></trkpt><trkpt lat="42.914641" lon="-8.017504"><ele>451.746</ele><time>2024-06-21T10:25:07.103Z</time></trkpt></trkseg></trk></gpx>